station,elevation,date,T2M_MIN,T2M_MIN_pred_ensemble
Ayaviri,3918,2024-01-01,13.8,12.961714122343945
Ayaviri,3918,2024-01-02,13.98,12.963761470174065
Ayaviri,3918,2024-01-03,12.12,11.703417022539593
Ayaviri,3918,2024-01-04,14.7,12.68922082538967
Ayaviri,3918,2024-01-05,16.87,14.54308903062165
Ayaviri,3918,2024-01-06,14.34,13.392130220385372
Ayaviri,3918,2024-01-07,13.8,12.674222325037608
Ayaviri,3918,2024-01-08,12.25,11.275193736692021
Ayaviri,3918,2024-01-09,14.21,12.890785596837658
Ayaviri,3918,2024-01-10,14.12,12.59694237084144
Ayaviri,3918,2024-01-11,12.93,11.54580237282735
Ayaviri,3918,2024-01-12,17.13,13.713976093313612
Ayaviri,3918,2024-01-13,14.34,12.705550623781017
Ayaviri,3918,2024-01-14,9.52,9.14245034169703
Ayaviri,3918,2024-01-15,14.52,12.708863185955286
Ayaviri,3918,2024-01-16,15.92,13.663687599443936
Ayaviri,3918,2024-01-17,12.49,11.577535949449615
Ayaviri,3918,2024-01-18,12.53,11.291570565297631
Ayaviri,3918,2024-01-19,11.36,11.015513327565301
Ayaviri,3918,2024-01-20,11.92,11.469437059173703
Ayaviri,3918,2024-01-21,11.45,10.429682169777927
Ayaviri,3918,2024-01-22,14.37,12.380758143284693
Ayaviri,3918,2024-01-23,11.23,10.181118549135606
Ayaviri,3918,2024-01-24,11.16,10.44331190972252
Ayaviri,3918,2024-01-25,7.61,8.242211069681227
Ayaviri,3918,2024-01-26,7.62,8.143114494415025
Ayaviri,3918,2024-01-27,12.76,11.418465491079807
Ayaviri,3918,2024-01-28,13.39,12.015639037064668
Ayaviri,3918,2024-01-29,13.15,11.704177198428674
Ayaviri,3918,2024-01-30,14.32,12.175986439684937
Ayaviri,3918,2024-01-31,9.59,9.185621934742766
Ayaviri,3918,2024-02-01,14.09,12.406090460386162
Ayaviri,3918,2024-02-02,11.17,10.106391710383388
Ayaviri,3918,2024-02-03,9.48,8.845921588809032
Ayaviri,3918,2024-02-04,13.53,11.801054938348852
Ayaviri,3918,2024-02-05,8.98,8.501157475633555
Ayaviri,3918,2024-02-06,10.21,9.133624237410915
Ayaviri,3918,2024-02-07,11.87,10.2647327632292
Ayaviri,3918,2024-02-08,10.76,9.369924541968517
Ayaviri,3918,2024-02-09,9.64,8.713793357230115
Ayaviri,3918,2024-02-10,12.62,10.742367794954696
Ayaviri,3918,2024-02-11,11.98,10.359975214342716
Ayaviri,3918,2024-02-12,5.49,5.927044307113855
Ayaviri,3918,2024-02-13,7.45,7.5914575639671975
Ayaviri,3918,2024-02-14,9.85,9.012020059029972
Ayaviri,3918,2024-02-15,12.64,10.853832857925081
Ayaviri,3918,2024-02-16,13.01,11.198411599813772
Ayaviri,3918,2024-02-17,12.27,10.360702026894645
Ayaviri,3918,2024-02-18,13.68,11.46411694380958
Ayaviri,3918,2024-02-19,8.8,8.465162688029363
Ayaviri,3918,2024-02-20,6.13,6.507218230046009
Ayaviri,3918,2024-02-21,8.22,7.621525418224861
Ayaviri,3918,2024-02-22,10.78,9.711767006664708
Ayaviri,3918,2024-02-23,10.06,8.919636986558075
Ayaviri,3918,2024-02-24,7.65,7.504025396739673
Ayaviri,3918,2024-02-25,10.51,9.143006099074071
Ayaviri,3918,2024-02-26,9.53,8.678586907968654
Ayaviri,3918,2024-02-27,10.19,9.05805502887279
Ayaviri,3918,2024-02-28,10.99,9.270922184243982
Ayaviri,3918,2024-02-29,11.08,9.70810235708891
Ayaviri,3918,2024-03-01,8.87,7.687864996005593
Ayaviri,3918,2024-03-02,4.29,4.974319523031503
Ayaviri,3918,2024-03-03,14.83,12.116871816474303
Ayaviri,3918,2024-03-04,10.33,8.84070868081439
Ayaviri,3918,2024-03-05,8.43,7.445362992554592
Ayaviri,3918,2024-03-06,7.94,7.553085788827436
Ayaviri,3918,2024-03-07,4.58,5.001524214878923
Ayaviri,3918,2024-03-08,5.59,5.552458021514351
Ayaviri,3918,2024-03-09,9.7,7.992727453911373
Ayaviri,3918,2024-03-10,7.37,7.00462804153465
Ayaviri,3918,2024-03-11,7.65,6.726855301906419
Ayaviri,3918,2024-03-12,4.81,5.070405187883422
Ayaviri,3918,2024-03-13,9.28,7.757546032097136
Ayaviri,3918,2024-03-14,6.4,5.627277778669692
Ayaviri,3918,2024-03-15,6.8,6.033701688643822
Ayaviri,3918,2024-03-16,11.7,9.349871253391514
Ayaviri,3918,2024-03-17,6.1,5.052676561455368
Ayaviri,3918,2024-03-18,4.05,3.364147343639538
Ayaviri,3918,2024-03-19,4.88,3.9171778724848143
Ayaviri,3918,2024-03-20,8.47,6.379081088169203
Ayaviri,3918,2024-03-21,7.15,5.7935855185392935
Ayaviri,3918,2024-03-22,7.33,5.225903644492586
Ayaviri,3918,2024-03-23,7.36,6.375427663997869
Ayaviri,3918,2024-03-24,6.35,4.849280918826653
Ayaviri,3918,2024-03-25,3.22,2.5959193670951324
Ayaviri,3918,2024-03-26,9.27,6.622396083567029
Ayaviri,3918,2024-03-27,7.18,5.976481233620117
Ayaviri,3918,2024-03-28,3.59,3.2537568836212647
Ayaviri,3918,2024-03-29,10.94,8.309971880603749
Ayaviri,3918,2024-03-30,7.06,5.537222177637005
Ayaviri,3918,2024-03-31,5.91,4.739777147550447
Ayaviri,3918,2024-04-01,4.32,3.616904195699661
Ayaviri,3918,2024-04-02,4.95,3.93089358891615
Ayaviri,3918,2024-04-03,7.09,6.190472926763885
Ayaviri,3918,2024-04-04,5.32,4.133326779213716
Ayaviri,3918,2024-04-05,7.14,5.07090850272167
Ayaviri,3918,2024-04-06,6.24,4.938833467438995
Ayaviri,3918,2024-04-07,4.38,3.6044456180664546
Ayaviri,3918,2024-04-08,9.81,7.001654028278365
Ayaviri,3918,2024-04-09,2.37,2.2018566774993626
Ayaviri,3918,2024-04-10,6.37,4.796524640507248
Ayaviri,3918,2024-04-11,6.36,4.997308755505454
Ayaviri,3918,2024-04-12,6.28,4.78895230135197
Ayaviri,3918,2024-04-13,6.19,4.551113057593087
Ayaviri,3918,2024-04-14,7.18,5.3874174690731556
Ayaviri,3918,2024-04-15,4.58,3.228350381379155
Ayaviri,3918,2024-04-16,2.54,2.187360863386201
Ayaviri,3918,2024-04-17,1.81,1.7254698267932764
Ayaviri,3918,2024-04-18,5.83,4.1681760400472205
Ayaviri,3918,2024-04-19,6.06,4.0848559658403545
Ayaviri,3918,2024-04-20,8.41,5.713584790068657
Ayaviri,3918,2024-04-21,2.95,1.9448423299611113
Ayaviri,3918,2024-04-22,2.48,1.8885607452164779
Ayaviri,3918,2024-04-23,5.2,3.2591416568043616
Ayaviri,3918,2024-04-24,-0.67,-0.4101679559537619
Ayaviri,3918,2024-04-25,2.72,1.7493860125625702
Ayaviri,3918,2024-04-26,0.69,0.6914219729284197
Ayaviri,3918,2024-04-27,4.59,3.2549592143949857
Ayaviri,3918,2024-04-28,2.62,1.4225963335936176
Ayaviri,3918,2024-04-29,2.4,1.3349984326138342
Ayaviri,3918,2024-04-30,2.24,1.5022215208211098
Ayaviri,3918,2024-05-01,3.46,2.429539862548627
Ayaviri,3918,2024-05-02,3.8,2.656646680569581
Ayaviri,3918,2024-05-03,6.62,4.374773983654501
Ayaviri,3918,2024-05-04,2.19,1.294860100497556
Ayaviri,3918,2024-05-05,1.29,0.3937854414249592
Ayaviri,3918,2024-05-06,3.47,2.27278028987504
Ayaviri,3918,2024-05-07,0.73,0.2956235283930547
Ayaviri,3918,2024-05-08,3.98,2.9147427475023813
Ayaviri,3918,2024-05-09,7.93,5.471185981683928
Ayaviri,3918,2024-05-10,-0.83,-0.4688789617757665
Ayaviri,3918,2024-05-11,5.56,3.501197326901406
Ayaviri,3918,2024-05-12,5.05,3.3527598303896227
Ayaviri,3918,2024-05-13,4.46,2.7313484542033657
Ayaviri,3918,2024-05-14,3.94,2.2865389417047477
Ayaviri,3918,2024-05-15,4.62,2.7763605101565756
Ayaviri,3918,2024-05-16,3.84,1.648458927301149
Ayaviri,3918,2024-05-17,4.09,2.4743156441117136
Ayaviri,3918,2024-05-18,5.88,3.6435801176351763
Ayaviri,3918,2024-05-19,1.71,1.196707283272695
Ayaviri,3918,2024-05-20,8.49,5.703205682930404
Ayaviri,3918,2024-05-21,3.92,2.717017975106181
Ayaviri,3918,2024-05-22,1.5,1.1242517664881277
Ayaviri,3918,2024-05-23,-0.01,-0.13657019194630962
Ayaviri,3918,2024-05-24,4.37,2.570195111888173
Ayaviri,3918,2024-05-25,5.0,3.0651295876949334
Ayaviri,3918,2024-05-26,-0.1,-0.34307401120791936
Ayaviri,3918,2024-05-27,4.3,2.3703870326752607
Ayaviri,3918,2024-05-28,2.95,1.419991082717437
Ayaviri,3918,2024-05-29,0.46,-0.2638552445652342
Ayaviri,3918,2024-05-30,5.2,3.081215397222598
Ayaviri,3918,2024-05-31,1.4,0.407258270800017
Ayaviri,3918,2024-06-01,-2.65,-2.582685025102398
Ayaviri,3918,2024-06-02,3.25,1.8547459779439568
Ayaviri,3918,2024-06-03,2.22,0.974768035429836
Ayaviri,3918,2024-06-04,1.38,0.3969759406753768
Ayaviri,3918,2024-06-05,2.44,1.138050561885006
Ayaviri,3918,2024-06-06,4.23,1.9063764042445066
Ayaviri,3918,2024-06-07,2.52,0.8037628669128953
Ayaviri,3918,2024-06-08,-2.38,-2.177063517270992
Ayaviri,3918,2024-06-09,3.77,1.8365614845158142
Ayaviri,3918,2024-06-10,5.42,3.078213312751799
Ayaviri,3918,2024-06-11,-1.89,-1.5478647246995592
Ayaviri,3918,2024-06-12,2.56,1.5555571401185506
Ayaviri,3918,2024-06-13,4.33,2.427237872570807
Ayaviri,3918,2024-06-14,0.85,0.13842339327943765
Ayaviri,3918,2024-06-15,6.73,4.209947329062344
Ayaviri,3918,2024-06-16,-3.47,-3.0137036126779875
Ayaviri,3918,2024-06-17,2.16,0.5239028100822822
Ayaviri,3918,2024-06-18,2.14,0.5051709527202162
Ayaviri,3918,2024-06-19,0.47,-0.20912730751309805
Ayaviri,3918,2024-06-20,-3.19,-2.8153281971911137
Ayaviri,3918,2024-06-21,2.02,0.9613402133650166
Ayaviri,3918,2024-06-22,3.44,2.2125349240625516
Ayaviri,3918,2024-06-23,3.27,1.7840677375485612
Ayaviri,3918,2024-06-24,2.58,1.8013753014091307
Ayaviri,3918,2024-06-25,1.7,0.8392800007901469
Ayaviri,3918,2024-06-26,-1.03,-1.3081847162209883
Ayaviri,3918,2024-06-27,2.2,0.837353257914077
Ayaviri,3918,2024-06-28,3.67,1.615121594339905
Ayaviri,3918,2024-06-29,7.45,4.22511576179744
Ayaviri,3918,2024-06-30,1.64,0.15292606913347528
Ayaviri,3918,2024-07-01,0.21,-0.5455095587867584
Ayaviri,3918,2024-07-02,-4.75,-4.081251745497279
Ayaviri,3918,2024-07-03,0.68,-0.29609077071415335
Ayaviri,3918,2024-07-04,8.45,5.093423560049803
Ayaviri,3918,2024-07-05,1.41,0.37502483292722577
Ayaviri,3918,2024-07-06,4.79,3.0162316710128083
Ayaviri,3918,2024-07-07,2.31,1.5813141089553366
Ayaviri,3918,2024-07-08,-0.97,-0.8313803833753723
Ayaviri,3918,2024-07-09,-0.85,-0.8007779618354764
Ayaviri,3918,2024-07-10,4.45,2.6293227867699094
Ayaviri,3918,2024-07-11,4.61,2.5695163898034106
Ayaviri,3918,2024-07-12,0.12,-0.3324781343058254
Ayaviri,3918,2024-07-13,4.1,2.0167088647662177
Ayaviri,3918,2024-07-14,-3.66,-2.957463237109277
Ayaviri,3918,2024-07-15,2.67,1.2737608209460292
Ayaviri,3918,2024-07-16,4.57,2.9377820867707722
Ayaviri,3918,2024-07-17,-1.62,-1.5533585463906991
Ayaviri,3918,2024-07-18,5.78,3.4340000525060863
Ayaviri,3918,2024-07-19,2.66,1.73540642337323
Ayaviri,3918,2024-07-20,-0.12,-0.3313953980118014
Ayaviri,3918,2024-07-21,0.84,0.3756864549103309
Ayaviri,3918,2024-07-22,2.2,0.8705664453098472
Ayaviri,3918,2024-07-23,8.25,5.010106218868677
Ayaviri,3918,2024-07-24,4.29,2.4279887423232656
Ayaviri,3918,2024-07-25,1.51,0.5455674796243866
Ayaviri,3918,2024-07-26,5.0,2.9627997011681506
Ayaviri,3918,2024-07-27,6.07,3.997327127749987
Ayaviri,3918,2024-07-28,4.82,2.955678343378562
Ayaviri,3918,2024-07-29,1.59,0.7157796139216521
Ayaviri,3918,2024-07-30,1.42,0.4684438903567071
Ayaviri,3918,2024-07-31,-1.73,-1.5351240817451137
Ayaviri,3918,2024-08-01,5.59,3.7559090648012807
Ayaviri,3918,2024-08-02,3.32,2.117369510657267
Ayaviri,3918,2024-08-03,1.81,1.3563493013948364
Ayaviri,3918,2024-08-04,6.04,3.975410792049371
Ayaviri,3918,2024-08-05,3.13,2.051653224266802
Ayaviri,3918,2024-08-06,-0.06,-0.21858828980600006
Ayaviri,3918,2024-08-07,5.83,3.927817422916366
Ayaviri,3918,2024-08-08,1.89,1.761356264180997
Ayaviri,3918,2024-08-09,3.09,2.2371485393374573
Ayaviri,3918,2024-08-10,4.08,2.7795614521292524
Ayaviri,3918,2024-08-11,4.62,2.8022344638311902
Ayaviri,3918,2024-08-12,0.49,0.06398323921858273
Ayaviri,3918,2024-08-13,2.94,1.8970688079266864
Ayaviri,3918,2024-08-14,3.4,2.3544950361014414
Ayaviri,3918,2024-08-15,5.69,4.579665407065841
Ayaviri,3918,2024-08-16,4.95,2.9933810208050464
Ayaviri,3918,2024-08-17,3.62,2.8638177278336046
Ayaviri,3918,2024-08-18,12.17,8.887613293396027
Ayaviri,3918,2024-08-19,6.52,5.094235556206643
Ayaviri,3918,2024-08-20,2.04,1.9060116459992051
Ayaviri,3918,2024-08-21,9.56,6.744205439201699
Ayaviri,3918,2024-08-22,9.71,7.1536791769756345
Ayaviri,3918,2024-08-23,8.79,6.353425532809977
Ayaviri,3918,2024-08-24,6.52,5.261449014426484
Ayaviri,3918,2024-08-25,7.57,6.319693186980518
Ayaviri,3918,2024-08-26,5.32,4.690875262473096
Ayaviri,3918,2024-08-27,6.42,5.408014863366185
Ayaviri,3918,2024-08-28,6.33,5.333745576539211
Ayaviri,3918,2024-08-29,8.21,6.950931916889571
Ayaviri,3918,2024-08-30,6.34,5.365701684309128
Ayaviri,3918,2024-08-31,2.33,1.7764054693770996
Ayaviri,3918,2024-09-01,7.97,6.554283211558597
Ayaviri,3918,2024-09-02,4.0,3.8460387829052403
Ayaviri,3918,2024-09-03,7.87,6.260996387509816
Ayaviri,3918,2024-09-04,4.09,4.01618006389846
Ayaviri,3918,2024-09-05,9.94,8.562786105133458
Ayaviri,3918,2024-09-06,10.8,8.330079592716618
Ayaviri,3918,2024-09-07,6.94,5.738042639513169
Ayaviri,3918,2024-09-08,9.81,7.953247112197779
Ayaviri,3918,2024-09-09,13.28,10.10573996893691
Ayaviri,3918,2024-09-10,9.95,8.225012939023916
Ayaviri,3918,2024-09-11,7.42,6.500342494573235
Ayaviri,3918,2024-09-12,6.78,6.104236142817595
Ayaviri,3918,2024-09-13,10.08,8.353582614261816
Ayaviri,3918,2024-09-14,9.19,7.630613397566665
Ayaviri,3918,2024-09-15,8.58,7.014844711050326
Ayaviri,3918,2024-09-16,5.27,4.986057810956021
Ayaviri,3918,2024-09-17,8.75,7.179179566663919
Ayaviri,3918,2024-09-18,8.35,6.913087162338279
Ayaviri,3918,2024-09-19,9.13,7.658446531642999
Ayaviri,3918,2024-09-20,8.55,7.529030999073928
Ayaviri,3918,2024-09-21,13.63,10.843172810886134
Ayaviri,3918,2024-09-22,10.79,9.152903010414871
Ayaviri,3918,2024-09-23,8.31,7.445110940929551
Ayaviri,3918,2024-09-24,7.53,7.193493270163159
Ayaviri,3918,2024-09-25,18.03,14.156624032864903
Ayaviri,3918,2024-09-26,9.23,7.906866326111651
Ayaviri,3918,2024-09-27,7.68,7.061095515786059
Ayaviri,3918,2024-09-28,6.01,5.83272826292116
Ayaviri,3918,2024-09-29,6.52,6.142885330122803
Ayaviri,3918,2024-09-30,7.72,6.945869057703754
Ayaviri,3918,2024-10-01,8.03,7.397494647434552
Ayaviri,3918,2024-10-02,9.26,8.171700430770123
Ayaviri,3918,2024-10-03,12.88,10.865763062115903
Ayaviri,3918,2024-10-04,11.45,9.755819995527858
Ayaviri,3918,2024-10-05,12.67,10.71088737393044
Ayaviri,3918,2024-10-06,9.35,8.375399797035577
Ayaviri,3918,2024-10-07,10.36,9.472112662790996
Ayaviri,3918,2024-10-08,12.86,11.610337513068618
Ayaviri,3918,2024-10-09,13.07,12.06840801078351
Ayaviri,3918,2024-10-10,10.02,9.855525700821996
Ayaviri,3918,2024-10-11,15.55,13.350674548798334
Ayaviri,3918,2024-10-12,8.09,8.035921425877657
Ayaviri,3918,2024-10-13,14.91,12.539956723729883
Ayaviri,3918,2024-10-14,9.8,9.310943298429413
Ayaviri,3918,2024-10-15,8.78,8.466922424423666
Ayaviri,3918,2024-10-16,8.77,8.48215231674996
Ayaviri,3918,2024-10-17,10.31,9.889518823819852
Ayaviri,3918,2024-10-18,13.8,12.085381754301824
Ayaviri,3918,2024-10-19,14.57,12.595984863350452
Ayaviri,3918,2024-10-20,13.0,11.774544999501959
Ayaviri,3918,2024-10-21,10.1,9.958524323018235
Ayaviri,3918,2024-10-22,10.42,9.773843641240369
Ayaviri,3918,2024-10-23,10.33,9.559359382073502
Ayaviri,3918,2024-10-24,17.88,14.67712700285344
Ayaviri,3918,2024-10-25,12.52,11.14945968299196
Ayaviri,3918,2024-10-26,12.74,11.343067641899548
Ayaviri,3918,2024-10-27,12.44,11.460313499479655
Ayaviri,3918,2024-10-28,11.13,10.49803662964354
Ayaviri,3918,2024-10-29,11.65,10.297979464749183
Ayaviri,3918,2024-10-30,13.37,11.819201372472472
Ayaviri,3918,2024-10-31,14.9,12.695358611599032
Ayaviri,3918,2024-11-01,12.54,11.205168611425787
Ayaviri,3918,2024-11-02,8.85,8.658461709044897
Ayaviri,3918,2024-11-03,8.8,8.72835110573698
Ayaviri,3918,2024-11-04,13.45,11.672633664901728
Ayaviri,3918,2024-11-05,13.36,11.645879947439624
Ayaviri,3918,2024-11-06,9.54,8.886215143520845
Ayaviri,3918,2024-11-07,11.5,10.099184082717892
Ayaviri,3918,2024-11-08,13.52,11.736884678823735
Ayaviri,3918,2024-11-09,13.19,11.60988158190943
Ayaviri,3918,2024-11-10,17.3,14.874303483286342
Ayaviri,3918,2024-11-11,15.47,13.512504703695376
Ayaviri,3918,2024-11-12,10.04,9.74787410752413
Ayaviri,3918,2024-11-13,16.32,14.017771888786378
Ayaviri,3918,2024-11-14,9.2,9.418186715018058
Ayaviri,3918,2024-11-15,9.89,10.216750197523297
Ayaviri,3918,2024-11-16,10.31,10.43563975922023
Ayaviri,3918,2024-11-17,10.73,10.659620332213233
Ayaviri,3918,2024-11-18,15.07,13.553756622105563
Ayaviri,3918,2024-11-19,14.32,12.804262794084968
Ayaviri,3918,2024-11-20,13.54,12.183607437407128
Ayaviri,3918,2024-11-21,18.45,15.282976306389694
Ayaviri,3918,2024-11-22,8.39,8.573154070002175
Ayaviri,3918,2024-11-23,17.35,14.527022526510518
Ayaviri,3918,2024-11-24,19.08,15.0931482575506
Ayaviri,3918,2024-11-25,13.89,12.22556051737427
Ayaviri,3918,2024-11-26,14.46,12.944038638854531
Ayaviri,3918,2024-11-27,10.56,10.398220401227178
Ayaviri,3918,2024-11-28,12.35,11.391848523564787
Ayaviri,3918,2024-11-29,16.03,13.66747320799153
Ayaviri,3918,2024-11-30,13.11,12.224384395437951
Ayaviri,3918,2024-12-01,13.44,12.35803886515743
Ayaviri,3918,2024-12-02,16.48,14.10223845313148
Ayaviri,3918,2024-12-03,11.92,11.229074021196606
Ayaviri,3918,2024-12-04,12.45,11.536475041372963
Ayaviri,3918,2024-12-05,12.08,11.016394318244139
Ayaviri,3918,2024-12-06,13.34,11.616624805574277
Ayaviri,3918,2024-12-07,12.52,11.391925331474207
Ayaviri,3918,2024-12-08,17.88,15.029047625519446
Ayaviri,3918,2024-12-09,13.66,12.40255776587195
Ayaviri,3918,2024-12-10,13.9,12.862948287095602
Ayaviri,3918,2024-12-11,12.89,12.233228893814854
Ayaviri,3918,2024-12-12,12.14,11.501174284640706
Ayaviri,3918,2024-12-13,21.95,14.656475490030274
Ayaviri,3918,2024-12-14,10.96,10.767730841641658
Ayaviri,3918,2024-12-15,16.82,14.544206701254554
Ayaviri,3918,2024-12-16,12.84,12.026364995066281
Ayaviri,3918,2024-12-17,10.47,10.374779431997139
Ayaviri,3918,2024-12-18,15.02,13.670416825917828
Ayaviri,3918,2024-12-19,13.7,12.713392739578907
Ayaviri,3918,2024-12-20,14.77,13.611187313396147
Ayaviri,3918,2024-12-21,17.11,14.947822366766669
Ayaviri,3918,2024-12-22,11.71,11.255863470383376
Ayaviri,3918,2024-12-23,11.05,11.065016633712936
Ayaviri,3918,2024-12-24,13.47,12.386671622608379
Azángaro,3859,2024-01-01,9.07,9.528191024168462
Azángaro,3859,2024-01-02,10.55,10.289682529594575
Azángaro,3859,2024-01-03,13.23,12.717928792932518
Azángaro,3859,2024-01-04,14.01,12.696944374412126
Azángaro,3859,2024-01-05,15.27,13.343272391581058
Azángaro,3859,2024-01-06,10.12,10.101264494142864
Azángaro,3859,2024-01-07,12.25,12.43403937625217
Azángaro,3859,2024-01-08,11.27,10.867062072029086
Azángaro,3859,2024-01-09,11.06,10.769356277145022
Azángaro,3859,2024-01-10,13.22,12.595203872571567
Azángaro,3859,2024-01-11,12.98,12.171052756262783
Azángaro,3859,2024-01-12,10.89,11.282094840634944
Azángaro,3859,2024-01-13,9.39,9.991428804204986
Azángaro,3859,2024-01-14,10.72,10.288041782476489
Azángaro,3859,2024-01-15,9.22,8.336968928210648
Azángaro,3859,2024-01-16,10.66,10.0704132490473
Azángaro,3859,2024-01-17,9.32,9.325172376522808
Azángaro,3859,2024-01-18,13.93,12.393999819318388
Azángaro,3859,2024-01-19,11.41,10.49075040453842
Azángaro,3859,2024-01-20,12.05,10.822645863022718
Azángaro,3859,2024-01-21,8.74,8.43352038880693
Azángaro,3859,2024-01-22,10.82,9.802629973873797
Azángaro,3859,2024-01-23,10.4,9.68039172040277
Azángaro,3859,2024-01-24,9.88,9.37093013855021
Azángaro,3859,2024-01-25,7.04,7.696378492236911
Azángaro,3859,2024-01-26,14.24,12.817149743850718
Azángaro,3859,2024-01-27,12.1,11.199481388947218
Azángaro,3859,2024-01-28,11.0,10.41946990078038
Azángaro,3859,2024-01-29,8.63,8.82260723037357
Azángaro,3859,2024-01-30,11.96,11.042850682556688
Azángaro,3859,2024-01-31,11.95,10.900447932665179
Azángaro,3859,2024-02-01,7.76,8.322343298986569
Azángaro,3859,2024-02-02,8.57,8.594374360191804
Azángaro,3859,2024-02-03,7.51,7.866660579829266
Azángaro,3859,2024-02-04,8.87,8.750337562987045
Azángaro,3859,2024-02-05,6.39,7.344291186268735
Azángaro,3859,2024-02-06,7.64,7.753395722975021
Azángaro,3859,2024-02-07,5.26,6.472069969664675
Azángaro,3859,2024-02-08,8.64,9.03922840841108
Azángaro,3859,2024-02-09,9.63,9.335583950344995
Azángaro,3859,2024-02-10,6.45,6.908164989558738
Azángaro,3859,2024-02-11,8.98,8.878173156823163
Azángaro,3859,2024-02-12,5.13,5.819056147505093
Azángaro,3859,2024-02-13,5.86,6.717347553814339
Azángaro,3859,2024-02-14,9.73,9.155070436982413
Azángaro,3859,2024-02-15,7.81,7.460172284939994
Azángaro,3859,2024-02-16,11.18,9.604424672529571
Azángaro,3859,2024-02-17,7.9,7.531319624751544
Azángaro,3859,2024-02-18,8.18,7.754437080181954
Azángaro,3859,2024-02-19,8.8,7.925089025104833
Azángaro,3859,2024-02-20,7.98,7.601897633802496
Azángaro,3859,2024-02-21,7.64,7.2520233860928816
Azángaro,3859,2024-02-22,6.65,6.145522247990433
Azángaro,3859,2024-02-23,2.0,3.555271777571395
Azángaro,3859,2024-02-24,7.22,7.051586833485367
Azángaro,3859,2024-02-25,4.8,5.406118712402777
Azángaro,3859,2024-02-26,7.89,7.36516545875315
Azángaro,3859,2024-02-27,9.48,8.430029349467135
Azángaro,3859,2024-02-28,3.03,4.102598194429921
Azángaro,3859,2024-02-29,9.11,8.553489583570505
Azángaro,3859,2024-03-01,7.01,6.701496106753869
Azángaro,3859,2024-03-02,5.56,5.756886289734326
Azángaro,3859,2024-03-03,8.16,8.00948236065392
Azángaro,3859,2024-03-04,6.1,6.310428575963974
Azángaro,3859,2024-03-05,5.44,5.776545366092171
Azángaro,3859,2024-03-06,2.54,4.04755060933473
Azángaro,3859,2024-03-07,5.78,6.187604164247817
Azángaro,3859,2024-03-08,7.86,7.336018388577469
Azángaro,3859,2024-03-09,4.22,4.830315917760143
Azángaro,3859,2024-03-10,6.84,6.67723201562842
Azángaro,3859,2024-03-11,2.46,3.285859387728723
Azángaro,3859,2024-03-12,3.38,4.656038150042498
Azángaro,3859,2024-03-13,3.77,4.254379511547786
Azángaro,3859,2024-03-14,1.44,4.390701493620121
Azángaro,3859,2024-03-15,4.92,4.789265103830269
Azángaro,3859,2024-03-16,7.0,6.12228325880843
Azángaro,3859,2024-03-17,6.54,6.0852550695148535
Azángaro,3859,2024-03-18,4.79,5.0453438135910265
Azángaro,3859,2024-03-19,4.31,4.518035934914375
Azángaro,3859,2024-03-20,2.83,3.651596581857681
Azángaro,3859,2024-03-21,9.65,8.174718946021928
Azángaro,3859,2024-03-22,3.3,3.6324243010534536
Azángaro,3859,2024-03-23,4.8,5.32331368090073
Azángaro,3859,2024-03-24,4.34,4.5372859647478805
Azángaro,3859,2024-03-25,2.2,2.985687082139795
Azángaro,3859,2024-03-26,1.84,2.672504864704706
Azángaro,3859,2024-03-27,7.59,6.613417752843091
Azángaro,3859,2024-03-28,7.37,6.681457289532086
Azángaro,3859,2024-03-29,4.42,4.0334333790693915
Azángaro,3859,2024-03-30,2.04,2.294215562439723
Azángaro,3859,2024-03-31,4.99,3.9144838844565415
Azángaro,3859,2024-04-01,3.41,3.464293746540938
Azángaro,3859,2024-04-02,1.06,1.948935093041786
Azángaro,3859,2024-04-03,4.48,4.478998713094587
Azángaro,3859,2024-04-04,8.65,6.779895076694392
Azángaro,3859,2024-04-05,0.94,1.8708359932377225
Azángaro,3859,2024-04-06,4.75,3.624484599356939
Azángaro,3859,2024-04-07,4.5,3.7240954537374105
Azángaro,3859,2024-04-08,7.11,6.104508042174261
Azángaro,3859,2024-04-09,-1.21,0.1043560360597715
Azángaro,3859,2024-04-10,0.58,1.2901526373579109
Azángaro,3859,2024-04-11,2.17,1.9839397624378012
Azángaro,3859,2024-04-12,5.67,4.699981011717862
Azángaro,3859,2024-04-13,0.04,1.1516159292219024
Azángaro,3859,2024-04-14,0.47,1.0349726836079047
Azángaro,3859,2024-04-15,1.8,1.994534575626023
Azángaro,3859,2024-04-16,-0.57,0.7847054369315979
Azángaro,3859,2024-04-17,1.42,1.6563026313075473
Azángaro,3859,2024-04-18,0.73,1.1829321229853427
Azángaro,3859,2024-04-19,-1.12,-0.29531246647537523
Azángaro,3859,2024-04-20,3.05,2.368552453188724
Azángaro,3859,2024-04-21,4.63,3.524557307627314
Azángaro,3859,2024-04-22,1.65,1.4951464038376439
Azángaro,3859,2024-04-23,-3.97,-2.3058206578331135
Azángaro,3859,2024-04-24,2.4,1.9883891901647868
Azángaro,3859,2024-04-25,-1.46,-0.2364506126266912
Azángaro,3859,2024-04-26,-0.4,-0.15456512021437813
Azángaro,3859,2024-04-27,1.88,1.5223522811149397
Azángaro,3859,2024-04-28,1.67,1.2765477715781417
Azángaro,3859,2024-04-29,0.24,0.7836053439274131
Azángaro,3859,2024-04-30,-2.29,-1.0595871068180454
Azángaro,3859,2024-05-01,-3.88,-2.133155255846634
Azángaro,3859,2024-05-02,2.02,2.134062096033217
Azángaro,3859,2024-05-03,1.35,2.257573991912303
Azángaro,3859,2024-05-04,3.96,3.083733757695106
Azángaro,3859,2024-05-05,-0.88,-0.3037012841137169
Azángaro,3859,2024-05-06,-0.63,-0.1386059409162796
Azángaro,3859,2024-05-07,-3.12,-1.6768732340510883
Azángaro,3859,2024-05-08,-0.05,0.5380723256888833
Azángaro,3859,2024-05-09,1.66,1.7449113218202532
Azángaro,3859,2024-05-10,-0.32,-0.34910189020177934
Azángaro,3859,2024-05-11,0.49,0.5703083582197503
Azángaro,3859,2024-05-12,3.58,2.2678820187262954
Azángaro,3859,2024-05-13,-0.15,0.29692263180403433
Azángaro,3859,2024-05-14,1.78,1.491136094735265
Azángaro,3859,2024-05-15,-0.9,-0.43978470037542006
Azángaro,3859,2024-05-16,-0.31,-0.426174740924655
Azángaro,3859,2024-05-17,-1.35,-1.060236668654366
Azángaro,3859,2024-05-18,3.84,2.4526987935676887
Azángaro,3859,2024-05-19,2.82,1.5251785889873553
Azángaro,3859,2024-05-20,-0.02,-0.30894878324151254
Azángaro,3859,2024-05-21,0.92,0.2178154613577279
Azángaro,3859,2024-05-22,2.21,1.1312362688979556
Azángaro,3859,2024-05-23,3.86,2.2660035837798946
Azángaro,3859,2024-05-24,-2.58,-2.1038826242631976
Azángaro,3859,2024-05-25,-1.37,-1.709356692958519
Azángaro,3859,2024-05-26,3.56,2.4850408742807577
Azángaro,3859,2024-05-27,-0.24,-0.23129918399696608
Azángaro,3859,2024-05-28,-0.15,0.007464360362112621
Azángaro,3859,2024-05-29,-0.69,-0.3023220749978319
Azángaro,3859,2024-05-30,0.8,0.5972239861984205
Azángaro,3859,2024-05-31,-0.11,-0.5067256712423164
Azángaro,3859,2024-06-01,-2.38,-2.1422116036140197
Azángaro,3859,2024-06-02,-2.17,-1.3976502304433986
Azángaro,3859,2024-06-03,0.65,0.2824845693253959
Azángaro,3859,2024-06-04,-0.97,-0.9244186613519862
Azángaro,3859,2024-06-05,1.01,0.33505905650952683
Azángaro,3859,2024-06-06,0.78,0.27365886807981343
Azángaro,3859,2024-06-07,-0.37,-0.31060742570644795
Azángaro,3859,2024-06-08,1.02,0.20429892851835274
Azángaro,3859,2024-06-09,0.07,-0.388965597990242
Azángaro,3859,2024-06-10,-0.14,-0.825187903561273
Azángaro,3859,2024-06-11,-4.14,-3.369262292432114
Azángaro,3859,2024-06-12,-1.54,-1.804410864912747
Azángaro,3859,2024-06-13,-2.31,-2.1265194032910615
Azángaro,3859,2024-06-14,-0.29,-0.8744759240132944
Azángaro,3859,2024-06-15,2.13,0.5118956571021989
Azángaro,3859,2024-06-16,0.92,-0.11953405824606311
Azángaro,3859,2024-06-17,-1.38,-1.2007196734447367
Azángaro,3859,2024-06-18,2.41,0.35666008061469867
Azángaro,3859,2024-06-19,-1.14,-1.302845255718925
Azángaro,3859,2024-06-20,-1.18,-1.68337955544993
Azángaro,3859,2024-06-21,1.3,0.11809760037038775
Azángaro,3859,2024-06-22,-1.67,-2.0660012208764535
Azángaro,3859,2024-06-23,-1.31,-1.6475096955746806
Azángaro,3859,2024-06-24,0.73,0.07794957916555112
Azángaro,3859,2024-06-25,-1.63,-0.972911783048753
Azángaro,3859,2024-06-26,2.51,1.469970165584762
Azángaro,3859,2024-06-27,1.93,1.2419404595869383
Azángaro,3859,2024-06-28,-2.57,-2.136587104131831
Azángaro,3859,2024-06-29,-3.18,-2.292337839056002
Azángaro,3859,2024-06-30,-1.8,-1.3467499648113301
Azángaro,3859,2024-07-01,4.88,3.0274257771273563
Azángaro,3859,2024-07-02,1.08,0.3103327206881884
Azángaro,3859,2024-07-03,-2.74,-1.6104384287103541
Azángaro,3859,2024-07-04,3.47,2.3056712537817
Azángaro,3859,2024-07-05,4.54,2.588940854376033
Azángaro,3859,2024-07-06,0.65,0.24122149138517374
Azángaro,3859,2024-07-07,-5.16,-3.5777588648877447
Azángaro,3859,2024-07-08,-0.05,-0.2935582108608002
Azángaro,3859,2024-07-09,0.78,-0.08974903009687907
Azángaro,3859,2024-07-10,4.57,2.5278014655456533
Azángaro,3859,2024-07-11,1.03,0.02429572656661183
Azángaro,3859,2024-07-12,0.74,-0.32481459686627245
Azángaro,3859,2024-07-13,1.41,0.5874189626734605
Azángaro,3859,2024-07-14,4.07,2.525519455062276
Azángaro,3859,2024-07-15,-0.91,-0.9510983352576724
Azángaro,3859,2024-07-16,1.49,0.7185869978674062
Azángaro,3859,2024-07-17,0.74,-0.0705889149091582
Azángaro,3859,2024-07-18,-2.13,-1.6741487702869016
Azángaro,3859,2024-07-19,-2.44,-2.0708717834016674
Azángaro,3859,2024-07-20,0.85,0.24410586749026908
Azángaro,3859,2024-07-21,-0.04,-0.05576290700165186
Azángaro,3859,2024-07-22,-1.97,-1.8107689143025687
Azángaro,3859,2024-07-23,1.01,0.4769923894498198
Azángaro,3859,2024-07-24,2.75,1.6589053325770662
Azángaro,3859,2024-07-25,-1.25,-1.2483518798802504
Azángaro,3859,2024-07-26,-0.99,-1.0140036889413502
Azángaro,3859,2024-07-27,-2.85,-2.419723120924106
Azángaro,3859,2024-07-28,0.86,0.11978995936037018
Azángaro,3859,2024-07-29,2.96,1.5243038367943216
Azángaro,3859,2024-07-30,-1.18,-0.9733023647687955
Azángaro,3859,2024-07-31,0.95,0.23707166176997474
Azángaro,3859,2024-08-01,-1.79,-1.248885656377556
Azángaro,3859,2024-08-02,3.26,2.483751974464878
Azángaro,3859,2024-08-03,-1.17,-1.0140273097744155
Azángaro,3859,2024-08-04,-1.07,-0.7431438234477293
Azángaro,3859,2024-08-05,3.77,2.8692132346328973
Azángaro,3859,2024-08-06,3.54,2.2223931266600774
Azángaro,3859,2024-08-07,5.88,4.389600337689388
Azángaro,3859,2024-08-08,8.18,5.828881161361695
Azángaro,3859,2024-08-09,-0.88,-0.29410291411336686
Azángaro,3859,2024-08-10,5.27,3.5686089177438567
Azángaro,3859,2024-08-11,-5.09,-3.0337696091415807
Azángaro,3859,2024-08-12,0.46,0.03701328530417325
Azángaro,3859,2024-08-13,-0.22,-0.28710316987995743
Azángaro,3859,2024-08-14,1.2,0.595953302165278
Azángaro,3859,2024-08-15,2.87,2.098007969532201
Azángaro,3859,2024-08-16,-0.37,-0.4003896511473508
Azángaro,3859,2024-08-17,3.14,2.1783701377148463
Azángaro,3859,2024-08-18,3.65,2.616223158547535
Azángaro,3859,2024-08-19,6.48,4.797892179877259
Azángaro,3859,2024-08-20,1.76,1.4053925329596393
Azángaro,3859,2024-08-21,3.63,2.6432771068380294
Azángaro,3859,2024-08-22,3.13,2.3396665196320305
Azángaro,3859,2024-08-23,4.42,3.396536380188114
Azángaro,3859,2024-08-24,-1.99,-1.1138951028246007
Azángaro,3859,2024-08-25,6.53,4.981975884011513
Azángaro,3859,2024-08-26,-0.18,0.4953905848294087
Azángaro,3859,2024-08-27,2.39,2.2090745573478454
Azángaro,3859,2024-08-28,3.79,2.9026296427797407
Azángaro,3859,2024-08-29,6.63,5.096694190427803
Azángaro,3859,2024-08-30,3.24,3.0674717339085245
Azángaro,3859,2024-08-31,2.3,2.292812954417476
Azángaro,3859,2024-09-01,5.92,4.975394825074497
Azángaro,3859,2024-09-02,8.67,6.633461918597234
Azángaro,3859,2024-09-03,3.36,2.9490192051488195
Azángaro,3859,2024-09-04,1.7,1.8823559187074521
Azángaro,3859,2024-09-05,0.5,1.1046288457750526
Azángaro,3859,2024-09-06,0.74,1.0920645343119513
Azángaro,3859,2024-09-07,5.14,3.886131352217636
Azángaro,3859,2024-09-08,3.85,3.1492056350233346
Azángaro,3859,2024-09-09,6.56,4.782331668238788
Azángaro,3859,2024-09-10,3.79,3.6253243027893913
Azángaro,3859,2024-09-11,-0.19,0.5746022223223948
Azángaro,3859,2024-09-12,4.18,3.6517017798105345
Azángaro,3859,2024-09-13,4.2,3.7212106233292466
Azángaro,3859,2024-09-14,5.58,4.89738323579091
Azángaro,3859,2024-09-15,4.15,4.273388740146402
Azángaro,3859,2024-09-16,4.78,4.442845821079219
Azángaro,3859,2024-09-17,3.55,3.8005982656471704
Azángaro,3859,2024-09-18,1.14,1.8569371620421735
Azángaro,3859,2024-09-19,8.29,6.9782338620213675
Azángaro,3859,2024-09-20,2.72,3.115770197201872
Azángaro,3859,2024-09-21,3.33,3.6046841176087234
Azángaro,3859,2024-09-22,11.17,8.773003381381894
Azángaro,3859,2024-09-23,4.64,4.67313097438025
Azángaro,3859,2024-09-24,3.9,4.114969660146512
Azángaro,3859,2024-09-25,8.85,6.817219261487115
Azángaro,3859,2024-09-26,1.22,2.396323889807091
Azángaro,3859,2024-09-27,-0.53,1.0062971955508313
Azángaro,3859,2024-09-28,5.17,4.954379081505668
Azángaro,3859,2024-09-29,7.39,6.344697342919435
Azángaro,3859,2024-09-30,10.73,8.575825094167456
Azángaro,3859,2024-10-01,8.49,6.9936190911563765
Azángaro,3859,2024-10-02,9.6,8.08054545856671
Azángaro,3859,2024-10-03,8.56,7.458813523275471
Azángaro,3859,2024-10-04,6.9,6.441931127531424
Azángaro,3859,2024-10-05,7.69,6.9603446727038545
Azángaro,3859,2024-10-06,7.2,6.790681805824833
Azángaro,3859,2024-10-07,11.43,9.65889581387477
Azángaro,3859,2024-10-08,6.91,6.863207907522259
Azángaro,3859,2024-10-09,0.33,2.339128184020609
Azángaro,3859,2024-10-10,3.64,4.373703573706026
Azángaro,3859,2024-10-11,8.97,7.915636220904487
Azángaro,3859,2024-10-12,4.4,4.833130530030303
Azángaro,3859,2024-10-13,7.71,7.392761003896876
Azángaro,3859,2024-10-14,8.78,8.234205253355341
Azángaro,3859,2024-10-15,9.89,9.044440793464556
Azángaro,3859,2024-10-16,8.79,8.261951654291103
Azángaro,3859,2024-10-17,6.41,6.376244941087991
Azángaro,3859,2024-10-18,1.16,3.0158187648558017
Azángaro,3859,2024-10-19,5.72,5.717089201427609
Azángaro,3859,2024-10-20,5.61,6.050510764516549
Azángaro,3859,2024-10-21,8.85,8.061513711992514
Azángaro,3859,2024-10-22,4.18,5.07016211041445
Azángaro,3859,2024-10-23,8.63,8.12213353728978
Azángaro,3859,2024-10-24,11.38,10.21046294841372
Azángaro,3859,2024-10-25,8.65,8.53041267280316
Azángaro,3859,2024-10-26,11.0,10.132913111821964
Azángaro,3859,2024-10-27,6.47,6.835141857490607
Azángaro,3859,2024-10-28,10.38,9.564895774151383
Azángaro,3859,2024-10-29,8.45,8.4586430449659
Azángaro,3859,2024-10-30,9.4,9.354805413104728
Azángaro,3859,2024-10-31,6.09,6.665515114538388
Azángaro,3859,2024-11-01,12.44,10.869925215597608
Azángaro,3859,2024-11-02,7.33,7.662448264369221
Azángaro,3859,2024-11-03,9.91,9.289956188332539
Azángaro,3859,2024-11-04,14.69,12.429556530131466
Azángaro,3859,2024-11-05,8.17,8.581674012167046
Azángaro,3859,2024-11-06,8.72,8.652333978290885
Azángaro,3859,2024-11-07,7.71,8.235296846509874
Azángaro,3859,2024-11-08,12.37,11.368832479370777
Azángaro,3859,2024-11-09,12.14,11.231061395603144
Azángaro,3859,2024-11-10,13.15,12.187237599459559
Azángaro,3859,2024-11-11,14.25,12.80591652069343
Azángaro,3859,2024-11-12,6.55,7.274226270346256
Azángaro,3859,2024-11-13,10.05,9.779993182755202
Azángaro,3859,2024-11-14,9.31,9.197907418917634
Azángaro,3859,2024-11-15,7.84,8.489591148543694
Azángaro,3859,2024-11-16,12.06,11.199271543469573
Azángaro,3859,2024-11-17,8.82,8.801130531760744
Azángaro,3859,2024-11-18,14.35,12.98159677695986
Azángaro,3859,2024-11-19,12.34,11.664123836131246
Azángaro,3859,2024-11-20,8.04,8.841062538967797
Azángaro,3859,2024-11-21,10.62,10.559629196407991
Azángaro,3859,2024-11-22,12.15,11.528091564786706
Azángaro,3859,2024-11-23,14.15,12.793842495633301
Azángaro,3859,2024-11-24,6.98,8.023578703539108
Azángaro,3859,2024-11-25,12.65,11.974731388611305
Azángaro,3859,2024-11-26,12.96,12.46179829518598
Azángaro,3859,2024-11-27,11.22,11.036808401054364
Azángaro,3859,2024-11-28,14.13,12.885600381024123
Azángaro,3859,2024-11-29,6.31,7.583586897560251
Azángaro,3859,2024-11-30,10.16,10.224647679649683
Azángaro,3859,2024-12-01,8.58,9.32410801484993
Azángaro,3859,2024-12-02,10.83,10.603384994775514
Azángaro,3859,2024-12-03,11.17,11.02282755285502
Azángaro,3859,2024-12-04,11.29,10.915173287769704
Azángaro,3859,2024-12-05,7.01,7.65562771117454
Azángaro,3859,2024-12-06,14.07,12.358498835087016
Azángaro,3859,2024-12-07,11.56,11.02587512129416
Azángaro,3859,2024-12-08,10.36,10.341423770112684
Azángaro,3859,2024-12-09,8.25,8.75137468253525
Azángaro,3859,2024-12-10,14.06,12.519204664831477
Azángaro,3859,2024-12-11,16.34,14.053583104405112
Azángaro,3859,2024-12-12,16.4,14.592640332478993
Azángaro,3859,2024-12-13,11.59,11.303372097922837
Azángaro,3859,2024-12-14,13.68,12.762098362670825
Azángaro,3859,2024-12-15,12.36,12.023888558513866
Azángaro,3859,2024-12-16,8.95,9.388292119386815
Azángaro,3859,2024-12-17,12.76,11.921377951656797
Azángaro,3859,2024-12-18,14.12,12.930007754186649
Azángaro,3859,2024-12-19,6.69,7.897198112501419
Azángaro,3859,2024-12-20,8.71,9.526920778680172
Azángaro,3859,2024-12-21,8.92,9.420204373546667
Azángaro,3859,2024-12-22,12.71,12.079166816072096
Azángaro,3859,2024-12-23,7.64,8.7100899971754
Azángaro,3859,2024-12-24,10.39,10.50496870928658
Cojata,4320,2024-01-01,11.73,11.367762765198028
Cojata,4320,2024-01-02,8.19,8.643637550198669
Cojata,4320,2024-01-03,7.02,8.150200425390352
Cojata,4320,2024-01-04,6.42,7.964851082399233
Cojata,4320,2024-01-05,9.36,9.732906746204634
Cojata,4320,2024-01-06,8.28,9.157373049094904
Cojata,4320,2024-01-07,8.7,9.325112978087853
Cojata,4320,2024-01-08,11.54,11.184781810154458
Cojata,4320,2024-01-09,10.83,10.707022830511445
Cojata,4320,2024-01-10,13.05,12.382685910167474
Cojata,4320,2024-01-11,10.49,10.94673418533742
Cojata,4320,2024-01-12,14.92,13.83355568911899
Cojata,4320,2024-01-13,11.57,11.439889872714089
Cojata,4320,2024-01-14,10.61,10.652710164189347
Cojata,4320,2024-01-15,5.81,7.475618091670937
Cojata,4320,2024-01-16,4.92,7.024629166711387
Cojata,4320,2024-01-17,6.45,7.625134051457427
Cojata,4320,2024-01-18,7.08,8.082763192625599
Cojata,4320,2024-01-19,9.46,9.503683040704566
Cojata,4320,2024-01-20,11.21,11.15475818765911
Cojata,4320,2024-01-21,8.64,9.239101848723287
Cojata,4320,2024-01-22,11.17,10.426688515463134
Cojata,4320,2024-01-23,6.05,6.888810621006807
Cojata,4320,2024-01-24,4.65,6.177166667496289
Cojata,4320,2024-01-25,5.57,7.076081475450975
Cojata,4320,2024-01-26,12.92,11.744565073847255
Cojata,4320,2024-01-27,5.03,6.287885405068971
Cojata,4320,2024-01-28,6.7,7.204683663979905
Cojata,4320,2024-01-29,6.66,7.204642887516679
Cojata,4320,2024-01-30,9.77,9.05884487940589
Cojata,4320,2024-01-31,3.31,5.02712552699953
Cojata,4320,2024-02-01,5.18,6.536097248690414
Cojata,4320,2024-02-02,7.85,8.707369471100034
Cojata,4320,2024-02-03,5.94,7.199041988770535
Cojata,4320,2024-02-04,11.65,10.677625434490462
Cojata,4320,2024-02-05,8.39,8.279708694915731
Cojata,4320,2024-02-06,5.87,6.71094867662676
Cojata,4320,2024-02-07,8.72,8.591328461156213
Cojata,4320,2024-02-08,7.51,7.5357304219271075
Cojata,4320,2024-02-09,8.53,8.423977332795216
Cojata,4320,2024-02-10,6.51,7.2329870088850114
Cojata,4320,2024-02-11,6.87,7.618311947850402
Cojata,4320,2024-02-12,7.87,8.204113993674124
Cojata,4320,2024-02-13,7.81,8.362462049079857
Cojata,4320,2024-02-14,6.69,7.569640928508565
Cojata,4320,2024-02-15,4.08,6.0732761786534875
Cojata,4320,2024-02-16,5.0,6.550277788188277
Cojata,4320,2024-02-17,6.01,7.652069695261671
Cojata,4320,2024-02-18,5.48,7.042823961809306
Cojata,4320,2024-02-19,1.15,3.8796868397788327
Cojata,4320,2024-02-20,9.93,10.140611446127215
Cojata,4320,2024-02-21,8.28,8.670177378469909
Cojata,4320,2024-02-22,7.6,7.877619915645276
Cojata,4320,2024-02-23,5.87,6.641327310060564
Cojata,4320,2024-02-24,8.46,8.099248581961884
Cojata,4320,2024-02-25,6.31,6.55856559270184
Cojata,4320,2024-02-26,4.45,5.364081313539274
Cojata,4320,2024-02-27,4.92,5.6861069069811405
Cojata,4320,2024-02-28,6.03,6.2857465461219935
Cojata,4320,2024-02-29,6.24,6.765106789728087
Cojata,4320,2024-03-01,4.2,5.131992948491556
Cojata,4320,2024-03-02,3.2,4.958868348846483
Cojata,4320,2024-03-03,3.6,4.873922005981918
Cojata,4320,2024-03-04,5.04,6.311591904518281
Cojata,4320,2024-03-05,7.21,7.014426314961723
Cojata,4320,2024-03-06,5.68,5.672343963313287
Cojata,4320,2024-03-07,2.84,3.580620715157778
Cojata,4320,2024-03-08,5.6,5.739670050180848
Cojata,4320,2024-03-09,3.1,3.8872848235078497
Cojata,4320,2024-03-10,3.24,4.132846166765884
Cojata,4320,2024-03-11,6.37,6.167439567813214
Cojata,4320,2024-03-12,1.89,3.5272933354872884
Cojata,4320,2024-03-13,5.16,5.70201834391485
Cojata,4320,2024-03-14,-0.6,1.7182663392006319
Cojata,4320,2024-03-15,2.88,4.043020919816039
Cojata,4320,2024-03-16,2.33,3.576620473598701
Cojata,4320,2024-03-17,5.01,5.0829850147659315
Cojata,4320,2024-03-18,-1.83,0.09441426192400026
Cojata,4320,2024-03-19,1.77,3.2746265779139536
Cojata,4320,2024-03-20,4.31,4.369139220937665
Cojata,4320,2024-03-21,3.32,3.493063623159961
Cojata,4320,2024-03-22,1.27,2.994444674063975
Cojata,4320,2024-03-23,6.96,5.858437202407963
Cojata,4320,2024-03-24,1.31,2.089696050153349
Cojata,4320,2024-03-25,5.44,4.8674205888557465
Cojata,4320,2024-03-26,2.85,3.441211804751182
Cojata,4320,2024-03-27,0.77,1.855301492850509
Cojata,4320,2024-03-28,4.37,4.1742507091043475
Cojata,4320,2024-03-29,5.71,5.350719768382045
Cojata,4320,2024-03-30,0.47,1.7130585000666732
Cojata,4320,2024-03-31,1.26,1.8359823792710883
Cojata,4320,2024-04-01,3.68,3.4150830352003987
Cojata,4320,2024-04-02,3.31,3.511008040690706
Cojata,4320,2024-04-03,4.15,3.8106541073145745
Cojata,4320,2024-04-04,1.3,2.530018242626763
Cojata,4320,2024-04-05,3.98,3.5995856986992285
Cojata,4320,2024-04-06,2.51,2.6970190994682746
Cojata,4320,2024-04-07,-0.41,0.7355318141879735
Cojata,4320,2024-04-08,0.9,1.457270508500054
Cojata,4320,2024-04-09,0.39,1.0651801912868164
Cojata,4320,2024-04-10,0.28,1.30359752579346
Cojata,4320,2024-04-11,3.33,3.08580296526985
Cojata,4320,2024-04-12,0.27,1.4129280114206089
Cojata,4320,2024-04-13,-0.13,1.2759516012492629
Cojata,4320,2024-04-14,0.54,1.4320111053884428
Cojata,4320,2024-04-15,-0.91,-0.00903951573023476
Cojata,4320,2024-04-16,-1.95,-0.3745464772678724
Cojata,4320,2024-04-17,-1.64,-0.4489827306909375
Cojata,4320,2024-04-18,-0.51,0.16245323322347333
Cojata,4320,2024-04-19,1.01,1.8461248697935377
Cojata,4320,2024-04-20,0.35,1.213542115900121
Cojata,4320,2024-04-21,-0.98,-0.12832220427049035
Cojata,4320,2024-04-22,0.83,1.136360271499911
Cojata,4320,2024-04-23,-3.78,-2.3084146275028856
Cojata,4320,2024-04-24,-0.16,0.0026091325076550154
Cojata,4320,2024-04-25,-4.65,-2.8907649967144846
Cojata,4320,2024-04-26,0.33,0.8271824633877234
Cojata,4320,2024-04-27,-0.76,0.2620395867493386
Cojata,4320,2024-04-28,-2.65,-1.63212772865908
Cojata,4320,2024-04-29,-1.71,-1.599051344754636
Cojata,4320,2024-04-30,0.99,0.5988752023412611
Cojata,4320,2024-05-01,-0.84,-0.4617526835910085
Cojata,4320,2024-05-02,5.12,3.5322301127174582
Cojata,4320,2024-05-03,-5.79,-3.5425801570829707
Cojata,4320,2024-05-04,-1.98,-1.0941396528136114
Cojata,4320,2024-05-05,-1.06,-0.4618006050805349
Cojata,4320,2024-05-06,-6.8,-3.6754721199394016
Cojata,4320,2024-05-07,3.13,2.4635502411978107
Cojata,4320,2024-05-08,-1.38,-0.9853943161379144
Cojata,4320,2024-05-09,-3.14,-2.1959909425138786
Cojata,4320,2024-05-10,-5.11,-3.3427798692536506
Cojata,4320,2024-05-11,0.51,1.1523691072165325
Cojata,4320,2024-05-12,-2.27,-1.5214848755440322
Cojata,4320,2024-05-13,0.56,0.17920618824386503
Cojata,4320,2024-05-14,-1.03,-0.9964008725785589
Cojata,4320,2024-05-15,-4.93,-3.6802050797359955
Cojata,4320,2024-05-16,-0.44,-0.4216371481759872
Cojata,4320,2024-05-17,-0.57,-0.5259584499560941
Cojata,4320,2024-05-18,-3.53,-2.6177451708729964
Cojata,4320,2024-05-19,-0.75,-0.5677815576777936
Cojata,4320,2024-05-20,-1.69,-1.1637275056175855
Cojata,4320,2024-05-21,0.32,0.09720463118936593
Cojata,4320,2024-05-22,-3.24,-2.0454124673256073
Cojata,4320,2024-05-23,-1.72,-1.3874709707539683
Cojata,4320,2024-05-24,-0.89,-0.7437284905837562
Cojata,4320,2024-05-25,-5.29,-3.7021209431792346
Cojata,4320,2024-05-26,-1.86,-1.0911153943735248
Cojata,4320,2024-05-27,-4.87,-3.1622914594588476
Cojata,4320,2024-05-28,-1.68,-1.3316255509542438
Cojata,4320,2024-05-29,-2.83,-2.008876262272329
Cojata,4320,2024-05-30,-0.37,-0.44468069262080656
Cojata,4320,2024-05-31,-1.8,-1.2788720335154478
Cojata,4320,2024-06-01,1.04,0.38374588786993036
Cojata,4320,2024-06-02,-2.0,-1.5334228339653657
Cojata,4320,2024-06-03,-3.32,-2.719369316520562
Cojata,4320,2024-06-04,-4.05,-3.2353794247167675
Cojata,4320,2024-06-05,-3.2,-2.6795946961993566
Cojata,4320,2024-06-06,-6.76,-5.011683344200804
Cojata,4320,2024-06-07,-2.53,-1.9949707817359696
Cojata,4320,2024-06-08,-1.41,-1.570742545961448
Cojata,4320,2024-06-09,-5.03,-4.135088550220582
Cojata,4320,2024-06-10,-1.68,-1.7194938488040536
Cojata,4320,2024-06-11,-5.32,-3.839984272815874
Cojata,4320,2024-06-12,-2.49,-2.444548656974902
Cojata,4320,2024-06-13,-3.22,-2.5919128495821937
Cojata,4320,2024-06-14,1.39,0.4704731498440886
Cojata,4320,2024-06-15,-3.06,-2.5422526371583145
Cojata,4320,2024-06-16,-1.2,-1.2801371710562504
Cojata,4320,2024-06-17,-4.2,-3.4470475286332207
Cojata,4320,2024-06-18,-7.66,-5.927516062974004
Cojata,4320,2024-06-19,-4.71,-3.781572656682877
Cojata,4320,2024-06-20,-3.28,-2.7200482470974285
Cojata,4320,2024-06-21,-0.0,-0.3240859469192633
Cojata,4320,2024-06-22,-3.01,-2.480191709929474
Cojata,4320,2024-06-23,-0.03,-1.073858769424938
Cojata,4320,2024-06-24,-4.63,-4.007641809129536
Cojata,4320,2024-06-25,-0.91,-1.1808930801025355
Cojata,4320,2024-06-26,-4.75,-3.7282674759192016
Cojata,4320,2024-06-27,-5.17,-4.323705806370786
Cojata,4320,2024-06-28,-4.42,-4.197651527662901
Cojata,4320,2024-06-29,-7.42,-5.933699331504733
Cojata,4320,2024-06-30,-0.95,-1.3429385545806123
Cojata,4320,2024-07-01,0.33,-0.6848754966716423
Cojata,4320,2024-07-02,-2.61,-2.7481216072893795
Cojata,4320,2024-07-03,-0.87,-1.7949000677611204
Cojata,4320,2024-07-04,-0.9,-1.802798635512013
Cojata,4320,2024-07-05,-8.37,-6.7351576851094315
Cojata,4320,2024-07-06,-3.21,-2.3199946615903757
Cojata,4320,2024-07-07,0.38,-0.039717578705491446
Cojata,4320,2024-07-08,-4.51,-3.698865071190629
Cojata,4320,2024-07-09,0.62,-0.48413050560075643
Cojata,4320,2024-07-10,-1.95,-2.209874875135291
Cojata,4320,2024-07-11,-0.98,-1.1007081521640387
Cojata,4320,2024-07-12,-1.99,-1.7898027950180775
Cojata,4320,2024-07-13,0.07,-0.6707259252639699
Cojata,4320,2024-07-14,-0.26,-0.8670023602276975
Cojata,4320,2024-07-15,-4.05,-3.411183627709425
Cojata,4320,2024-07-16,2.59,1.1867749165495254
Cojata,4320,2024-07-17,-1.66,-1.6189613077905725
Cojata,4320,2024-07-18,-2.76,-2.2109418802327063
Cojata,4320,2024-07-19,-1.32,-1.2763143610089611
Cojata,4320,2024-07-20,2.33,1.0761574953869024
Cojata,4320,2024-07-21,-2.7,-2.4379260617721745
Cojata,4320,2024-07-22,-2.66,-3.106252574615201
Cojata,4320,2024-07-23,-3.07,-3.0191427184884123
Cojata,4320,2024-07-24,-0.85,-0.7781810300892432
Cojata,4320,2024-07-25,1.19,0.043904396689459446
Cojata,4320,2024-07-26,-1.18,-1.2730684156373826
Cojata,4320,2024-07-27,-0.42,-0.8562625115623133
Cojata,4320,2024-07-28,2.0,0.6757926957158489
Cojata,4320,2024-07-29,-3.1,-2.48601854912779
Cojata,4320,2024-07-30,-0.56,-0.7592195067271471
Cojata,4320,2024-07-31,-2.6,-2.1321788545594274
Cojata,4320,2024-08-01,1.79,0.5374958003423624
Cojata,4320,2024-08-02,1.56,0.7690199321336666
Cojata,4320,2024-08-03,-2.91,-2.710375333086152
Cojata,4320,2024-08-04,0.22,-0.37376399446601927
Cojata,4320,2024-08-05,-4.21,-3.2437961830518276
Cojata,4320,2024-08-06,-1.9,-1.4539506103669073
Cojata,4320,2024-08-07,1.99,1.0618454415636382
Cojata,4320,2024-08-08,1.67,0.6430702482404484
Cojata,4320,2024-08-09,1.71,0.9452769776622207
Cojata,4320,2024-08-10,-1.06,-0.7354524201916381
Cojata,4320,2024-08-11,1.31,0.7933300651663605
Cojata,4320,2024-08-12,0.75,0.14272624531240852
Cojata,4320,2024-08-13,3.55,2.1764165649036196
Cojata,4320,2024-08-14,-1.89,-1.405585265636034
Cojata,4320,2024-08-15,2.32,1.1596955268722344
Cojata,4320,2024-08-16,1.91,1.6138936229002512
Cojata,4320,2024-08-17,3.14,2.0999410254691435
Cojata,4320,2024-08-18,-0.46,-0.6586018878240884
Cojata,4320,2024-08-19,6.35,4.230670820783989
Cojata,4320,2024-08-20,-0.61,-0.27007083460642917
Cojata,4320,2024-08-21,2.37,1.9058862470905853
Cojata,4320,2024-08-22,1.94,1.4498014943546935
Cojata,4320,2024-08-23,-3.37,-2.152766141595155
Cojata,4320,2024-08-24,1.64,0.9484025465877928
Cojata,4320,2024-08-25,2.74,2.0502017473388148
Cojata,4320,2024-08-26,0.58,0.15660337057253187
Cojata,4320,2024-08-27,1.75,1.4671570377976992
Cojata,4320,2024-08-28,1.82,1.633121467913999
Cojata,4320,2024-08-29,-2.37,-1.091842167852236
Cojata,4320,2024-08-30,3.11,2.744119787623589
Cojata,4320,2024-08-31,-2.74,-1.6020538732504348
Cojata,4320,2024-09-01,1.56,1.7152830743747174
Cojata,4320,2024-09-02,3.03,2.569443574009857
Cojata,4320,2024-09-03,3.07,2.951261437744715
Cojata,4320,2024-09-04,-0.96,-0.10352058855280888
Cojata,4320,2024-09-05,-1.78,-0.5365262760506329
Cojata,4320,2024-09-06,0.92,1.2211097523161527
Cojata,4320,2024-09-07,2.49,2.198989798783245
Cojata,4320,2024-09-08,1.52,1.748958183363896
Cojata,4320,2024-09-09,6.64,5.16171497770177
Cojata,4320,2024-09-10,-0.32,0.6852573300641136
Cojata,4320,2024-09-11,2.31,1.9635408763395428
Cojata,4320,2024-09-12,2.59,2.6633276906925083
Cojata,4320,2024-09-13,2.88,2.8905129006587975
Cojata,4320,2024-09-14,1.85,2.3178429749996194
Cojata,4320,2024-09-15,2.64,2.696623953063024
Cojata,4320,2024-09-16,3.99,3.8370442506376286
Cojata,4320,2024-09-17,2.3,2.749549350888013
Cojata,4320,2024-09-18,1.81,2.476294417263844
Cojata,4320,2024-09-19,8.02,6.844715714778747
Cojata,4320,2024-09-20,3.88,3.8223864446656926
Cojata,4320,2024-09-21,-0.59,1.2149104041875836
Cojata,4320,2024-09-22,4.86,4.916638369357733
Cojata,4320,2024-09-23,3.41,3.6159837555450096
Cojata,4320,2024-09-24,4.27,4.134528327064978
Cojata,4320,2024-09-25,4.43,4.416467075477325
Cojata,4320,2024-09-26,6.43,5.7210502590632135
Cojata,4320,2024-09-27,1.34,2.2828676932357848
Cojata,4320,2024-09-28,6.09,5.435373722061161
Cojata,4320,2024-09-29,5.26,4.80146448908375
Cojata,4320,2024-09-30,7.35,6.156358659939031
Cojata,4320,2024-10-01,2.01,2.6163741198363546
Cojata,4320,2024-10-02,1.96,2.718826427973398
Cojata,4320,2024-10-03,5.43,5.146052629056584
Cojata,4320,2024-10-04,2.81,3.3736652056397567
Cojata,4320,2024-10-05,2.45,3.284072362810173
Cojata,4320,2024-10-06,6.4,6.117308434865094
Cojata,4320,2024-10-07,0.48,1.7709860234366905
Cojata,4320,2024-10-08,3.97,4.666958164231324
Cojata,4320,2024-10-09,8.06,7.232084794568293
Cojata,4320,2024-10-10,5.08,5.094726679163084
Cojata,4320,2024-10-11,8.35,7.300576633187746
Cojata,4320,2024-10-12,7.62,6.963401000857214
Cojata,4320,2024-10-13,6.24,6.256347504860891
Cojata,4320,2024-10-14,3.34,4.132999530080738
Cojata,4320,2024-10-15,5.36,5.578399377033521
Cojata,4320,2024-10-16,8.08,7.200701599365651
Cojata,4320,2024-10-17,7.77,7.2623762845276625
Cojata,4320,2024-10-18,5.15,5.254357658040506
Cojata,4320,2024-10-19,8.44,7.5983731445086935
Cojata,4320,2024-10-20,9.76,8.437622178256309
Cojata,4320,2024-10-21,4.06,4.440783009446615
Cojata,4320,2024-10-22,5.47,5.9121755856163105
Cojata,4320,2024-10-23,6.8,6.872613380220201
Cojata,4320,2024-10-24,6.89,6.757748087290201
Cojata,4320,2024-10-25,7.83,7.191462391813535
Cojata,4320,2024-10-26,7.02,7.088177851445442
Cojata,4320,2024-10-27,6.66,6.871525857568478
Cojata,4320,2024-10-28,8.76,8.241397257926227
Cojata,4320,2024-10-29,8.81,8.34668634308432
Cojata,4320,2024-10-30,7.23,7.059183217449225
Cojata,4320,2024-10-31,6.54,6.5868467258599885
Cojata,4320,2024-11-01,9.12,8.273527574638283
Cojata,4320,2024-11-02,11.86,10.342783677113031
Cojata,4320,2024-11-03,8.93,8.47459476949389
Cojata,4320,2024-11-04,7.24,7.312705947644233
Cojata,4320,2024-11-05,9.76,9.109414097472964
Cojata,4320,2024-11-06,5.31,5.9494485783676385
Cojata,4320,2024-11-07,5.49,6.281459243593516
Cojata,4320,2024-11-08,1.37,3.661970091649753
Cojata,4320,2024-11-09,10.42,9.590215013830854
Cojata,4320,2024-11-10,7.49,7.819282354149188
Cojata,4320,2024-11-11,5.51,6.519796074051666
Cojata,4320,2024-11-12,7.3,7.501982624365999
Cojata,4320,2024-11-13,10.08,9.47672073440355
Cojata,4320,2024-11-14,11.48,10.511449659375863
Cojata,4320,2024-11-15,9.89,9.489695799590997
Cojata,4320,2024-11-16,6.49,6.998799100170043
Cojata,4320,2024-11-17,6.9,7.556370335576012
Cojata,4320,2024-11-18,6.94,7.434353084176933
Cojata,4320,2024-11-19,7.11,7.752800199117159
Cojata,4320,2024-11-20,7.6,7.901840753488747
Cojata,4320,2024-11-21,8.37,8.525087644684849
Cojata,4320,2024-11-22,7.81,8.458026893982314
Cojata,4320,2024-11-23,9.67,9.469151334621921
Cojata,4320,2024-11-24,13.92,12.602775414429386
Cojata,4320,2024-11-25,6.38,7.477293340151094
Cojata,4320,2024-11-26,14.56,12.947829121856678
Cojata,4320,2024-11-27,5.47,7.3808258182445865
Cojata,4320,2024-11-28,8.69,9.303883077814366
Cojata,4320,2024-11-29,11.21,11.024309400166057
Cojata,4320,2024-11-30,8.35,8.928983455556317
Cojata,4320,2024-12-01,9.0,9.336115813868556
Cojata,4320,2024-12-02,12.42,11.810250110392026
Cojata,4320,2024-12-03,8.9,8.956559940587347
Cojata,4320,2024-12-04,8.55,9.158288276382878
Cojata,4320,2024-12-05,9.01,9.160385785273698
Cojata,4320,2024-12-06,9.32,9.461799604775962
Cojata,4320,2024-12-07,7.74,8.488107215800845
Cojata,4320,2024-12-08,7.51,8.250201597139302
Cojata,4320,2024-12-09,5.05,6.553067682753572
Cojata,4320,2024-12-10,10.13,9.865023035107233
Cojata,4320,2024-12-11,11.0,10.422701248905874
Cojata,4320,2024-12-12,8.7,8.785368399734063
Cojata,4320,2024-12-13,4.29,5.9583478580268805
Cojata,4320,2024-12-14,9.05,9.435001227492126
Cojata,4320,2024-12-15,9.63,10.238139306526616
Cojata,4320,2024-12-16,11.67,11.144584001102228
Cojata,4320,2024-12-17,8.58,8.959919955734044
Cojata,4320,2024-12-18,8.66,8.918763942953174
Cojata,4320,2024-12-19,9.44,9.701280396930503
Cojata,4320,2024-12-20,12.18,11.807700494938235
Cojata,4320,2024-12-21,10.3,10.200599734561655
Cojata,4320,2024-12-22,10.46,10.306217377571414
Cojata,4320,2024-12-23,10.96,10.715777369110517
Cojata,4320,2024-12-24,7.88,8.946800732646466
Crucero,4130,2024-01-01,7.19,8.381366999581541
Crucero,4130,2024-01-02,7.87,8.894200117300455
Crucero,4130,2024-01-03,8.51,8.921184878843832
Crucero,4130,2024-01-04,8.67,8.973015364523317
Crucero,4130,2024-01-05,9.9,9.956467908584429
Crucero,4130,2024-01-06,5.73,7.1749434366834075
Crucero,4130,2024-01-07,6.08,7.813310202144568
Crucero,4130,2024-01-08,7.23,8.410086791918621
Crucero,4130,2024-01-09,8.19,8.990174974949344
Crucero,4130,2024-01-10,9.46,9.955408315777321
Crucero,4130,2024-01-11,9.82,10.555739245336646
Crucero,4130,2024-01-12,7.81,8.890662611660323
Crucero,4130,2024-01-13,6.33,7.942400748728259
Crucero,4130,2024-01-14,5.48,7.118178772858217
Crucero,4130,2024-01-15,9.55,9.938053032492345
Crucero,4130,2024-01-16,9.36,9.665535106448905
Crucero,4130,2024-01-17,4.77,6.181993502774613
Crucero,4130,2024-01-18,7.08,7.7363948923514805
Crucero,4130,2024-01-19,8.74,8.819577281556544
Crucero,4130,2024-01-20,9.96,9.697706431509946
Crucero,4130,2024-01-21,8.05,8.35482407485515
Crucero,4130,2024-01-22,9.78,9.759269288112137
Crucero,4130,2024-01-23,14.4,12.985988170705154
Crucero,4130,2024-01-24,12.41,11.748229984875161
Crucero,4130,2024-01-25,6.42,7.692825215364836
Crucero,4130,2024-01-26,7.38,8.111939161303523
Crucero,4130,2024-01-27,11.48,10.649355766074416
Crucero,4130,2024-01-28,10.82,10.17175148094542
Crucero,4130,2024-01-29,12.92,11.562599691894496
Crucero,4130,2024-01-30,10.51,9.88774490948881
Crucero,4130,2024-01-31,10.94,10.193689123917961
Crucero,4130,2024-02-01,6.04,6.8420381622054816
Crucero,4130,2024-02-02,9.72,9.558925685109735
Crucero,4130,2024-02-03,7.42,8.05053639856747
Crucero,4130,2024-02-04,7.98,8.243845501610021
Crucero,4130,2024-02-05,9.06,9.833473123760378
Crucero,4130,2024-02-06,8.63,8.886753859793904
Crucero,4130,2024-02-07,4.14,5.939835330810325
Crucero,4130,2024-02-08,8.19,8.66904888696654
Crucero,4130,2024-02-09,10.27,9.882837933499182
Crucero,4130,2024-02-10,12.7,11.599890521710076
Crucero,4130,2024-02-11,12.14,10.838034531723654
Crucero,4130,2024-02-12,8.49,8.474212392188761
Crucero,4130,2024-02-13,7.07,7.382490417349051
Crucero,4130,2024-02-14,5.92,6.587827720533654
Crucero,4130,2024-02-15,7.86,7.490976518610388
Crucero,4130,2024-02-16,6.94,6.935591012610253
Crucero,4130,2024-02-17,6.73,7.1021024003700335
Crucero,4130,2024-02-18,10.03,9.476330482302407
Crucero,4130,2024-02-19,9.04,8.838190601526211
Crucero,4130,2024-02-20,10.03,9.283554914042321
Crucero,4130,2024-02-21,2.65,4.418674553138852
Crucero,4130,2024-02-22,9.19,8.815723350387774
Crucero,4130,2024-02-23,6.01,6.830640933680693
Crucero,4130,2024-02-24,7.03,7.314018147985033
Crucero,4130,2024-02-25,6.54,7.316141372748852
Crucero,4130,2024-02-26,1.69,3.9026827237154267
Crucero,4130,2024-02-27,6.92,7.253319668217378
Crucero,4130,2024-02-28,9.61,9.073947545034496
Crucero,4130,2024-02-29,7.52,7.475089777819669
Crucero,4130,2024-03-01,9.28,8.462754315547432
Crucero,4130,2024-03-02,3.53,4.517998336159495
Crucero,4130,2024-03-03,3.37,4.335377642103791
Crucero,4130,2024-03-04,7.26,7.14126649444961
Crucero,4130,2024-03-05,1.84,3.3583211172692584
Crucero,4130,2024-03-06,3.72,4.721158911098579
Crucero,4130,2024-03-07,4.89,5.714442164063181
Crucero,4130,2024-03-08,3.11,4.349036215509145
Crucero,4130,2024-03-09,6.31,6.347043306816841
Crucero,4130,2024-03-10,5.46,5.843981106179906
Crucero,4130,2024-03-11,3.86,4.528987454845792
Crucero,4130,2024-03-12,-1.63,0.9178376909835115
Crucero,4130,2024-03-13,3.54,4.409862212292417
Crucero,4130,2024-03-14,2.07,3.048276184267039
Crucero,4130,2024-03-15,4.98,5.225062838546335
Crucero,4130,2024-03-16,5.73,5.606027423189129
Crucero,4130,2024-03-17,5.11,5.109096220414203
Crucero,4130,2024-03-18,4.89,4.7110280036627445
Crucero,4130,2024-03-19,2.53,2.967738734486545
Crucero,4130,2024-03-20,5.57,5.131562925064447
Crucero,4130,2024-03-21,-0.33,1.1556971015525754
Crucero,4130,2024-03-22,2.19,2.7306740481129035
Crucero,4130,2024-03-23,0.89,1.8155626791203252
Crucero,4130,2024-03-24,0.05,1.23439523970809
Crucero,4130,2024-03-25,1.43,2.2121210770795168
Crucero,4130,2024-03-26,0.88,2.2208415986578403
Crucero,4130,2024-03-27,-0.34,1.230566993008094
Crucero,4130,2024-03-28,5.03,5.204668289759258
Crucero,4130,2024-03-29,4.51,4.423402400168024
Crucero,4130,2024-03-30,5.81,5.257416263679605
Crucero,4130,2024-03-31,6.54,5.742300353914297
Crucero,4130,2024-04-01,-1.07,0.7571430934320997
Crucero,4130,2024-04-02,-3.05,-0.6689589798449709
Crucero,4130,2024-04-03,0.16,1.1712502507928662
Crucero,4130,2024-04-04,1.79,2.5221447731807296
Crucero,4130,2024-04-05,-1.85,0.49179337709917936
Crucero,4130,2024-04-06,-1.16,0.6872154620548778
Crucero,4130,2024-04-07,-0.73,1.0838663784897271
Crucero,4130,2024-04-08,0.1,1.0650019153178367
Crucero,4130,2024-04-09,2.64,3.9610910927767526
Crucero,4130,2024-04-10,0.45,1.7822493903066792
Crucero,4130,2024-04-11,-3.8,-0.612548915067987
Crucero,4130,2024-04-12,2.04,2.881056352112866
Crucero,4130,2024-04-13,-1.92,0.17171243046945217
Crucero,4130,2024-04-14,0.84,1.652208163783596
Crucero,4130,2024-04-15,0.3,1.317466171446944
Crucero,4130,2024-04-16,-2.45,-0.15623845474160758
Crucero,4130,2024-04-17,-2.35,-0.8028643539626235
Crucero,4130,2024-04-18,3.27,3.0309431870762293
Crucero,4130,2024-04-19,0.82,0.9511562930650117
Crucero,4130,2024-04-20,1.67,1.8693794233960406
Crucero,4130,2024-04-21,-0.23,0.25488243990145926
Crucero,4130,2024-04-22,0.27,0.4049833617899724
Crucero,4130,2024-04-23,3.05,2.9715050304695745
Crucero,4130,2024-04-24,0.84,1.1075642421715544
Crucero,4130,2024-04-25,3.59,3.433692740817227
Crucero,4130,2024-04-26,3.5,2.8689867314727953
Crucero,4130,2024-04-27,-2.08,-0.6210266305642627
Crucero,4130,2024-04-28,1.01,2.2435628809584927
Crucero,4130,2024-04-29,-1.87,-0.32412751904350734
Crucero,4130,2024-04-30,3.69,3.6063519898218863
Crucero,4130,2024-05-01,2.51,2.331032587298582
Crucero,4130,2024-05-02,3.7,3.2069764687926585
Crucero,4130,2024-05-03,1.53,1.4666770292876743
Crucero,4130,2024-05-04,-1.91,-0.500921643939956
Crucero,4130,2024-05-05,2.73,2.3752572219851045
Crucero,4130,2024-05-06,-1.53,-0.3758044496875075
Crucero,4130,2024-05-07,0.9,0.6943586664182425
Crucero,4130,2024-05-08,-0.27,0.2192486733090295
Crucero,4130,2024-05-09,4.17,3.461715512622813
Crucero,4130,2024-05-10,7.55,5.533269131561005
Crucero,4130,2024-05-11,2.04,2.0199318124003405
Crucero,4130,2024-05-12,1.57,1.3045086202945144
Crucero,4130,2024-05-13,-2.99,-1.7870046187738393
Crucero,4130,2024-05-14,1.8,1.3223342638620779
Crucero,4130,2024-05-15,0.73,0.9569592787392328
Crucero,4130,2024-05-16,0.4,0.5143902282739723
Crucero,4130,2024-05-17,-0.79,-0.5987990217974855
Crucero,4130,2024-05-18,-3.32,-1.8598838220548308
Crucero,4130,2024-05-19,-1.94,-1.361245817812213
Crucero,4130,2024-05-20,-0.9,-0.8275742667457788
Crucero,4130,2024-05-21,-2.53,-2.186520227295089
Crucero,4130,2024-05-22,-0.18,-0.5539752460456622
Crucero,4130,2024-05-23,-0.98,-1.0470335799181743
Crucero,4130,2024-05-24,-1.43,-1.0986512491202216
Crucero,4130,2024-05-25,2.7,1.4433550402697182
Crucero,4130,2024-05-26,-2.41,-2.4332363035205926
Crucero,4130,2024-05-27,-0.32,-0.5684949821447075
Crucero,4130,2024-05-28,-6.03,-4.340399896525509
Crucero,4130,2024-05-29,2.19,1.784226833612423
Crucero,4130,2024-05-30,1.52,1.2762619125901655
Crucero,4130,2024-05-31,-1.72,-0.9081434138540359
Crucero,4130,2024-06-01,-5.01,-3.5649095638189428
Crucero,4130,2024-06-02,-0.98,-0.29703446508263776
Crucero,4130,2024-06-03,-0.93,-0.5252445372027091
Crucero,4130,2024-06-04,-2.74,-1.593627410506198
Crucero,4130,2024-06-05,-3.59,-2.340112948106564
Crucero,4130,2024-06-06,-1.48,-1.0358136514205254
Crucero,4130,2024-06-07,2.15,1.2850444207603522
Crucero,4130,2024-06-08,-1.82,-1.438782815249116
Crucero,4130,2024-06-09,-2.88,-2.2110794149870445
Crucero,4130,2024-06-10,1.04,0.11307798747045739
Crucero,4130,2024-06-11,-3.38,-2.2620840968892995
Crucero,4130,2024-06-12,-0.13,-0.48806586360767523
Crucero,4130,2024-06-13,2.05,1.1588246827270168
Crucero,4130,2024-06-14,-1.59,-1.7471033507459097
Crucero,4130,2024-06-15,-7.99,-6.285171204405547
Crucero,4130,2024-06-16,-4.1,-2.9050525499330844
Crucero,4130,2024-06-17,-0.76,-0.6512704324855699
Crucero,4130,2024-06-18,-6.37,-4.57091206885031
Crucero,4130,2024-06-19,-5.22,-3.787196821116494
Crucero,4130,2024-06-20,0.71,-0.22088740579167288
Crucero,4130,2024-06-21,1.7,0.8121597832838248
Crucero,4130,2024-06-22,-4.81,-3.717039985163793
Crucero,4130,2024-06-23,-4.37,-3.6367779677666827
Crucero,4130,2024-06-24,-1.75,-1.2833683709396115
Crucero,4130,2024-06-25,-3.3,-3.1582173489142864
Crucero,4130,2024-06-26,-2.33,-2.1503663713822663
Crucero,4130,2024-06-27,-2.35,-1.9639619945392215
Crucero,4130,2024-06-28,-4.91,-3.3474728057281755
Crucero,4130,2024-06-29,1.42,0.26409913252799444
Crucero,4130,2024-06-30,3.11,1.3263517060956018
Crucero,4130,2024-07-01,-1.91,-1.6106788218410215
Crucero,4130,2024-07-02,-4.34,-3.9129695623919494
Crucero,4130,2024-07-03,-2.8,-2.9474332404262067
Crucero,4130,2024-07-04,-0.19,-0.5065124772327203
Crucero,4130,2024-07-05,-0.77,-1.0775885906955285
Crucero,4130,2024-07-06,-3.28,-2.335571020971453
Crucero,4130,2024-07-07,0.66,0.13347264381292978
Crucero,4130,2024-07-08,-3.05,-1.9957121511911549
Crucero,4130,2024-07-09,-3.73,-2.6498408761123216
Crucero,4130,2024-07-10,-3.83,-3.1370298637909584
Crucero,4130,2024-07-11,-1.62,-1.51722078075142
Crucero,4130,2024-07-12,-2.73,-2.8642523670151725
Crucero,4130,2024-07-13,2.29,0.5179135627096607
Crucero,4130,2024-07-14,0.12,-0.30914620421006056
Crucero,4130,2024-07-15,-3.38,-2.428760671948497
Crucero,4130,2024-07-16,-2.23,-1.5707966707147085
Crucero,4130,2024-07-17,0.1,-0.4797111404526589
Crucero,4130,2024-07-18,-1.78,-1.788520487523746
Crucero,4130,2024-07-19,-1.44,-1.3800933367185197
Crucero,4130,2024-07-20,-3.53,-2.75403132017402
Crucero,4130,2024-07-21,1.99,1.5727412611504126
Crucero,4130,2024-07-22,-3.07,-1.9371549355598279
Crucero,4130,2024-07-23,-4.93,-3.346593065792035
Crucero,4130,2024-07-24,-3.25,-2.410216945718392
Crucero,4130,2024-07-25,0.59,0.2920404804218735
Crucero,4130,2024-07-26,-2.33,-2.337075982377294
Crucero,4130,2024-07-27,-0.36,-1.0984131119454297
Crucero,4130,2024-07-28,-0.75,-1.3439594901291239
Crucero,4130,2024-07-29,0.61,-0.32981099409941017
Crucero,4130,2024-07-30,0.71,-0.3205579316956357
Crucero,4130,2024-07-31,2.22,1.2924095631962529
Crucero,4130,2024-08-01,-1.6,-1.4258625524282138
Crucero,4130,2024-08-02,-1.93,-1.763442383211363
Crucero,4130,2024-08-03,-0.84,-0.42296955552227855
Crucero,4130,2024-08-04,1.51,0.5865253360856214
Crucero,4130,2024-08-05,0.92,0.403157537462863
Crucero,4130,2024-08-06,-1.55,-1.3851998857707357
Crucero,4130,2024-08-07,0.28,-0.3203011315817372
Crucero,4130,2024-08-08,1.93,0.9451615444558916
Crucero,4130,2024-08-09,-1.35,-1.0411395367341494
Crucero,4130,2024-08-10,-1.82,-1.338479095220881
Crucero,4130,2024-08-11,0.03,-0.1116696981735735
Crucero,4130,2024-08-12,2.3,1.6546601176802251
Crucero,4130,2024-08-13,-1.52,-0.6988400515148412
Crucero,4130,2024-08-14,0.35,0.20965562252151249
Crucero,4130,2024-08-15,0.42,0.45836710031645456
Crucero,4130,2024-08-16,-1.48,-0.7117139514240394
Crucero,4130,2024-08-17,0.0,0.022867529475730716
Crucero,4130,2024-08-18,0.98,0.7773929089895983
Crucero,4130,2024-08-19,1.23,0.9168129971569208
Crucero,4130,2024-08-20,0.93,0.7897361415438147
Crucero,4130,2024-08-21,2.56,2.051159777955478
Crucero,4130,2024-08-22,3.33,2.6594298393607385
Crucero,4130,2024-08-23,-1.82,-1.0513665654928106
Crucero,4130,2024-08-24,-4.53,-2.132657232427729
Crucero,4130,2024-08-25,4.65,3.3287939926032513
Crucero,4130,2024-08-26,3.86,2.7855732919946457
Crucero,4130,2024-08-27,3.07,2.335542058459708
Crucero,4130,2024-08-28,-0.74,0.28966865558489563
Crucero,4130,2024-08-29,1.95,1.897312858007551
Crucero,4130,2024-08-30,4.27,3.7315089058730115
Crucero,4130,2024-08-31,-1.23,-0.026922633858009304
Crucero,4130,2024-09-01,1.24,1.557669836993432
Crucero,4130,2024-09-02,7.44,5.259131636637342
Crucero,4130,2024-09-03,4.46,3.655466253421544
Crucero,4130,2024-09-04,-1.08,0.02662011496053207
Crucero,4130,2024-09-05,2.9,2.539226266880189
Crucero,4130,2024-09-06,7.44,6.033600599552754
Crucero,4130,2024-09-07,3.41,3.440693514455174
Crucero,4130,2024-09-08,2.74,2.364859526027894
Crucero,4130,2024-09-09,8.71,6.834657111640681
Crucero,4130,2024-09-10,5.47,4.314828679041816
Crucero,4130,2024-09-11,2.53,2.640973485229591
Crucero,4130,2024-09-12,1.27,1.6178595434783583
Crucero,4130,2024-09-13,1.14,1.6489423753873225
Crucero,4130,2024-09-14,0.84,0.9964863780641504
Crucero,4130,2024-09-15,6.26,4.958861716803033
Crucero,4130,2024-09-16,5.83,4.807057416255384
Crucero,4130,2024-09-17,4.41,3.4187032162226263
Crucero,4130,2024-09-18,2.99,2.401038501857864
Crucero,4130,2024-09-19,8.87,6.442444253301141
Crucero,4130,2024-09-20,3.62,3.412247637315219
Crucero,4130,2024-09-21,6.46,5.007658531060614
Crucero,4130,2024-09-22,7.24,5.905005106231775
Crucero,4130,2024-09-23,8.61,6.808463576395557
Crucero,4130,2024-09-24,2.33,2.4536268515304753
Crucero,4130,2024-09-25,1.87,2.4170893836804725
Crucero,4130,2024-09-26,4.13,4.15603079448112
Crucero,4130,2024-09-27,7.93,7.183344242849582
Crucero,4130,2024-09-28,7.04,6.526999279249276
Crucero,4130,2024-09-29,6.06,5.6347170588777145
Crucero,4130,2024-09-30,7.78,6.800118276987446
Crucero,4130,2024-10-01,11.43,9.33461390538352
Crucero,4130,2024-10-02,3.5,4.169196590563805
Crucero,4130,2024-10-03,7.79,7.241347335183185
Crucero,4130,2024-10-04,4.07,4.425950118731142
Crucero,4130,2024-10-05,7.89,7.141065388906097
Crucero,4130,2024-10-06,8.16,7.212285559274545
Crucero,4130,2024-10-07,3.07,3.7684369808698697
Crucero,4130,2024-10-08,7.12,6.422505023185026
Crucero,4130,2024-10-09,7.35,6.848398702324914
Crucero,4130,2024-10-10,7.52,6.848868765116495
Crucero,4130,2024-10-11,8.97,7.88903001602335
Crucero,4130,2024-10-12,8.95,7.7433360885584115
Crucero,4130,2024-10-13,8.55,7.6097007240445995
Crucero,4130,2024-10-14,5.86,5.497479738101902
Crucero,4130,2024-10-15,6.32,5.92474040812158
Crucero,4130,2024-10-16,5.78,5.621810774046381
Crucero,4130,2024-10-17,7.86,7.187806600276588
Crucero,4130,2024-10-18,4.41,5.048179395254612
Crucero,4130,2024-10-19,9.8,8.798817561755122
Crucero,4130,2024-10-20,6.91,6.950040295637045
Crucero,4130,2024-10-21,5.2,5.598724706579958
Crucero,4130,2024-10-22,5.84,6.039919644970184
Crucero,4130,2024-10-23,7.05,7.231706589389619
Crucero,4130,2024-10-24,7.43,7.4511916318471405
Crucero,4130,2024-10-25,7.59,7.604991915718971
Crucero,4130,2024-10-26,7.34,7.455260994688553
Crucero,4130,2024-10-27,9.72,9.204662967743904
Crucero,4130,2024-10-28,8.84,8.516754574647235
Crucero,4130,2024-10-29,3.24,4.641331166457386
Crucero,4130,2024-10-30,5.27,6.032780618161699
Crucero,4130,2024-10-31,7.64,7.598082755689981
Crucero,4130,2024-11-01,15.86,12.923789082928659
Crucero,4130,2024-11-02,7.93,7.702482405835274
Crucero,4130,2024-11-03,10.72,9.478281290482467
Crucero,4130,2024-11-04,7.31,7.3596506803948945
Crucero,4130,2024-11-05,6.03,6.83718303756339
Crucero,4130,2024-11-06,10.01,9.607343287078939
Crucero,4130,2024-11-07,10.29,10.138007881037607
Crucero,4130,2024-11-08,12.48,11.584497934915667
Crucero,4130,2024-11-09,9.15,9.496619655645736
Crucero,4130,2024-11-10,10.33,9.949681754920864
Crucero,4130,2024-11-11,7.63,8.261536102020193
Crucero,4130,2024-11-12,6.94,7.384721951911814
Crucero,4130,2024-11-13,13.79,12.018320679588632
Crucero,4130,2024-11-14,7.36,7.656828317693825
Crucero,4130,2024-11-15,7.86,8.04302486600223
Crucero,4130,2024-11-16,9.69,9.387485056749016
Crucero,4130,2024-11-17,10.48,9.77994155788877
Crucero,4130,2024-11-18,10.94,10.254288967316725
Crucero,4130,2024-11-19,10.99,10.446162856599528
Crucero,4130,2024-11-20,12.31,11.066142931592736
Crucero,4130,2024-11-21,8.1,8.081884843734422
Crucero,4130,2024-11-22,11.63,10.726685847110419
Crucero,4130,2024-11-23,10.32,10.112492039323381
Crucero,4130,2024-11-24,7.76,8.774356408149753
Crucero,4130,2024-11-25,10.25,10.490525221018776
Crucero,4130,2024-11-26,5.54,7.311949212632396
Crucero,4130,2024-11-27,6.45,7.616976406357743
Crucero,4130,2024-11-28,5.58,7.1790194243080805
Crucero,4130,2024-11-29,3.68,5.8094595234215465
Crucero,4130,2024-11-30,12.44,11.698576759417065
Crucero,4130,2024-12-01,9.04,9.445699513715573
Crucero,4130,2024-12-02,13.31,12.301181104258141
Crucero,4130,2024-12-03,12.58,11.823978419061733
Crucero,4130,2024-12-04,11.35,10.873359999610825
Crucero,4130,2024-12-05,12.92,11.834834186740157
Crucero,4130,2024-12-06,7.76,8.19141783379358
Crucero,4130,2024-12-07,12.08,11.58732493094649
Crucero,4130,2024-12-08,11.47,10.863341444555981
Crucero,4130,2024-12-09,11.06,10.589042530638217
Crucero,4130,2024-12-10,5.77,7.022728263801536
Crucero,4130,2024-12-11,6.06,7.136246345351547
Crucero,4130,2024-12-12,11.28,10.908134853954628
Crucero,4130,2024-12-13,9.47,9.760205565969152
Crucero,4130,2024-12-14,10.1,10.219836938090172
Crucero,4130,2024-12-15,8.79,9.337350587307517
Crucero,4130,2024-12-16,13.09,12.116181789268076
Crucero,4130,2024-12-17,9.34,9.470114526190713
Crucero,4130,2024-12-18,11.91,11.464060859635786
Crucero,4130,2024-12-19,6.31,7.767369198729495
Crucero,4130,2024-12-20,6.29,7.351787896887731
Crucero,4130,2024-12-21,12.79,11.553846295398571
Crucero,4130,2024-12-22,9.02,9.466473215030657
Crucero,4130,2024-12-23,7.62,8.745660327057767
Crucero,4130,2024-12-24,11.16,10.942217938767218
Crucero Alto,4470,2024-01-01,3.72,5.859091475868961
Crucero Alto,4470,2024-01-02,3.33,5.583578401269158
Crucero Alto,4470,2024-01-03,3.34,5.464497587843906
Crucero Alto,4470,2024-01-04,8.62,9.614103978877129
Crucero Alto,4470,2024-01-05,5.04,7.235090587858178
Crucero Alto,4470,2024-01-06,12.02,11.708330748898183
Crucero Alto,4470,2024-01-07,6.0,7.837324761189874
Crucero Alto,4470,2024-01-08,0.01,4.0716367408925445
Crucero Alto,4470,2024-01-09,6.79,8.220946299561149
Crucero Alto,4470,2024-01-10,6.55,7.9018084205374635
Crucero Alto,4470,2024-01-11,5.61,7.265642338113195
Crucero Alto,4470,2024-01-12,0.88,4.060403022392071
Crucero Alto,4470,2024-01-13,2.51,5.61533089895315
Crucero Alto,4470,2024-01-14,4.51,6.52516496798869
Crucero Alto,4470,2024-01-15,4.03,6.553621374856786
Crucero Alto,4470,2024-01-16,8.61,9.50121820747474
Crucero Alto,4470,2024-01-17,6.1,7.560781406707305
Crucero Alto,4470,2024-01-18,3.75,5.750469001434643
Crucero Alto,4470,2024-01-19,4.43,6.347027312769599
Crucero Alto,4470,2024-01-20,3.13,5.448841071037288
Crucero Alto,4470,2024-01-21,3.54,5.646037174091379
Crucero Alto,4470,2024-01-22,1.31,4.02262282127644
Crucero Alto,4470,2024-01-23,2.73,5.296023480870969
Crucero Alto,4470,2024-01-24,5.31,7.019320926220538
Crucero Alto,4470,2024-01-25,8.81,9.440223750587723
Crucero Alto,4470,2024-01-26,4.05,5.8251186561282955
Crucero Alto,4470,2024-01-27,6.87,7.620161178484342
Crucero Alto,4470,2024-01-28,5.42,6.677429787330559
Crucero Alto,4470,2024-01-29,0.41,3.140863587070572
Crucero Alto,4470,2024-01-30,0.17,3.0994303287333067
Crucero Alto,4470,2024-01-31,2.02,4.0293181899873005
Crucero Alto,4470,2024-02-01,1.49,3.9363297633220915
Crucero Alto,4470,2024-02-02,2.84,4.876731587073314
Crucero Alto,4470,2024-02-03,4.04,5.606942237617412
Crucero Alto,4470,2024-02-04,5.73,6.739079507822452
Crucero Alto,4470,2024-02-05,5.37,6.60439802242005
Crucero Alto,4470,2024-02-06,-0.14,3.4448721346261033
Crucero Alto,4470,2024-02-07,-0.48,2.844815353029298
Crucero Alto,4470,2024-02-08,2.42,4.46392266656945
Crucero Alto,4470,2024-02-09,5.04,5.923002401338511
Crucero Alto,4470,2024-02-10,2.48,4.3993143064747935
Crucero Alto,4470,2024-02-11,3.23,5.043160604374152
Crucero Alto,4470,2024-02-12,2.7,4.319981280937987
Crucero Alto,4470,2024-02-13,4.66,5.778900588665158
Crucero Alto,4470,2024-02-14,2.53,4.355530891884637
Crucero Alto,4470,2024-02-15,3.79,5.609498446927551
Crucero Alto,4470,2024-02-16,-2.84,1.273579961217024
Crucero Alto,4470,2024-02-17,2.52,5.547892696835023
Crucero Alto,4470,2024-02-18,0.99,4.285779106697646
Crucero Alto,4470,2024-02-19,4.06,6.377095521744614
Crucero Alto,4470,2024-02-20,1.51,4.374388612016507
Crucero Alto,4470,2024-02-21,-1.06,2.54195445901794
Crucero Alto,4470,2024-02-22,0.77,3.8620237720395174
Crucero Alto,4470,2024-02-23,3.01,5.027298635287002
Crucero Alto,4470,2024-02-24,-1.46,1.6626831871161663
Crucero Alto,4470,2024-02-25,3.93,4.370177673681737
Crucero Alto,4470,2024-02-26,0.42,3.1438550062236073
Crucero Alto,4470,2024-02-27,3.32,4.556606993969891
Crucero Alto,4470,2024-02-28,2.48,4.4188788619856725
Crucero Alto,4470,2024-02-29,4.56,5.648551932647276
Crucero Alto,4470,2024-03-01,0.92,2.7549534024853854
Crucero Alto,4470,2024-03-02,-0.06,1.7598301350974728
Crucero Alto,4470,2024-03-03,3.35,4.612235386087926
Crucero Alto,4470,2024-03-04,2.17,3.7105057986864156
Crucero Alto,4470,2024-03-05,3.29,4.507300251618862
Crucero Alto,4470,2024-03-06,-0.99,1.584625214324407
Crucero Alto,4470,2024-03-07,1.17,2.734175742109922
Crucero Alto,4470,2024-03-08,5.3,5.737009173608628
Crucero Alto,4470,2024-03-09,-0.45,1.8043707932199866
Crucero Alto,4470,2024-03-10,-6.71,-1.8549322028732114
Crucero Alto,4470,2024-03-11,-1.25,1.1827802698211107
Crucero Alto,4470,2024-03-12,0.24,1.946447664840513
Crucero Alto,4470,2024-03-13,-0.81,1.1960452438451328
Crucero Alto,4470,2024-03-14,-1.26,1.083028259344712
Crucero Alto,4470,2024-03-15,-1.51,0.9541967793531041
Crucero Alto,4470,2024-03-16,-1.27,1.0642775712106605
Crucero Alto,4470,2024-03-17,2.1,3.6651828243434537
Crucero Alto,4470,2024-03-18,-1.72,1.0515112261136967
Crucero Alto,4470,2024-03-19,3.48,4.342960471099133
Crucero Alto,4470,2024-03-20,3.42,3.9978959878878357
Crucero Alto,4470,2024-03-21,-3.02,0.20587056105999846
Crucero Alto,4470,2024-03-22,0.95,2.3829839087192366
Crucero Alto,4470,2024-03-23,-0.38,1.3568099290394882
Crucero Alto,4470,2024-03-24,-0.74,1.3947149525369609
Crucero Alto,4470,2024-03-25,0.95,2.6509240127269575
Crucero Alto,4470,2024-03-26,0.18,1.910298951392007
Crucero Alto,4470,2024-03-27,2.77,3.7016962954672867
Crucero Alto,4470,2024-03-28,2.52,3.298841654440453
Crucero Alto,4470,2024-03-29,-5.18,-2.1229351209525134
Crucero Alto,4470,2024-03-30,2.6,3.365325057211114
Crucero Alto,4470,2024-03-31,-5.17,-2.012092494687706
Crucero Alto,4470,2024-04-01,0.07,1.1592560874609146
Crucero Alto,4470,2024-04-02,1.94,2.8672078551596982
Crucero Alto,4470,2024-04-03,-1.51,0.7292091023721456
Crucero Alto,4470,2024-04-04,-1.71,0.40530853194601946
Crucero Alto,4470,2024-04-05,-0.1,1.4485110897316147
Crucero Alto,4470,2024-04-06,-1.04,0.6615132931073555
Crucero Alto,4470,2024-04-07,2.22,3.283920585012427
Crucero Alto,4470,2024-04-08,-2.78,-0.4642967904961961
Crucero Alto,4470,2024-04-09,-2.51,0.059059320949074845
Crucero Alto,4470,2024-04-10,0.26,1.1211736352896362
Crucero Alto,4470,2024-04-11,-0.36,1.1195187338343557
Crucero Alto,4470,2024-04-12,-2.09,0.3898261814627857
Crucero Alto,4470,2024-04-13,-2.62,-0.08274418858358157
Crucero Alto,4470,2024-04-14,-7.28,-3.6978475285905237
Crucero Alto,4470,2024-04-15,-4.68,-1.6838286979504566
Crucero Alto,4470,2024-04-16,-2.17,0.06928127268360917
Crucero Alto,4470,2024-04-17,-2.84,-0.9646768210466203
Crucero Alto,4470,2024-04-18,-2.34,0.1142473514844049
Crucero Alto,4470,2024-04-19,-5.66,-3.0064878901934193
Crucero Alto,4470,2024-04-20,-6.7,-3.516206650935068
Crucero Alto,4470,2024-04-21,-2.84,-0.8973621834212224
Crucero Alto,4470,2024-04-22,-1.08,0.314816577021405
Crucero Alto,4470,2024-04-23,2.61,3.0818726822955984
Crucero Alto,4470,2024-04-24,-1.09,0.23495867662438408
Crucero Alto,4470,2024-04-25,-3.59,-1.4009774759530012
Crucero Alto,4470,2024-04-26,-0.76,0.3156975883595874
Crucero Alto,4470,2024-04-27,-4.63,-2.2199049441469954
Crucero Alto,4470,2024-04-28,-4.06,-2.046482074858893
Crucero Alto,4470,2024-04-29,-1.95,-0.3616606642180169
Crucero Alto,4470,2024-04-30,-5.31,-3.022118044870958
Crucero Alto,4470,2024-05-01,-6.78,-3.4701504371657306
Crucero Alto,4470,2024-05-02,-2.47,-1.1546794246711956
Crucero Alto,4470,2024-05-03,-4.03,-2.1474200131300707
Crucero Alto,4470,2024-05-04,-5.61,-3.070043414115162
Crucero Alto,4470,2024-05-05,-5.56,-2.740397461100946
Crucero Alto,4470,2024-05-06,-5.54,-3.4726196938992553
Crucero Alto,4470,2024-05-07,-5.26,-2.965122249416809
Crucero Alto,4470,2024-05-08,-3.7,-1.8845378913535415
Crucero Alto,4470,2024-05-09,-3.28,-2.2482630578858975
Crucero Alto,4470,2024-05-10,0.49,-0.14460977683684384
Crucero Alto,4470,2024-05-11,-4.91,-4.09532024875756
Crucero Alto,4470,2024-05-12,-1.27,-1.7907628776311248
Crucero Alto,4470,2024-05-13,-4.96,-3.545637037184588
Crucero Alto,4470,2024-05-14,-6.72,-4.6503631577511
Crucero Alto,4470,2024-05-15,-3.69,-2.6655652603320115
Crucero Alto,4470,2024-05-16,-2.84,-2.260559464030742
Crucero Alto,4470,2024-05-17,-4.03,-3.229154813036154
Crucero Alto,4470,2024-05-18,-4.8,-3.3926593391623854
Crucero Alto,4470,2024-05-19,-7.04,-4.75605347652959
Crucero Alto,4470,2024-05-20,-8.0,-5.387732470957525
Crucero Alto,4470,2024-05-21,-7.23,-5.0814410212021155
Crucero Alto,4470,2024-05-22,-11.74,-7.745180680235624
Crucero Alto,4470,2024-05-23,-5.94,-4.221294992826717
Crucero Alto,4470,2024-05-24,-7.56,-5.068783366699989
Crucero Alto,4470,2024-05-25,-5.72,-5.422233617082027
Crucero Alto,4470,2024-05-26,-8.32,-5.609851980702212
Crucero Alto,4470,2024-05-27,-3.97,-3.1196886510390014
Crucero Alto,4470,2024-05-28,-2.95,-2.350483543858978
Crucero Alto,4470,2024-05-29,-6.37,-4.6429619670965545
Crucero Alto,4470,2024-05-30,-2.35,-2.1503760569049186
Crucero Alto,4470,2024-05-31,-4.5,-3.5417222786105924
Crucero Alto,4470,2024-06-01,-6.99,-5.367069654545218
Crucero Alto,4470,2024-06-02,-4.45,-3.738951996885869
Crucero Alto,4470,2024-06-03,-7.01,-5.340443438031808
Crucero Alto,4470,2024-06-04,-6.8,-5.275912001298651
Crucero Alto,4470,2024-06-05,-3.17,-2.5659967042931444
Crucero Alto,4470,2024-06-06,-6.45,-4.312707605176437
Crucero Alto,4470,2024-06-07,-6.01,-4.043101712481841
Crucero Alto,4470,2024-06-08,-2.66,-1.940818497709694
Crucero Alto,4470,2024-06-09,-4.23,-2.9435621295612315
Crucero Alto,4470,2024-06-10,-9.17,-6.416070522221195
Crucero Alto,4470,2024-06-11,-6.96,-5.350883826928752
Crucero Alto,4470,2024-06-12,-10.28,-6.802625353800554
Crucero Alto,4470,2024-06-13,-6.94,-5.270981319557367
Crucero Alto,4470,2024-06-14,-8.57,-5.55633977290354
Crucero Alto,4470,2024-06-15,-7.33,-6.116009370135773
Crucero Alto,4470,2024-06-16,-5.2,-3.760998655620101
Crucero Alto,4470,2024-06-17,-5.18,-4.739782449912495
Crucero Alto,4470,2024-06-18,-6.87,-5.617351974247501
Crucero Alto,4470,2024-06-19,-9.27,-7.03797084007698
Crucero Alto,4470,2024-06-20,-5.67,-4.2367381849218075
Crucero Alto,4470,2024-06-21,1.73,0.7302930075862077
Crucero Alto,4470,2024-06-22,-8.36,-5.925126673500698
Crucero Alto,4470,2024-06-23,-7.3,-5.723107416903337
Crucero Alto,4470,2024-06-24,-4.73,-4.063465787590982
Crucero Alto,4470,2024-06-25,-6.39,-4.675031399273477
Crucero Alto,4470,2024-06-26,-7.05,-5.840541329337163
Crucero Alto,4470,2024-06-27,-7.76,-5.886908000110187
Crucero Alto,4470,2024-06-28,-5.75,-5.075267501504122
Crucero Alto,4470,2024-06-29,-4.58,-4.012486172296457
Crucero Alto,4470,2024-06-30,-6.59,-5.464155695310039
Crucero Alto,4470,2024-07-01,-2.51,-2.2406683727830985
Crucero Alto,4470,2024-07-02,-6.68,-5.518655938858641
Crucero Alto,4470,2024-07-03,-10.38,-7.523347968400346
Crucero Alto,4470,2024-07-04,-4.86,-4.130887981842607
Crucero Alto,4470,2024-07-05,-7.48,-5.4348327426098715
Crucero Alto,4470,2024-07-06,-4.16,-3.614266417305381
Crucero Alto,4470,2024-07-07,-5.19,-4.2349067588408165
Crucero Alto,4470,2024-07-08,-7.05,-5.404871451615959
Crucero Alto,4470,2024-07-09,-9.09,-6.127834756345249
Crucero Alto,4470,2024-07-10,-4.9,-3.8250844313882784
Crucero Alto,4470,2024-07-11,0.32,-0.11745364937988179
Crucero Alto,4470,2024-07-12,-1.2,-0.9748254808438828
Crucero Alto,4470,2024-07-13,-5.88,-4.456478962617615
Crucero Alto,4470,2024-07-14,-6.42,-4.681431150848199
Crucero Alto,4470,2024-07-15,-3.02,-2.5964624140996113
Crucero Alto,4470,2024-07-16,-3.38,-2.7648477993095475
Crucero Alto,4470,2024-07-17,-6.05,-4.442612625257597
Crucero Alto,4470,2024-07-18,-5.7,-4.354041547757392
Crucero Alto,4470,2024-07-19,-5.05,-3.929210379855852
Crucero Alto,4470,2024-07-20,-6.87,-5.327031512834939
Crucero Alto,4470,2024-07-21,-9.45,-6.943290888125542
Crucero Alto,4470,2024-07-22,-1.49,-1.3349725593879356
Crucero Alto,4470,2024-07-23,-7.48,-5.702272351912412
Crucero Alto,4470,2024-07-24,-4.9,-3.76152329707602
Crucero Alto,4470,2024-07-25,0.3,-0.22169072156771671
Crucero Alto,4470,2024-07-26,-11.18,-6.324321742942308
Crucero Alto,4470,2024-07-27,-7.15,-5.0972342694189985
Crucero Alto,4470,2024-07-28,-4.75,-3.999658367095044
Crucero Alto,4470,2024-07-29,-6.89,-5.530275966488392
Crucero Alto,4470,2024-07-30,-8.88,-6.128253923977585
Crucero Alto,4470,2024-07-31,-4.21,-3.598876477725291
Crucero Alto,4470,2024-08-01,-2.38,-2.0285161134645877
Crucero Alto,4470,2024-08-02,-7.9,-5.57502613080729
Crucero Alto,4470,2024-08-03,2.46,0.8516979346704117
Crucero Alto,4470,2024-08-04,-2.78,-2.514982510248999
Crucero Alto,4470,2024-08-05,-8.05,-5.4599039196174886
Crucero Alto,4470,2024-08-06,-5.61,-4.416285603185271
Crucero Alto,4470,2024-08-07,-1.3,-1.2896707151259006
Crucero Alto,4470,2024-08-08,-3.35,-2.7913498071104006
Crucero Alto,4470,2024-08-09,-3.22,-3.0340087375515994
Crucero Alto,4470,2024-08-10,-1.08,-1.5607614206852447
Crucero Alto,4470,2024-08-11,-4.85,-3.684999461520488
Crucero Alto,4470,2024-08-12,-2.02,-2.1690290514828803
Crucero Alto,4470,2024-08-13,-1.8,-2.0065456886995414
Crucero Alto,4470,2024-08-14,-5.56,-4.3352201096007725
Crucero Alto,4470,2024-08-15,-3.9,-3.2054278845292075
Crucero Alto,4470,2024-08-16,-4.38,-3.515116532222854
Crucero Alto,4470,2024-08-17,-2.7,-2.1117118827085735
Crucero Alto,4470,2024-08-18,-3.62,-2.4554873127078354
Crucero Alto,4470,2024-08-19,-0.64,-0.7319640465469761
Crucero Alto,4470,2024-08-20,-6.23,-4.372602517188476
Crucero Alto,4470,2024-08-21,-3.61,-2.6252742111079193
Crucero Alto,4470,2024-08-22,0.08,-0.07794960954363216
Crucero Alto,4470,2024-08-23,-0.03,-0.36635366941578396
Crucero Alto,4470,2024-08-24,0.45,0.15935621935733074
Crucero Alto,4470,2024-08-25,-1.92,-1.4968497868261912
Crucero Alto,4470,2024-08-26,-0.3,-0.5829553669002328
Crucero Alto,4470,2024-08-27,-0.14,-0.34264982666392796
Crucero Alto,4470,2024-08-28,-3.16,-2.3567605548897683
Crucero Alto,4470,2024-08-29,-4.2,-2.697189733356537
Crucero Alto,4470,2024-08-30,-1.99,-1.3655161408797851
Crucero Alto,4470,2024-08-31,-2.48,-1.653801499245817
Crucero Alto,4470,2024-09-01,-0.28,-0.6034583472587743
Crucero Alto,4470,2024-09-02,-4.37,-2.739127224215072
Crucero Alto,4470,2024-09-03,-0.65,-0.6722337205521995
Crucero Alto,4470,2024-09-04,-5.09,-3.3147189407790543
Crucero Alto,4470,2024-09-05,-0.9,-1.399857019513821
Crucero Alto,4470,2024-09-06,3.67,2.20090104790279
Crucero Alto,4470,2024-09-07,-1.43,-0.7336782017552461
Crucero Alto,4470,2024-09-08,2.58,2.1785064811071693
Crucero Alto,4470,2024-09-09,1.42,1.2595130742606877
Crucero Alto,4470,2024-09-10,-1.14,-0.34722136667404935
Crucero Alto,4470,2024-09-11,-1.72,-0.3447397076279899
Crucero Alto,4470,2024-09-12,3.82,3.5522267088079627
Crucero Alto,4470,2024-09-13,2.58,2.738326184812789
Crucero Alto,4470,2024-09-14,-0.07,0.5692604059935121
Crucero Alto,4470,2024-09-15,-2.3,-0.8172613996902331
Crucero Alto,4470,2024-09-16,1.45,1.5932148380226696
Crucero Alto,4470,2024-09-17,1.33,1.0043310857530554
Crucero Alto,4470,2024-09-18,1.68,1.349733621094758
Crucero Alto,4470,2024-09-19,0.94,1.131947907893632
Crucero Alto,4470,2024-09-20,3.32,2.3882597422579552
Crucero Alto,4470,2024-09-21,-0.0,0.3236200327587416
Crucero Alto,4470,2024-09-22,-4.27,-2.5829093822590647
Crucero Alto,4470,2024-09-23,-1.34,-0.44956064734983703
Crucero Alto,4470,2024-09-24,5.26,4.034099599896238
Crucero Alto,4470,2024-09-25,-2.09,-0.8789321207157945
Crucero Alto,4470,2024-09-26,1.08,1.478240020035184
Crucero Alto,4470,2024-09-27,-4.7,-3.0304475913574116
Crucero Alto,4470,2024-09-28,0.41,0.8952673020910873
Crucero Alto,4470,2024-09-29,2.21,2.0621282726099643
Crucero Alto,4470,2024-09-30,0.85,1.2045166223724182
Crucero Alto,4470,2024-10-01,1.73,1.9453973241493652
Crucero Alto,4470,2024-10-02,3.81,3.3954693888928746
Crucero Alto,4470,2024-10-03,-2.37,-0.7505776063844269
Crucero Alto,4470,2024-10-04,5.65,4.571693549549554
Crucero Alto,4470,2024-10-05,-0.73,0.5368440977713569
Crucero Alto,4470,2024-10-06,4.54,3.7940835729909583
Crucero Alto,4470,2024-10-07,0.85,1.2575126241519115
Crucero Alto,4470,2024-10-08,0.22,0.8416274554884495
Crucero Alto,4470,2024-10-09,4.82,3.97080778764063
Crucero Alto,4470,2024-10-10,3.62,3.119058148401331
Crucero Alto,4470,2024-10-11,-0.01,0.9375288700671963
Crucero Alto,4470,2024-10-12,3.71,3.2831650255364537
Crucero Alto,4470,2024-10-13,6.74,5.460337996198439
Crucero Alto,4470,2024-10-14,3.24,3.354321984669094
Crucero Alto,4470,2024-10-15,0.05,1.2720789288278809
Crucero Alto,4470,2024-10-16,4.08,3.530053660438479
Crucero Alto,4470,2024-10-17,3.42,3.3973757613426185
Crucero Alto,4470,2024-10-18,0.23,1.2416094616124953
Crucero Alto,4470,2024-10-19,3.9,4.066995745896742
Crucero Alto,4470,2024-10-20,1.84,2.3252214644218907
Crucero Alto,4470,2024-10-21,3.3,3.449096453486211
Crucero Alto,4470,2024-10-22,2.27,3.191583889666014
Crucero Alto,4470,2024-10-23,2.62,3.2800276618883375
Crucero Alto,4470,2024-10-24,5.63,5.245204428764957
Crucero Alto,4470,2024-10-25,1.22,2.6326845831305388
Crucero Alto,4470,2024-10-26,5.97,5.729322884882791
Crucero Alto,4470,2024-10-27,4.07,4.4610607805661555
Crucero Alto,4470,2024-10-28,6.91,6.392827619449865
Crucero Alto,4470,2024-10-29,2.65,3.6174439266384386
Crucero Alto,4470,2024-10-30,3.24,4.009169579477181
Crucero Alto,4470,2024-10-31,1.67,2.790764828467224
Crucero Alto,4470,2024-11-01,3.95,4.587562538688665
Crucero Alto,4470,2024-11-02,4.44,4.878608020092306
Crucero Alto,4470,2024-11-03,5.33,5.397820829657326
Crucero Alto,4470,2024-11-04,8.0,7.541334826375152
Crucero Alto,4470,2024-11-05,5.96,6.134820508230187
Crucero Alto,4470,2024-11-06,5.8,6.154884371928945
Crucero Alto,4470,2024-11-07,1.69,3.2889824931493057
Crucero Alto,4470,2024-11-08,4.87,5.537147430909723
Crucero Alto,4470,2024-11-09,3.75,4.59409523403356
Crucero Alto,4470,2024-11-10,4.11,4.946595874085434
Crucero Alto,4470,2024-11-11,3.22,4.372349296183129
Crucero Alto,4470,2024-11-12,5.66,5.985464615195435
Crucero Alto,4470,2024-11-13,2.31,3.5498409798314916
Crucero Alto,4470,2024-11-14,7.11,6.892950611137723
Crucero Alto,4470,2024-11-15,2.32,3.984547354553329
Crucero Alto,4470,2024-11-16,6.15,6.294932777343641
Crucero Alto,4470,2024-11-17,3.46,4.459362806824507
Crucero Alto,4470,2024-11-18,7.37,7.1162107056564246
Crucero Alto,4470,2024-11-19,5.14,5.6559979539676295
Crucero Alto,4470,2024-11-20,0.89,3.0389532931549823
Crucero Alto,4470,2024-11-21,3.84,5.1431842305241995
Crucero Alto,4470,2024-11-22,1.33,3.004232047651283
Crucero Alto,4470,2024-11-23,6.37,6.582128820948587
Crucero Alto,4470,2024-11-24,5.06,5.749389942366656
Crucero Alto,4470,2024-11-25,-0.93,1.6651154915909632
Crucero Alto,4470,2024-11-26,5.27,6.04072211391383
Crucero Alto,4470,2024-11-27,2.78,4.226314574285427
Crucero Alto,4470,2024-11-28,3.21,4.60531130772181
Crucero Alto,4470,2024-11-29,5.76,6.173826280947663
Crucero Alto,4470,2024-11-30,3.96,5.070959514164167
Crucero Alto,4470,2024-12-01,9.05,8.34215451669868
Crucero Alto,4470,2024-12-02,4.61,5.498513476630168
Crucero Alto,4470,2024-12-03,4.52,5.297081032294653
Crucero Alto,4470,2024-12-04,10.05,9.38154098794757
Crucero Alto,4470,2024-12-05,5.12,6.009164159632947
Crucero Alto,4470,2024-12-06,7.57,7.706670930293441
Crucero Alto,4470,2024-12-07,7.08,7.377852519350561
Crucero Alto,4470,2024-12-08,6.73,6.995234741234524
Crucero Alto,4470,2024-12-09,4.93,5.987270258986605
Crucero Alto,4470,2024-12-10,5.62,6.3141533653487825
Crucero Alto,4470,2024-12-11,6.15,6.514194446591177
Crucero Alto,4470,2024-12-12,5.12,6.073649555677743
Crucero Alto,4470,2024-12-13,2.97,5.234922294646957
Crucero Alto,4470,2024-12-14,4.71,6.077998114974205
Crucero Alto,4470,2024-12-15,3.88,5.7005448700007655
Crucero Alto,4470,2024-12-16,7.36,8.003996094761373
Crucero Alto,4470,2024-12-17,10.37,9.897124510202941
Crucero Alto,4470,2024-12-18,4.75,5.633290980420318
Crucero Alto,4470,2024-12-19,4.53,5.716962590068368
Crucero Alto,4470,2024-12-20,6.85,6.977756020570005
Crucero Alto,4470,2024-12-21,6.0,6.467076311472773
Crucero Alto,4470,2024-12-22,11.39,9.82454756379731
Crucero Alto,4470,2024-12-23,-3.56,0.2661578986310986
Crucero Alto,4470,2024-12-24,6.15,6.651974411291333
Desaguadero,3808,2024-01-01,11.8,10.827357856546062
Desaguadero,3808,2024-01-02,9.91,9.617441285528942
Desaguadero,3808,2024-01-03,16.87,14.527969370742786
Desaguadero,3808,2024-01-04,13.83,12.56614158077606
Desaguadero,3808,2024-01-05,13.52,12.530859831965248
Desaguadero,3808,2024-01-06,14.32,12.942510815080343
Desaguadero,3808,2024-01-07,16.43,14.429035361443978
Desaguadero,3808,2024-01-08,11.06,10.789239880005363
Desaguadero,3808,2024-01-09,15.13,13.781425600498903
Desaguadero,3808,2024-01-10,12.91,12.135930472547345
Desaguadero,3808,2024-01-11,14.62,12.786063862793494
Desaguadero,3808,2024-01-12,11.52,11.124375447257242
Desaguadero,3808,2024-01-13,13.73,12.594630969905607
Desaguadero,3808,2024-01-14,16.14,14.334767008940943
Desaguadero,3808,2024-01-15,12.54,12.197626105199868
Desaguadero,3808,2024-01-16,16.41,14.421858130664281
Desaguadero,3808,2024-01-17,10.73,10.591258664455657
Desaguadero,3808,2024-01-18,12.26,11.682978779423571
Desaguadero,3808,2024-01-19,13.98,13.807731544566352
Desaguadero,3808,2024-01-20,12.82,12.288264853470753
Desaguadero,3808,2024-01-21,9.41,9.841724536327657
Desaguadero,3808,2024-01-22,12.1,11.588340817545076
Desaguadero,3808,2024-01-23,14.38,13.117625337846475
Desaguadero,3808,2024-01-24,15.65,13.964207931215373
Desaguadero,3808,2024-01-25,14.38,13.45334561179249
Desaguadero,3808,2024-01-26,11.98,11.890387325997553
Desaguadero,3808,2024-01-27,12.13,11.780806937861934
Desaguadero,3808,2024-01-28,9.9,10.020578500760367
Desaguadero,3808,2024-01-29,13.31,12.562428860771655
Desaguadero,3808,2024-01-30,12.7,12.035517199818216
Desaguadero,3808,2024-01-31,9.51,9.811889021937457
Desaguadero,3808,2024-02-01,10.24,10.256334243291757
Desaguadero,3808,2024-02-02,9.61,9.687268914730586
Desaguadero,3808,2024-02-03,16.3,13.893834020751978
Desaguadero,3808,2024-02-04,13.1,12.204811298678976
Desaguadero,3808,2024-02-05,15.68,12.546392729232405
Desaguadero,3808,2024-02-06,10.21,9.857939938506028
Desaguadero,3808,2024-02-07,5.55,6.293096483422807
Desaguadero,3808,2024-02-08,8.43,8.640955103659007
Desaguadero,3808,2024-02-09,9.11,8.925164839203156
Desaguadero,3808,2024-02-10,9.57,9.291881429242576
Desaguadero,3808,2024-02-11,14.81,12.866616099370475
Desaguadero,3808,2024-02-12,11.82,10.843154456866
Desaguadero,3808,2024-02-13,8.12,8.590092220211464
Desaguadero,3808,2024-02-14,9.81,9.731147646451179
Desaguadero,3808,2024-02-15,7.3,8.053964749386552
Desaguadero,3808,2024-02-16,10.64,10.09599680344659
Desaguadero,3808,2024-02-17,12.15,11.38749523619336
Desaguadero,3808,2024-02-18,12.19,11.536377972459926
Desaguadero,3808,2024-02-19,11.58,11.086914125502988
Desaguadero,3808,2024-02-20,10.29,10.084696792746854
Desaguadero,3808,2024-02-21,12.21,11.192632750103986
Desaguadero,3808,2024-02-22,8.67,8.60646516779909
Desaguadero,3808,2024-02-23,14.44,12.593667858825793
Desaguadero,3808,2024-02-24,8.86,8.744987982459868
Desaguadero,3808,2024-02-25,9.52,8.835555489918482
Desaguadero,3808,2024-02-26,9.28,9.157265150741635
Desaguadero,3808,2024-02-27,9.95,9.34131849800335
Desaguadero,3808,2024-02-28,6.79,7.296452759136292
Desaguadero,3808,2024-02-29,10.26,9.524103950287525
Desaguadero,3808,2024-03-01,12.24,10.888752424203643
Desaguadero,3808,2024-03-02,10.18,9.238355380774301
Desaguadero,3808,2024-03-03,7.79,7.7264475054877515
Desaguadero,3808,2024-03-04,14.06,11.681300177802864
Desaguadero,3808,2024-03-05,14.48,12.180277016961645
Desaguadero,3808,2024-03-06,9.45,8.694411221696843
Desaguadero,3808,2024-03-07,7.07,7.281586355716152
Desaguadero,3808,2024-03-08,9.12,8.389846497551634
Desaguadero,3808,2024-03-09,7.14,7.217963465104676
Desaguadero,3808,2024-03-10,6.98,7.133728445007308
Desaguadero,3808,2024-03-11,5.83,6.45780070641106
Desaguadero,3808,2024-03-12,8.17,8.140708293687398
Desaguadero,3808,2024-03-13,6.49,6.640948989978629
Desaguadero,3808,2024-03-14,10.15,9.330453094465954
Desaguadero,3808,2024-03-15,8.14,8.027458117681705
Desaguadero,3808,2024-03-16,2.14,3.8498072712289697
Desaguadero,3808,2024-03-17,10.7,9.380310235692988
Desaguadero,3808,2024-03-18,6.89,6.9679929755438526
Desaguadero,3808,2024-03-19,5.95,6.216756378873183
Desaguadero,3808,2024-03-20,7.41,7.3810792479548235
Desaguadero,3808,2024-03-21,4.24,5.015920975844066
Desaguadero,3808,2024-03-22,4.94,5.253780310534518
Desaguadero,3808,2024-03-23,1.45,2.8285604217237736
Desaguadero,3808,2024-03-24,6.2,6.202151492591098
Desaguadero,3808,2024-03-25,5.24,5.458077472421461
Desaguadero,3808,2024-03-26,3.68,4.857079663334018
Desaguadero,3808,2024-03-27,0.61,2.5420361613545874
Desaguadero,3808,2024-03-28,2.29,3.5265638799887613
Desaguadero,3808,2024-03-29,6.27,6.555905318196225
Desaguadero,3808,2024-03-30,7.46,7.04349695800029
Desaguadero,3808,2024-03-31,2.37,3.328039945348668
Desaguadero,3808,2024-04-01,8.23,7.414727121432224
Desaguadero,3808,2024-04-02,3.4,4.237080116212356
Desaguadero,3808,2024-04-03,4.71,4.775424896980264
Desaguadero,3808,2024-04-04,9.23,7.478302383222982
Desaguadero,3808,2024-04-05,5.54,5.36958593719994
Desaguadero,3808,2024-04-06,8.8,7.695785213090591
Desaguadero,3808,2024-04-07,6.28,5.250363495685914
Desaguadero,3808,2024-04-08,3.55,3.6969206662948473
Desaguadero,3808,2024-04-09,5.07,4.635297727189943
Desaguadero,3808,2024-04-10,3.13,3.1486390035795186
Desaguadero,3808,2024-04-11,10.58,8.411129586137957
Desaguadero,3808,2024-04-12,2.15,2.6280676683072963
Desaguadero,3808,2024-04-13,4.97,4.690056169859618
Desaguadero,3808,2024-04-14,2.82,3.350386962933978
Desaguadero,3808,2024-04-15,3.92,4.377992415550202
Desaguadero,3808,2024-04-16,3.85,3.8638993031727593
Desaguadero,3808,2024-04-17,3.52,3.885485263425758
Desaguadero,3808,2024-04-18,5.99,5.695119732332492
Desaguadero,3808,2024-04-19,2.04,2.996685510430777
Desaguadero,3808,2024-04-20,-0.62,1.159040597710348
Desaguadero,3808,2024-04-21,3.91,4.004518477880458
Desaguadero,3808,2024-04-22,3.26,3.4248259151869247
Desaguadero,3808,2024-04-23,-0.77,0.9237897312370421
Desaguadero,3808,2024-04-24,5.44,4.543981576833241
Desaguadero,3808,2024-04-25,4.87,4.525801973190434
Desaguadero,3808,2024-04-26,1.56,2.1033573303101947
Desaguadero,3808,2024-04-27,2.8,2.8651070715870888
Desaguadero,3808,2024-04-28,4.28,4.063654665966876
Desaguadero,3808,2024-04-29,-3.8,-1.4731081965291386
Desaguadero,3808,2024-04-30,0.03,1.1484677158893624
Desaguadero,3808,2024-05-01,3.61,2.762792992179605
Desaguadero,3808,2024-05-02,0.37,1.0288115398347213
Desaguadero,3808,2024-05-03,-5.43,-3.3923042735058866
Desaguadero,3808,2024-05-04,3.52,2.55519682279681
Desaguadero,3808,2024-05-05,3.38,2.248698960085793
Desaguadero,3808,2024-05-06,2.28,1.9971356592040899
Desaguadero,3808,2024-05-07,3.9,2.961434830423639
Desaguadero,3808,2024-05-08,3.16,2.5004398008925928
Desaguadero,3808,2024-05-09,-0.64,0.07073650813470533
Desaguadero,3808,2024-05-10,-0.09,0.011219564819851369
Desaguadero,3808,2024-05-11,3.55,2.891705048469461
Desaguadero,3808,2024-05-12,0.76,1.047549991938967
Desaguadero,3808,2024-05-13,-0.05,0.5530938608515702
Desaguadero,3808,2024-05-14,0.03,0.8408224073457067
Desaguadero,3808,2024-05-15,7.31,5.848425663361656
Desaguadero,3808,2024-05-16,2.21,1.865398293778983
Desaguadero,3808,2024-05-17,2.97,2.314120314340404
Desaguadero,3808,2024-05-18,2.39,1.8367515547784046
Desaguadero,3808,2024-05-19,2.68,2.247036392195822
Desaguadero,3808,2024-05-20,2.23,1.5032423901801335
Desaguadero,3808,2024-05-21,3.27,2.856958824616195
Desaguadero,3808,2024-05-22,3.59,2.4886228426132373
Desaguadero,3808,2024-05-23,0.85,0.8521447147649004
Desaguadero,3808,2024-05-24,1.43,1.391531985357771
Desaguadero,3808,2024-05-25,5.4,4.009578320213874
Desaguadero,3808,2024-05-26,0.59,0.42141044676363104
Desaguadero,3808,2024-05-27,3.09,2.170510042750935
Desaguadero,3808,2024-05-28,1.09,1.1745540568813448
Desaguadero,3808,2024-05-29,5.99,4.205529160878372
Desaguadero,3808,2024-05-30,7.85,5.120089247806924
Desaguadero,3808,2024-05-31,6.24,4.341313466628927
Desaguadero,3808,2024-06-01,-0.01,0.3247678061379823
Desaguadero,3808,2024-06-02,0.6,0.5875774121546298
Desaguadero,3808,2024-06-03,0.91,0.7650532612529227
Desaguadero,3808,2024-06-04,-2.4,-1.4974961321045082
Desaguadero,3808,2024-06-05,4.0,2.8552399835558577
Desaguadero,3808,2024-06-06,-0.83,-0.12814482672722616
Desaguadero,3808,2024-06-07,2.24,1.5293289405436974
Desaguadero,3808,2024-06-08,-0.17,0.44007750085887665
Desaguadero,3808,2024-06-09,2.31,1.483768795577204
Desaguadero,3808,2024-06-10,0.59,0.37183449901164395
Desaguadero,3808,2024-06-11,2.71,1.7834966204734843
Desaguadero,3808,2024-06-12,-1.04,-0.9781040088555315
Desaguadero,3808,2024-06-13,3.32,1.8873213104776387
Desaguadero,3808,2024-06-14,4.81,3.2296212522811847
Desaguadero,3808,2024-06-15,-3.59,-2.8201188656637735
Desaguadero,3808,2024-06-16,-2.38,-1.747569906218772
Desaguadero,3808,2024-06-17,-0.34,-0.31594854405920025
Desaguadero,3808,2024-06-18,1.96,0.8968762915221551
Desaguadero,3808,2024-06-19,-2.32,-1.9125053453056962
Desaguadero,3808,2024-06-20,1.68,0.2947828806455677
Desaguadero,3808,2024-06-21,2.86,1.8385006508663877
Desaguadero,3808,2024-06-22,-0.05,-0.48415332050734283
Desaguadero,3808,2024-06-23,0.92,0.24246502733089415
Desaguadero,3808,2024-06-24,4.02,2.053777170678022
Desaguadero,3808,2024-06-25,0.24,-0.688554472258387
Desaguadero,3808,2024-06-26,-3.47,-2.5454746389085896
Desaguadero,3808,2024-06-27,2.68,1.4677659916701
Desaguadero,3808,2024-06-28,1.16,0.8283751463390748
Desaguadero,3808,2024-06-29,5.89,3.166912552455315
Desaguadero,3808,2024-06-30,2.09,0.5574938088900339
Desaguadero,3808,2024-07-01,2.65,1.1800168963009927
Desaguadero,3808,2024-07-02,2.08,0.6711439952667131
Desaguadero,3808,2024-07-03,4.25,1.8369015547982244
Desaguadero,3808,2024-07-04,5.64,2.7656219949146736
Desaguadero,3808,2024-07-05,1.01,-0.18104783382905398
Desaguadero,3808,2024-07-06,-0.36,-0.7281374810923897
Desaguadero,3808,2024-07-07,1.0,0.16045097769002203
Desaguadero,3808,2024-07-08,6.27,3.5135249736962217
Desaguadero,3808,2024-07-09,-0.54,-1.342891930102859
Desaguadero,3808,2024-07-10,0.93,0.23178532413202502
Desaguadero,3808,2024-07-11,3.51,2.2238090775308588
Desaguadero,3808,2024-07-12,3.64,2.18585541113801
Desaguadero,3808,2024-07-13,6.1,3.7636954350185396
Desaguadero,3808,2024-07-14,1.49,0.3077448475718545
Desaguadero,3808,2024-07-15,0.17,-0.5197763497811573
Desaguadero,3808,2024-07-16,-0.14,-0.8337334414606059
Desaguadero,3808,2024-07-17,3.3,1.4474490245498521
Desaguadero,3808,2024-07-18,-4.37,-3.4677608905572805
Desaguadero,3808,2024-07-19,1.0,-0.05913761234775894
Desaguadero,3808,2024-07-20,-0.57,-0.5075675290633297
Desaguadero,3808,2024-07-21,2.41,1.2987677663496977
Desaguadero,3808,2024-07-22,2.4,1.231167362818458
Desaguadero,3808,2024-07-23,3.51,1.6638477398557594
Desaguadero,3808,2024-07-24,2.87,1.6040267034088211
Desaguadero,3808,2024-07-25,6.93,4.107914577402162
Desaguadero,3808,2024-07-26,0.14,-0.8127957684257202
Desaguadero,3808,2024-07-27,1.23,-0.20301700120842514
Desaguadero,3808,2024-07-28,0.34,-0.46572618982044484
Desaguadero,3808,2024-07-29,2.84,1.5048305022240571
Desaguadero,3808,2024-07-30,1.65,0.6932919030762517
Desaguadero,3808,2024-07-31,0.92,0.32367571385124727
Desaguadero,3808,2024-08-01,1.24,0.6996690783010455
Desaguadero,3808,2024-08-02,4.26,2.721545393279069
Desaguadero,3808,2024-08-03,3.79,2.090588958983856
Desaguadero,3808,2024-08-04,4.4,2.552692727560793
Desaguadero,3808,2024-08-05,6.94,4.559275363226256
Desaguadero,3808,2024-08-06,0.89,0.31342940378044737
Desaguadero,3808,2024-08-07,0.58,0.11119594297946717
Desaguadero,3808,2024-08-08,5.99,3.538435103958596
Desaguadero,3808,2024-08-09,-0.73,-1.486262618918437
Desaguadero,3808,2024-08-10,3.23,2.0907773761609056
Desaguadero,3808,2024-08-11,3.55,2.190393493893894
Desaguadero,3808,2024-08-12,1.33,0.22995985243520567
Desaguadero,3808,2024-08-13,8.38,4.995108662792826
Desaguadero,3808,2024-08-14,2.54,1.2418558154342847
Desaguadero,3808,2024-08-15,6.95,4.399278464307157
Desaguadero,3808,2024-08-16,6.31,3.8159303262927287
Desaguadero,3808,2024-08-17,2.5,1.4017301390746342
Desaguadero,3808,2024-08-18,7.79,4.831460556184885
Desaguadero,3808,2024-08-19,6.37,3.972528936199101
Desaguadero,3808,2024-08-20,9.82,6.375605655553928
Desaguadero,3808,2024-08-21,6.41,4.3194692053825445
Desaguadero,3808,2024-08-22,4.48,3.250658303918615
Desaguadero,3808,2024-08-23,3.53,2.160207973264739
Desaguadero,3808,2024-08-24,4.23,2.742481354045965
Desaguadero,3808,2024-08-25,2.76,2.297990652459808
Desaguadero,3808,2024-08-26,5.54,4.287316765048407
Desaguadero,3808,2024-08-27,-0.44,-0.35551792400170557
Desaguadero,3808,2024-08-28,5.67,4.30333828875166
Desaguadero,3808,2024-08-29,5.51,4.062688207908511
Desaguadero,3808,2024-08-30,7.23,4.950836171707297
Desaguadero,3808,2024-08-31,1.85,1.2845210415022736
Desaguadero,3808,2024-09-01,4.65,3.0865337071560055
Desaguadero,3808,2024-09-02,6.6,4.355924531793287
Desaguadero,3808,2024-09-03,8.83,6.034041294477388
Desaguadero,3808,2024-09-04,7.78,5.660011985925017
Desaguadero,3808,2024-09-05,1.32,1.1654939990807198
Desaguadero,3808,2024-09-06,7.66,5.465986316962799
Desaguadero,3808,2024-09-07,8.14,5.611891335966946
Desaguadero,3808,2024-09-08,7.93,5.218565372458293
Desaguadero,3808,2024-09-09,7.0,4.922438576504731
Desaguadero,3808,2024-09-10,8.61,6.195293617370247
Desaguadero,3808,2024-09-11,5.85,4.104951874469883
Desaguadero,3808,2024-09-12,8.98,6.333847222664189
Desaguadero,3808,2024-09-13,2.57,2.319376927189648
Desaguadero,3808,2024-09-14,6.11,4.561631207279532
Desaguadero,3808,2024-09-15,6.58,5.028956231461134
Desaguadero,3808,2024-09-16,10.88,7.826982244595293
Desaguadero,3808,2024-09-17,5.57,4.601235091950363
Desaguadero,3808,2024-09-18,7.79,5.713169064776911
Desaguadero,3808,2024-09-19,9.0,6.709836268769374
Desaguadero,3808,2024-09-20,8.11,5.726624310614933
Desaguadero,3808,2024-09-21,4.27,3.1169984969374047
Desaguadero,3808,2024-09-22,12.61,8.906336682958115
Desaguadero,3808,2024-09-23,9.89,7.240911137439804
Desaguadero,3808,2024-09-24,6.72,5.26306478016696
Desaguadero,3808,2024-09-25,8.15,6.299229834481498
Desaguadero,3808,2024-09-26,5.73,3.953827247828457
Desaguadero,3808,2024-09-27,6.88,5.5433939875789155
Desaguadero,3808,2024-09-28,7.97,6.561027097883793
Desaguadero,3808,2024-09-29,8.0,6.3924035925998135
Desaguadero,3808,2024-09-30,6.83,5.581920821179146
Desaguadero,3808,2024-10-01,9.65,7.6367366092180315
Desaguadero,3808,2024-10-02,10.79,7.828717430030665
Desaguadero,3808,2024-10-03,11.89,9.377553267983595
Desaguadero,3808,2024-10-04,9.01,6.828165855857485
Desaguadero,3808,2024-10-05,12.72,9.279262102133723
Desaguadero,3808,2024-10-06,10.23,7.813390433289019
Desaguadero,3808,2024-10-07,16.45,12.399162523653008
Desaguadero,3808,2024-10-08,4.72,4.4008796707970745
Desaguadero,3808,2024-10-09,10.28,7.901009269804723
Desaguadero,3808,2024-10-10,8.11,6.612821828340199
Desaguadero,3808,2024-10-11,10.18,8.00166219453466
Desaguadero,3808,2024-10-12,13.35,10.039174971640504
Desaguadero,3808,2024-10-13,14.93,11.446275642197955
Desaguadero,3808,2024-10-14,13.82,10.50239524870025
Desaguadero,3808,2024-10-15,8.56,6.764192959645105
Desaguadero,3808,2024-10-16,10.36,7.97117056419886
Desaguadero,3808,2024-10-17,8.43,6.7048152315063465
Desaguadero,3808,2024-10-18,9.87,7.711538287304714
Desaguadero,3808,2024-10-19,4.41,4.457267872876935
Desaguadero,3808,2024-10-20,10.35,8.218858713328261
Desaguadero,3808,2024-10-21,13.99,10.647889014496444
Desaguadero,3808,2024-10-22,14.61,11.149152524738629
Desaguadero,3808,2024-10-23,9.46,7.787694710062241
Desaguadero,3808,2024-10-24,7.53,7.381989023361015
Desaguadero,3808,2024-10-25,13.4,11.147664125285802
Desaguadero,3808,2024-10-26,9.1,8.020400814984242
Desaguadero,3808,2024-10-27,13.29,10.809157788261123
Desaguadero,3808,2024-10-28,9.92,8.667447445674512
Desaguadero,3808,2024-10-29,5.47,5.517493430594657
Desaguadero,3808,2024-10-30,9.86,8.557871762720694
Desaguadero,3808,2024-10-31,8.5,7.873240236327832
Desaguadero,3808,2024-11-01,10.16,8.978194093046621
Desaguadero,3808,2024-11-02,12.53,10.354664874323776
Desaguadero,3808,2024-11-03,14.52,11.83871472307999
Desaguadero,3808,2024-11-04,9.22,8.086490596512052
Desaguadero,3808,2024-11-05,12.29,10.322234799849777
Desaguadero,3808,2024-11-06,9.7,8.411027699174934
Desaguadero,3808,2024-11-07,15.02,12.370624161831788
Desaguadero,3808,2024-11-08,14.02,11.620744573895724
Desaguadero,3808,2024-11-09,12.52,10.582811187437962
Desaguadero,3808,2024-11-10,14.15,11.827099182234852
Desaguadero,3808,2024-11-11,15.99,12.994737453249906
Desaguadero,3808,2024-11-12,16.79,13.631250744297242
Desaguadero,3808,2024-11-13,11.27,10.166176439324733
Desaguadero,3808,2024-11-14,11.26,9.881662402592633
Desaguadero,3808,2024-11-15,11.11,9.666637421484797
Desaguadero,3808,2024-11-16,13.82,11.670178601731326
Desaguadero,3808,2024-11-17,13.6,11.452895297672212
Desaguadero,3808,2024-11-18,13.55,11.797732222096247
Desaguadero,3808,2024-11-19,11.0,9.98005256412892
Desaguadero,3808,2024-11-20,11.67,10.612927697229988
Desaguadero,3808,2024-11-21,12.27,10.89376309274682
Desaguadero,3808,2024-11-22,9.14,8.953572283401616
Desaguadero,3808,2024-11-23,7.51,7.744382446469988
Desaguadero,3808,2024-11-24,12.46,10.927533384240345
Desaguadero,3808,2024-11-25,10.83,9.82887930395389
Desaguadero,3808,2024-11-26,13.66,11.688905291330197
Desaguadero,3808,2024-11-27,13.61,12.037780334907906
Desaguadero,3808,2024-11-28,18.17,14.653777515859664
Desaguadero,3808,2024-11-29,15.96,13.46493737990445
Desaguadero,3808,2024-11-30,8.34,8.469669415664413
Desaguadero,3808,2024-12-01,12.1,10.887244418868526
Desaguadero,3808,2024-12-02,14.23,12.248885190010423
Desaguadero,3808,2024-12-03,16.57,13.779196752495764
Desaguadero,3808,2024-12-04,16.88,14.268229794034966
Desaguadero,3808,2024-12-05,14.43,12.84526633305328
Desaguadero,3808,2024-12-06,17.38,14.833722104265922
Desaguadero,3808,2024-12-07,7.05,7.870059785261945
Desaguadero,3808,2024-12-08,18.1,15.421768762110467
Desaguadero,3808,2024-12-09,14.95,13.462518362618663
Desaguadero,3808,2024-12-10,10.89,10.584269476787604
Desaguadero,3808,2024-12-11,16.32,13.543701518825952
Desaguadero,3808,2024-12-12,16.77,14.979385736838378
Desaguadero,3808,2024-12-13,9.62,9.900475274297712
Desaguadero,3808,2024-12-14,9.26,9.54699674484692
Desaguadero,3808,2024-12-15,10.8,10.367044501305884
Desaguadero,3808,2024-12-16,9.99,9.969181772408845
Desaguadero,3808,2024-12-17,11.79,11.13272485194481
Desaguadero,3808,2024-12-18,10.78,10.279989387711987
Desaguadero,3808,2024-12-19,14.13,12.379039264666414
Desaguadero,3808,2024-12-20,12.26,11.124110638630828
Desaguadero,3808,2024-12-21,12.12,11.065304637110245
Desaguadero,3808,2024-12-22,13.31,12.178645959729044
Desaguadero,3808,2024-12-23,10.75,10.642219255700223
Desaguadero,3808,2024-12-24,14.92,13.379920801799571
Juli,3812,2024-01-01,6.35,7.247100097094734
Juli,3812,2024-01-02,2.87,4.835516355644431
Juli,3812,2024-01-03,12.47,10.921633652506427
Juli,3812,2024-01-04,10.01,9.539553780822706
Juli,3812,2024-01-05,-0.15,3.0081378592209367
Juli,3812,2024-01-06,6.14,7.195294403386877
Juli,3812,2024-01-07,2.96,5.145063611870544
Juli,3812,2024-01-08,5.45,6.726856142913039
Juli,3812,2024-01-09,7.26,8.041156068386808
Juli,3812,2024-01-10,6.46,7.5325324287064435
Juli,3812,2024-01-11,2.35,4.645740478998023
Juli,3812,2024-01-12,2.52,4.953670878570696
Juli,3812,2024-01-13,4.15,5.958965408476912
Juli,3812,2024-01-14,2.41,4.792139313401224
Juli,3812,2024-01-15,6.03,7.528635051348466
Juli,3812,2024-01-16,4.51,6.413301518446319
Juli,3812,2024-01-17,4.22,6.6913872834209425
Juli,3812,2024-01-18,2.77,5.169614051099119
Juli,3812,2024-01-19,1.83,4.4353324538294325
Juli,3812,2024-01-20,8.88,9.210042989177342
Juli,3812,2024-01-21,3.8,5.516847943811821
Juli,3812,2024-01-22,2.11,4.779655543343637
Juli,3812,2024-01-23,2.21,4.92537539375951
Juli,3812,2024-01-24,4.56,6.238725139585069
Juli,3812,2024-01-25,1.24,4.422920567505614
Juli,3812,2024-01-26,4.4,6.6135015896061535
Juli,3812,2024-01-27,-2.54,1.5345615290148453
Juli,3812,2024-01-28,7.97,8.846609044171416
Juli,3812,2024-01-29,4.69,6.715030766074557
Juli,3812,2024-01-30,6.49,7.682859063042106
Juli,3812,2024-01-31,3.23,5.427263146370041
Juli,3812,2024-02-01,2.42,4.800262306486167
Juli,3812,2024-02-02,6.23,7.335165196444228
Juli,3812,2024-02-03,3.69,5.623744588868444
Juli,3812,2024-02-04,5.32,6.883956576244561
Juli,3812,2024-02-05,5.32,6.790784486112328
Juli,3812,2024-02-06,2.09,4.49608783370413
Juli,3812,2024-02-07,3.97,5.8772349255876595
Juli,3812,2024-02-08,5.74,6.790972626853378
Juli,3812,2024-02-09,4.74,6.082805819540359
Juli,3812,2024-02-10,4.67,6.005334660768021
Juli,3812,2024-02-11,1.25,3.8423710832005913
Juli,3812,2024-02-12,2.83,4.70966616074614
Juli,3812,2024-02-13,3.03,5.156388964621014
Juli,3812,2024-02-14,1.48,3.7285931208608374
Juli,3812,2024-02-15,1.75,4.117633835545556
Juli,3812,2024-02-16,5.2,6.555290821319742
Juli,3812,2024-02-17,3.33,4.890780082422506
Juli,3812,2024-02-18,-0.17,2.775052810602618
Juli,3812,2024-02-19,0.09,2.633173537078427
Juli,3812,2024-02-20,1.1,3.462172612051509
Juli,3812,2024-02-21,1.58,4.316992589811232
Juli,3812,2024-02-22,2.1,4.787946525264546
Juli,3812,2024-02-23,3.26,5.295852823752523
Juli,3812,2024-02-24,5.68,7.184840255850167
Juli,3812,2024-02-25,1.36,3.9168995450803856
Juli,3812,2024-02-26,1.99,4.233425071829307
Juli,3812,2024-02-27,4.78,6.044968884174306
Juli,3812,2024-02-28,5.33,6.18396314695801
Juli,3812,2024-02-29,-5.29,-0.28766274290636584
Juli,3812,2024-03-01,2.78,4.574290358551141
Juli,3812,2024-03-02,0.37,2.7226137109949766
Juli,3812,2024-03-03,1.88,3.5676109425662137
Juli,3812,2024-03-04,-2.25,0.8449917263689322
Juli,3812,2024-03-05,-0.27,2.0316205519138038
Juli,3812,2024-03-06,0.98,3.169065372632166
Juli,3812,2024-03-07,3.97,5.1553837075178865
Juli,3812,2024-03-08,-0.82,1.7619368599874021
Juli,3812,2024-03-09,-5.09,-1.1364730233338811
Juli,3812,2024-03-10,1.92,3.5073052538176097
Juli,3812,2024-03-11,0.34,2.8046571236633864
Juli,3812,2024-03-12,0.99,3.1051541931008133
Juli,3812,2024-03-13,1.08,3.259547154061807
Juli,3812,2024-03-14,0.44,2.6793057425220024
Juli,3812,2024-03-15,-2.18,0.7840776375238985
Juli,3812,2024-03-16,3.26,4.864541073775096
Juli,3812,2024-03-17,-3.06,0.4980140843398386
Juli,3812,2024-03-18,-6.54,-2.042121886750155
Juli,3812,2024-03-19,0.53,2.852048745125468
Juli,3812,2024-03-20,0.72,2.767788997169149
Juli,3812,2024-03-21,0.66,2.8359405824480315
Juli,3812,2024-03-22,3.32,4.869684409339422
Juli,3812,2024-03-23,-6.7,-1.5915261450302403
Juli,3812,2024-03-24,1.03,3.183099972570837
Juli,3812,2024-03-25,2.3,3.9067917967918238
Juli,3812,2024-03-26,-2.96,0.16066088890434482
Juli,3812,2024-03-27,-4.47,-0.8578868155351582
Juli,3812,2024-03-28,-3.31,0.17831220707228068
Juli,3812,2024-03-29,-2.67,0.2808648097679596
Juli,3812,2024-03-30,-3.44,-0.10434451110652398
Juli,3812,2024-03-31,1.84,3.4561173400363567
Juli,3812,2024-04-01,1.03,2.910766242675698
Juli,3812,2024-04-02,0.02,1.704960969194562
Juli,3812,2024-04-03,0.55,1.9028957212750743
Juli,3812,2024-04-04,-5.4,-1.8331617953596728
Juli,3812,2024-04-05,-2.86,-0.3360718662488176
Juli,3812,2024-04-06,-6.91,-2.822106566680085
Juli,3812,2024-04-07,-2.87,-0.08210260734761965
Juli,3812,2024-04-08,-2.92,0.033985986195589124
Juli,3812,2024-04-09,-4.86,-1.6065162571920708
Juli,3812,2024-04-10,-5.15,-1.853107813491473
Juli,3812,2024-04-11,-2.13,0.2520743482261478
Juli,3812,2024-04-12,-6.31,-2.127213290487769
Juli,3812,2024-04-13,-1.15,0.6622903292121501
Juli,3812,2024-04-14,-1.84,0.16417765646320492
Juli,3812,2024-04-15,-1.49,1.0964277788891745
Juli,3812,2024-04-16,-3.55,-0.5431778242936507
Juli,3812,2024-04-17,-4.34,-1.6306773597540993
Juli,3812,2024-04-18,-5.38,-2.570094614072574
Juli,3812,2024-04-19,-6.95,-3.4714587249090414
Juli,3812,2024-04-20,-6.82,-3.0579235304389405
Juli,3812,2024-04-21,-3.24,-0.9504267697909103
Juli,3812,2024-04-22,-5.08,-1.8537248633081704
Juli,3812,2024-04-23,-1.02,0.7472387855454075
Juli,3812,2024-04-24,-5.07,-2.0728963709787402
Juli,3812,2024-04-25,-0.48,0.9074088203912173
Juli,3812,2024-04-26,-6.49,-3.010224707906181
Juli,3812,2024-04-27,-2.9,-1.024251536937336
Juli,3812,2024-04-28,-4.99,-2.272488779234479
Juli,3812,2024-04-29,-3.33,-1.319124475680928
Juli,3812,2024-04-30,-7.15,-3.8968096398287058
Juli,3812,2024-05-01,-4.44,-2.3290584615416297
Juli,3812,2024-05-02,-2.83,-1.5410263556994512
Juli,3812,2024-05-03,-0.61,0.19625960172509926
Juli,3812,2024-05-04,-3.41,-1.681200056207675
Juli,3812,2024-05-05,-4.06,-2.0503377047132796
Juli,3812,2024-05-06,-4.2,-2.3068448027418977
Juli,3812,2024-05-07,-4.12,-2.4864067386794733
Juli,3812,2024-05-08,-6.81,-4.3093743186309466
Juli,3812,2024-05-09,-4.25,-1.8591604957623868
Juli,3812,2024-05-10,-6.63,-4.350862843006029
Juli,3812,2024-05-11,-3.82,-1.9932076985195404
Juli,3812,2024-05-12,-9.03,-5.768475255766456
Juli,3812,2024-05-13,-6.42,-3.197855173085938
Juli,3812,2024-05-14,-2.96,-1.4428271431818303
Juli,3812,2024-05-15,-6.08,-4.058473076921288
Juli,3812,2024-05-16,-10.88,-7.082334132143279
Juli,3812,2024-05-17,-7.13,-4.151177074386495
Juli,3812,2024-05-18,-4.47,-3.2056181319044605
Juli,3812,2024-05-19,-5.75,-3.636555140173207
Juli,3812,2024-05-20,-4.59,-2.889813783902007
Juli,3812,2024-05-21,-0.76,-0.46037399358063014
Juli,3812,2024-05-22,-8.48,-5.321331945098243
Juli,3812,2024-05-23,-10.24,-6.355391774641413
Juli,3812,2024-05-24,-4.69,-2.9457259883299636
Juli,3812,2024-05-25,-0.95,-0.7493261057536885
Juli,3812,2024-05-26,-9.59,-6.559051261980729
Juli,3812,2024-05-27,-9.06,-6.092038585967926
Juli,3812,2024-05-28,-9.55,-6.145885207399855
Juli,3812,2024-05-29,-5.43,-3.666899879450364
Juli,3812,2024-05-30,-1.7,-0.7717456405027139
Juli,3812,2024-05-31,-6.53,-4.37972268999037
Juli,3812,2024-06-01,-11.16,-8.037068928136852
Juli,3812,2024-06-02,-6.51,-4.674129476315987
Juli,3812,2024-06-03,-4.21,-2.847930236851556
Juli,3812,2024-06-04,-9.55,-6.38721659123604
Juli,3812,2024-06-05,-4.15,-2.8921212677967416
Juli,3812,2024-06-06,-10.37,-7.369701942973625
Juli,3812,2024-06-07,-6.71,-4.790751170676241
Juli,3812,2024-06-08,-6.32,-4.347230340855606
Juli,3812,2024-06-09,-9.89,-6.841051072500033
Juli,3812,2024-06-10,-8.54,-6.231802370658338
Juli,3812,2024-06-11,-4.88,-3.764496741746663
Juli,3812,2024-06-12,-4.1,-2.696459778248559
Juli,3812,2024-06-13,-6.53,-4.6113522441670165
Juli,3812,2024-06-14,-5.15,-3.766776355141456
Juli,3812,2024-06-15,-5.64,-4.352534785874756
Juli,3812,2024-06-16,-4.96,-4.206449844204036
Juli,3812,2024-06-17,-7.62,-5.5864065252700605
Juli,3812,2024-06-18,-10.83,-7.339662547495814
Juli,3812,2024-06-19,-6.37,-4.674328346945016
Juli,3812,2024-06-20,-11.64,-8.721720732120982
Juli,3812,2024-06-21,-5.37,-4.5034571068593925
Juli,3812,2024-06-22,-8.71,-6.4477730649214635
Juli,3812,2024-06-23,-8.18,-6.488785166819451
Juli,3812,2024-06-24,-6.08,-5.159572919019108
Juli,3812,2024-06-25,-5.95,-5.0662120913122335
Juli,3812,2024-06-26,-0.48,-1.8408366125843112
Juli,3812,2024-06-27,-7.12,-6.141167696050967
Juli,3812,2024-06-28,-5.31,-3.956115129857505
Juli,3812,2024-06-29,0.22,-0.33723178297079925
Juli,3812,2024-06-30,-8.67,-6.706697679795687
Juli,3812,2024-07-01,-5.1,-4.32538661523709
Juli,3812,2024-07-02,-9.06,-7.093568150787792
Juli,3812,2024-07-03,-6.38,-5.297065053593275
Juli,3812,2024-07-04,-12.24,-8.5738537725555
Juli,3812,2024-07-05,-7.62,-5.998987865666319
Juli,3812,2024-07-06,-9.77,-7.414749155308078
Juli,3812,2024-07-07,-5.05,-4.227715368783212
Juli,3812,2024-07-08,-0.7,-1.0694831170510892
Juli,3812,2024-07-09,-6.05,-4.854122857483211
Juli,3812,2024-07-10,-7.32,-5.360764066071187
Juli,3812,2024-07-11,-6.37,-4.855384690662783
Juli,3812,2024-07-12,-6.44,-4.70194352621354
Juli,3812,2024-07-13,-7.87,-5.474509564738128
Juli,3812,2024-07-14,-7.56,-5.556639997369288
Juli,3812,2024-07-15,-2.14,-2.1371941099906797
Juli,3812,2024-07-16,-3.89,-3.2303344561362013
Juli,3812,2024-07-17,-0.2,-0.4797030288578076
Juli,3812,2024-07-18,-0.41,-0.5428987988392484
Juli,3812,2024-07-19,-5.6,-4.546321100902576
Juli,3812,2024-07-20,-6.13,-4.847541457735811
Juli,3812,2024-07-21,-2.13,-1.7732001174618728
Juli,3812,2024-07-22,-5.72,-4.4977615813795
Juli,3812,2024-07-23,-7.96,-6.155942919546888
Juli,3812,2024-07-24,-7.64,-5.768851761877644
Juli,3812,2024-07-25,-4.06,-3.2530889605426037
Juli,3812,2024-07-26,-5.79,-4.672400905495822
Juli,3812,2024-07-27,-7.12,-5.835306932548638
Juli,3812,2024-07-28,-2.57,-2.5972973897246856
Juli,3812,2024-07-29,-2.15,-2.2087932943473167
Juli,3812,2024-07-30,-6.44,-5.489924228512422
Juli,3812,2024-07-31,-2.39,-2.6360278771938512
Juli,3812,2024-08-01,-5.34,-4.1502622236162265
Juli,3812,2024-08-02,-2.84,-2.1875138370749285
Juli,3812,2024-08-03,-6.04,-4.595600285039365
Juli,3812,2024-08-04,-3.46,-2.9066688648986867
Juli,3812,2024-08-05,-4.46,-3.6337239315208807
Juli,3812,2024-08-06,-4.1,-3.1563768766115916
Juli,3812,2024-08-07,-3.1,-2.795842559131976
Juli,3812,2024-08-08,-3.09,-2.124649219724474
Juli,3812,2024-08-09,-1.11,-1.3203373889165015
Juli,3812,2024-08-10,-4.12,-3.52683935189275
Juli,3812,2024-08-11,0.04,-0.4420561075132936
Juli,3812,2024-08-12,-2.69,-2.1268467295660995
Juli,3812,2024-08-13,-2.76,-1.9860902809722327
Juli,3812,2024-08-14,-0.91,-0.7012845966381802
Juli,3812,2024-08-15,-3.18,-2.432062235735785
Juli,3812,2024-08-16,-4.28,-2.686501379072177
Juli,3812,2024-08-17,-0.43,-0.6828389108588266
Juli,3812,2024-08-18,-2.68,-1.8178512942066436
Juli,3812,2024-08-19,-4.32,-3.4055140115252263
Juli,3812,2024-08-20,-3.5,-2.519708683800312
Juli,3812,2024-08-21,-1.52,-1.3082706931897412
Juli,3812,2024-08-22,-0.43,-0.24305217562883677
Juli,3812,2024-08-23,-0.1,-0.3966051849307367
Juli,3812,2024-08-24,-1.15,-0.9042294958183333
Juli,3812,2024-08-25,-1.21,-0.8544117527209829
Juli,3812,2024-08-26,-0.13,-0.33543674440651616
Juli,3812,2024-08-27,-2.96,-1.9531646879819142
Juli,3812,2024-08-28,-3.7,-2.685330682057243
Juli,3812,2024-08-29,-4.93,-3.2069821336268447
Juli,3812,2024-08-30,2.76,1.8155164923988418
Juli,3812,2024-08-31,-0.77,-0.7178230183752905
Juli,3812,2024-09-01,-3.43,-2.0603007483105813
Juli,3812,2024-09-02,-2.66,-1.9604114131661499
Juli,3812,2024-09-03,-3.22,-2.240027050522362
Juli,3812,2024-09-04,1.07,0.7002637806904086
Juli,3812,2024-09-05,-1.14,-0.4943129917421293
Juli,3812,2024-09-06,-1.08,-0.5346838617162046
Juli,3812,2024-09-07,-4.08,-2.738703424721984
Juli,3812,2024-09-08,-0.01,-0.39060047675840165
Juli,3812,2024-09-09,1.43,0.33104023554762263
Juli,3812,2024-09-10,0.86,0.509170955367005
Juli,3812,2024-09-11,-5.43,-3.3526702079304176
Juli,3812,2024-09-12,5.25,3.7589062524473773
Juli,3812,2024-09-13,-1.48,-0.9674489130785109
Juli,3812,2024-09-14,-2.23,-1.497977906391484
Juli,3812,2024-09-15,1.87,1.2238084506767966
Juli,3812,2024-09-16,0.34,0.5723977359468664
Juli,3812,2024-09-17,2.2,2.0690317970698437
Juli,3812,2024-09-18,-0.88,-0.25491216182950904
Juli,3812,2024-09-19,2.37,1.8203537834578951
Juli,3812,2024-09-20,1.33,1.2450459128929519
Juli,3812,2024-09-21,-4.09,-2.536853126210794
Juli,3812,2024-09-22,0.02,0.5350389105795252
Juli,3812,2024-09-23,-1.14,-0.5013872050037576
Juli,3812,2024-09-24,-0.84,-0.25925919501006467
Juli,3812,2024-09-25,-0.23,0.17367252298507913
Juli,3812,2024-09-26,1.8,1.4452733924099166
Juli,3812,2024-09-27,1.43,1.6066204775111548
Juli,3812,2024-09-28,3.5,3.016618862586491
Juli,3812,2024-09-29,5.84,5.142071053094862
Juli,3812,2024-09-30,1.97,2.003925404066785
Juli,3812,2024-10-01,2.3,2.6570579023712853
Juli,3812,2024-10-02,-2.16,-0.6902310542667114
Juli,3812,2024-10-03,-3.58,-1.6370631653917331
Juli,3812,2024-10-04,3.5,2.7288693995791644
Juli,3812,2024-10-05,4.37,3.3191514949231897
Juli,3812,2024-10-06,-1.15,-0.2744957804004282
Juli,3812,2024-10-07,1.15,1.5415594781983804
Juli,3812,2024-10-08,4.97,3.92730996659104
Juli,3812,2024-10-09,5.12,4.329128564663451
Juli,3812,2024-10-10,-1.63,-0.1740903272482892
Juli,3812,2024-10-11,-1.25,0.20203743957854692
Juli,3812,2024-10-12,6.05,4.992104212988808
Juli,3812,2024-10-13,6.16,5.533831179099232
Juli,3812,2024-10-14,6.59,5.587079623093739
Juli,3812,2024-10-15,3.32,3.8022508777288815
Juli,3812,2024-10-16,-0.77,0.9864188451226297
Juli,3812,2024-10-17,1.06,2.4588981070409144
Juli,3812,2024-10-18,0.49,1.7722571481788352
Juli,3812,2024-10-19,2.9,3.3172651521718146
Juli,3812,2024-10-20,3.31,3.6737512545127333
Juli,3812,2024-10-21,3.14,3.082216380812534
Juli,3812,2024-10-22,5.53,4.5554336297391
Juli,3812,2024-10-23,2.6,3.056335006968985
Juli,3812,2024-10-24,2.64,2.7432874030686847
Juli,3812,2024-10-25,3.64,3.4234318430234922
Juli,3812,2024-10-26,3.54,3.589581306855277
Juli,3812,2024-10-27,1.51,2.4228543129000313
Juli,3812,2024-10-28,-0.55,1.1446533652071387
Juli,3812,2024-10-29,3.09,3.326188764838535
Juli,3812,2024-10-30,2.58,3.2309908062667247
Juli,3812,2024-10-31,-2.48,-0.21738734169198337
Juli,3812,2024-11-01,6.78,5.938033611694012
Juli,3812,2024-11-02,6.86,6.48434795066741
Juli,3812,2024-11-03,7.09,6.040618982995461
Juli,3812,2024-11-04,2.52,3.865396133353994
Juli,3812,2024-11-05,3.3,3.5260897927926704
Juli,3812,2024-11-06,1.06,2.1820281184323815
Juli,3812,2024-11-07,2.76,3.452917584241953
Juli,3812,2024-11-08,4.27,4.468381048314709
Juli,3812,2024-11-09,7.02,6.251272180701273
Juli,3812,2024-11-10,3.8,4.159517614227358
Juli,3812,2024-11-11,5.04,5.289860503958403
Juli,3812,2024-11-12,10.47,9.158406948176603
Juli,3812,2024-11-13,0.26,1.6931402323755889
Juli,3812,2024-11-14,9.46,8.057047434191876
Juli,3812,2024-11-15,4.53,5.2457626938650845
Juli,3812,2024-11-16,2.63,3.785317950781602
Juli,3812,2024-11-17,7.35,7.1529026797314526
Juli,3812,2024-11-18,3.28,4.456281850310003
Juli,3812,2024-11-19,9.31,8.579115571348236
Juli,3812,2024-11-20,6.65,6.893810115630908
Juli,3812,2024-11-21,4.89,6.126813030915146
Juli,3812,2024-11-22,7.29,7.754128908315888
Juli,3812,2024-11-23,9.18,9.210669238403806
Juli,3812,2024-11-24,6.92,7.331336033952217
Juli,3812,2024-11-25,4.14,5.239635687755152
Juli,3812,2024-11-26,4.93,5.766935844029584
Juli,3812,2024-11-27,8.16,8.109418719411643
Juli,3812,2024-11-28,4.6,5.4264912869796085
Juli,3812,2024-11-29,14.47,12.126790223438036
Juli,3812,2024-11-30,4.12,5.094185657153621
Juli,3812,2024-12-01,9.3,8.600012852631211
Juli,3812,2024-12-02,6.0,6.567643329365767
Juli,3812,2024-12-03,9.06,8.335310263911833
Juli,3812,2024-12-04,4.45,5.393771610868865
Juli,3812,2024-12-05,1.69,3.7093806140932895
Juli,3812,2024-12-06,6.04,6.499151154960441
Juli,3812,2024-12-07,8.28,7.980996036519381
Juli,3812,2024-12-08,8.14,7.882651671356302
Juli,3812,2024-12-09,10.69,9.701773831028106
Juli,3812,2024-12-10,9.54,8.9539800184446
Juli,3812,2024-12-11,5.51,6.262421196862311
Juli,3812,2024-12-12,4.52,5.604435102842384
Juli,3812,2024-12-13,7.65,7.801684792968567
Juli,3812,2024-12-14,2.49,4.308385482563496
Juli,3812,2024-12-15,5.03,6.095787035316729
Juli,3812,2024-12-16,6.09,7.045514151109301
Juli,3812,2024-12-17,3.21,5.5561704634271845
Juli,3812,2024-12-18,5.31,7.3505641867836555
Juli,3812,2024-12-19,7.01,8.364135859757798
Juli,3812,2024-12-20,7.0,8.187012304965055
Juli,3812,2024-12-21,3.77,5.997439927536444
Juli,3812,2024-12-22,4.86,6.4573256786942
Juli,3812,2024-12-23,4.76,6.521681232506194
Juli,3812,2024-12-24,2.32,4.792497763025754
Juliaca,3824,2024-01-01,13.89,12.773874114014301
Juliaca,3824,2024-01-02,13.16,12.267647758480846
Juliaca,3824,2024-01-03,13.08,12.256784230466648
Juliaca,3824,2024-01-04,11.97,11.284338994654194
Juliaca,3824,2024-01-05,15.78,13.36098084145623
Juliaca,3824,2024-01-06,15.29,13.285435086004613
Juliaca,3824,2024-01-07,11.46,11.107854177916401
Juliaca,3824,2024-01-08,12.69,11.827621841317612
Juliaca,3824,2024-01-09,11.28,10.657435647407388
Juliaca,3824,2024-01-10,18.38,15.367484300474581
Juliaca,3824,2024-01-11,11.54,10.783128299930354
Juliaca,3824,2024-01-12,15.09,13.563268945930929
Juliaca,3824,2024-01-13,18.71,15.810570277648967
Juliaca,3824,2024-01-14,12.8,12.018613564775867
Juliaca,3824,2024-01-15,7.59,8.332823535369185
Juliaca,3824,2024-01-16,15.64,13.150700108432092
Juliaca,3824,2024-01-17,10.62,10.69488694226809
Juliaca,3824,2024-01-18,10.16,9.923126643013907
Juliaca,3824,2024-01-19,16.24,14.21694100755713
Juliaca,3824,2024-01-20,8.51,8.884364662898017
Juliaca,3824,2024-01-21,15.24,12.703733226661395
Juliaca,3824,2024-01-22,11.02,11.024140525446466
Juliaca,3824,2024-01-23,6.86,8.127569169379283
Juliaca,3824,2024-01-24,13.65,12.914774135710859
Juliaca,3824,2024-01-25,5.8,7.3502715923071955
Juliaca,3824,2024-01-26,11.19,10.757186601645932
Juliaca,3824,2024-01-27,7.21,8.27914903730952
Juliaca,3824,2024-01-28,10.43,10.530817393239966
Juliaca,3824,2024-01-29,12.89,12.389762502272255
Juliaca,3824,2024-01-30,12.1,11.640746709253886
Juliaca,3824,2024-01-31,11.47,11.458872157958247
Juliaca,3824,2024-02-01,13.37,12.562025267976924
Juliaca,3824,2024-02-02,10.75,10.919316801114261
Juliaca,3824,2024-02-03,10.08,10.582875768958536
Juliaca,3824,2024-02-04,11.25,11.344076491491993
Juliaca,3824,2024-02-05,8.82,9.689295511419601
Juliaca,3824,2024-02-06,12.53,12.215896456707203
Juliaca,3824,2024-02-07,10.48,10.910577036759637
Juliaca,3824,2024-02-08,12.05,11.617954062874347
Juliaca,3824,2024-02-09,9.68,9.92689112445734
Juliaca,3824,2024-02-10,11.27,11.51630394656242
Juliaca,3824,2024-02-11,11.55,11.539692831656136
Juliaca,3824,2024-02-12,4.71,6.517665747353083
Juliaca,3824,2024-02-13,6.06,7.15756247658452
Juliaca,3824,2024-02-14,8.22,8.732240909677257
Juliaca,3824,2024-02-15,9.21,9.62603020689858
Juliaca,3824,2024-02-16,12.64,12.294581046490492
Juliaca,3824,2024-02-17,10.52,10.428681970205407
Juliaca,3824,2024-02-18,10.6,10.601012295540631
Juliaca,3824,2024-02-19,13.06,12.283797415109548
Juliaca,3824,2024-02-20,12.51,11.999291374917373
Juliaca,3824,2024-02-21,6.45,7.418528079816964
Juliaca,3824,2024-02-22,11.96,11.094752600842558
Juliaca,3824,2024-02-23,9.02,9.026725212689408
Juliaca,3824,2024-02-24,7.31,8.022160226069555
Juliaca,3824,2024-02-25,7.77,8.363885639124783
Juliaca,3824,2024-02-26,6.88,7.555782332421666
Juliaca,3824,2024-02-27,8.65,8.607372851918413
Juliaca,3824,2024-02-28,7.98,7.9361775732050015
Juliaca,3824,2024-02-29,11.11,10.300602540251798
Juliaca,3824,2024-03-01,12.78,11.420981331418744
Juliaca,3824,2024-03-02,6.87,7.822674544315642
Juliaca,3824,2024-03-03,4.54,5.8788198089808725
Juliaca,3824,2024-03-04,9.36,9.029108582819294
Juliaca,3824,2024-03-05,9.95,9.284062186656257
Juliaca,3824,2024-03-06,8.41,8.264853432543806
Juliaca,3824,2024-03-07,3.51,4.979721201207145
Juliaca,3824,2024-03-08,5.27,6.222185811461607
Juliaca,3824,2024-03-09,7.52,7.819854688713195
Juliaca,3824,2024-03-10,5.52,6.331560506268543
Juliaca,3824,2024-03-11,4.46,5.706451772704751
Juliaca,3824,2024-03-12,12.21,11.094237120739306
Juliaca,3824,2024-03-13,4.23,5.462222308946761
Juliaca,3824,2024-03-14,9.65,9.068741831796125
Juliaca,3824,2024-03-15,7.58,7.7760003083945035
Juliaca,3824,2024-03-16,7.97,7.729310062896467
Juliaca,3824,2024-03-17,9.17,8.514350783316994
Juliaca,3824,2024-03-18,4.46,5.2404379302766975
Juliaca,3824,2024-03-19,5.35,5.971668530408378
Juliaca,3824,2024-03-20,7.15,6.994420515642351
Juliaca,3824,2024-03-21,1.24,3.3663217757551003
Juliaca,3824,2024-03-22,9.83,9.011757531191087
Juliaca,3824,2024-03-23,5.91,6.534778885238292
Juliaca,3824,2024-03-24,3.13,4.204876437733928
Juliaca,3824,2024-03-25,8.07,7.920607858847833
Juliaca,3824,2024-03-26,5.44,5.967607127041355
Juliaca,3824,2024-03-27,3.32,5.128318359636114
Juliaca,3824,2024-03-28,7.38,7.75318257231038
Juliaca,3824,2024-03-29,-0.92,1.7925115301217072
Juliaca,3824,2024-03-30,5.89,6.207305044427724
Juliaca,3824,2024-03-31,8.03,8.011528397397496
Juliaca,3824,2024-04-01,2.52,4.1429085743445295
Juliaca,3824,2024-04-02,1.27,3.581636715803958
Juliaca,3824,2024-04-03,5.37,5.645831798409894
Juliaca,3824,2024-04-04,2.51,3.561307682300042
Juliaca,3824,2024-04-05,9.76,8.871152613575163
Juliaca,3824,2024-04-06,2.72,4.1592230484386405
Juliaca,3824,2024-04-07,3.46,4.306722909648467
Juliaca,3824,2024-04-08,5.14,5.827288598033855
Juliaca,3824,2024-04-09,-0.8,1.299616104685308
Juliaca,3824,2024-04-10,3.75,4.122323871221176
Juliaca,3824,2024-04-11,6.31,6.624640710801895
Juliaca,3824,2024-04-12,3.22,3.9937058974070756
Juliaca,3824,2024-04-13,0.42,2.070579796426527
Juliaca,3824,2024-04-14,2.09,3.1923915949882358
Juliaca,3824,2024-04-15,-1.65,0.8799177076919551
Juliaca,3824,2024-04-16,2.34,3.383828876856132
Juliaca,3824,2024-04-17,5.7,5.940327827820167
Juliaca,3824,2024-04-18,1.26,2.9073398582622563
Juliaca,3824,2024-04-19,4.48,4.97329348094622
Juliaca,3824,2024-04-20,-0.99,0.9777382915344791
Juliaca,3824,2024-04-21,7.36,6.6010860272720855
Juliaca,3824,2024-04-22,5.44,4.66952247085443
Juliaca,3824,2024-04-23,1.31,2.45501503347955
Juliaca,3824,2024-04-24,-0.88,0.6098423809510106
Juliaca,3824,2024-04-25,1.12,1.9014030809881928
Juliaca,3824,2024-04-26,3.05,3.391717325795141
Juliaca,3824,2024-04-27,5.02,4.978387680068826
Juliaca,3824,2024-04-28,-3.0,-1.0182421189863167
Juliaca,3824,2024-04-29,5.26,4.760019878662578
Juliaca,3824,2024-04-30,2.82,2.8945473447877026
Juliaca,3824,2024-05-01,-0.8,1.2360084760190606
Juliaca,3824,2024-05-02,-4.33,-1.2921331750568363
Juliaca,3824,2024-05-03,2.34,3.079834715552421
Juliaca,3824,2024-05-04,2.49,2.99941292135305
Juliaca,3824,2024-05-05,0.34,1.4693563655726634
Juliaca,3824,2024-05-06,4.09,4.172306294190273
Juliaca,3824,2024-05-07,6.82,6.404063500549814
Juliaca,3824,2024-05-08,0.69,1.6940456904092633
Juliaca,3824,2024-05-09,-0.2,0.951014699274165
Juliaca,3824,2024-05-10,5.87,5.189017380316457
Juliaca,3824,2024-05-11,0.96,1.357199009141557
Juliaca,3824,2024-05-12,3.12,2.9567057106985084
Juliaca,3824,2024-05-13,-0.06,1.310496735018061
Juliaca,3824,2024-05-14,4.25,4.305682875659899
Juliaca,3824,2024-05-15,-1.79,-0.5606503332607071
Juliaca,3824,2024-05-16,1.67,2.257147322835583
Juliaca,3824,2024-05-17,2.02,2.196966995209622
Juliaca,3824,2024-05-18,0.76,1.721692800184343
Juliaca,3824,2024-05-19,-0.39,0.647112581170652
Juliaca,3824,2024-05-20,5.58,4.276628305958459
Juliaca,3824,2024-05-21,3.07,2.6874246311235397
Juliaca,3824,2024-05-22,-1.14,0.06344985238607392
Juliaca,3824,2024-05-23,-3.71,-1.872663390586562
Juliaca,3824,2024-05-24,4.63,3.5455032493428047
Juliaca,3824,2024-05-25,-1.45,-0.6528289488686914
Juliaca,3824,2024-05-26,1.04,1.4741857386251516
Juliaca,3824,2024-05-27,1.08,1.2061778404603325
Juliaca,3824,2024-05-28,1.53,1.5403370794896176
Juliaca,3824,2024-05-29,-3.45,-2.1932570570783847
Juliaca,3824,2024-05-30,-0.16,0.12130123311990448
Juliaca,3824,2024-05-31,0.63,0.746623363189862
Juliaca,3824,2024-06-01,0.54,0.955611662837993
Juliaca,3824,2024-06-02,2.42,2.1584102725777687
Juliaca,3824,2024-06-03,1.02,0.6222463249601372
Juliaca,3824,2024-06-04,1.75,1.916851785736671
Juliaca,3824,2024-06-05,-0.82,-0.45964709041174723
Juliaca,3824,2024-06-06,4.89,3.32048102774805
Juliaca,3824,2024-06-07,-0.18,-0.4565638251359766
Juliaca,3824,2024-06-08,1.33,0.6392299081367763
Juliaca,3824,2024-06-09,0.75,0.01609460405061236
Juliaca,3824,2024-06-10,1.6,0.9409013744148356
Juliaca,3824,2024-06-11,3.46,2.149950265938369
Juliaca,3824,2024-06-12,-1.65,-1.163205836460922
Juliaca,3824,2024-06-13,2.54,1.6991344567057776
Juliaca,3824,2024-06-14,2.25,1.2502029189004105
Juliaca,3824,2024-06-15,0.82,0.5157799418183715
Juliaca,3824,2024-06-16,0.95,0.8191646665077645
Juliaca,3824,2024-06-17,-2.47,-1.5223156948727008
Juliaca,3824,2024-06-18,-0.43,0.06284224742465666
Juliaca,3824,2024-06-19,-4.33,-2.749836773005879
Juliaca,3824,2024-06-20,-0.33,0.18036052829330906
Juliaca,3824,2024-06-21,0.29,0.46266370654428124
Juliaca,3824,2024-06-22,-3.05,-2.2431919776943046
Juliaca,3824,2024-06-23,1.2,0.9955514247103296
Juliaca,3824,2024-06-24,3.49,2.265506123571092
Juliaca,3824,2024-06-25,1.07,0.6837911643636476
Juliaca,3824,2024-06-26,0.55,0.16755614379359618
Juliaca,3824,2024-06-27,-0.74,-1.0727827408064585
Juliaca,3824,2024-06-28,1.55,0.5283452346162714
Juliaca,3824,2024-06-29,-1.89,-1.514719583836433
Juliaca,3824,2024-06-30,-5.34,-3.8226830044557873
Juliaca,3824,2024-07-01,4.65,2.755763465700675
Juliaca,3824,2024-07-02,3.15,1.5455052025122393
Juliaca,3824,2024-07-03,-1.95,-1.5681226543276425
Juliaca,3824,2024-07-04,-2.83,-2.129977871436625
Juliaca,3824,2024-07-05,1.07,1.0069059241025038
Juliaca,3824,2024-07-06,1.0,0.5382615778579551
Juliaca,3824,2024-07-07,2.91,1.4358556783040581
Juliaca,3824,2024-07-08,0.04,-0.5687115640170113
Juliaca,3824,2024-07-09,3.73,2.3198820982136894
Juliaca,3824,2024-07-10,0.37,-0.7501482278249438
Juliaca,3824,2024-07-11,3.92,2.2770859502273475
Juliaca,3824,2024-07-12,0.54,0.03598518912200538
Juliaca,3824,2024-07-13,-1.12,-1.699960518644438
Juliaca,3824,2024-07-14,0.13,-0.2329347569361112
Juliaca,3824,2024-07-15,2.7,1.607925028720953
Juliaca,3824,2024-07-16,1.96,0.4440595658643285
Juliaca,3824,2024-07-17,1.23,0.18683506839461272
Juliaca,3824,2024-07-18,-1.45,-1.9086170497812898
Juliaca,3824,2024-07-19,1.11,0.005883223931931303
Juliaca,3824,2024-07-20,-0.36,-0.8502460585787599
Juliaca,3824,2024-07-21,-0.36,-0.3711099183693269
Juliaca,3824,2024-07-22,3.83,2.439031048210764
Juliaca,3824,2024-07-23,-0.54,-0.7997545374703766
Juliaca,3824,2024-07-24,-0.6,-0.8029945506775876
Juliaca,3824,2024-07-25,2.28,1.2534382780796605
Juliaca,3824,2024-07-26,-0.69,-0.9810286948706999
Juliaca,3824,2024-07-27,0.31,-0.10286777142349293
Juliaca,3824,2024-07-28,6.59,4.087768250946796
Juliaca,3824,2024-07-29,1.41,0.35519880096790135
Juliaca,3824,2024-07-30,3.57,1.9274960708008817
Juliaca,3824,2024-07-31,8.23,4.860299043716889
Juliaca,3824,2024-08-01,2.52,1.3977316050058968
Juliaca,3824,2024-08-02,3.41,2.0454721018234543
Juliaca,3824,2024-08-03,2.94,2.040513396851358
Juliaca,3824,2024-08-04,1.4,0.4287287544896501
Juliaca,3824,2024-08-05,2.56,1.6342956994600062
Juliaca,3824,2024-08-06,1.94,1.211886620497308
Juliaca,3824,2024-08-07,0.17,-0.016684065485424976
Juliaca,3824,2024-08-08,4.56,2.8222578828391884
Juliaca,3824,2024-08-09,-2.04,-1.5070973509837815
Juliaca,3824,2024-08-10,2.57,1.5766570377862101
Juliaca,3824,2024-08-11,1.95,0.8239089754044904
Juliaca,3824,2024-08-12,0.14,-0.2804961741812768
Juliaca,3824,2024-08-13,4.37,2.7819101906081896
Juliaca,3824,2024-08-14,0.37,-0.3113632019189796
Juliaca,3824,2024-08-15,2.01,0.7194278444040583
Juliaca,3824,2024-08-16,4.91,2.9551246705543908
Juliaca,3824,2024-08-17,-1.62,-1.9612210587488395
Juliaca,3824,2024-08-18,5.98,3.305048239655422
Juliaca,3824,2024-08-19,3.27,1.621996208070052
Juliaca,3824,2024-08-20,2.72,1.6337233375657985
Juliaca,3824,2024-08-21,0.12,0.23292843147242132
Juliaca,3824,2024-08-22,3.87,2.923391829955106
Juliaca,3824,2024-08-23,3.79,1.8417942759818526
Juliaca,3824,2024-08-24,5.22,3.48236754898082
Juliaca,3824,2024-08-25,2.8,1.891054852455949
Juliaca,3824,2024-08-26,1.68,1.4642739086308234
Juliaca,3824,2024-08-27,5.02,3.7965439432327073
Juliaca,3824,2024-08-28,2.89,2.12274601110444
Juliaca,3824,2024-08-29,5.72,4.313078595398296
Juliaca,3824,2024-08-30,1.99,1.421925796221802
Juliaca,3824,2024-08-31,6.65,4.27771762325821
Juliaca,3824,2024-09-01,8.48,5.423322726919469
Juliaca,3824,2024-09-02,4.43,2.619731206901171
Juliaca,3824,2024-09-03,8.31,5.76672583651503
Juliaca,3824,2024-09-04,6.94,4.635085218069418
Juliaca,3824,2024-09-05,5.99,3.893752712767908
Juliaca,3824,2024-09-06,5.23,3.6428783140077363
Juliaca,3824,2024-09-07,4.02,2.5767826198020645
Juliaca,3824,2024-09-08,8.48,5.727217310925461
Juliaca,3824,2024-09-09,8.06,5.66261916315434
Juliaca,3824,2024-09-10,3.04,2.7193148632525177
Juliaca,3824,2024-09-11,6.04,4.514479047248718
Juliaca,3824,2024-09-12,3.83,3.284282104038346
Juliaca,3824,2024-09-13,7.11,5.2598261599319995
Juliaca,3824,2024-09-14,7.85,5.786490586809694
Juliaca,3824,2024-09-15,2.16,1.776143191306241
Juliaca,3824,2024-09-16,5.94,4.14602039705315
Juliaca,3824,2024-09-17,7.34,5.233112725712399
Juliaca,3824,2024-09-18,6.65,4.6478924466078
Juliaca,3824,2024-09-19,10.96,7.629796430528637
Juliaca,3824,2024-09-20,2.62,2.3167163172093805
Juliaca,3824,2024-09-21,10.06,7.065098270169187
Juliaca,3824,2024-09-22,4.57,3.662356962024196
Juliaca,3824,2024-09-23,1.54,1.3807128079062956
Juliaca,3824,2024-09-24,7.82,6.18833935141056
Juliaca,3824,2024-09-25,6.79,5.558902022332714
Juliaca,3824,2024-09-26,7.43,6.157593666383674
Juliaca,3824,2024-09-27,8.63,6.7464256649784335
Juliaca,3824,2024-09-28,8.82,6.988228035757505
Juliaca,3824,2024-09-29,6.28,5.041269017894816
Juliaca,3824,2024-09-30,9.74,7.2218797845530975
Juliaca,3824,2024-10-01,2.78,2.74220939677553
Juliaca,3824,2024-10-02,7.71,5.712264797883561
Juliaca,3824,2024-10-03,10.93,8.536790922438238
Juliaca,3824,2024-10-04,8.94,6.2196028808661055
Juliaca,3824,2024-10-05,8.44,6.547193718253814
Juliaca,3824,2024-10-06,7.53,6.069432452155204
Juliaca,3824,2024-10-07,9.36,7.195335010774741
Juliaca,3824,2024-10-08,7.85,6.243296552461624
Juliaca,3824,2024-10-09,10.23,7.7675409661106185
Juliaca,3824,2024-10-10,7.47,5.802481150908699
Juliaca,3824,2024-10-11,12.69,8.857041144259437
Juliaca,3824,2024-10-12,10.28,7.318857298850929
Juliaca,3824,2024-10-13,13.58,9.6909120192779
Juliaca,3824,2024-10-14,8.14,6.149115818390173
Juliaca,3824,2024-10-15,12.22,9.37756921268075
Juliaca,3824,2024-10-16,6.02,4.665617258730466
Juliaca,3824,2024-10-17,11.06,8.322299708926087
Juliaca,3824,2024-10-18,9.06,6.537580346175772
Juliaca,3824,2024-10-19,9.73,7.589512317726678
Juliaca,3824,2024-10-20,11.36,9.213206932494359
Juliaca,3824,2024-10-21,11.52,9.085093608153711
Juliaca,3824,2024-10-22,11.88,9.315421855576247
Juliaca,3824,2024-10-23,10.73,8.910119372770941
Juliaca,3824,2024-10-24,11.29,9.370671425305341
Juliaca,3824,2024-10-25,9.45,7.891676951087426
Juliaca,3824,2024-10-26,8.46,7.225999419442751
Juliaca,3824,2024-10-27,10.63,8.781385565816668
Juliaca,3824,2024-10-28,4.93,4.895627150273232
Juliaca,3824,2024-10-29,11.43,9.436809596931194
Juliaca,3824,2024-10-30,12.65,10.361636267970354
Juliaca,3824,2024-10-31,12.14,9.97232827683141
Juliaca,3824,2024-11-01,9.12,7.843348326665217
Juliaca,3824,2024-11-02,5.63,5.5089714450096245
Juliaca,3824,2024-11-03,12.46,10.189927475351482
Juliaca,3824,2024-11-04,8.87,8.08453723709014
Juliaca,3824,2024-11-05,7.68,7.335529523911946
Juliaca,3824,2024-11-06,13.32,11.14065565729693
Juliaca,3824,2024-11-07,7.66,7.036069374090306
Juliaca,3824,2024-11-08,10.78,9.289657202633645
Juliaca,3824,2024-11-09,15.7,12.827552818357205
Juliaca,3824,2024-11-10,9.64,8.796546035694071
Juliaca,3824,2024-11-11,8.71,8.257069208719553
Juliaca,3824,2024-11-12,12.65,10.967680613680555
Juliaca,3824,2024-11-13,12.2,10.51897765882244
Juliaca,3824,2024-11-14,7.28,6.952138410884114
Juliaca,3824,2024-11-15,11.59,10.145365039312573
Juliaca,3824,2024-11-16,14.49,12.250265280989833
Juliaca,3824,2024-11-17,15.08,12.324362700135868
Juliaca,3824,2024-11-18,10.94,9.804645905156665
Juliaca,3824,2024-11-19,12.84,11.138044386309907
Juliaca,3824,2024-11-20,13.04,11.219192643972015
Juliaca,3824,2024-11-21,14.22,12.25795232053444
Juliaca,3824,2024-11-22,11.5,10.103543632573933
Juliaca,3824,2024-11-23,15.0,12.590167646128535
Juliaca,3824,2024-11-24,9.96,9.410374892407214
Juliaca,3824,2024-11-25,13.77,12.072899077671211
Juliaca,3824,2024-11-26,9.4,9.123285606599417
Juliaca,3824,2024-11-27,7.48,7.491373553306753
Juliaca,3824,2024-11-28,13.54,11.855097330663847
Juliaca,3824,2024-11-29,19.4,14.620937155523656
Juliaca,3824,2024-11-30,12.85,11.75561678696571
Juliaca,3824,2024-12-01,11.59,10.749950214822007
Juliaca,3824,2024-12-02,15.24,13.374585958305053
Juliaca,3824,2024-12-03,11.04,10.33143809075094
Juliaca,3824,2024-12-04,7.78,7.867915929231909
Juliaca,3824,2024-12-05,14.61,12.449888290705207
Juliaca,3824,2024-12-06,16.2,13.925889580919625
Juliaca,3824,2024-12-07,12.61,11.532131495621071
Juliaca,3824,2024-12-08,13.09,11.669773128143722
Juliaca,3824,2024-12-09,10.78,10.332047749309972
Juliaca,3824,2024-12-10,11.89,10.92484424945853
Juliaca,3824,2024-12-11,12.82,11.620542418143808
Juliaca,3824,2024-12-12,12.38,11.270649957339158
Juliaca,3824,2024-12-13,12.33,11.21146125509505
Juliaca,3824,2024-12-14,4.39,6.013097249953984
Juliaca,3824,2024-12-15,12.67,11.700253060914779
Juliaca,3824,2024-12-16,8.94,9.474809737643236
Juliaca,3824,2024-12-17,13.47,12.350125154695903
Juliaca,3824,2024-12-18,14.91,13.142790187289608
Juliaca,3824,2024-12-19,13.61,12.243882801104627
Juliaca,3824,2024-12-20,9.38,9.55686920082346
Juliaca,3824,2024-12-21,10.17,10.790951379242228
Juliaca,3824,2024-12-22,12.09,11.666998289150548
Juliaca,3824,2024-12-23,14.39,13.092606849408893
Juliaca,3824,2024-12-24,14.74,13.558480785612893
Lampa,3872,2024-01-01,4.82,6.527827339400554
Lampa,3872,2024-01-02,6.25,7.332114718745119
Lampa,3872,2024-01-03,11.68,11.35147573098101
Lampa,3872,2024-01-04,11.41,11.155391192394385
Lampa,3872,2024-01-05,11.44,11.312714259839852
Lampa,3872,2024-01-06,13.79,12.685287178326684
Lampa,3872,2024-01-07,12.51,11.700852976732143
Lampa,3872,2024-01-08,11.19,10.972861735490126
Lampa,3872,2024-01-09,12.83,11.820181844837805
Lampa,3872,2024-01-10,10.86,10.859874809257764
Lampa,3872,2024-01-11,11.79,11.713710732662962
Lampa,3872,2024-01-12,7.02,8.33359469784794
Lampa,3872,2024-01-13,10.35,10.744207111637653
Lampa,3872,2024-01-14,12.83,12.455573508862523
Lampa,3872,2024-01-15,7.05,8.102421228808312
Lampa,3872,2024-01-16,9.79,10.12348965117831
Lampa,3872,2024-01-17,5.62,7.401599821329928
Lampa,3872,2024-01-18,11.16,11.545409235606988
Lampa,3872,2024-01-19,12.83,12.555805482775117
Lampa,3872,2024-01-20,10.62,10.925448628111658
Lampa,3872,2024-01-21,6.95,8.416595880014416
Lampa,3872,2024-01-22,2.9,5.576459465936739
Lampa,3872,2024-01-23,12.88,12.344344537786665
Lampa,3872,2024-01-24,6.31,8.271244983051275
Lampa,3872,2024-01-25,12.2,11.623043901855983
Lampa,3872,2024-01-26,7.63,9.012998193518756
Lampa,3872,2024-01-27,5.55,7.5898575902351695
Lampa,3872,2024-01-28,6.08,8.169787372011982
Lampa,3872,2024-01-29,9.4,10.156297279656233
Lampa,3872,2024-01-30,10.37,10.903763784585628
Lampa,3872,2024-01-31,6.45,8.080906370869153
Lampa,3872,2024-02-01,11.57,11.840759306472671
Lampa,3872,2024-02-02,9.09,10.253360844613013
Lampa,3872,2024-02-03,11.76,11.79061674752424
Lampa,3872,2024-02-04,9.66,10.481714848526567
Lampa,3872,2024-02-05,4.62,7.017397632907459
Lampa,3872,2024-02-06,12.94,12.883458616826472
Lampa,3872,2024-02-07,12.47,12.175080140656679
Lampa,3872,2024-02-08,9.43,10.04103096373958
Lampa,3872,2024-02-09,7.88,8.874345600595973
Lampa,3872,2024-02-10,8.16,9.438709871747346
Lampa,3872,2024-02-11,8.19,9.516610240277323
Lampa,3872,2024-02-12,8.89,10.143889755206613
Lampa,3872,2024-02-13,6.12,7.932091206723434
Lampa,3872,2024-02-14,9.64,10.485586710100044
Lampa,3872,2024-02-15,5.29,7.05416017154356
Lampa,3872,2024-02-16,9.59,10.361821699205194
Lampa,3872,2024-02-17,7.7,9.019438482615957
Lampa,3872,2024-02-18,3.65,6.331431462429837
Lampa,3872,2024-02-19,8.59,9.767245447539162
Lampa,3872,2024-02-20,7.27,9.068425611035691
Lampa,3872,2024-02-21,8.13,8.814053319316194
Lampa,3872,2024-02-22,8.35,9.196970052084119
Lampa,3872,2024-02-23,6.95,8.153594450317037
Lampa,3872,2024-02-24,6.36,8.336664494085092
Lampa,3872,2024-02-25,6.48,7.968933405039344
Lampa,3872,2024-02-26,4.98,6.770404233538834
Lampa,3872,2024-02-27,5.74,7.425439597080556
Lampa,3872,2024-02-28,8.06,7.6854021319143335
Lampa,3872,2024-02-29,5.89,6.607971989861516
Lampa,3872,2024-03-01,6.2,7.076764936481812
Lampa,3872,2024-03-02,9.01,9.139017184681089
Lampa,3872,2024-03-03,9.91,9.472526859767985
Lampa,3872,2024-03-04,5.47,6.892810649520479
Lampa,3872,2024-03-05,5.05,6.176508153330345
Lampa,3872,2024-03-06,3.8,5.359746917211135
Lampa,3872,2024-03-07,5.82,6.659278291499522
Lampa,3872,2024-03-08,5.99,7.315725985202331
Lampa,3872,2024-03-09,5.74,6.9990500716109265
Lampa,3872,2024-03-10,4.09,5.722022713580208
Lampa,3872,2024-03-11,6.99,7.750522756460738
Lampa,3872,2024-03-12,2.78,4.814726295847826
Lampa,3872,2024-03-13,3.19,5.475133931032827
Lampa,3872,2024-03-14,6.48,8.097058993197574
Lampa,3872,2024-03-15,7.14,8.344968421502532
Lampa,3872,2024-03-16,10.96,9.792007631341024
Lampa,3872,2024-03-17,3.2,4.778928817009666
Lampa,3872,2024-03-18,7.07,7.974094036773341
Lampa,3872,2024-03-19,4.6,5.780897805109266
Lampa,3872,2024-03-20,10.23,9.655474950230388
Lampa,3872,2024-03-21,-1.19,1.9162836952287634
Lampa,3872,2024-03-22,4.36,5.539322322468643
Lampa,3872,2024-03-23,4.29,5.208315658901302
Lampa,3872,2024-03-24,2.97,4.565125182816712
Lampa,3872,2024-03-25,2.84,4.38422002897817
Lampa,3872,2024-03-26,6.41,7.1044697275092155
Lampa,3872,2024-03-27,3.73,5.295423681758137
Lampa,3872,2024-03-28,3.97,5.290162875166196
Lampa,3872,2024-03-29,2.63,3.9751507317302
Lampa,3872,2024-03-30,2.58,4.311579367601971
Lampa,3872,2024-03-31,3.15,4.753575395446623
Lampa,3872,2024-04-01,2.97,4.575829957093399
Lampa,3872,2024-04-02,0.9,3.550566695266938
Lampa,3872,2024-04-03,5.36,6.077672719314011
Lampa,3872,2024-04-04,1.68,3.8294958556124143
Lampa,3872,2024-04-05,0.18,2.9984038884050497
Lampa,3872,2024-04-06,2.35,4.563377649906268
Lampa,3872,2024-04-07,5.57,6.265219611385314
Lampa,3872,2024-04-08,0.59,2.9561944939323306
Lampa,3872,2024-04-09,2.55,4.001667465091955
Lampa,3872,2024-04-10,2.12,3.8555067006978767
Lampa,3872,2024-04-11,2.95,4.6310080686834905
Lampa,3872,2024-04-12,-1.2,1.784919331083541
Lampa,3872,2024-04-13,2.27,4.148717650643331
Lampa,3872,2024-04-14,2.72,4.2222514905999295
Lampa,3872,2024-04-15,-1.28,1.239448963899275
Lampa,3872,2024-04-16,3.22,4.283181876520643
Lampa,3872,2024-04-17,0.55,2.1787801300881706
Lampa,3872,2024-04-18,-0.02,1.947827969236702
Lampa,3872,2024-04-19,3.15,4.49692898153147
Lampa,3872,2024-04-20,6.18,5.977564802459087
Lampa,3872,2024-04-21,-4.0,-1.1792479178709847
Lampa,3872,2024-04-22,0.61,2.3427133457747793
Lampa,3872,2024-04-23,-2.24,0.5033553656577079
Lampa,3872,2024-04-24,-1.02,0.9439609157367711
Lampa,3872,2024-04-25,-1.34,0.5810916433076722
Lampa,3872,2024-04-26,2.51,3.2826276207059455
Lampa,3872,2024-04-27,-1.73,0.5211868160593003
Lampa,3872,2024-04-28,3.27,4.194862287478305
Lampa,3872,2024-04-29,-1.33,1.5150479050185062
Lampa,3872,2024-04-30,-1.84,1.0536344697288837
Lampa,3872,2024-05-01,-3.81,-0.3243530127590075
Lampa,3872,2024-05-02,0.52,2.7103597610463988
Lampa,3872,2024-05-03,0.99,3.0418136401203384
Lampa,3872,2024-05-04,2.41,3.496385672804643
Lampa,3872,2024-05-05,-3.13,-0.7259549394894327
Lampa,3872,2024-05-06,1.76,2.6377631682336413
Lampa,3872,2024-05-07,0.79,2.6686404645968493
Lampa,3872,2024-05-08,1.67,2.125871036775018
Lampa,3872,2024-05-09,1.87,2.885535528243476
Lampa,3872,2024-05-10,0.87,1.942153037482706
Lampa,3872,2024-05-11,0.35,1.5498335677140969
Lampa,3872,2024-05-12,-0.66,0.8455892263142676
Lampa,3872,2024-05-13,4.13,4.404482159361538
Lampa,3872,2024-05-14,1.45,2.380096482058513
Lampa,3872,2024-05-15,0.05,1.0370837934191552
Lampa,3872,2024-05-16,-3.79,-1.0744216115675025
Lampa,3872,2024-05-17,-1.06,0.448930527560376
Lampa,3872,2024-05-18,-0.19,1.2316783264015436
Lampa,3872,2024-05-19,-5.71,-2.965076894156913
Lampa,3872,2024-05-20,-1.63,-0.382098352190513
Lampa,3872,2024-05-21,-1.09,0.6641488597604338
Lampa,3872,2024-05-22,-2.01,-0.5876680726062049
Lampa,3872,2024-05-23,0.57,1.3042166869112828
Lampa,3872,2024-05-24,4.71,4.473387817102235
Lampa,3872,2024-05-25,-3.81,-1.576483432950619
Lampa,3872,2024-05-26,-0.34,0.6876977388354686
Lampa,3872,2024-05-27,1.65,1.9679521494165815
Lampa,3872,2024-05-28,1.23,1.98213809957129
Lampa,3872,2024-05-29,-4.82,-3.238055307586206
Lampa,3872,2024-05-30,-1.59,-0.509181469044558
Lampa,3872,2024-05-31,1.98,1.6208719916634546
Lampa,3872,2024-06-01,3.7,2.796652109983777
Lampa,3872,2024-06-02,-0.22,0.3344545969341191
Lampa,3872,2024-06-03,-3.72,-1.969797623975876
Lampa,3872,2024-06-04,0.28,0.8730858085254267
Lampa,3872,2024-06-05,-4.18,-2.3743024438706475
Lampa,3872,2024-06-06,0.86,1.0819011893004673
Lampa,3872,2024-06-07,-0.84,-0.2090338814148922
Lampa,3872,2024-06-08,-0.88,-0.1962217196542816
Lampa,3872,2024-06-09,-2.31,-1.5958148760848736
Lampa,3872,2024-06-10,3.31,2.605650150315768
Lampa,3872,2024-06-11,-0.73,-0.1710167416048486
Lampa,3872,2024-06-12,3.45,2.556341395377715
Lampa,3872,2024-06-13,-0.25,-0.03945974047408274
Lampa,3872,2024-06-14,-4.57,-2.8077354284418727
Lampa,3872,2024-06-15,-2.5,-1.1766800643912203
Lampa,3872,2024-06-16,-1.24,-0.5370960180060285
Lampa,3872,2024-06-17,-2.24,-1.6160477409591663
Lampa,3872,2024-06-18,0.28,0.9179832050876782
Lampa,3872,2024-06-19,-1.47,-0.9407234109696043
Lampa,3872,2024-06-20,-5.63,-3.6778443494585313
Lampa,3872,2024-06-21,-1.9,-0.897205600436622
Lampa,3872,2024-06-22,-3.86,-2.28154937467218
Lampa,3872,2024-06-23,-5.2,-3.181416459053236
Lampa,3872,2024-06-24,0.59,0.993728946838152
Lampa,3872,2024-06-25,0.53,1.0456918312303884
Lampa,3872,2024-06-26,-1.45,-0.8948072894496615
Lampa,3872,2024-06-27,-0.87,-0.5609577714564847
Lampa,3872,2024-06-28,-1.63,-0.9781511917042622
Lampa,3872,2024-06-29,-1.82,-1.1081188310914076
Lampa,3872,2024-06-30,-5.28,-3.5155548538809835
Lampa,3872,2024-07-01,0.03,-0.23220684538550612
Lampa,3872,2024-07-02,-4.73,-3.5718739377818367
Lampa,3872,2024-07-03,-4.16,-2.9686085582346364
Lampa,3872,2024-07-04,-1.0,-0.6670220162814127
Lampa,3872,2024-07-05,1.87,1.6896160813208898
Lampa,3872,2024-07-06,1.42,1.3230140578556975
Lampa,3872,2024-07-07,-0.0,-0.028257271182587668
Lampa,3872,2024-07-08,-4.52,-2.8992139353230497
Lampa,3872,2024-07-09,0.4,0.47860221732986225
Lampa,3872,2024-07-10,0.53,0.6242849350201353
Lampa,3872,2024-07-11,-3.18,-2.1452929446386437
Lampa,3872,2024-07-12,2.95,1.813285865991224
Lampa,3872,2024-07-13,-3.33,-2.5606544887273834
Lampa,3872,2024-07-14,3.59,1.9570129808041359
Lampa,3872,2024-07-15,2.18,1.3960713432796967
Lampa,3872,2024-07-16,-5.09,-3.395671024057842
Lampa,3872,2024-07-17,-1.11,-0.6443693329212983
Lampa,3872,2024-07-18,-2.07,-1.3161386716514678
Lampa,3872,2024-07-19,-1.22,-0.7559393250132189
Lampa,3872,2024-07-20,3.98,3.126465814026198
Lampa,3872,2024-07-21,-0.93,-0.0889814797920595
Lampa,3872,2024-07-22,3.92,2.776265924229033
Lampa,3872,2024-07-23,-1.63,-0.9132114681705892
Lampa,3872,2024-07-24,1.76,0.8493886332374576
Lampa,3872,2024-07-25,1.39,0.9571253862180463
Lampa,3872,2024-07-26,1.72,1.5407063374022827
Lampa,3872,2024-07-27,-3.5,-2.2959538964576045
Lampa,3872,2024-07-28,1.29,0.8718430879527597
Lampa,3872,2024-07-29,0.39,0.14234960508753958
Lampa,3872,2024-07-30,1.42,0.8787173350828921
Lampa,3872,2024-07-31,-4.36,-3.4410002009673493
Lampa,3872,2024-08-01,0.73,0.05782551255126178
Lampa,3872,2024-08-02,-1.26,-0.7904050041299651
Lampa,3872,2024-08-03,3.94,1.9704327898419498
Lampa,3872,2024-08-04,2.18,1.0924732209414652
Lampa,3872,2024-08-05,-2.87,-1.5993114688443193
Lampa,3872,2024-08-06,1.34,1.278627911807395
Lampa,3872,2024-08-07,-0.13,-0.2012021044096475
Lampa,3872,2024-08-08,5.17,3.0329980067675137
Lampa,3872,2024-08-09,0.75,0.05914672226768569
Lampa,3872,2024-08-10,4.02,2.4554152291508347
Lampa,3872,2024-08-11,-2.62,-2.3594588961630714
Lampa,3872,2024-08-12,0.84,-0.032925679151346365
Lampa,3872,2024-08-13,1.12,0.40061349331299323
Lampa,3872,2024-08-14,3.34,2.0750165510151093
Lampa,3872,2024-08-15,2.27,1.3873903569171169
Lampa,3872,2024-08-16,-0.65,-0.48234176682023333
Lampa,3872,2024-08-17,1.84,0.9552051865510256
Lampa,3872,2024-08-18,2.34,1.3227480982769269
Lampa,3872,2024-08-19,0.66,0.5464892886182084
Lampa,3872,2024-08-20,0.56,0.16121446180645488
Lampa,3872,2024-08-21,5.96,3.6594967363204836
Lampa,3872,2024-08-22,-1.79,-1.7736247789484731
Lampa,3872,2024-08-23,0.23,-0.07947256571655498
Lampa,3872,2024-08-24,-0.75,-0.8726294882205957
Lampa,3872,2024-08-25,5.19,3.2354173088365865
Lampa,3872,2024-08-26,-0.63,-0.5260680191213846
Lampa,3872,2024-08-27,1.04,0.7378023376830262
Lampa,3872,2024-08-28,0.65,0.5130095566688129
Lampa,3872,2024-08-29,-1.69,-0.9746508896486747
Lampa,3872,2024-08-30,1.85,1.2761295768440515
Lampa,3872,2024-08-31,4.71,3.26479693119212
Lampa,3872,2024-09-01,5.35,3.4646655795355006
Lampa,3872,2024-09-02,-0.26,-0.27955230494149624
Lampa,3872,2024-09-03,1.62,1.703235510521392
Lampa,3872,2024-09-04,2.42,1.9013770103004635
Lampa,3872,2024-09-05,3.12,2.3715085008255343
Lampa,3872,2024-09-06,1.98,1.3737433795500205
Lampa,3872,2024-09-07,8.17,5.56681471623176
Lampa,3872,2024-09-08,2.17,1.2290156087696062
Lampa,3872,2024-09-09,0.87,0.7374474091696012
Lampa,3872,2024-09-10,5.1,3.7294188537773225
Lampa,3872,2024-09-11,6.99,4.8377067942227665
Lampa,3872,2024-09-12,1.75,1.5644844691938355
Lampa,3872,2024-09-13,7.07,4.9991965514764525
Lampa,3872,2024-09-14,5.95,4.42020312885532
Lampa,3872,2024-09-15,2.5,1.894672580307705
Lampa,3872,2024-09-16,6.62,4.369111042377973
Lampa,3872,2024-09-17,2.01,1.807076663309721
Lampa,3872,2024-09-18,0.56,0.7514327847988107
Lampa,3872,2024-09-19,1.82,1.4782218221752192
Lampa,3872,2024-09-20,5.4,4.2154038159321905
Lampa,3872,2024-09-21,5.51,4.264990711991543
Lampa,3872,2024-09-22,6.5,4.805576316441717
Lampa,3872,2024-09-23,5.1,4.018205559013552
Lampa,3872,2024-09-24,1.87,1.5787943149090065
Lampa,3872,2024-09-25,10.78,7.6464736939688205
Lampa,3872,2024-09-26,3.9,3.5101382637956733
Lampa,3872,2024-09-27,6.64,5.456242370310091
Lampa,3872,2024-09-28,2.66,1.5502587436133246
Lampa,3872,2024-09-29,4.43,4.051120311466327
Lampa,3872,2024-09-30,8.16,5.944395417696065
Lampa,3872,2024-10-01,3.71,3.4625621997278344
Lampa,3872,2024-10-02,8.48,6.309143636067192
Lampa,3872,2024-10-03,6.04,4.881002001589985
Lampa,3872,2024-10-04,5.89,5.038916700677836
Lampa,3872,2024-10-05,5.37,4.619263830599778
Lampa,3872,2024-10-06,6.87,5.960587383380904
Lampa,3872,2024-10-07,9.86,7.813961500923535
Lampa,3872,2024-10-08,7.68,6.349803229413419
Lampa,3872,2024-10-09,4.64,4.162704474111146
Lampa,3872,2024-10-10,12.06,9.19491969292882
Lampa,3872,2024-10-11,5.06,4.670678686826419
Lampa,3872,2024-10-12,9.74,7.63078503747081
Lampa,3872,2024-10-13,-0.2,0.930828822349693
Lampa,3872,2024-10-14,4.03,4.208716360333122
Lampa,3872,2024-10-15,6.76,5.798118004528666
Lampa,3872,2024-10-16,4.07,4.241335719112596
Lampa,3872,2024-10-17,6.91,6.348415090687856
Lampa,3872,2024-10-18,8.94,7.990406307664038
Lampa,3872,2024-10-19,7.57,6.775325566404619
Lampa,3872,2024-10-20,12.06,10.224601901377273
Lampa,3872,2024-10-21,8.92,7.750307924801263
Lampa,3872,2024-10-22,7.1,6.725145563784518
Lampa,3872,2024-10-23,3.88,4.3484408983851495
Lampa,3872,2024-10-24,7.74,6.978485527101685
Lampa,3872,2024-10-25,6.89,6.49649258627208
Lampa,3872,2024-10-26,5.53,5.551800145014127
Lampa,3872,2024-10-27,6.67,6.245011310520569
Lampa,3872,2024-10-28,7.82,7.4345813548329875
Lampa,3872,2024-10-29,6.87,6.260017808556308
Lampa,3872,2024-10-30,13.74,11.267197757262934
Lampa,3872,2024-10-31,8.42,7.601076602789693
Lampa,3872,2024-11-01,6.81,6.2585002910210905
Lampa,3872,2024-11-02,13.62,10.5967437293885
Lampa,3872,2024-11-03,7.3,6.420182884752776
Lampa,3872,2024-11-04,10.99,9.221451037466878
Lampa,3872,2024-11-05,10.58,9.025607474272789
Lampa,3872,2024-11-06,14.27,11.559890656876224
Lampa,3872,2024-11-07,7.89,7.4278435099961895
Lampa,3872,2024-11-08,9.43,8.33115255606965
Lampa,3872,2024-11-09,7.02,6.808321514128459
Lampa,3872,2024-11-10,13.08,10.844483705515902
Lampa,3872,2024-11-11,3.11,4.315060335743992
Lampa,3872,2024-11-12,15.76,12.660626076757168
Lampa,3872,2024-11-13,9.98,8.665663179396915
Lampa,3872,2024-11-14,10.27,8.745402455554098
Lampa,3872,2024-11-15,12.23,10.190056611482804
Lampa,3872,2024-11-16,9.47,8.586612378428637
Lampa,3872,2024-11-17,5.95,6.19658601141588
Lampa,3872,2024-11-18,9.74,8.8105789351502
Lampa,3872,2024-11-19,13.66,11.036420794771136
Lampa,3872,2024-11-20,10.44,9.02914329539431
Lampa,3872,2024-11-21,13.36,11.075819273593586
Lampa,3872,2024-11-22,9.07,8.180297641932949
Lampa,3872,2024-11-23,11.61,9.8926797382644
Lampa,3872,2024-11-24,5.28,5.899135814238002
Lampa,3872,2024-11-25,9.77,9.096394821357816
Lampa,3872,2024-11-26,10.0,9.237783319282844
Lampa,3872,2024-11-27,8.27,8.12643406534011
Lampa,3872,2024-11-28,12.34,10.659043619338764
Lampa,3872,2024-11-29,10.26,9.440039721198536
Lampa,3872,2024-11-30,9.87,9.115978629821345
Lampa,3872,2024-12-01,12.61,11.38473387752838
Lampa,3872,2024-12-02,11.52,10.542898961157704
Lampa,3872,2024-12-03,9.46,8.674750919512956
Lampa,3872,2024-12-04,14.14,11.949726843218464
Lampa,3872,2024-12-05,10.44,9.484803884026421
Lampa,3872,2024-12-06,6.42,6.683520031699647
Lampa,3872,2024-12-07,11.41,10.269102464139772
Lampa,3872,2024-12-08,9.26,8.645027791116043
Lampa,3872,2024-12-09,6.08,6.304566146045046
Lampa,3872,2024-12-10,9.61,9.03288353939206
Lampa,3872,2024-12-11,10.27,9.308761088410442
Lampa,3872,2024-12-12,10.54,9.559787216918448
Lampa,3872,2024-12-13,11.26,10.434572189709376
Lampa,3872,2024-12-14,6.16,7.01184558220427
Lampa,3872,2024-12-15,0.75,3.518575625679108
Lampa,3872,2024-12-16,7.73,8.293177731542073
Lampa,3872,2024-12-17,12.37,11.145140351005967
Lampa,3872,2024-12-18,6.83,8.047191463185799
Lampa,3872,2024-12-19,12.21,11.683647101625082
Lampa,3872,2024-12-20,11.81,11.625946528994199
Lampa,3872,2024-12-21,5.21,6.947272081786362
Lampa,3872,2024-12-22,10.37,10.507968603020963
Lampa,3872,2024-12-23,8.12,8.584551976142553
Lampa,3872,2024-12-24,12.19,11.551994245812677
Macusani,4345,2024-01-01,12.22,11.44025133797885
Macusani,4345,2024-01-02,10.05,9.75056960213665
Macusani,4345,2024-01-03,4.73,6.310993407726358
Macusani,4345,2024-01-04,8.22,8.675157756858331
Macusani,4345,2024-01-05,8.66,8.812352804762925
Macusani,4345,2024-01-06,8.98,9.446318305225647
Macusani,4345,2024-01-07,8.1,9.240209591405419
Macusani,4345,2024-01-08,9.2,10.112926195176527
Macusani,4345,2024-01-09,11.53,11.63156235419282
Macusani,4345,2024-01-10,9.21,9.551862048554252
Macusani,4345,2024-01-11,7.04,7.900288206417514
Macusani,4345,2024-01-12,7.12,8.669645361878981
Macusani,4345,2024-01-13,9.87,10.34251048580079
Macusani,4345,2024-01-14,6.0,7.888203888428192
Macusani,4345,2024-01-15,9.05,9.5039989864361
Macusani,4345,2024-01-16,3.6,6.009984149956359
Macusani,4345,2024-01-17,7.4,8.590825930286387
Macusani,4345,2024-01-18,6.08,8.127551629091062
Macusani,4345,2024-01-19,9.05,9.770800472096052
Macusani,4345,2024-01-20,11.16,10.83400504176565
Macusani,4345,2024-01-21,8.46,9.15760574731236
Macusani,4345,2024-01-22,7.69,8.506827852561525
Macusani,4345,2024-01-23,9.56,9.905527281818117
Macusani,4345,2024-01-24,4.99,6.851387828667728
Macusani,4345,2024-01-25,7.96,9.246844409911008
Macusani,4345,2024-01-26,7.23,8.623890901018461
Macusani,4345,2024-01-27,7.55,8.902951520093541
Macusani,4345,2024-01-28,12.03,11.486224931777112
Macusani,4345,2024-01-29,6.06,7.567255146559928
Macusani,4345,2024-01-30,6.94,8.28427168203584
Macusani,4345,2024-01-31,9.28,9.94067843047544
Macusani,4345,2024-02-01,4.05,6.301090915404651
Macusani,4345,2024-02-02,7.37,8.357813610866657
Macusani,4345,2024-02-03,6.07,7.507844862925765
Macusani,4345,2024-02-04,7.03,8.259058778175174
Macusani,4345,2024-02-05,1.26,4.370292906238287
Macusani,4345,2024-02-06,6.03,7.613749361092955
Macusani,4345,2024-02-07,6.42,7.844530516678082
Macusani,4345,2024-02-08,6.59,7.860196642143485
Macusani,4345,2024-02-09,8.88,9.780615937172179
Macusani,4345,2024-02-10,9.84,9.862748056657741
Macusani,4345,2024-02-11,7.28,8.547337823716749
Macusani,4345,2024-02-12,4.88,6.46928250481292
Macusani,4345,2024-02-13,7.55,8.637267726136493
Macusani,4345,2024-02-14,6.43,8.1038838518443
Macusani,4345,2024-02-15,7.97,9.188767957281534
Macusani,4345,2024-02-16,7.31,8.386614327745043
Macusani,4345,2024-02-17,6.57,7.889071480422541
Macusani,4345,2024-02-18,1.46,4.419673085616797
Macusani,4345,2024-02-19,-1.25,3.059738884799935
Macusani,4345,2024-02-20,7.55,8.924790130264867
Macusani,4345,2024-02-21,2.04,5.0133375745369015
Macusani,4345,2024-02-22,6.01,7.433187086314669
Macusani,4345,2024-02-23,2.81,5.455418036616717
Macusani,4345,2024-02-24,4.98,6.960233776286826
Macusani,4345,2024-02-25,7.89,8.924888108716695
Macusani,4345,2024-02-26,6.46,8.000245147206003
Macusani,4345,2024-02-27,6.7,8.337625716915388
Macusani,4345,2024-02-28,3.94,6.235841287709015
Macusani,4345,2024-02-29,4.52,7.1145908236302615
Macusani,4345,2024-03-01,2.05,5.205980406208023
Macusani,4345,2024-03-02,1.06,4.464391000197565
Macusani,4345,2024-03-03,0.96,4.341916655802327
Macusani,4345,2024-03-04,3.3,5.711806608191107
Macusani,4345,2024-03-05,1.44,4.466612892266192
Macusani,4345,2024-03-06,1.31,4.661275454615023
Macusani,4345,2024-03-07,5.0,6.900489220930651
Macusani,4345,2024-03-08,4.97,7.440499712076522
Macusani,4345,2024-03-09,1.78,4.732010433790826
Macusani,4345,2024-03-10,4.81,6.536225381174132
Macusani,4345,2024-03-11,-0.54,3.6572356847965617
Macusani,4345,2024-03-12,0.73,3.632698346182197
Macusani,4345,2024-03-13,1.32,4.274256462672151
Macusani,4345,2024-03-14,1.05,4.271585638739605
Macusani,4345,2024-03-15,2.07,5.095707535100739
Macusani,4345,2024-03-16,3.26,5.591418326189281
Macusani,4345,2024-03-17,3.0,5.675016537458994
Macusani,4345,2024-03-18,0.36,3.752102000112909
Macusani,4345,2024-03-19,-0.16,3.1586242919995406
Macusani,4345,2024-03-20,-1.46,2.4314343278930677
Macusani,4345,2024-03-21,2.64,4.854024426300195
Macusani,4345,2024-03-22,5.07,6.842216459047999
Macusani,4345,2024-03-23,1.67,4.160694942595704
Macusani,4345,2024-03-24,-0.08,3.311812564790878
Macusani,4345,2024-03-25,3.06,4.980442017364245
Macusani,4345,2024-03-26,2.78,4.446130202397886
Macusani,4345,2024-03-27,1.1,3.5258652951539204
Macusani,4345,2024-03-28,0.89,3.54434011992626
Macusani,4345,2024-03-29,3.24,5.080614152935002
Macusani,4345,2024-03-30,0.65,3.397841593019801
Macusani,4345,2024-03-31,-5.68,-0.7153900541536755
Macusani,4345,2024-04-01,4.62,6.099757408764965
Macusani,4345,2024-04-02,-0.59,3.1889507525018868
Macusani,4345,2024-04-03,4.99,6.221371455859852
Macusani,4345,2024-04-04,-1.37,1.8349721963609402
Macusani,4345,2024-04-05,2.14,3.891356396325733
Macusani,4345,2024-04-06,3.55,4.798413197828784
Macusani,4345,2024-04-07,3.44,5.428581917976059
Macusani,4345,2024-04-08,0.61,3.4346083254927975
Macusani,4345,2024-04-09,-0.87,2.559693795856643
Macusani,4345,2024-04-10,0.2,3.257252065967961
Macusani,4345,2024-04-11,-0.16,2.9676595623469897
Macusani,4345,2024-04-12,-4.14,-0.13644480970298245
Macusani,4345,2024-04-13,-1.31,2.0773318820243087
Macusani,4345,2024-04-14,0.46,3.0303430743171713
Macusani,4345,2024-04-15,2.48,4.247334991543111
Macusani,4345,2024-04-16,1.92,3.803786231980136
Macusani,4345,2024-04-17,1.63,3.6863305530860933
Macusani,4345,2024-04-18,0.71,2.643079633968392
Macusani,4345,2024-04-19,0.02,1.9607712473282695
Macusani,4345,2024-04-20,-4.27,-0.8338377787276108
Macusani,4345,2024-04-21,-6.41,-2.108405539749409
Macusani,4345,2024-04-22,-3.37,-0.012089425213855698
Macusani,4345,2024-04-23,-1.74,1.2701366894863662
Macusani,4345,2024-04-24,-3.19,0.20584815468519535
Macusani,4345,2024-04-25,-4.24,-0.9126420978143472
Macusani,4345,2024-04-26,-2.35,0.6807526627716305
Macusani,4345,2024-04-27,-1.56,0.8065548608152664
Macusani,4345,2024-04-28,-7.07,-2.5689113038813636
Macusani,4345,2024-04-29,-2.99,-0.22133316647122347
Macusani,4345,2024-04-30,-0.72,1.3632967698974805
Macusani,4345,2024-05-01,-0.05,1.712218173205904
Macusani,4345,2024-05-02,-0.49,1.1977197804597832
Macusani,4345,2024-05-03,-0.09,1.9878393151357505
Macusani,4345,2024-05-04,-0.74,1.0583274193099614
Macusani,4345,2024-05-05,-1.07,0.9711971752422602
Macusani,4345,2024-05-06,3.94,3.707899229292093
Macusani,4345,2024-05-07,1.97,2.7236867932805042
Macusani,4345,2024-05-08,-0.86,0.944591503182112
Macusani,4345,2024-05-09,-0.26,1.5586516088011162
Macusani,4345,2024-05-10,-1.79,0.6179756380650878
Macusani,4345,2024-05-11,0.08,1.8071596087979165
Macusani,4345,2024-05-12,-4.83,-1.3082650231653026
Macusani,4345,2024-05-13,-3.32,-0.6993422687446382
Macusani,4345,2024-05-14,-3.89,-0.9111354147856248
Macusani,4345,2024-05-15,-4.31,-1.722277981289709
Macusani,4345,2024-05-16,-3.62,-1.0077674933358214
Macusani,4345,2024-05-17,-1.9,0.16046989832957825
Macusani,4345,2024-05-18,1.09,1.89174927327029
Macusani,4345,2024-05-19,-0.57,1.1488209154912188
Macusani,4345,2024-05-20,-6.2,-2.927897603806568
Macusani,4345,2024-05-21,-2.18,-0.14397262592122217
Macusani,4345,2024-05-22,-2.46,0.40745984307339844
Macusani,4345,2024-05-23,-1.89,-0.024208244251860966
Macusani,4345,2024-05-24,-5.76,-2.647699316465782
Macusani,4345,2024-05-25,-3.46,-1.575102885943506
Macusani,4345,2024-05-26,-2.38,-0.6311806786037994
Macusani,4345,2024-05-27,-6.12,-2.9922630829118475
Macusani,4345,2024-05-28,-3.02,-0.965877962563424
Macusani,4345,2024-05-29,-4.04,-1.1335829001792366
Macusani,4345,2024-05-30,-5.04,-2.725067086861836
Macusani,4345,2024-05-31,-6.53,-2.8946928451577776
Macusani,4345,2024-06-01,-1.19,-0.03159991008176233
Macusani,4345,2024-06-02,-4.56,-2.1026724557266228
Macusani,4345,2024-06-03,-4.8,-3.024193063520303
Macusani,4345,2024-06-04,1.47,1.8034231937822605
Macusani,4345,2024-06-05,-1.16,0.3130115005095614
Macusani,4345,2024-06-06,1.54,2.2841740320381705
Macusani,4345,2024-06-07,-5.37,-3.0610431019994304
Macusani,4345,2024-06-08,-3.03,-2.005887204714047
Macusani,4345,2024-06-09,-8.01,-5.2534807886695765
Macusani,4345,2024-06-10,-5.48,-3.494078654322119
Macusani,4345,2024-06-11,-3.98,-2.5020858733673474
Macusani,4345,2024-06-12,-7.59,-5.150252825405942
Macusani,4345,2024-06-13,-2.14,-1.3558740640830476
Macusani,4345,2024-06-14,-4.63,-2.643453621945855
Macusani,4345,2024-06-15,-5.84,-3.207352948507231
Macusani,4345,2024-06-16,-3.44,-1.6409977555847393
Macusani,4345,2024-06-17,-2.85,-1.6066229555090266
Macusani,4345,2024-06-18,-1.92,-0.9247551366290054
Macusani,4345,2024-06-19,-5.26,-2.9736545333093765
Macusani,4345,2024-06-20,-6.17,-4.1335828151213905
Macusani,4345,2024-06-21,-5.82,-3.6217523005771968
Macusani,4345,2024-06-22,-7.47,-4.607346132664619
Macusani,4345,2024-06-23,-6.61,-3.695183105536418
Macusani,4345,2024-06-24,-1.67,-0.9702691764093814
Macusani,4345,2024-06-25,-7.48,-4.29441037555389
Macusani,4345,2024-06-26,-6.61,-3.7869128119056255
Macusani,4345,2024-06-27,-6.39,-3.82588915067803
Macusani,4345,2024-06-28,-3.06,-1.733550047912455
Macusani,4345,2024-06-29,-2.22,-1.2958255918618609
Macusani,4345,2024-06-30,-3.94,-2.3045276594206228
Macusani,4345,2024-07-01,-2.36,-1.4189542070957029
Macusani,4345,2024-07-02,-5.52,-3.5741563278478417
Macusani,4345,2024-07-03,-1.34,-0.8980609340480444
Macusani,4345,2024-07-04,-3.59,-1.9295408185088996
Macusani,4345,2024-07-05,-2.34,-1.2193889243803524
Macusani,4345,2024-07-06,-3.82,-2.5344487765076686
Macusani,4345,2024-07-07,-0.96,-0.6823111228197482
Macusani,4345,2024-07-08,-0.35,-0.09229297317090329
Macusani,4345,2024-07-09,-4.23,-2.5203758927251796
Macusani,4345,2024-07-10,-4.71,-3.0626863551925925
Macusani,4345,2024-07-11,1.53,1.163168986008766
Macusani,4345,2024-07-12,-0.24,-0.7964377613809974
Macusani,4345,2024-07-13,-5.08,-2.891110307775148
Macusani,4345,2024-07-14,-1.48,-0.4722953599865116
Macusani,4345,2024-07-15,-5.51,-3.5538743075940644
Macusani,4345,2024-07-16,0.7,0.6662961170840015
Macusani,4345,2024-07-17,-4.72,-2.8666934282014034
Macusani,4345,2024-07-18,-6.39,-4.134348635587607
Macusani,4345,2024-07-19,-4.16,-2.1588913742521507
Macusani,4345,2024-07-20,-4.57,-3.3447486802007678
Macusani,4345,2024-07-21,0.47,0.47156976818422186
Macusani,4345,2024-07-22,-0.19,-0.2786017482019823
Macusani,4345,2024-07-23,0.19,0.4691269797444827
Macusani,4345,2024-07-24,-4.02,-2.4362627345070895
Macusani,4345,2024-07-25,-0.92,-0.45135986216783763
Macusani,4345,2024-07-26,-4.81,-2.867154284555856
Macusani,4345,2024-07-27,0.15,0.3798299311531446
Macusani,4345,2024-07-28,-4.52,-3.3909135837113324
Macusani,4345,2024-07-29,-1.52,-0.8879729284835989
Macusani,4345,2024-07-30,-1.75,-0.9539423063358972
Macusani,4345,2024-07-31,-6.38,-4.1663802244877735
Macusani,4345,2024-08-01,1.64,1.3776321755260108
Macusani,4345,2024-08-02,0.65,-0.209212061137525
Macusani,4345,2024-08-03,1.67,0.6930658389192181
Macusani,4345,2024-08-04,-2.38,-2.481259471220171
Macusani,4345,2024-08-05,-0.09,-0.37566841830831
Macusani,4345,2024-08-06,-4.5,-3.40264382934814
Macusani,4345,2024-08-07,-1.86,-1.418000937509481
Macusani,4345,2024-08-08,1.63,0.7293621379889426
Macusani,4345,2024-08-09,0.76,-0.5124912049409206
Macusani,4345,2024-08-10,3.39,1.622669785389807
Macusani,4345,2024-08-11,-2.85,-2.1241994353469895
Macusani,4345,2024-08-12,0.78,-0.023663245505053165
Macusani,4345,2024-08-13,3.18,1.872156126702893
Macusani,4345,2024-08-14,0.14,-0.21956339411478792
Macusani,4345,2024-08-15,-1.42,-1.2169960886084046
Macusani,4345,2024-08-16,-6.25,-4.047470028076989
Macusani,4345,2024-08-17,-1.71,-1.210990842638522
Macusani,4345,2024-08-18,-4.44,-3.0795341265697127
Macusani,4345,2024-08-19,-0.3,-0.3184447231568394
Macusani,4345,2024-08-20,1.92,1.232907254562287
Macusani,4345,2024-08-21,3.12,1.8105554090595564
Macusani,4345,2024-08-22,-0.33,-0.18279834794813027
Macusani,4345,2024-08-23,0.96,0.5068604127395924
Macusani,4345,2024-08-24,3.86,2.548067438005833
Macusani,4345,2024-08-25,3.68,2.6804692655090627
Macusani,4345,2024-08-26,-2.66,-1.652974633811508
Macusani,4345,2024-08-27,-1.05,-0.42858129859959404
Macusani,4345,2024-08-28,4.12,3.1246193554025155
Macusani,4345,2024-08-29,-2.7,-1.5815401127814606
Macusani,4345,2024-08-30,-2.95,-1.6259246348902154
Macusani,4345,2024-08-31,3.08,2.6300839622122716
Macusani,4345,2024-09-01,2.9,2.3395733615027017
Macusani,4345,2024-09-02,4.29,3.229203665619686
Macusani,4345,2024-09-03,6.11,4.428763168725752
Macusani,4345,2024-09-04,2.05,1.7434464376667616
Macusani,4345,2024-09-05,-1.31,-0.5978693400291397
Macusani,4345,2024-09-06,1.12,0.881875437564733
Macusani,4345,2024-09-07,-2.02,-1.4745363061839059
Macusani,4345,2024-09-08,-3.89,-2.522556279027733
Macusani,4345,2024-09-09,3.34,2.1724612924398325
Macusani,4345,2024-09-10,-0.53,-0.15183192482928826
Macusani,4345,2024-09-11,0.09,-0.17424905056481296
Macusani,4345,2024-09-12,1.77,1.2294715672049443
Macusani,4345,2024-09-13,-1.08,-0.5669808749919243
Macusani,4345,2024-09-14,6.32,4.732717119268551
Macusani,4345,2024-09-15,-0.96,-0.9989009845304697
Macusani,4345,2024-09-16,2.75,2.098480991764366
Macusani,4345,2024-09-17,3.36,2.8859889203477835
Macusani,4345,2024-09-18,3.96,3.1785861477718056
Macusani,4345,2024-09-19,1.23,1.3625682882422203
Macusani,4345,2024-09-20,4.13,3.2329213831698635
Macusani,4345,2024-09-21,1.99,1.8376663958471562
Macusani,4345,2024-09-22,0.53,0.8383139478238775
Macusani,4345,2024-09-23,4.78,3.8021941905248817
Macusani,4345,2024-09-24,1.75,1.2863866418281051
Macusani,4345,2024-09-25,7.96,5.977562366380858
Macusani,4345,2024-09-26,5.13,4.442638938215974
Macusani,4345,2024-09-27,7.33,5.663961651434109
Macusani,4345,2024-09-28,2.65,2.3843540809478316
Macusani,4345,2024-09-29,4.59,3.9520218907081404
Macusani,4345,2024-09-30,5.43,4.654784237710314
Macusani,4345,2024-10-01,3.39,2.8732389499407858
Macusani,4345,2024-10-02,5.52,4.563324207160381
Macusani,4345,2024-10-03,6.25,5.627697632888587
Macusani,4345,2024-10-04,4.49,4.815762277948487
Macusani,4345,2024-10-05,4.86,4.579344261117461
Macusani,4345,2024-10-06,5.5,5.133524033557105
Macusani,4345,2024-10-07,3.8,3.9789600640401
Macusani,4345,2024-10-08,6.38,5.337362080336091
Macusani,4345,2024-10-09,6.96,6.056011246526648
Macusani,4345,2024-10-10,9.14,7.059513403715034
Macusani,4345,2024-10-11,2.59,3.0481433440109815
Macusani,4345,2024-10-12,5.86,5.01774418010639
Macusani,4345,2024-10-13,4.85,4.399732279277183
Macusani,4345,2024-10-14,6.16,5.41168493011568
Macusani,4345,2024-10-15,3.65,3.5998286299733095
Macusani,4345,2024-10-16,5.91,5.28637020184295
Macusani,4345,2024-10-17,4.43,4.350069064551427
Macusani,4345,2024-10-18,10.09,8.178866133976356
Macusani,4345,2024-10-19,1.9,2.641980854429379
Macusani,4345,2024-10-20,7.84,7.108631955257252
Macusani,4345,2024-10-21,4.49,4.852391473242516
Macusani,4345,2024-10-22,6.27,5.367637474421551
Macusani,4345,2024-10-23,7.27,6.368512079242399
Macusani,4345,2024-10-24,4.87,4.881192873899295
Macusani,4345,2024-10-25,7.34,6.190528476970448
Macusani,4345,2024-10-26,5.99,5.597756896776492
Macusani,4345,2024-10-27,1.61,2.6543954029824524
Macusani,4345,2024-10-28,4.4,4.4865068362981715
Macusani,4345,2024-10-29,5.84,5.683950621443976
Macusani,4345,2024-10-30,7.79,6.885598128911779
Macusani,4345,2024-10-31,3.63,4.236016060230918
Macusani,4345,2024-11-01,12.1,9.86126723178748
Macusani,4345,2024-11-02,8.0,7.4521607084861134
Macusani,4345,2024-11-03,5.45,5.027700864613712
Macusani,4345,2024-11-04,8.45,7.0202219121080445
Macusani,4345,2024-11-05,7.82,6.729731203788456
Macusani,4345,2024-11-06,4.64,4.323853144124122
Macusani,4345,2024-11-07,2.9,3.697486859841457
Macusani,4345,2024-11-08,8.3,7.094728654487548
Macusani,4345,2024-11-09,7.89,7.338709699726961
Macusani,4345,2024-11-10,3.37,4.166921201457152
Macusani,4345,2024-11-11,6.69,6.033519977568634
Macusani,4345,2024-11-12,10.72,8.69888878103026
Macusani,4345,2024-11-13,14.25,11.445109421134205
Macusani,4345,2024-11-14,12.65,10.611528377845008
Macusani,4345,2024-11-15,10.77,9.36117333944192
Macusani,4345,2024-11-16,6.53,6.661546204682586
Macusani,4345,2024-11-17,13.2,11.313958970905851
Macusani,4345,2024-11-18,7.94,7.6862417406406145
Macusani,4345,2024-11-19,9.45,8.731426218741795
Macusani,4345,2024-11-20,8.38,8.047470077940666
Macusani,4345,2024-11-21,6.78,6.954036104051615
Macusani,4345,2024-11-22,12.25,10.433314017098764
Macusani,4345,2024-11-23,10.78,9.350761774422429
Macusani,4345,2024-11-24,8.12,7.696513936180933
Macusani,4345,2024-11-25,10.77,9.367611969848648
Macusani,4345,2024-11-26,11.82,10.122116656848375
Macusani,4345,2024-11-27,7.84,7.536380417588065
Macusani,4345,2024-11-28,8.44,8.51020748053567
Macusani,4345,2024-11-29,11.11,10.490848908197792
Macusani,4345,2024-11-30,6.65,7.503989612411141
Macusani,4345,2024-12-01,10.04,9.726445927821304
Macusani,4345,2024-12-02,7.76,7.6616926615783125
Macusani,4345,2024-12-03,11.78,10.542853465558494
Macusani,4345,2024-12-04,9.82,9.301050633610359
Macusani,4345,2024-12-05,7.94,7.676111459824829
Macusani,4345,2024-12-06,9.72,9.294756172727077
Macusani,4345,2024-12-07,10.64,9.878913128128985
Macusani,4345,2024-12-08,8.02,7.958275342046201
Macusani,4345,2024-12-09,10.96,10.278506470507708
Macusani,4345,2024-12-10,6.65,7.290587422800141
Macusani,4345,2024-12-11,8.63,8.755808329358839
Macusani,4345,2024-12-12,5.38,6.82490651905402
Macusani,4345,2024-12-13,10.06,9.82731497654865
Macusani,4345,2024-12-14,2.02,4.457000090326865
Macusani,4345,2024-12-15,9.13,9.615858504838638
Macusani,4345,2024-12-16,7.42,8.633501127932584
Macusani,4345,2024-12-17,4.12,5.97750551757215
Macusani,4345,2024-12-18,10.25,9.921130106992344
Macusani,4345,2024-12-19,6.25,7.270201322381626
Macusani,4345,2024-12-20,10.46,10.230826780118225
Macusani,4345,2024-12-21,12.98,11.687407887489984
Macusani,4345,2024-12-22,11.81,10.612956858396958
Macusani,4345,2024-12-23,5.56,6.807714178109331
Macusani,4345,2024-12-24,9.17,9.95973109626345
Mazocruz,3990,2024-01-01,13.17,12.612905807431508
Mazocruz,3990,2024-01-02,7.21,8.225279049514373
Mazocruz,3990,2024-01-03,12.3,11.256447535857342
Mazocruz,3990,2024-01-04,9.89,10.173007151727957
Mazocruz,3990,2024-01-05,15.29,13.93781054636733
Mazocruz,3990,2024-01-06,12.02,12.077343753779559
Mazocruz,3990,2024-01-07,9.37,10.064741161335924
Mazocruz,3990,2024-01-08,9.26,10.350102405234434
Mazocruz,3990,2024-01-09,9.74,10.329500804390188
Mazocruz,3990,2024-01-10,11.19,11.392886585502541
Mazocruz,3990,2024-01-11,10.53,11.209195851667607
Mazocruz,3990,2024-01-12,13.53,13.14554600632526
Mazocruz,3990,2024-01-13,13.44,12.999909727513412
Mazocruz,3990,2024-01-14,10.74,10.6310382185524
Mazocruz,3990,2024-01-15,9.25,9.99328888271966
Mazocruz,3990,2024-01-16,5.88,7.5082664841754445
Mazocruz,3990,2024-01-17,14.11,12.75117374894227
Mazocruz,3990,2024-01-18,13.4,12.956871461721049
Mazocruz,3990,2024-01-19,11.98,12.157470494753507
Mazocruz,3990,2024-01-20,13.18,12.369826197748576
Mazocruz,3990,2024-01-21,8.87,9.077434210327363
Mazocruz,3990,2024-01-22,8.35,9.538356079858055
Mazocruz,3990,2024-01-23,9.36,10.235165282391849
Mazocruz,3990,2024-01-24,8.73,9.384662907911718
Mazocruz,3990,2024-01-25,9.9,10.479112924952371
Mazocruz,3990,2024-01-26,13.8,12.804739151583192
Mazocruz,3990,2024-01-27,10.74,10.628599499800801
Mazocruz,3990,2024-01-28,9.03,10.20342498658514
Mazocruz,3990,2024-01-29,10.66,11.110929867748624
Mazocruz,3990,2024-01-30,7.09,8.869183757536117
Mazocruz,3990,2024-01-31,9.23,10.13206888080854
Mazocruz,3990,2024-02-01,9.14,9.984642066236706
Mazocruz,3990,2024-02-02,12.76,12.91180891325586
Mazocruz,3990,2024-02-03,15.6,13.674567188217004
Mazocruz,3990,2024-02-04,9.78,10.765666902988416
Mazocruz,3990,2024-02-05,4.25,6.77370477504052
Mazocruz,3990,2024-02-06,8.15,9.685641256655348
Mazocruz,3990,2024-02-07,14.16,13.701672580542866
Mazocruz,3990,2024-02-08,13.3,12.925782114386958
Mazocruz,3990,2024-02-09,13.5,12.915898484841954
Mazocruz,3990,2024-02-10,9.42,10.858071191858826
Mazocruz,3990,2024-02-11,8.42,9.586596108998888
Mazocruz,3990,2024-02-12,9.36,10.24013343748541
Mazocruz,3990,2024-02-13,9.15,9.737626077904977
Mazocruz,3990,2024-02-14,7.69,8.768709473349327
Mazocruz,3990,2024-02-15,7.5,8.9793293603889
Mazocruz,3990,2024-02-16,10.79,11.221136283819707
Mazocruz,3990,2024-02-17,8.61,9.53497454134694
Mazocruz,3990,2024-02-18,8.46,9.652526326094439
Mazocruz,3990,2024-02-19,10.42,10.903330260305447
Mazocruz,3990,2024-02-20,11.26,11.364969765617534
Mazocruz,3990,2024-02-21,6.92,8.41220795238713
Mazocruz,3990,2024-02-22,14.13,13.022430067701634
Mazocruz,3990,2024-02-23,9.12,10.28407508909626
Mazocruz,3990,2024-02-24,8.93,9.616846262718527
Mazocruz,3990,2024-02-25,10.99,11.308019630666218
Mazocruz,3990,2024-02-26,10.82,11.492675249582616
Mazocruz,3990,2024-02-27,8.22,9.549475767617963
Mazocruz,3990,2024-02-28,7.92,9.512574341615068
Mazocruz,3990,2024-02-29,9.11,10.32074424667622
Mazocruz,3990,2024-03-01,11.57,11.56755895276279
Mazocruz,3990,2024-03-02,6.32,8.172954116779106
Mazocruz,3990,2024-03-03,7.63,8.710899491434107
Mazocruz,3990,2024-03-04,8.88,9.543463507764379
Mazocruz,3990,2024-03-05,9.26,9.709006819936825
Mazocruz,3990,2024-03-06,7.53,8.425467053389488
Mazocruz,3990,2024-03-07,4.47,6.447746994883703
Mazocruz,3990,2024-03-08,6.39,7.64978836619591
Mazocruz,3990,2024-03-09,5.88,7.645948315242698
Mazocruz,3990,2024-03-10,7.19,8.36351486223202
Mazocruz,3990,2024-03-11,9.15,9.875631060928722
Mazocruz,3990,2024-03-12,11.62,11.203045566873227
Mazocruz,3990,2024-03-13,0.92,4.364194079806101
Mazocruz,3990,2024-03-14,5.12,6.579723381739232
Mazocruz,3990,2024-03-15,3.01,5.120060149285397
Mazocruz,3990,2024-03-16,8.77,9.653448697774625
Mazocruz,3990,2024-03-17,3.48,6.2307999501366265
Mazocruz,3990,2024-03-18,7.06,8.657988437971499
Mazocruz,3990,2024-03-19,8.78,9.675237620962232
Mazocruz,3990,2024-03-20,9.86,10.956943663104852
Mazocruz,3990,2024-03-21,10.34,11.172258356203045
Mazocruz,3990,2024-03-22,4.3,6.726780734129054
Mazocruz,3990,2024-03-23,4.24,5.98696597851535
Mazocruz,3990,2024-03-24,4.69,6.47392161731905
Mazocruz,3990,2024-03-25,7.09,7.866124418752187
Mazocruz,3990,2024-03-26,5.52,7.451745841661493
Mazocruz,3990,2024-03-27,6.7,7.4001535341123965
Mazocruz,3990,2024-03-28,1.01,3.7826681847214334
Mazocruz,3990,2024-03-29,5.8,7.224214569811661
Mazocruz,3990,2024-03-30,3.37,5.512224613080949
Mazocruz,3990,2024-03-31,6.23,7.37021915789699
Mazocruz,3990,2024-04-01,6.22,7.361377437731585
Mazocruz,3990,2024-04-02,8.41,9.178284269453572
Mazocruz,3990,2024-04-03,2.88,4.548221019016383
Mazocruz,3990,2024-04-04,6.43,7.441467550370906
Mazocruz,3990,2024-04-05,5.21,6.7940019613166545
Mazocruz,3990,2024-04-06,3.54,5.3892501158638915
Mazocruz,3990,2024-04-07,5.01,6.435288605691102
Mazocruz,3990,2024-04-08,1.12,3.786441953261639
Mazocruz,3990,2024-04-09,5.73,6.880550981533207
Mazocruz,3990,2024-04-10,0.35,3.2272535451997526
Mazocruz,3990,2024-04-11,3.99,5.896087858311962
Mazocruz,3990,2024-04-12,1.51,3.7331632258767797
Mazocruz,3990,2024-04-13,-0.93,2.3017221485519865
Mazocruz,3990,2024-04-14,0.28,3.014585051372701
Mazocruz,3990,2024-04-15,7.56,7.879356571569993
Mazocruz,3990,2024-04-16,4.28,5.884918182611164
Mazocruz,3990,2024-04-17,2.6,4.507281407059709
Mazocruz,3990,2024-04-18,1.83,3.1358197498633347
Mazocruz,3990,2024-04-19,5.19,5.924275676241547
Mazocruz,3990,2024-04-20,0.2,2.948331137370361
Mazocruz,3990,2024-04-21,2.01,4.024100018126967
Mazocruz,3990,2024-04-22,3.53,4.959732053894905
Mazocruz,3990,2024-04-23,-1.47,1.9096607650228863
Mazocruz,3990,2024-04-24,0.5,3.1684063669640237
Mazocruz,3990,2024-04-25,2.61,4.464392190040864
Mazocruz,3990,2024-04-26,1.97,3.9907688129914183
Mazocruz,3990,2024-04-27,-0.07,2.384933595548349
Mazocruz,3990,2024-04-28,6.69,7.122769123077507
Mazocruz,3990,2024-04-29,0.57,2.1521777882022874
Mazocruz,3990,2024-04-30,6.63,5.391187287736854
Mazocruz,3990,2024-05-01,2.55,3.241769083141214
Mazocruz,3990,2024-05-02,0.43,2.349603788523628
Mazocruz,3990,2024-05-03,-0.37,2.6194453217406686
Mazocruz,3990,2024-05-04,-1.8,0.9497971572062829
Mazocruz,3990,2024-05-05,2.09,3.917052363529386
Mazocruz,3990,2024-05-06,3.86,4.976541868445587
Mazocruz,3990,2024-05-07,-0.64,1.9122943230555212
Mazocruz,3990,2024-05-08,3.73,4.61781046329237
Mazocruz,3990,2024-05-09,5.29,6.313481763540462
Mazocruz,3990,2024-05-10,1.3,3.4475971469159585
Mazocruz,3990,2024-05-11,1.68,3.5752915876251725
Mazocruz,3990,2024-05-12,5.34,5.583394291216418
Mazocruz,3990,2024-05-13,0.76,2.8245279317514913
Mazocruz,3990,2024-05-14,1.85,3.3276387990943617
Mazocruz,3990,2024-05-15,-0.13,1.805820377210525
Mazocruz,3990,2024-05-16,-2.03,0.4016628922072909
Mazocruz,3990,2024-05-17,4.14,4.807550644768846
Mazocruz,3990,2024-05-18,0.06,2.126294561944115
Mazocruz,3990,2024-05-19,3.3,3.662421707486757
Mazocruz,3990,2024-05-20,-0.78,1.0009771900537054
Mazocruz,3990,2024-05-21,1.23,2.5691333227451976
Mazocruz,3990,2024-05-22,0.78,1.6981804459447623
Mazocruz,3990,2024-05-23,-0.84,1.5972788233367927
Mazocruz,3990,2024-05-24,0.47,2.1668797780948137
Mazocruz,3990,2024-05-25,3.35,3.981879185097447
Mazocruz,3990,2024-05-26,2.99,3.901203014337586
Mazocruz,3990,2024-05-27,-0.78,1.261460874311136
Mazocruz,3990,2024-05-28,1.64,2.543345814939861
Mazocruz,3990,2024-05-29,-4.84,-2.2529729444368236
Mazocruz,3990,2024-05-30,3.22,3.5294187887846964
Mazocruz,3990,2024-05-31,-0.3,1.0695074387962882
Mazocruz,3990,2024-06-01,4.66,4.79142864144429
Mazocruz,3990,2024-06-02,0.53,2.0970444339034278
Mazocruz,3990,2024-06-03,-0.39,1.0220226197127964
Mazocruz,3990,2024-06-04,-0.4,0.5414447274779055
Mazocruz,3990,2024-06-05,4.56,4.537392670781676
Mazocruz,3990,2024-06-06,7.1,5.887727839990081
Mazocruz,3990,2024-06-07,1.72,3.0085410333913116
Mazocruz,3990,2024-06-08,1.46,2.0452748382814487
Mazocruz,3990,2024-06-09,2.75,2.998616583808567
Mazocruz,3990,2024-06-10,5.99,4.967679813193361
Mazocruz,3990,2024-06-11,-2.41,-0.5553478087183872
Mazocruz,3990,2024-06-12,-1.02,0.6194697472415139
Mazocruz,3990,2024-06-13,2.06,1.9189149744724343
Mazocruz,3990,2024-06-14,0.38,1.0912363772960225
Mazocruz,3990,2024-06-15,4.33,3.8164759351712574
Mazocruz,3990,2024-06-16,2.31,2.267980279842801
Mazocruz,3990,2024-06-17,0.28,0.9017502076838079
Mazocruz,3990,2024-06-18,0.63,1.1593888785470243
Mazocruz,3990,2024-06-19,-2.18,-0.7953375722854545
Mazocruz,3990,2024-06-20,-4.38,-2.3346243198346444
Mazocruz,3990,2024-06-21,-1.02,-0.21387014557610706
Mazocruz,3990,2024-06-22,3.47,3.287302646729424
Mazocruz,3990,2024-06-23,-2.64,-1.0076115123908722
Mazocruz,3990,2024-06-24,-0.41,0.3182708402588557
Mazocruz,3990,2024-06-25,0.82,1.2688054549690886
Mazocruz,3990,2024-06-26,-3.28,-2.0116279951523506
Mazocruz,3990,2024-06-27,5.75,4.351307259017443
Mazocruz,3990,2024-06-28,2.54,2.103789534640261
Mazocruz,3990,2024-06-29,-3.73,-1.9684751034197303
Mazocruz,3990,2024-06-30,-1.55,-0.8599946861934811
Mazocruz,3990,2024-07-01,2.1,1.5577352317057267
Mazocruz,3990,2024-07-02,2.76,2.0513655868958756
Mazocruz,3990,2024-07-03,-2.3,-1.3232696311365244
Mazocruz,3990,2024-07-04,-1.83,-0.9653511992352459
Mazocruz,3990,2024-07-05,1.85,1.6791123940155028
Mazocruz,3990,2024-07-06,0.39,0.3701932287031503
Mazocruz,3990,2024-07-07,-0.51,-0.012591713301468133
Mazocruz,3990,2024-07-08,-0.25,0.028531370976011702
Mazocruz,3990,2024-07-09,2.79,1.9054209568061042
Mazocruz,3990,2024-07-10,-4.07,-2.5132945714806585
Mazocruz,3990,2024-07-11,-0.24,0.04608675896760683
Mazocruz,3990,2024-07-12,-4.63,-3.2408061802673735
Mazocruz,3990,2024-07-13,-2.4,-1.6764982531077348
Mazocruz,3990,2024-07-14,-1.41,-0.9718259146645167
Mazocruz,3990,2024-07-15,-2.28,-1.4619585810450737
Mazocruz,3990,2024-07-16,6.89,5.216219918132957
Mazocruz,3990,2024-07-17,1.56,0.6676895411889596
Mazocruz,3990,2024-07-18,-1.97,-0.7046389594893776
Mazocruz,3990,2024-07-19,-0.49,-0.06984108018518473
Mazocruz,3990,2024-07-20,-1.55,-0.6716727682179766
Mazocruz,3990,2024-07-21,-1.02,0.10457107575440427
Mazocruz,3990,2024-07-22,1.73,1.2464861099964566
Mazocruz,3990,2024-07-23,-0.07,0.2246310620393423
Mazocruz,3990,2024-07-24,2.66,2.322375341203946
Mazocruz,3990,2024-07-25,-1.25,-0.4814777896284367
Mazocruz,3990,2024-07-26,-1.08,0.3223438926720036
Mazocruz,3990,2024-07-27,0.45,0.5798755136070916
Mazocruz,3990,2024-07-28,-1.28,-0.7249750872351659
Mazocruz,3990,2024-07-29,-0.82,-0.12054930330097591
Mazocruz,3990,2024-07-30,6.1,4.086259033111027
Mazocruz,3990,2024-07-31,4.05,2.93869477435552
Mazocruz,3990,2024-08-01,-2.42,-1.38239342273228
Mazocruz,3990,2024-08-02,6.16,4.110001934704556
Mazocruz,3990,2024-08-03,-4.32,-2.5184047466154067
Mazocruz,3990,2024-08-04,0.44,0.9331973801487927
Mazocruz,3990,2024-08-05,2.72,2.0880148641905
Mazocruz,3990,2024-08-06,1.35,1.1982463064896025
Mazocruz,3990,2024-08-07,4.39,3.112964562325763
Mazocruz,3990,2024-08-08,5.02,3.5184664875682636
Mazocruz,3990,2024-08-09,-0.53,-0.02894725441417656
Mazocruz,3990,2024-08-10,0.88,0.61801762932666
Mazocruz,3990,2024-08-11,2.59,1.9823437443339456
Mazocruz,3990,2024-08-12,-1.03,-0.7339317368392728
Mazocruz,3990,2024-08-13,4.35,2.9456059129109335
Mazocruz,3990,2024-08-14,4.56,2.6746839432921834
Mazocruz,3990,2024-08-15,2.72,1.5952931071301548
Mazocruz,3990,2024-08-16,1.15,0.4437712728499382
Mazocruz,3990,2024-08-17,1.64,0.8270101164886157
Mazocruz,3990,2024-08-18,4.62,3.3344582547864112
Mazocruz,3990,2024-08-19,2.81,1.9658022538073743
Mazocruz,3990,2024-08-20,3.07,2.1108954923460335
Mazocruz,3990,2024-08-21,9.19,6.103545039910448
Mazocruz,3990,2024-08-22,2.67,2.3056965911072598
Mazocruz,3990,2024-08-23,5.64,4.121612259392097
Mazocruz,3990,2024-08-24,5.66,4.052436018178686
Mazocruz,3990,2024-08-25,2.13,1.5512875242738073
Mazocruz,3990,2024-08-26,6.07,4.173945381494564
Mazocruz,3990,2024-08-27,8.64,6.488717284391559
Mazocruz,3990,2024-08-28,1.99,1.7265742574554284
Mazocruz,3990,2024-08-29,4.82,3.2607755508248712
Mazocruz,3990,2024-08-30,4.42,2.782868524811622
Mazocruz,3990,2024-08-31,1.5,0.8026950109365603
Mazocruz,3990,2024-09-01,1.45,0.9485235008613877
Mazocruz,3990,2024-09-02,9.19,5.8913225245754415
Mazocruz,3990,2024-09-03,2.64,1.5661767143900813
Mazocruz,3990,2024-09-04,6.14,4.184729196292354
Mazocruz,3990,2024-09-05,3.33,2.5588231738024447
Mazocruz,3990,2024-09-06,4.37,3.075340197929215
Mazocruz,3990,2024-09-07,5.98,4.169659385036149
Mazocruz,3990,2024-09-08,4.18,2.5611940663548225
Mazocruz,3990,2024-09-09,5.43,3.4925555427190718
Mazocruz,3990,2024-09-10,1.17,0.231552954365567
Mazocruz,3990,2024-09-11,4.83,2.9931823574962007
Mazocruz,3990,2024-09-12,6.0,4.11022372565481
Mazocruz,3990,2024-09-13,3.72,2.4311358137157573
Mazocruz,3990,2024-09-14,6.15,4.463352954386586
Mazocruz,3990,2024-09-15,8.04,5.73950571421416
Mazocruz,3990,2024-09-16,1.76,1.5322831094692773
Mazocruz,3990,2024-09-17,3.89,3.1367661012831762
Mazocruz,3990,2024-09-18,3.99,2.7303286420898547
Mazocruz,3990,2024-09-19,5.12,4.074212270929821
Mazocruz,3990,2024-09-20,7.08,5.598552878801661
Mazocruz,3990,2024-09-21,9.47,6.950900783952938
Mazocruz,3990,2024-09-22,10.43,7.638073821270505
Mazocruz,3990,2024-09-23,8.37,6.084242142214686
Mazocruz,3990,2024-09-24,8.91,6.083759674736151
Mazocruz,3990,2024-09-25,3.88,2.784796693097575
Mazocruz,3990,2024-09-26,5.92,4.388742495496067
Mazocruz,3990,2024-09-27,7.61,5.2196388489678345
Mazocruz,3990,2024-09-28,4.49,3.1508179089373534
Mazocruz,3990,2024-09-29,6.36,4.302055350411373
Mazocruz,3990,2024-09-30,9.01,6.122017965317459
Mazocruz,3990,2024-10-01,4.25,2.9091632330738024
Mazocruz,3990,2024-10-02,7.77,5.4187236406851405
Mazocruz,3990,2024-10-03,7.83,5.410938179617315
Mazocruz,3990,2024-10-04,4.8,3.5657909132532764
Mazocruz,3990,2024-10-05,9.41,6.652566274257
Mazocruz,3990,2024-10-06,9.49,6.628533256146578
Mazocruz,3990,2024-10-07,2.46,2.363123064338403
Mazocruz,3990,2024-10-08,12.01,8.530518736377847
Mazocruz,3990,2024-10-09,6.56,5.1509994622909305
Mazocruz,3990,2024-10-10,3.3,2.6955469279609106
Mazocruz,3990,2024-10-11,10.66,7.946658264036609
Mazocruz,3990,2024-10-12,9.49,7.67122315486916
Mazocruz,3990,2024-10-13,4.59,4.367675953390444
Mazocruz,3990,2024-10-14,8.88,7.502166607537182
Mazocruz,3990,2024-10-15,10.36,8.201585793718927
Mazocruz,3990,2024-10-16,8.97,7.640696439524741
Mazocruz,3990,2024-10-17,9.3,7.681009730992896
Mazocruz,3990,2024-10-18,12.7,10.217019266394471
Mazocruz,3990,2024-10-19,10.69,8.89656732933178
Mazocruz,3990,2024-10-20,7.48,6.584807675674398
Mazocruz,3990,2024-10-21,11.02,8.98110143745971
Mazocruz,3990,2024-10-22,10.04,8.531913013645433
Mazocruz,3990,2024-10-23,9.43,7.974678069968816
Mazocruz,3990,2024-10-24,9.53,7.952229763392368
Mazocruz,3990,2024-10-25,5.33,5.288465274912167
Mazocruz,3990,2024-10-26,8.71,7.615646573512896
Mazocruz,3990,2024-10-27,8.41,7.305900057380665
Mazocruz,3990,2024-10-28,5.87,5.443483764033607
Mazocruz,3990,2024-10-29,9.23,7.332094692473126
Mazocruz,3990,2024-10-30,7.35,6.736342738319671
Mazocruz,3990,2024-10-31,15.36,12.068271124052758
Mazocruz,3990,2024-11-01,13.94,11.057645372763059
Mazocruz,3990,2024-11-02,11.54,8.911887806185533
Mazocruz,3990,2024-11-03,13.58,10.315330559202627
Mazocruz,3990,2024-11-04,8.12,7.2160659279358175
Mazocruz,3990,2024-11-05,7.86,7.095837757918418
Mazocruz,3990,2024-11-06,10.14,8.682985429728841
Mazocruz,3990,2024-11-07,10.65,9.035328923566563
Mazocruz,3990,2024-11-08,11.4,9.600419234148886
Mazocruz,3990,2024-11-09,13.46,11.044851561231445
Mazocruz,3990,2024-11-10,10.74,8.952731049188824
Mazocruz,3990,2024-11-11,7.42,7.112721535700292
Mazocruz,3990,2024-11-12,11.06,9.214848176908653
Mazocruz,3990,2024-11-13,14.08,11.179435362764327
Mazocruz,3990,2024-11-14,14.02,11.766300871445155
Mazocruz,3990,2024-11-15,9.46,8.607356268703912
Mazocruz,3990,2024-11-16,16.01,13.26141927999641
Mazocruz,3990,2024-11-17,14.04,11.658039154469927
Mazocruz,3990,2024-11-18,9.0,8.354832319054807
Mazocruz,3990,2024-11-19,12.51,10.702731655967979
Mazocruz,3990,2024-11-20,10.07,8.936725675165842
Mazocruz,3990,2024-11-21,11.83,9.94359801329153
Mazocruz,3990,2024-11-22,12.6,10.720654006828706
Mazocruz,3990,2024-11-23,11.78,10.2465545515917
Mazocruz,3990,2024-11-24,11.53,9.995759687236735
Mazocruz,3990,2024-11-25,9.03,8.444399137216436
Mazocruz,3990,2024-11-26,12.38,10.757747919836515
Mazocruz,3990,2024-11-27,10.2,9.602810649179224
Mazocruz,3990,2024-11-28,14.07,12.333586767945054
Mazocruz,3990,2024-11-29,14.37,12.280310553269016
Mazocruz,3990,2024-11-30,13.11,11.595878976896053
Mazocruz,3990,2024-12-01,11.53,10.552945856472636
Mazocruz,3990,2024-12-02,11.91,10.61671187620573
Mazocruz,3990,2024-12-03,13.51,12.226823306558803
Mazocruz,3990,2024-12-04,16.02,13.28449117339525
Mazocruz,3990,2024-12-05,18.43,12.034501832885633
Mazocruz,3990,2024-12-06,10.55,10.048085727753683
Mazocruz,3990,2024-12-07,16.1,13.796364334426954
Mazocruz,3990,2024-12-08,12.36,11.243360873005106
Mazocruz,3990,2024-12-09,15.22,13.27685757753841
Mazocruz,3990,2024-12-10,12.39,11.508648785093136
Mazocruz,3990,2024-12-11,10.29,10.019467407838862
Mazocruz,3990,2024-12-12,12.13,11.41474351858325
Mazocruz,3990,2024-12-13,12.87,11.864806274501575
Mazocruz,3990,2024-12-14,11.86,10.635260501607227
Mazocruz,3990,2024-12-15,13.11,11.665549493715114
Mazocruz,3990,2024-12-16,12.82,11.598368980598464
Mazocruz,3990,2024-12-17,9.39,9.175227766858558
Mazocruz,3990,2024-12-18,12.37,11.463835842767903
Mazocruz,3990,2024-12-19,15.72,13.803973977609058
Mazocruz,3990,2024-12-20,14.22,12.620944339427641
Mazocruz,3990,2024-12-21,11.89,10.891932631378985
Mazocruz,3990,2024-12-22,15.55,13.845401011097973
Mazocruz,3990,2024-12-23,11.91,11.837645112153673
Mazocruz,3990,2024-12-24,14.25,13.25722133006916
Puno,3825,2024-01-01,15.46,14.127421771126237
Puno,3825,2024-01-02,13.35,12.583931538155312
Puno,3825,2024-01-03,13.0,12.586590109361499
Puno,3825,2024-01-04,14.7,13.08349277972458
Puno,3825,2024-01-05,11.77,11.025345885164356
Puno,3825,2024-01-06,16.62,14.896404448878327
Puno,3825,2024-01-07,10.72,10.703572414062258
Puno,3825,2024-01-08,14.27,13.226379131556346
Puno,3825,2024-01-09,16.16,14.610915623679237
Puno,3825,2024-01-10,9.07,9.799574448172173
Puno,3825,2024-01-11,11.6,11.224775517173267
Puno,3825,2024-01-12,15.24,13.606673159004998
Puno,3825,2024-01-13,15.2,13.783767345063357
Puno,3825,2024-01-14,11.84,11.340127115405698
Puno,3825,2024-01-15,10.39,11.351024735448298
Puno,3825,2024-01-16,14.58,14.754379379090196
Puno,3825,2024-01-17,15.1,14.809438814748994
Puno,3825,2024-01-18,9.2,10.61039853159705
Puno,3825,2024-01-19,9.07,9.731077440689717
Puno,3825,2024-01-20,12.53,12.56460561319486
Puno,3825,2024-01-21,13.45,12.700351033666013
Puno,3825,2024-01-22,11.06,11.630226782496011
Puno,3825,2024-01-23,13.45,12.96348527477014
Puno,3825,2024-01-24,9.89,10.820751188066907
Puno,3825,2024-01-25,6.34,8.168706569413548
Puno,3825,2024-01-26,10.56,10.98918075493884
Puno,3825,2024-01-27,11.71,11.987954252035003
Puno,3825,2024-01-28,10.8,11.24678291499152
Puno,3825,2024-01-29,8.55,9.988288750248241
Puno,3825,2024-01-30,6.78,9.092162645921274
Puno,3825,2024-01-31,9.96,10.591522098382534
Puno,3825,2024-02-01,13.44,12.931955167765922
Puno,3825,2024-02-02,14.24,13.488512209168633
Puno,3825,2024-02-03,13.96,13.805979200063717
Puno,3825,2024-02-04,8.86,10.04882366393136
Puno,3825,2024-02-05,7.94,9.516542092946278
Puno,3825,2024-02-06,11.96,11.65563904796088
Puno,3825,2024-02-07,12.28,11.639180470101262
Puno,3825,2024-02-08,11.6,11.67376035581668
Puno,3825,2024-02-09,5.45,8.023555931503669
Puno,3825,2024-02-10,8.23,9.413412228438737
Puno,3825,2024-02-11,10.26,10.714783499343639
Puno,3825,2024-02-12,11.47,11.4951967647497
Puno,3825,2024-02-13,12.09,12.215289929662644
Puno,3825,2024-02-14,10.42,11.125762806887211
Puno,3825,2024-02-15,10.84,11.005062397409283
Puno,3825,2024-02-16,10.15,10.37547682261377
Puno,3825,2024-02-17,11.6,11.077783351793649
Puno,3825,2024-02-18,10.58,10.917323526707891
Puno,3825,2024-02-19,9.9,10.359120818398985
Puno,3825,2024-02-20,8.94,9.954928646314276
Puno,3825,2024-02-21,9.71,10.473712977990749
Puno,3825,2024-02-22,10.66,11.109112705993734
Puno,3825,2024-02-23,10.07,10.69189712490984
Puno,3825,2024-02-24,10.22,10.796747768058882
Puno,3825,2024-02-25,12.54,11.818636622503295
Puno,3825,2024-02-26,9.73,10.255550158348877
Puno,3825,2024-02-27,7.33,9.104450661931523
Puno,3825,2024-02-28,11.07,11.539919362369506
Puno,3825,2024-02-29,5.38,7.4677650301922265
Puno,3825,2024-03-01,6.01,8.160656204760162
Puno,3825,2024-03-02,9.44,10.54883098838123
Puno,3825,2024-03-03,9.81,10.887210425789341
Puno,3825,2024-03-04,5.29,7.785626808039894
Puno,3825,2024-03-05,7.36,8.874420367117764
Puno,3825,2024-03-06,6.74,8.823026657573571
Puno,3825,2024-03-07,6.87,8.735589841426098
Puno,3825,2024-03-08,10.37,10.97029136325831
Puno,3825,2024-03-09,9.63,10.232502272753253
Puno,3825,2024-03-10,7.75,8.989549462957699
Puno,3825,2024-03-11,6.31,7.7955660943391205
Puno,3825,2024-03-12,4.16,6.464047629615888
Puno,3825,2024-03-13,11.0,11.113204929908338
Puno,3825,2024-03-14,8.84,9.679716290119925
Puno,3825,2024-03-15,5.46,7.615048224677644
Puno,3825,2024-03-16,8.89,9.57653297349282
Puno,3825,2024-03-17,6.8,8.244422472352902
Puno,3825,2024-03-18,6.12,7.971752073509899
Puno,3825,2024-03-19,7.79,8.92640111074913
Puno,3825,2024-03-20,4.75,6.573330168759516
Puno,3825,2024-03-21,5.61,7.658154645971038
Puno,3825,2024-03-22,6.69,8.204636051353308
Puno,3825,2024-03-23,5.08,6.885101418776258
Puno,3825,2024-03-24,7.89,9.001164440633909
Puno,3825,2024-03-25,10.79,10.785098343847991
Puno,3825,2024-03-26,4.19,6.082523592379516
Puno,3825,2024-03-27,1.78,4.602252032071436
Puno,3825,2024-03-28,0.87,4.156964887225021
Puno,3825,2024-03-29,5.43,6.675563803337118
Puno,3825,2024-03-30,4.07,5.276514680331513
Puno,3825,2024-03-31,6.19,7.6570278281038116
Puno,3825,2024-04-01,5.91,7.663734221912703
Puno,3825,2024-04-02,1.46,4.72493503298751
Puno,3825,2024-04-03,0.86,4.016406186784769
Puno,3825,2024-04-04,6.07,7.227344029393409
Puno,3825,2024-04-05,5.61,6.765995423299977
Puno,3825,2024-04-06,4.11,6.062533118224485
Puno,3825,2024-04-07,0.91,3.764164057419898
Puno,3825,2024-04-08,6.15,7.238763891917969
Puno,3825,2024-04-09,8.08,9.297365556797402
Puno,3825,2024-04-10,5.53,7.642465640203117
Puno,3825,2024-04-11,2.61,5.525574358371356
Puno,3825,2024-04-12,4.76,6.784638692575426
Puno,3825,2024-04-13,1.1,4.2826948047411095
Puno,3825,2024-04-14,7.1,8.165379207688773
Puno,3825,2024-04-15,4.55,6.212488710073419
Puno,3825,2024-04-16,-0.14,3.5515508999886944
Puno,3825,2024-04-17,3.4,6.359823015628702
Puno,3825,2024-04-18,5.26,7.058247692562887
Puno,3825,2024-04-19,3.19,5.297560708278908
Puno,3825,2024-04-20,3.22,5.38341171354538
Puno,3825,2024-04-21,0.79,3.330413233931335
Puno,3825,2024-04-22,5.16,6.438634990110497
Puno,3825,2024-04-23,2.07,4.32300132830119
Puno,3825,2024-04-24,-1.79,2.127257328443786
Puno,3825,2024-04-25,2.54,5.342874564585596
Puno,3825,2024-04-26,5.81,6.7264289294805
Puno,3825,2024-04-27,2.3,4.190081499763455
Puno,3825,2024-04-28,7.58,8.022370285325504
Puno,3825,2024-04-29,4.26,5.78372866316246
Puno,3825,2024-04-30,4.01,5.579492147556243
Puno,3825,2024-05-01,2.82,5.23231694768597
Puno,3825,2024-05-02,2.88,4.549121527806578
Puno,3825,2024-05-03,2.31,4.207150658924208
Puno,3825,2024-05-04,2.14,3.41112686592464
Puno,3825,2024-05-05,4.13,4.956280350506442
Puno,3825,2024-05-06,0.34,2.692282439288285
Puno,3825,2024-05-07,-0.07,2.38345982343748
Puno,3825,2024-05-08,-0.29,2.3064976536418653
Puno,3825,2024-05-09,7.57,7.606874144056013
Puno,3825,2024-05-10,3.78,4.963760055332541
Puno,3825,2024-05-11,3.14,4.340846674950184
Puno,3825,2024-05-12,-0.32,2.2534013600166762
Puno,3825,2024-05-13,3.86,5.178770855130203
Puno,3825,2024-05-14,1.96,3.993254874401692
Puno,3825,2024-05-15,2.74,4.371748389499724
Puno,3825,2024-05-16,-0.3,1.9224417151639086
Puno,3825,2024-05-17,2.49,3.3503442981886873
Puno,3825,2024-05-18,0.95,2.670727891509184
Puno,3825,2024-05-19,0.08,2.2337401986411125
Puno,3825,2024-05-20,3.73,4.480113667866121
Puno,3825,2024-05-21,-1.97,0.107934611499787
Puno,3825,2024-05-22,3.21,3.893664781135926
Puno,3825,2024-05-23,3.49,4.385995775316218
Puno,3825,2024-05-24,-0.47,1.6078735504195265
Puno,3825,2024-05-25,-0.39,1.6109339645154261
Puno,3825,2024-05-26,1.08,2.5461271616501637
Puno,3825,2024-05-27,2.34,3.5551126918511624
Puno,3825,2024-05-28,1.21,2.50562215963079
Puno,3825,2024-05-29,2.66,3.5995617220692
Puno,3825,2024-05-30,5.89,5.320072375409305
Puno,3825,2024-05-31,0.15,1.9552660778017397
Puno,3825,2024-06-01,-2.86,-0.6782575976723475
Puno,3825,2024-06-02,3.46,4.279218322951857
Puno,3825,2024-06-03,5.53,5.290854320486072
Puno,3825,2024-06-04,2.26,3.0110809668137275
Puno,3825,2024-06-05,-1.49,0.4756048445495903
Puno,3825,2024-06-06,0.9,2.0543982718273988
Puno,3825,2024-06-07,-1.61,0.3554285211462651
Puno,3825,2024-06-08,2.78,3.4810410409581136
Puno,3825,2024-06-09,-2.22,-0.28411209071519705
Puno,3825,2024-06-10,0.44,1.8871116645026633
Puno,3825,2024-06-11,-1.31,0.7491776306860232
Puno,3825,2024-06-12,1.52,2.4511044065717926
Puno,3825,2024-06-13,0.32,1.5192277148156257
Puno,3825,2024-06-14,1.66,2.9706264876858337
Puno,3825,2024-06-15,1.24,1.9460168138728289
Puno,3825,2024-06-16,-1.25,0.16971582987579215
Puno,3825,2024-06-17,2.79,2.7440465814312467
Puno,3825,2024-06-18,1.11,2.5415563513789268
Puno,3825,2024-06-19,-1.25,-0.12480643200860242
Puno,3825,2024-06-20,6.82,5.774563290658984
Puno,3825,2024-06-21,2.44,3.1731607059076947
Puno,3825,2024-06-22,0.91,1.335800980715487
Puno,3825,2024-06-23,4.86,4.157179383007478
Puno,3825,2024-06-24,5.97,4.258620619384761
Puno,3825,2024-06-25,1.04,2.124889878750598
Puno,3825,2024-06-26,2.29,2.0680280887932763
Puno,3825,2024-06-27,-1.03,0.27240505792385783
Puno,3825,2024-06-28,1.13,1.6612248332503095
Puno,3825,2024-06-29,1.01,1.4584619540556485
Puno,3825,2024-06-30,2.01,1.8258823704134284
Puno,3825,2024-07-01,2.38,2.0005386135502827
Puno,3825,2024-07-02,2.96,3.0185928915913087
Puno,3825,2024-07-03,2.17,1.9967178724458012
Puno,3825,2024-07-04,-1.44,-0.21584652471473875
Puno,3825,2024-07-05,-0.7,0.1325012322548913
Puno,3825,2024-07-06,0.28,0.3784430962892359
Puno,3825,2024-07-07,0.98,1.3420217304285658
Puno,3825,2024-07-08,4.35,4.013097620677803
Puno,3825,2024-07-09,-1.2,-0.13474896399479075
Puno,3825,2024-07-10,0.85,1.475380049191593
Puno,3825,2024-07-11,4.18,3.327063233093913
Puno,3825,2024-07-12,1.1,0.8909584062864508
Puno,3825,2024-07-13,3.04,2.5799183033224953
Puno,3825,2024-07-14,1.61,1.6000696221095696
Puno,3825,2024-07-15,2.65,2.0529315352418323
Puno,3825,2024-07-16,1.49,1.4347305562248187
Puno,3825,2024-07-17,3.79,2.761790613165887
Puno,3825,2024-07-18,-1.66,-0.7301603617977379
Puno,3825,2024-07-19,1.33,1.1232747017277624
Puno,3825,2024-07-20,3.02,2.2759431758324724
Puno,3825,2024-07-21,3.66,2.5199526910972394
Puno,3825,2024-07-22,6.11,4.476137025211079
Puno,3825,2024-07-23,1.5,1.6041533676633288
Puno,3825,2024-07-24,6.26,4.212271943891566
Puno,3825,2024-07-25,0.94,1.377154170026413
Puno,3825,2024-07-26,5.96,4.570718384314197
Puno,3825,2024-07-27,4.76,3.6579605285828762
Puno,3825,2024-07-28,0.48,0.5324501385716279
Puno,3825,2024-07-29,3.58,2.908922419557589
Puno,3825,2024-07-30,2.79,2.0416179764981113
Puno,3825,2024-07-31,4.54,3.766837504197849
Puno,3825,2024-08-01,2.52,1.9155457192867429
Puno,3825,2024-08-02,2.42,1.9215945982982727
Puno,3825,2024-08-03,6.67,4.745829837087942
Puno,3825,2024-08-04,3.05,2.4070907278929243
Puno,3825,2024-08-05,5.43,3.981391951787238
Puno,3825,2024-08-06,2.85,2.085312875648862
Puno,3825,2024-08-07,7.67,5.410149428803367
Puno,3825,2024-08-08,1.88,1.3787091069280921
Puno,3825,2024-08-09,2.13,1.2312651730825388
Puno,3825,2024-08-10,7.61,5.134905043196781
Puno,3825,2024-08-11,2.79,1.693907912223592
Puno,3825,2024-08-12,8.01,5.071702752079747
Puno,3825,2024-08-13,6.26,4.372882324675958
Puno,3825,2024-08-14,3.75,1.8803431807776154
Puno,3825,2024-08-15,-0.26,-0.16529468681816722
Puno,3825,2024-08-16,4.23,2.4267459752497214
Puno,3825,2024-08-17,4.64,3.118915103267987
Puno,3825,2024-08-18,7.39,4.9508418493979995
Puno,3825,2024-08-19,8.51,5.840331731622901
Puno,3825,2024-08-20,2.95,2.020415298692769
Puno,3825,2024-08-21,6.81,4.8365135627966565
Puno,3825,2024-08-22,6.84,4.543252090523014
Puno,3825,2024-08-23,7.69,5.2388857956232915
Puno,3825,2024-08-24,6.32,4.1415790825505105
Puno,3825,2024-08-25,0.32,-0.10631409440889122
Puno,3825,2024-08-26,4.91,3.0520546606666077
Puno,3825,2024-08-27,2.5,1.4905672118653497
Puno,3825,2024-08-28,4.97,3.417910986091293
Puno,3825,2024-08-29,8.11,5.364917218470312
Puno,3825,2024-08-30,6.56,4.453454135585322
Puno,3825,2024-08-31,8.8,6.458046342362467
Puno,3825,2024-09-01,6.84,5.292457894794152
Puno,3825,2024-09-02,2.82,2.47554738834177
Puno,3825,2024-09-03,-0.14,0.5227349336549114
Puno,3825,2024-09-04,6.61,4.558970400873548
Puno,3825,2024-09-05,5.85,4.056278743886533
Puno,3825,2024-09-06,4.09,2.860429318716047
Puno,3825,2024-09-07,2.37,1.9001484261833546
Puno,3825,2024-09-08,4.94,3.5361784953032678
Puno,3825,2024-09-09,6.39,4.578121397627811
Puno,3825,2024-09-10,8.72,6.460384489224658
Puno,3825,2024-09-11,7.64,5.314917850624358
Puno,3825,2024-09-12,11.31,8.138441731812598
Puno,3825,2024-09-13,4.84,3.7441948180327564
Puno,3825,2024-09-14,9.78,6.717313706313904
Puno,3825,2024-09-15,7.81,5.849711643983729
Puno,3825,2024-09-16,9.53,6.818305368709338
Puno,3825,2024-09-17,6.82,5.160050374144587
Puno,3825,2024-09-18,10.67,7.974221216651577
Puno,3825,2024-09-19,8.83,6.65021562493847
Puno,3825,2024-09-20,6.47,4.272563224763848
Puno,3825,2024-09-21,8.19,5.645973676028365
Puno,3825,2024-09-22,7.72,5.968142696801139
Puno,3825,2024-09-23,9.68,6.949891749597928
Puno,3825,2024-09-24,5.64,4.135919377233175
Puno,3825,2024-09-25,8.61,6.6087068532392275
Puno,3825,2024-09-26,9.83,7.120095061652791
Puno,3825,2024-09-27,9.01,6.978054642886461
Puno,3825,2024-09-28,12.34,9.01868399743273
Puno,3825,2024-09-29,10.94,8.037104368783698
Puno,3825,2024-09-30,9.05,6.974233800640887
Puno,3825,2024-10-01,9.73,7.449228710941418
Puno,3825,2024-10-02,10.01,7.984927149615057
Puno,3825,2024-10-03,10.39,8.020270881061727
Puno,3825,2024-10-04,4.97,4.161990588058497
Puno,3825,2024-10-05,8.84,6.5634270840757925
Puno,3825,2024-10-06,6.0,4.589925029905408
Puno,3825,2024-10-07,13.01,9.13218420238369
Puno,3825,2024-10-08,9.74,6.89812531530435
Puno,3825,2024-10-09,9.54,7.208352782820595
Puno,3825,2024-10-10,12.35,9.084376844735296
Puno,3825,2024-10-11,11.25,8.767909061853969
Puno,3825,2024-10-12,7.52,5.891066124604965
Puno,3825,2024-10-13,10.27,8.20128427740398
Puno,3825,2024-10-14,9.73,7.8467105287589884
Puno,3825,2024-10-15,6.34,5.7307538779249425
Puno,3825,2024-10-16,9.04,7.45926456681931
Puno,3825,2024-10-17,10.44,8.9339159331998
Puno,3825,2024-10-18,10.68,8.943353606190321
Puno,3825,2024-10-19,7.33,6.233375518128445
Puno,3825,2024-10-20,13.99,11.389691329359055
Puno,3825,2024-10-21,10.92,8.722714264984635
Puno,3825,2024-10-22,11.38,9.16957308144315
Puno,3825,2024-10-23,12.38,10.253631546069139
Puno,3825,2024-10-24,9.47,7.528541839660107
Puno,3825,2024-10-25,12.68,10.086411949097839
Puno,3825,2024-10-26,10.69,8.740560766729404
Puno,3825,2024-10-27,9.44,7.7098042385905545
Puno,3825,2024-10-28,13.19,10.090870016362446
Puno,3825,2024-10-29,15.57,11.919963914422016
Puno,3825,2024-10-30,13.74,10.570195624733637
Puno,3825,2024-10-31,14.3,10.676119262344697
Puno,3825,2024-11-01,10.79,8.367263150190151
Puno,3825,2024-11-02,8.16,6.516549287487791
Puno,3825,2024-11-03,15.92,11.914408817323395
Puno,3825,2024-11-04,17.36,12.900626820949542
Puno,3825,2024-11-05,16.17,11.669316519166097
Puno,3825,2024-11-06,11.54,8.970928364459526
Puno,3825,2024-11-07,9.57,8.052739105201969
Puno,3825,2024-11-08,9.88,8.250660270283724
Puno,3825,2024-11-09,8.38,6.991431667576096
Puno,3825,2024-11-10,12.34,9.850770511756048
Puno,3825,2024-11-11,16.68,12.600173503480232
Puno,3825,2024-11-12,12.38,10.019296398172697
Puno,3825,2024-11-13,13.53,10.930581388130216
Puno,3825,2024-11-14,16.31,12.862667673041038
Puno,3825,2024-11-15,11.84,9.542926181640675
Puno,3825,2024-11-16,18.02,13.80718087673471
Puno,3825,2024-11-17,17.99,13.987492388315527
Puno,3825,2024-11-18,12.74,10.19616123789759
Puno,3825,2024-11-19,11.57,9.901627619535851
Puno,3825,2024-11-20,14.84,12.18853136427271
Puno,3825,2024-11-21,12.23,10.347481534221785
Puno,3825,2024-11-22,10.24,8.978232794529097
Puno,3825,2024-11-23,16.36,13.267151404458659
Puno,3825,2024-11-24,16.25,13.23636817244721
Puno,3825,2024-11-25,13.65,11.42047722400932
Puno,3825,2024-11-26,10.17,9.002912124402386
Puno,3825,2024-11-27,10.31,9.29124454179121
Puno,3825,2024-11-28,13.69,11.618233791154278
Puno,3825,2024-11-29,12.21,10.096614469977837
Puno,3825,2024-11-30,12.6,10.936497798286542
Puno,3825,2024-12-01,16.01,13.422184130631095
Puno,3825,2024-12-02,15.34,13.265471354437837
Puno,3825,2024-12-03,17.0,14.201330604354784
Puno,3825,2024-12-04,11.11,10.108650842520008
Puno,3825,2024-12-05,12.74,11.212921221856517
Puno,3825,2024-12-06,15.53,12.898147711307663
Puno,3825,2024-12-07,14.74,12.196275291972054
Puno,3825,2024-12-08,17.49,13.941236130068923
Puno,3825,2024-12-09,14.71,12.573951855571824
Puno,3825,2024-12-10,18.34,14.87919587324625
Puno,3825,2024-12-11,15.03,12.787314935563142
Puno,3825,2024-12-12,16.4,13.490346869025299
Puno,3825,2024-12-13,12.93,11.33062065073332
Puno,3825,2024-12-14,13.76,12.043721639424664
Puno,3825,2024-12-15,16.01,13.322202185794607
Puno,3825,2024-12-16,17.74,14.688083561972036
Puno,3825,2024-12-17,15.53,13.273034598725616
Puno,3825,2024-12-18,13.47,11.873321712070489
Puno,3825,2024-12-19,17.09,14.252555273368403
Puno,3825,2024-12-20,8.17,8.498794726078911
Puno,3825,2024-12-21,10.06,9.911263282395659
Puno,3825,2024-12-22,15.28,13.727652629515049
Puno,3825,2024-12-23,13.56,12.889874117470146
Puno,3825,2024-12-24,15.01,13.592234397852067
Yunguyo,3826,2024-01-01,8.95,9.265870804907543
Yunguyo,3826,2024-01-02,9.47,9.490753215751955
Yunguyo,3826,2024-01-03,10.97,10.83172767619266
Yunguyo,3826,2024-01-04,9.52,9.832250545340118
Yunguyo,3826,2024-01-05,10.85,10.421097203756684
Yunguyo,3826,2024-01-06,6.35,7.840311966647217
Yunguyo,3826,2024-01-07,7.0,8.069404634820925
Yunguyo,3826,2024-01-08,9.08,9.307262883548706
Yunguyo,3826,2024-01-09,9.51,9.436817480790939
Yunguyo,3826,2024-01-10,6.36,7.5083599252927655
Yunguyo,3826,2024-01-11,12.58,11.698751171970281
Yunguyo,3826,2024-01-12,9.54,9.565667187558493
Yunguyo,3826,2024-01-13,11.14,11.20873450401522
Yunguyo,3826,2024-01-14,6.31,7.997509600920186
Yunguyo,3826,2024-01-15,4.98,7.1021934465748195
Yunguyo,3826,2024-01-16,10.94,11.15892241967185
Yunguyo,3826,2024-01-17,13.24,12.663630853232775
Yunguyo,3826,2024-01-18,10.58,11.191936008434066
Yunguyo,3826,2024-01-19,7.51,8.532862767192876
Yunguyo,3826,2024-01-20,8.05,8.476462182911717
Yunguyo,3826,2024-01-21,15.23,14.210276848540806
Yunguyo,3826,2024-01-22,9.55,10.614235859204587
Yunguyo,3826,2024-01-23,8.37,9.763967713952882
Yunguyo,3826,2024-01-24,9.74,10.627887495452395
Yunguyo,3826,2024-01-25,7.24,8.229638010766534
Yunguyo,3826,2024-01-26,10.11,10.719838413813374
Yunguyo,3826,2024-01-27,5.13,7.158802730909873
Yunguyo,3826,2024-01-28,10.13,10.616528152389652
Yunguyo,3826,2024-01-29,8.83,9.451621258906975
Yunguyo,3826,2024-01-30,13.08,12.32718014095265
Yunguyo,3826,2024-01-31,6.11,7.570374081542201
Yunguyo,3826,2024-02-01,5.33,7.337941198267613
Yunguyo,3826,2024-02-02,7.7,9.008793994398047
Yunguyo,3826,2024-02-03,2.53,5.457540526625511
Yunguyo,3826,2024-02-04,11.14,11.430333435684608
Yunguyo,3826,2024-02-05,4.94,7.367542163750556
Yunguyo,3826,2024-02-06,3.41,6.4938753015967645
Yunguyo,3826,2024-02-07,8.6,9.856188319055002
Yunguyo,3826,2024-02-08,6.79,7.698502865822117
Yunguyo,3826,2024-02-09,9.55,9.754854810001827
Yunguyo,3826,2024-02-10,12.18,11.73574950499981
Yunguyo,3826,2024-02-11,6.43,8.088895356836698
Yunguyo,3826,2024-02-12,8.71,9.06216858056403
Yunguyo,3826,2024-02-13,3.82,6.875098666174735
Yunguyo,3826,2024-02-14,8.24,9.623925920431644
Yunguyo,3826,2024-02-15,7.53,9.051942518797214
Yunguyo,3826,2024-02-16,9.62,10.383073288351767
Yunguyo,3826,2024-02-17,3.96,6.874799236380042
Yunguyo,3826,2024-02-18,7.59,9.117449742029265
Yunguyo,3826,2024-02-19,7.87,9.515236656094354
Yunguyo,3826,2024-02-20,4.15,6.564263302131183
Yunguyo,3826,2024-02-21,4.51,7.249116200360909
Yunguyo,3826,2024-02-22,7.4,8.933254665257195
Yunguyo,3826,2024-02-23,6.72,8.098729461938492
Yunguyo,3826,2024-02-24,5.4,7.746546356336052
Yunguyo,3826,2024-02-25,2.38,5.387459032920081
Yunguyo,3826,2024-02-26,1.91,4.99420697344596
Yunguyo,3826,2024-02-27,4.76,7.017976596388052
Yunguyo,3826,2024-02-28,4.14,6.6735663405490415
Yunguyo,3826,2024-02-29,12.97,12.247731665149917
Yunguyo,3826,2024-03-01,4.69,6.818452795724488
Yunguyo,3826,2024-03-02,3.82,6.018841874919227
Yunguyo,3826,2024-03-03,0.15,3.723019381579505
Yunguyo,3826,2024-03-04,3.0,6.043226701871816
Yunguyo,3826,2024-03-05,5.51,7.611411033890491
Yunguyo,3826,2024-03-06,4.17,6.890808221700361
Yunguyo,3826,2024-03-07,5.67,7.888075655918823
Yunguyo,3826,2024-03-08,7.5,8.803287594804488
Yunguyo,3826,2024-03-09,6.08,8.283085937826147
Yunguyo,3826,2024-03-10,1.81,5.171691106263069
Yunguyo,3826,2024-03-11,1.65,5.079715946200873
Yunguyo,3826,2024-03-12,3.14,6.2025786521997865
Yunguyo,3826,2024-03-13,3.68,6.762720210681627
Yunguyo,3826,2024-03-14,3.26,6.602574286188762
Yunguyo,3826,2024-03-15,2.3,5.32673801430056
Yunguyo,3826,2024-03-16,0.07,4.274253766130556
Yunguyo,3826,2024-03-17,7.54,9.040831824666531
Yunguyo,3826,2024-03-18,2.06,5.374448380874682
Yunguyo,3826,2024-03-19,3.48,6.303946041252889
Yunguyo,3826,2024-03-20,3.37,6.537813409014625
Yunguyo,3826,2024-03-21,4.67,7.512488593244321
Yunguyo,3826,2024-03-22,3.66,5.9726257018451605
Yunguyo,3826,2024-03-23,3.37,5.93879756516779
Yunguyo,3826,2024-03-24,6.14,7.910254714364848
Yunguyo,3826,2024-03-25,2.39,5.049814267270937
Yunguyo,3826,2024-03-26,2.38,5.003491403206917
Yunguyo,3826,2024-03-27,2.77,5.44185108731971
Yunguyo,3826,2024-03-28,-0.94,2.867211668560924
Yunguyo,3826,2024-03-29,-1.37,2.884905560016534
Yunguyo,3826,2024-03-30,2.14,5.135194620503094
Yunguyo,3826,2024-03-31,2.71,5.511540889421763
Yunguyo,3826,2024-04-01,2.57,5.61684679520989
Yunguyo,3826,2024-04-02,4.4,7.000495867274273
Yunguyo,3826,2024-04-03,4.62,7.11738872486455
Yunguyo,3826,2024-04-04,-1.44,2.9235574142613228
Yunguyo,3826,2024-04-05,-3.13,1.2068010598359094
Yunguyo,3826,2024-04-06,0.16,3.8298337088960683
Yunguyo,3826,2024-04-07,1.22,4.370288112707489
Yunguyo,3826,2024-04-08,2.3,4.895612076111137
Yunguyo,3826,2024-04-09,1.29,4.443738807602165
Yunguyo,3826,2024-04-10,0.84,4.601166063042213
Yunguyo,3826,2024-04-11,-2.79,1.3872349125033496
Yunguyo,3826,2024-04-12,-0.54,3.6746656953809724
Yunguyo,3826,2024-04-13,-0.23,3.21511921505425
Yunguyo,3826,2024-04-14,6.74,7.796584527296671
Yunguyo,3826,2024-04-15,0.17,3.3930873211339323
Yunguyo,3826,2024-04-16,-2.62,0.9904794730656579
Yunguyo,3826,2024-04-17,0.52,3.6668437876855124
Yunguyo,3826,2024-04-18,-0.58,2.6962100501994355
Yunguyo,3826,2024-04-19,1.71,4.419325855281146
Yunguyo,3826,2024-04-20,-0.89,2.4970347588289057
Yunguyo,3826,2024-04-21,-1.99,1.2207673379828365
Yunguyo,3826,2024-04-22,-2.63,0.7056732430628321
Yunguyo,3826,2024-04-23,1.86,4.136489611778999
Yunguyo,3826,2024-04-24,-4.41,-0.1548883796613505
Yunguyo,3826,2024-04-25,2.61,4.3121763896356375
Yunguyo,3826,2024-04-26,-3.58,0.28897617441033363
Yunguyo,3826,2024-04-27,3.5,4.937777667514099
Yunguyo,3826,2024-04-28,1.55,3.6912507371679597
Yunguyo,3826,2024-04-29,-3.93,0.3795587324768608
Yunguyo,3826,2024-04-30,2.49,4.701101114229889
Yunguyo,3826,2024-05-01,4.58,5.383777434020748
Yunguyo,3826,2024-05-02,2.36,4.169931887870795
Yunguyo,3826,2024-05-03,-2.43,1.0427833466263086
Yunguyo,3826,2024-05-04,0.48,3.0612912237665637
Yunguyo,3826,2024-05-05,0.44,2.8946832484609324
Yunguyo,3826,2024-05-06,2.78,4.30705412915694
Yunguyo,3826,2024-05-07,0.18,3.0696598330353835
Yunguyo,3826,2024-05-08,-5.68,-1.0866411566610705
Yunguyo,3826,2024-05-09,0.83,3.29185546456916
Yunguyo,3826,2024-05-10,-5.93,-1.108992563123853
Yunguyo,3826,2024-05-11,-1.98,1.0301515795249294
Yunguyo,3826,2024-05-12,0.88,3.134206990169887
Yunguyo,3826,2024-05-13,1.11,3.023779901218603
Yunguyo,3826,2024-05-14,-3.16,0.17299290694066327
Yunguyo,3826,2024-05-15,-4.25,-0.7272509004610259
Yunguyo,3826,2024-05-16,1.89,3.563041002704741
Yunguyo,3826,2024-05-17,-0.09,1.8959034779645385
Yunguyo,3826,2024-05-18,-4.94,-1.2021648625032686
Yunguyo,3826,2024-05-19,-4.7,-1.3488834730762016
Yunguyo,3826,2024-05-20,-0.76,1.7547502302585662
Yunguyo,3826,2024-05-21,-4.34,-1.3757627479755845
Yunguyo,3826,2024-05-22,-1.86,0.7247960726509135
Yunguyo,3826,2024-05-23,-8.31,-3.3185177151818266
Yunguyo,3826,2024-05-24,-2.93,0.06460734802399681
Yunguyo,3826,2024-05-25,-2.58,-0.2515087919082224
Yunguyo,3826,2024-05-26,-4.26,-1.1309066801047347
Yunguyo,3826,2024-05-27,-2.65,0.3308844304461358
Yunguyo,3826,2024-05-28,-4.24,-1.225709709541821
Yunguyo,3826,2024-05-29,-3.85,-1.042406623303246
Yunguyo,3826,2024-05-30,0.03,1.4938722403795959
Yunguyo,3826,2024-05-31,0.1,1.9163705259151602
Yunguyo,3826,2024-06-01,-4.84,-1.2239338463487504
Yunguyo,3826,2024-06-02,-3.84,-1.1438275534839821
Yunguyo,3826,2024-06-03,0.07,1.7613934771403137
Yunguyo,3826,2024-06-04,-2.23,0.20038010173603227
Yunguyo,3826,2024-06-05,-4.21,-0.9302849979003303
Yunguyo,3826,2024-06-06,-0.84,1.329832319183037
Yunguyo,3826,2024-06-07,-4.38,-1.4985098430945714
Yunguyo,3826,2024-06-08,-1.44,0.46257970724348185
Yunguyo,3826,2024-06-09,0.1,1.4067226257065124
Yunguyo,3826,2024-06-10,-3.05,-0.6058831448387201
Yunguyo,3826,2024-06-11,-3.43,-0.7064345920687631
Yunguyo,3826,2024-06-12,-0.23,1.2495786384960124
Yunguyo,3826,2024-06-13,2.76,2.81562791991035
Yunguyo,3826,2024-06-14,-2.93,-1.1786521291365384
Yunguyo,3826,2024-06-15,-3.06,-0.8434466992699994
Yunguyo,3826,2024-06-16,-5.17,-2.257601154370417
Yunguyo,3826,2024-06-17,-1.86,0.05272060846435522
Yunguyo,3826,2024-06-18,-3.85,-1.3260714207891913
Yunguyo,3826,2024-06-19,-1.75,0.03378097230994781
Yunguyo,3826,2024-06-20,-1.55,-0.07545691809200994
Yunguyo,3826,2024-06-21,-2.19,-0.061374871781059825
Yunguyo,3826,2024-06-22,-6.07,-2.5482224888814873
Yunguyo,3826,2024-06-23,-1.85,0.8081817720527202
Yunguyo,3826,2024-06-24,-0.32,1.0575921323202229
Yunguyo,3826,2024-06-25,-0.61,0.7921169426187876
Yunguyo,3826,2024-06-26,-1.79,0.242415570161725
Yunguyo,3826,2024-06-27,-7.25,-3.974970203667011
Yunguyo,3826,2024-06-28,-0.05,1.1112485424138867
Yunguyo,3826,2024-06-29,-2.24,-0.4627958212928438
Yunguyo,3826,2024-06-30,0.36,1.1068095950839858
Yunguyo,3826,2024-07-01,0.04,0.7084430615951579
Yunguyo,3826,2024-07-02,-3.3,-0.9655411294233902
Yunguyo,3826,2024-07-03,-1.59,-0.0727998322174237
Yunguyo,3826,2024-07-04,-3.84,-1.7416669512752843
Yunguyo,3826,2024-07-05,-2.16,-0.8889856483705127
Yunguyo,3826,2024-07-06,2.06,2.0458093783511733
Yunguyo,3826,2024-07-07,-6.05,-3.723751471145343
Yunguyo,3826,2024-07-08,-1.99,-0.6631761381372372
Yunguyo,3826,2024-07-09,1.5,1.4967893631725486
Yunguyo,3826,2024-07-10,-0.39,0.011932280510314641
Yunguyo,3826,2024-07-11,-2.18,-0.7368865039853563
Yunguyo,3826,2024-07-12,2.83,2.31509575077676
Yunguyo,3826,2024-07-13,2.36,2.0616499877213768
Yunguyo,3826,2024-07-14,-3.19,-1.5578652096794205
Yunguyo,3826,2024-07-15,-1.62,-0.02803279401613379
Yunguyo,3826,2024-07-16,-3.92,-2.3933904725242487
Yunguyo,3826,2024-07-17,-1.18,-0.42900828989988216
Yunguyo,3826,2024-07-18,-1.01,-0.7492826580217721
Yunguyo,3826,2024-07-19,-0.35,-0.02386829960202358
Yunguyo,3826,2024-07-20,-3.99,-2.276110776267699
Yunguyo,3826,2024-07-21,-2.08,-1.0861044677694995
Yunguyo,3826,2024-07-22,-1.62,-0.5530115531539501
Yunguyo,3826,2024-07-23,1.19,1.1064142618688306
Yunguyo,3826,2024-07-24,1.75,1.639362240884297
Yunguyo,3826,2024-07-25,-2.78,-1.610246477313357
Yunguyo,3826,2024-07-26,4.09,2.7563991535022057
Yunguyo,3826,2024-07-27,-2.16,-1.587295104471146
Yunguyo,3826,2024-07-28,1.0,0.5798516051008131
Yunguyo,3826,2024-07-29,0.77,0.5080513996561163
Yunguyo,3826,2024-07-30,-0.61,0.052870096359130814
Yunguyo,3826,2024-07-31,-0.55,0.332207100170756
Yunguyo,3826,2024-08-01,0.6,1.2387945683005863
Yunguyo,3826,2024-08-02,-0.11,0.20316143084560442
Yunguyo,3826,2024-08-03,3.14,2.268741339966149
Yunguyo,3826,2024-08-04,1.59,1.773865641705058
Yunguyo,3826,2024-08-05,0.22,0.5669961542970148
Yunguyo,3826,2024-08-06,-3.78,-2.0812292446514515
Yunguyo,3826,2024-08-07,1.01,1.089217871971558
Yunguyo,3826,2024-08-08,-0.63,-0.30973474656587074
Yunguyo,3826,2024-08-09,1.79,1.5328559578466627
Yunguyo,3826,2024-08-10,-1.54,-0.8811256609733058
Yunguyo,3826,2024-08-11,-1.75,-1.0691313345335751
Yunguyo,3826,2024-08-12,2.6,2.1901617286851796
Yunguyo,3826,2024-08-13,-1.63,-0.4803898274229148
Yunguyo,3826,2024-08-14,-3.47,-1.4980060839449272
Yunguyo,3826,2024-08-15,0.29,0.8730164356871619
Yunguyo,3826,2024-08-16,0.41,0.917165552518908
Yunguyo,3826,2024-08-17,2.27,1.50268593256162
Yunguyo,3826,2024-08-18,-0.09,0.5931643139326792
Yunguyo,3826,2024-08-19,0.57,0.36206139565711104
Yunguyo,3826,2024-08-20,0.24,0.2888530304559802
Yunguyo,3826,2024-08-21,-1.5,-1.1785036989111008
Yunguyo,3826,2024-08-22,3.36,2.5681160519750224
Yunguyo,3826,2024-08-23,-2.08,-1.33269618498063
Yunguyo,3826,2024-08-24,6.4,4.368832361283822
Yunguyo,3826,2024-08-25,-2.09,-1.544768781207479
Yunguyo,3826,2024-08-26,1.84,1.1794243275330292
Yunguyo,3826,2024-08-27,0.53,0.47259633776197296
Yunguyo,3826,2024-08-28,0.76,0.896755597658385
Yunguyo,3826,2024-08-29,3.89,3.052007078959755
Yunguyo,3826,2024-08-30,3.64,2.96088785031084
Yunguyo,3826,2024-08-31,0.2,0.4638419342744594
Yunguyo,3826,2024-09-01,4.48,3.6477996891872326
Yunguyo,3826,2024-09-02,-0.09,0.3990082398455653
Yunguyo,3826,2024-09-03,-2.48,-1.219414310770417
Yunguyo,3826,2024-09-04,1.9,2.2569154575280796
Yunguyo,3826,2024-09-05,3.88,3.334859712341933
Yunguyo,3826,2024-09-06,3.24,2.886890002573236
Yunguyo,3826,2024-09-07,5.64,4.326100124322972
Yunguyo,3826,2024-09-08,-0.19,0.1412066979061165
Yunguyo,3826,2024-09-09,7.39,4.629315439726865
Yunguyo,3826,2024-09-10,6.36,4.858578895390583
Yunguyo,3826,2024-09-11,2.09,2.363378189518511
Yunguyo,3826,2024-09-12,5.17,3.7591177555146844
Yunguyo,3826,2024-09-13,5.56,4.115811112804536
Yunguyo,3826,2024-09-14,5.77,4.497147832744953
Yunguyo,3826,2024-09-15,7.37,5.384004669705579
Yunguyo,3826,2024-09-16,10.81,7.675168402486616
Yunguyo,3826,2024-09-17,7.3,4.997282127453005
Yunguyo,3826,2024-09-18,5.92,4.451542378344799
Yunguyo,3826,2024-09-19,11.78,8.274904482525528
Yunguyo,3826,2024-09-20,5.58,4.142927325166313
Yunguyo,3826,2024-09-21,5.2,3.9238274874135755
Yunguyo,3826,2024-09-22,10.91,8.032947393184026
Yunguyo,3826,2024-09-23,5.9,4.742299488385466
Yunguyo,3826,2024-09-24,5.82,4.395003524458524
Yunguyo,3826,2024-09-25,9.42,6.917825370526186
Yunguyo,3826,2024-09-26,4.58,3.6169509011828453
Yunguyo,3826,2024-09-27,8.58,6.159556538159851
Yunguyo,3826,2024-09-28,2.8,1.677206570658974
Yunguyo,3826,2024-09-29,8.52,6.1259665907749845
Yunguyo,3826,2024-09-30,7.28,5.070175662980319
Yunguyo,3826,2024-10-01,6.02,4.301111890334099
Yunguyo,3826,2024-10-02,6.29,4.250975326301022
Yunguyo,3826,2024-10-03,5.44,3.7144426752083417
Yunguyo,3826,2024-10-04,7.7,5.644252527248464
Yunguyo,3826,2024-10-05,8.03,6.032725801718976
Yunguyo,3826,2024-10-06,4.19,3.0375191229549725
Yunguyo,3826,2024-10-07,9.61,7.202500520242072
Yunguyo,3826,2024-10-08,4.43,3.089158902867835
Yunguyo,3826,2024-10-09,6.9,5.802094589373706
Yunguyo,3826,2024-10-10,11.08,8.238320573164014
Yunguyo,3826,2024-10-11,8.59,6.592215090940939
Yunguyo,3826,2024-10-12,8.59,6.639797237260913
Yunguyo,3826,2024-10-13,7.5,5.575321239076182
Yunguyo,3826,2024-10-14,7.42,5.91636691947229
Yunguyo,3826,2024-10-15,11.97,8.619828404198074
Yunguyo,3826,2024-10-16,11.62,8.577642222395575
Yunguyo,3826,2024-10-17,4.24,4.044980416512973
Yunguyo,3826,2024-10-18,7.84,6.640848083990257
Yunguyo,3826,2024-10-19,7.88,6.396185945901968
Yunguyo,3826,2024-10-20,8.22,6.7807509576191585
Yunguyo,3826,2024-10-21,8.53,7.103722621059688
Yunguyo,3826,2024-10-22,4.99,4.860509931633877
Yunguyo,3826,2024-10-23,6.11,6.037574368428431
Yunguyo,3826,2024-10-24,10.18,8.476294369853859
Yunguyo,3826,2024-10-25,6.85,6.00315720500488
Yunguyo,3826,2024-10-26,11.4,8.992739639969678
Yunguyo,3826,2024-10-27,9.84,7.479117123854081
Yunguyo,3826,2024-10-28,6.75,5.819299431013677
Yunguyo,3826,2024-10-29,12.03,9.768998105779213
Yunguyo,3826,2024-10-30,7.83,6.371336325803398
Yunguyo,3826,2024-10-31,10.82,8.973201060896912
Yunguyo,3826,2024-11-01,9.67,7.672196604368803
Yunguyo,3826,2024-11-02,6.22,5.651836962545941
Yunguyo,3826,2024-11-03,7.95,6.663867766550476
Yunguyo,3826,2024-11-04,9.46,7.550915597176438
Yunguyo,3826,2024-11-05,7.59,6.51447402921664
Yunguyo,3826,2024-11-06,13.24,10.801504451875253
Yunguyo,3826,2024-11-07,10.9,9.416211420862911
Yunguyo,3826,2024-11-08,5.12,5.1030569036382305
Yunguyo,3826,2024-11-09,6.4,5.935572416815766
Yunguyo,3826,2024-11-10,8.48,7.411387194806206
Yunguyo,3826,2024-11-11,9.64,8.279195711299387
Yunguyo,3826,2024-11-12,8.11,6.961605996520305
Yunguyo,3826,2024-11-13,14.74,11.07709466615297
Yunguyo,3826,2024-11-14,8.44,7.396087304074594
Yunguyo,3826,2024-11-15,12.86,10.352944839441378
Yunguyo,3826,2024-11-16,7.77,6.610330579247058
Yunguyo,3826,2024-11-17,8.65,7.36009192747093
Yunguyo,3826,2024-11-18,10.35,8.84842341297819
Yunguyo,3826,2024-11-19,10.16,8.397526480558222
Yunguyo,3826,2024-11-20,6.85,6.307337622642688
Yunguyo,3826,2024-11-21,10.6,8.915588774809372
Yunguyo,3826,2024-11-22,8.25,7.866308944946519
Yunguyo,3826,2024-11-23,7.35,7.09892341177337
Yunguyo,3826,2024-11-24,9.69,8.781770576972733
Yunguyo,3826,2024-11-25,7.73,7.5446384498015995
Yunguyo,3826,2024-11-26,11.16,10.175780512841715
Yunguyo,3826,2024-11-27,8.56,7.79089892749101
Yunguyo,3826,2024-11-28,7.82,7.408281966137852
Yunguyo,3826,2024-11-29,8.69,7.8479246608813025
Yunguyo,3826,2024-11-30,8.76,7.808971976839092
Yunguyo,3826,2024-12-01,6.54,6.510248801799801
Yunguyo,3826,2024-12-02,9.93,8.83296741620046
Yunguyo,3826,2024-12-03,6.31,6.5089110548667515
Yunguyo,3826,2024-12-04,11.89,10.343800926538348
Yunguyo,3826,2024-12-05,5.41,6.359264854680972
Yunguyo,3826,2024-12-06,3.93,5.02904579206734
Yunguyo,3826,2024-12-07,8.4,7.946545267196816
Yunguyo,3826,2024-12-08,12.28,10.860619628607703
Yunguyo,3826,2024-12-09,9.71,9.449590181820618
Yunguyo,3826,2024-12-10,6.28,6.649834044324261
Yunguyo,3826,2024-12-11,11.95,10.134890506609485
Yunguyo,3826,2024-12-12,8.48,8.100924317074703
Yunguyo,3826,2024-12-13,8.19,7.71373869296489
Yunguyo,3826,2024-12-14,8.73,7.892607415769531
Yunguyo,3826,2024-12-15,9.9,8.871784755732113
Yunguyo,3826,2024-12-16,10.6,9.628414386174132
Yunguyo,3826,2024-12-17,14.62,12.431484361707412
Yunguyo,3826,2024-12-18,10.38,9.74123147801269
Yunguyo,3826,2024-12-19,12.44,11.269843094040592
Yunguyo,3826,2024-12-20,9.11,9.176995359998664
Yunguyo,3826,2024-12-21,8.68,8.897397932052844
Yunguyo,3826,2024-12-22,11.15,10.545759887588913
Yunguyo,3826,2024-12-23,11.74,10.928252392053547
Yunguyo,3826,2024-12-24,8.86,8.803531584498957
