year,month,day,precip,tmax,tmin,estacion,lat,lon,zona,departamento,fecha,amp_termica,helada,day_of_year,tmax_ayer,precip_ayer,amp_termica_ayer,tmin_lag_1,tmin_lag_2,tmin_lag_3,prob_helada_mlp
2015,1,2,8.1,13.5,1.0,CHUQUIBAMBILLA,-14.79,-70.72,Norte,PUNO,2015-01-02,12.5,0,2,16.0,0.0,12.5,3.5,7.0,3.5,0.02774058764501865
2015,1,3,25.5,13.0,3.0,CHUQUIBAMBILLA,-14.79,-70.72,Norte,PUNO,2015-01-03,10.0,0,3,13.5,8.1,12.5,1.0,3.5,7.0,0.035801885362063156
2015,1,4,5.7,10.0,1.5,CHUQUIBAMBILLA,-14.79,-70.72,Norte,PUNO,2015-01-04,8.5,0,4,13.0,25.5,10.0,3.0,1.0,3.5,0.12545605408346203
2015,1,5,12.8,14.0,3.5,CHUQUIBAMBILLA,-14.79,-70.72,Norte,PUNO,2015-01-05,10.5,0,5,10.0,5.7,8.5,1.5,3.0,1.0,0.09183713556460889
2015,1,6,6.1,15.0,4.0,CHUQUIBAMBILLA,-14.79,-70.72,Norte,PUNO,2015-01-06,11.0,0,6,14.0,12.8,10.5,3.5,1.5,3.0,0.03510036036611737
2015,1,7,0.0,16.0,3.5,CHUQUIBAMBILLA,-14.79,-70.72,Norte,PUNO,2015-01-07,12.5,0,7,15.0,6.1,11.0,4.0,3.5,1.5,0.02470873766892839
2015,1,8,48.6,15.5,2.5,CHUQUIBAMBILLA,-14.79,-70.72,Norte,PUNO,2015-01-08,13.0,0,8,16.0,0.0,12.5,3.5,4.0,3.5,0.04390887968824328
2015,1,9,13.3,14.0,-0.5,CHUQUIBAMBILLA,-14.79,-70.72,Norte,PUNO,2015-01-09,14.5,1,9,15.5,48.6,13.0,2.5,3.5,4.0,0.24206793360198803
2015,1,10,9.2,13.5,3.5,CHUQUIBAMBILLA,-14.79,-70.72,Norte,PUNO,2015-01-10,10.0,0,10,14.0,13.3,14.5,-0.5,2.5,3.5,0.15425342580420254
2015,1,11,22.5,14.0,4.0,CHUQUIBAMBILLA,-14.79,-70.72,Norte,PUNO,2015-01-11,10.0,0,11,13.5,9.2,10.0,3.5,-0.5,2.5,0.06220163308027166
2015,1,12,6.3,13.5,3.0,CHUQUIBAMBILLA,-14.79,-70.72,Norte,PUNO,2015-01-12,10.5,0,12,14.0,22.5,10.0,4.0,3.5,-0.5,0.05611770747309992
2015,1,13,3.3,12.5,4.0,CHUQUIBAMBILLA,-14.79,-70.72,Norte,PUNO,2015-01-13,8.5,0,13,13.5,6.3,10.5,3.0,4.0,3.5,0.022878752641638675
2015,1,14,0.0,16.5,-1.5,CHUQUIBAMBILLA,-14.79,-70.72,Norte,PUNO,2015-01-14,18.0,1,14,12.5,3.3,8.5,4.0,3.0,4.0,0.022743350335816297
2015,1,15,1.3,18.5,-0.5,CHUQUIBAMBILLA,-14.79,-70.72,Norte,PUNO,2015-01-15,19.0,1,15,16.5,0.0,18.0,-1.5,4.0,3.0,0.5020254423248046
2015,1,16,0.0,16.0,3.5,CHUQUIBAMBILLA,-14.79,-70.72,Norte,PUNO,2015-01-16,12.5,0,16,18.5,1.3,19.0,-0.5,-1.5,4.0,0.34693656525129907
2015,1,17,6.1,15.5,3.0,CHUQUIBAMBILLA,-14.79,-70.72,Norte,PUNO,2015-01-17,12.5,0,17,16.0,0.0,12.5,3.5,-0.5,-1.5,0.145681819430062
2015,1,18,0.0,16.0,2.0,CHUQUIBAMBILLA,-14.79,-70.72,Norte,PUNO,2015-01-18,14.0,0,18,15.5,6.1,12.5,3.0,3.5,-0.5,0.047326227920832784
2015,1,19,12.8,16.5,3.0,CHUQUIBAMBILLA,-14.79,-70.72,Norte,PUNO,2015-01-19,13.5,0,19,16.0,0.0,14.0,2.0,3.0,3.5,0.1092391351770941
2015,1,20,3.8,11.5,5.5,CHUQUIBAMBILLA,-14.79,-70.72,Norte,PUNO,2015-01-20,6.0,0,20,16.5,12.8,13.5,3.0,2.0,3.0,0.03685143645906897
2015,1,21,0.0,15.0,4.5,CHUQUIBAMBILLA,-14.79,-70.72,Norte,PUNO,2015-01-21,10.5,0,21,11.5,3.8,6.0,5.5,3.0,2.0,0.02022488646716276
2015,1,22,4.0,16.0,3.5,CHUQUIBAMBILLA,-14.79,-70.72,Norte,PUNO,2015-01-22,12.5,0,22,15.0,0.0,10.5,4.5,5.5,3.0,0.02044416841427317
2015,1,23,4.3,15.5,3.0,CHUQUIBAMBILLA,-14.79,-70.72,Norte,PUNO,2015-01-23,12.5,0,23,16.0,4.0,12.5,3.5,4.5,5.5,0.013577643616944562
2015,1,24,0.0,16.0,3.5,CHUQUIBAMBILLA,-14.79,-70.72,Norte,PUNO,2015-01-24,12.5,0,24,15.5,4.3,12.5,3.0,3.5,4.5,0.02470044619279627
2015,1,25,0.0,13.5,4.5,CHUQUIBAMBILLA,-14.79,-70.72,Norte,PUNO,2015-01-25,9.0,0,25,16.0,0.0,12.5,3.5,3.0,3.5,0.051424976053673285
2015,1,26,12.5,14.0,4.0,CHUQUIBAMBILLA,-14.79,-70.72,Norte,PUNO,2015-01-26,10.0,0,26,13.5,0.0,9.0,4.5,3.5,3.0,0.032581807408060555
2015,1,27,15.3,14.5,3.0,CHUQUIBAMBILLA,-14.79,-70.72,Norte,PUNO,2015-01-27,11.5,0,27,14.0,12.5,10.0,4.0,4.5,3.5,0.008647405531843668
2015,1,28,5.5,14.5,3.5,CHUQUIBAMBILLA,-14.79,-70.72,Norte,PUNO,2015-01-28,11.0,0,28,14.5,15.3,11.5,3.0,4.0,4.5,0.013097941712046965
2015,1,29,3.2,15.5,2.5,CHUQUIBAMBILLA,-14.79,-70.72,Norte,PUNO,2015-01-29,13.0,0,29,14.5,5.5,11.0,3.5,3.0,4.0,0.023338090471305556
2015,1,30,4.5,13.0,5.0,CHUQUIBAMBILLA,-14.79,-70.72,Norte,PUNO,2015-01-30,8.0,0,30,15.5,3.2,13.0,2.5,3.5,3.0,0.041299151321614436
2015,1,31,0.0,15.5,2.0,CHUQUIBAMBILLA,-14.79,-70.72,Norte,PUNO,2015-01-31,13.5,0,31,13.0,4.5,8.0,5.0,2.5,3.5,0.019077315028681773
2015,2,1,0.0,14.0,4.5,CHUQUIBAMBILLA,-14.79,-70.72,Norte,PUNO,2015-02-01,9.5,0,32,15.5,0.0,13.5,2.0,5.0,2.5,0.09887737437216812
2015,2,2,0.0,15.0,4.0,CHUQUIBAMBILLA,-14.79,-70.72,Norte,PUNO,2015-02-02,11.0,0,33,14.0,0.0,9.5,4.5,2.0,5.0,0.03360849889542124
2015,2,3,0.0,17.5,0.0,CHUQUIBAMBILLA,-14.79,-70.72,Norte,PUNO,2015-02-03,17.5,1,34,15.0,0.0,11.0,4.0,4.5,2.0,0.0389637557015953
2015,2,4,0.0,18.5,1.0,CHUQUIBAMBILLA,-14.79,-70.72,Norte,PUNO,2015-02-04,17.5,0,35,17.5,0.0,17.5,0.0,4.0,4.5,0.25053143004960693
2015,2,5,0.0,18.0,1.5,CHUQUIBAMBILLA,-14.79,-70.72,Norte,PUNO,2015-02-05,16.5,0,36,18.5,0.0,17.5,1.0,0.0,4.0,0.20722404232989552
2015,2,6,1.3,15.5,4.5,CHUQUIBAMBILLA,-14.79,-70.72,Norte,PUNO,2015-02-06,11.0,0,37,18.0,0.0,16.5,1.5,1.0,0.0,0.2003424274683587
2015,2,7,8.3,13.5,3.0,CHUQUIBAMBILLA,-14.79,-70.72,Norte,PUNO,2015-02-07,10.5,0,38,15.5,1.3,11.0,4.5,1.5,1.0,0.05602668187320734
2015,2,8,5.2,15.0,4.0,CHUQUIBAMBILLA,-14.79,-70.72,Norte,PUNO,2015-02-08,11.0,0,39,13.5,8.3,10.5,3.0,4.5,1.5,0.025190443526874728
2015,2,9,15.4,15.5,2.5,CHUQUIBAMBILLA,-14.79,-70.72,Norte,PUNO,2015-02-09,13.0,0,40,15.0,5.2,11.0,4.0,3.0,4.5,0.01796220892029809
2015,2,10,6.3,14.5,5.0,CHUQUIBAMBILLA,-14.79,-70.72,Norte,PUNO,2015-02-10,9.5,0,41,15.5,15.4,13.0,2.5,4.0,3.0,0.030897444278090727
2015,2,11,1.0,12.5,5.5,CHUQUIBAMBILLA,-14.79,-70.72,Norte,PUNO,2015-02-11,7.0,0,42,14.5,6.3,9.5,5.0,2.5,4.0,0.014513222305258885
2015,2,12,1.5,13.5,5.0,CHUQUIBAMBILLA,-14.79,-70.72,Norte,PUNO,2015-02-12,8.5,0,43,12.5,1.0,7.0,5.5,5.0,2.5,0.022619879825999764
2015,2,13,0.0,17.5,4.0,CHUQUIBAMBILLA,-14.79,-70.72,Norte,PUNO,2015-02-13,13.5,0,44,13.5,1.5,8.5,5.0,5.5,5.0,0.010100853548964742
2015,2,14,3.5,16.0,5.5,CHUQUIBAMBILLA,-14.79,-70.72,Norte,PUNO,2015-02-14,10.5,0,45,17.5,0.0,13.5,4.0,5.0,5.5,0.02282052735023145
2015,2,15,11.6,15.5,6.0,CHUQUIBAMBILLA,-14.79,-70.72,Norte,PUNO,2015-02-15,9.5,0,46,16.0,3.5,10.5,5.5,4.0,5.0,0.009131480884032839
2015,2,16,3.8,17.5,4.5,CHUQUIBAMBILLA,-14.79,-70.72,Norte,PUNO,2015-02-16,13.0,0,47,15.5,11.6,9.5,6.0,5.5,4.0,0.003354290836484311
2015,2,17,4.3,15.0,3.5,CHUQUIBAMBILLA,-14.79,-70.72,Norte,PUNO,2015-02-17,11.5,0,48,17.5,3.8,13.0,4.5,6.0,5.5,0.008862276224728644
2015,2,18,0.0,18.0,1.0,CHUQUIBAMBILLA,-14.79,-70.72,Norte,PUNO,2015-02-18,17.0,0,49,15.0,4.3,11.5,3.5,4.5,6.0,0.012879472458034972
2015,2,19,0.0,18.5,0.5,CHUQUIBAMBILLA,-14.79,-70.72,Norte,PUNO,2015-02-19,18.0,0,50,18.0,0.0,17.0,1.0,3.5,4.5,0.15603250886062625
2015,2,20,0.0,18.5,1.5,CHUQUIBAMBILLA,-14.79,-70.72,Norte,PUNO,2015-02-20,17.0,0,51,18.5,0.0,18.0,0.5,1.0,3.5,0.2507468076581567
2015,2,21,1.4,15.5,4.5,CHUQUIBAMBILLA,-14.79,-70.72,Norte,PUNO,2015-02-21,11.0,0,52,18.5,0.0,17.0,1.5,0.5,1.0,0.21103048778494687
2015,2,22,1.1,14.5,5.5,CHUQUIBAMBILLA,-14.79,-70.72,Norte,PUNO,2015-02-22,9.0,0,53,15.5,1.4,11.0,4.5,1.5,0.5,0.058832916779060246
2015,2,23,7.9,14.0,6.0,CHUQUIBAMBILLA,-14.79,-70.72,Norte,PUNO,2015-02-23,8.0,0,54,14.5,1.1,9.0,5.5,4.5,1.5,0.027166098986582062
2015,2,24,1.5,15.5,5.5,CHUQUIBAMBILLA,-14.79,-70.72,Norte,PUNO,2015-02-24,10.0,0,55,14.0,7.9,8.0,6.0,5.5,4.5,0.003566199620537262
2015,2,25,0.0,17.5,0.0,CHUQUIBAMBILLA,-14.79,-70.72,Norte,PUNO,2015-02-25,17.5,1,56,15.5,1.5,10.0,5.5,6.0,5.5,0.00847154753182785
2015,2,26,1.3,16.5,4.0,CHUQUIBAMBILLA,-14.79,-70.72,Norte,PUNO,2015-02-26,12.5,0,57,17.5,0.0,17.5,0.0,5.5,6.0,0.20910159186253463
2015,2,27,3.6,15.5,6.0,CHUQUIBAMBILLA,-14.79,-70.72,Norte,PUNO,2015-02-27,9.5,0,58,16.5,1.3,12.5,4.0,0.0,5.5,0.04823854936471571
2015,2,28,3.3,17.0,4.0,CHUQUIBAMBILLA,-14.79,-70.72,Norte,PUNO,2015-02-28,13.0,0,59,15.5,3.6,9.5,6.0,4.0,0.0,0.021394683412834493
2015,3,1,1.5,16.5,4.5,CHUQUIBAMBILLA,-14.79,-70.72,Norte,PUNO,2015-03-01,12.0,0,60,17.0,3.3,13.0,4.0,6.0,4.0,0.018228709508975854
2015,3,2,6.1,15.0,5.0,CHUQUIBAMBILLA,-14.79,-70.72,Norte,PUNO,2015-03-02,10.0,0,61,16.5,1.5,12.0,4.5,4.0,6.0,0.018236520928192553
2015,3,3,13.7,17.5,3.5,CHUQUIBAMBILLA,-14.79,-70.72,Norte,PUNO,2015-03-03,14.0,0,62,15.0,6.1,10.0,5.0,4.5,4.0,0.015132799079531944
2015,3,4,11.7,15.0,5.0,CHUQUIBAMBILLA,-14.79,-70.72,Norte,PUNO,2015-03-04,10.0,0,63,17.5,13.7,14.0,3.5,5.0,4.5,0.02057698871389154
2015,3,5,2.4,14.5,3.5,CHUQUIBAMBILLA,-14.79,-70.72,Norte,PUNO,2015-03-05,11.0,0,64,15.0,11.7,10.0,5.0,3.5,5.0,0.012402493009414267
2015,3,6,2.2,15.0,5.0,CHUQUIBAMBILLA,-14.79,-70.72,Norte,PUNO,2015-03-06,10.0,0,65,14.5,2.4,11.0,3.5,5.0,3.5,0.027256227545283892
2015,3,7,7.4,16.0,5.5,CHUQUIBAMBILLA,-14.79,-70.72,Norte,PUNO,2015-03-07,10.5,0,66,15.0,2.2,10.0,5.0,3.5,5.0,0.019718287911175584
2015,3,8,7.8,16.5,3.5,CHUQUIBAMBILLA,-14.79,-70.72,Norte,PUNO,2015-03-08,13.0,0,67,16.0,7.4,10.5,5.5,5.0,3.5,0.014663209023928148
2015,3,9,12.2,17.5,3.0,CHUQUIBAMBILLA,-14.79,-70.72,Norte,PUNO,2015-03-09,14.5,0,68,16.5,7.8,13.0,3.5,5.5,5.0,0.018838326961315974
2015,3,10,0.0,17.5,5.5,CHUQUIBAMBILLA,-14.79,-70.72,Norte,PUNO,2015-03-10,12.0,0,69,17.5,12.2,14.5,3.0,3.5,5.5,0.02826922491489408
2015,3,11,0.0,17.0,5.0,CHUQUIBAMBILLA,-14.79,-70.72,Norte,PUNO,2015-03-11,12.0,0,70,17.5,0.0,12.0,5.5,3.0,3.5,0.046081978619753966
2015,3,12,0.0,17.5,2.0,CHUQUIBAMBILLA,-14.79,-70.72,Norte,PUNO,2015-03-12,15.5,0,71,17.0,0.0,12.0,5.0,5.5,3.0,0.039595350783854864
2015,3,13,0.0,19.5,3.0,CHUQUIBAMBILLA,-14.79,-70.72,Norte,PUNO,2015-03-13,16.5,0,72,17.5,0.0,15.5,2.0,5.0,5.5,0.08234442582900803
2015,3,14,0.0,15.0,3.5,CHUQUIBAMBILLA,-14.79,-70.72,Norte,PUNO,2015-03-14,11.5,0,73,19.5,0.0,16.5,3.0,2.0,5.0,0.09827373817279425
2015,3,15,0.0,16.0,1.0,CHUQUIBAMBILLA,-14.79,-70.72,Norte,PUNO,2015-03-15,15.0,0,74,15.0,0.0,11.5,3.5,3.0,2.0,0.09766506693963187
2015,3,16,3.7,16.5,4.0,CHUQUIBAMBILLA,-14.79,-70.72,Norte,PUNO,2015-03-16,12.5,0,75,16.0,0.0,15.0,1.0,3.5,3.0,0.20047631205932068
2015,3,17,2.6,17.5,5.5,CHUQUIBAMBILLA,-14.79,-70.72,Norte,PUNO,2015-03-17,12.0,0,76,16.5,3.7,12.5,4.0,1.0,3.5,0.04929578360621119
2015,3,18,2.9,16.5,3.5,CHUQUIBAMBILLA,-14.79,-70.72,Norte,PUNO,2015-03-18,13.0,0,77,17.5,2.6,12.0,5.5,4.0,1.0,0.042085167497654064
2015,3,19,8.1,15.0,4.5,CHUQUIBAMBILLA,-14.79,-70.72,Norte,PUNO,2015-03-19,10.5,0,78,16.5,2.9,13.0,3.5,5.5,4.0,0.027222326293895087
2015,3,20,9.3,13.5,5.0,CHUQUIBAMBILLA,-14.79,-70.72,Norte,PUNO,2015-03-20,8.5,0,79,15.0,8.1,10.5,4.5,3.5,5.5,0.019049577823138396
2015,3,21,10.2,15.0,4.5,CHUQUIBAMBILLA,-14.79,-70.72,Norte,PUNO,2015-03-21,10.5,0,80,13.5,9.3,8.5,5.0,4.5,3.5,0.02077439576532723
2015,3,22,0.0,15.5,3.0,CHUQUIBAMBILLA,-14.79,-70.72,Norte,PUNO,2015-03-22,12.5,0,81,15.0,10.2,10.5,4.5,5.0,4.5,0.017696777399158096
2015,3,23,0.0,17.5,-1.0,CHUQUIBAMBILLA,-14.79,-70.72,Norte,PUNO,2015-03-23,18.5,1,82,15.5,0.0,12.5,3.0,4.5,5.0,0.06448818059850366
2015,3,24,0.0,16.5,-0.5,CHUQUIBAMBILLA,-14.79,-70.72,Norte,PUNO,2015-03-24,17.0,1,83,17.5,0.0,18.5,-1.0,3.0,4.5,0.49444204256283814
2015,3,25,8.7,16.0,5.0,CHUQUIBAMBILLA,-14.79,-70.72,Norte,PUNO,2015-03-25,11.0,0,84,16.5,0.0,17.0,-0.5,-1.0,3.0,0.44928327444981553
2015,3,26,9.3,14.5,4.0,CHUQUIBAMBILLA,-14.79,-70.72,Norte,PUNO,2015-03-26,10.5,0,85,16.0,8.7,11.0,5.0,-0.5,-1.0,0.07137144320059113
2015,3,27,0.0,16.0,3.0,CHUQUIBAMBILLA,-14.79,-70.72,Norte,PUNO,2015-03-27,13.0,0,86,14.5,9.3,10.5,4.0,5.0,-0.5,0.040309308305081205
2015,3,28,0.0,17.5,0.0,CHUQUIBAMBILLA,-14.79,-70.72,Norte,PUNO,2015-03-28,17.5,1,87,16.0,0.0,13.0,3.0,4.0,5.0,0.0729615672276274
2015,3,29,0.0,17.0,0.5,CHUQUIBAMBILLA,-14.79,-70.72,Norte,PUNO,2015-03-29,16.5,0,88,17.5,0.0,17.5,0.0,3.0,4.0,0.32479347791984925
2015,3,30,2.3,17.5,5.0,CHUQUIBAMBILLA,-14.79,-70.72,Norte,PUNO,2015-03-30,12.5,0,89,17.0,0.0,16.5,0.5,0.0,3.0,0.31728561830879626
2015,3,31,5.7,16.0,1.5,CHUQUIBAMBILLA,-14.79,-70.72,Norte,PUNO,2015-03-31,14.5,0,90,17.5,2.3,12.5,5.0,0.5,0.0,0.10428172683222425
2015,4,1,5.9,16.5,3.5,CHUQUIBAMBILLA,-14.79,-70.72,Norte,PUNO,2015-04-01,13.0,0,91,16.0,5.7,14.5,1.5,5.0,0.5,0.10022993389849787
2015,4,2,0.0,17.0,4.5,CHUQUIBAMBILLA,-14.79,-70.72,Norte,PUNO,2015-04-02,12.5,0,92,16.5,5.9,13.0,3.5,1.5,5.0,0.05429588414822959
2015,4,3,0.0,17.5,3.5,CHUQUIBAMBILLA,-14.79,-70.72,Norte,PUNO,2015-04-03,14.0,0,93,17.0,0.0,12.5,4.5,3.5,1.5,0.1383135319588889
2015,4,4,3.7,18.0,-1.0,CHUQUIBAMBILLA,-14.79,-70.72,Norte,PUNO,2015-04-04,19.0,1,94,17.5,0.0,14.0,3.5,4.5,3.5,0.11788753320946675
2015,4,5,0.0,17.0,0.5,CHUQUIBAMBILLA,-14.79,-70.72,Norte,PUNO,2015-04-05,16.5,0,95,18.0,3.7,19.0,-1.0,3.5,4.5,0.20488550913499531
2015,4,6,0.0,13.5,2.0,CHUQUIBAMBILLA,-14.79,-70.72,Norte,PUNO,2015-04-06,11.5,0,96,17.0,0.0,16.5,0.5,-1.0,3.5,0.38026102311753635
2015,4,7,0.0,15.5,4.0,CHUQUIBAMBILLA,-14.79,-70.72,Norte,PUNO,2015-04-07,11.5,0,97,13.5,0.0,11.5,2.0,0.5,-1.0,0.3613495388406017
2015,4,8,6.7,13.0,5.5,CHUQUIBAMBILLA,-14.79,-70.72,Norte,PUNO,2015-04-08,7.5,0,98,15.5,0.0,11.5,4.0,2.0,0.5,0.22032547696179386
2015,4,9,2.4,10.5,1.0,CHUQUIBAMBILLA,-14.79,-70.72,Norte,PUNO,2015-04-09,9.5,0,99,13.0,6.7,7.5,5.5,4.0,2.0,0.04865858592378415
2015,4,10,5.7,14.5,2.5,CHUQUIBAMBILLA,-14.79,-70.72,Norte,PUNO,2015-04-10,12.0,0,100,10.5,2.4,9.5,1.0,5.5,4.0,0.15664370081690673
2015,4,11,9.8,11.0,3.5,CHUQUIBAMBILLA,-14.79,-70.72,Norte,PUNO,2015-04-11,7.5,0,101,14.5,5.7,12.0,2.5,1.0,5.5,0.07271524979582195
2015,4,12,6.9,14.0,4.0,CHUQUIBAMBILLA,-14.79,-70.72,Norte,PUNO,2015-04-12,10.0,0,102,11.0,9.8,7.5,3.5,2.5,1.0,0.12073562654307883
2015,4,13,2.3,12.5,3.5,CHUQUIBAMBILLA,-14.79,-70.72,Norte,PUNO,2015-04-13,9.0,0,103,14.0,6.9,10.0,4.0,3.5,2.5,0.061134217764786655
2015,4,14,0.0,15.5,5.0,CHUQUIBAMBILLA,-14.79,-70.72,Norte,PUNO,2015-04-14,10.5,0,104,12.5,2.3,9.0,3.5,4.0,3.5,0.08297279189240835
2015,4,15,0.0,14.5,4.0,CHUQUIBAMBILLA,-14.79,-70.72,Norte,PUNO,2015-04-15,10.5,0,105,15.5,0.0,10.5,5.0,3.5,4.0,0.08623519362567976
2015,4,16,2.4,16.5,4.5,CHUQUIBAMBILLA,-14.79,-70.72,Norte,PUNO,2015-04-16,12.0,0,106,14.5,0.0,10.5,4.0,5.0,3.5,0.10382024853794768
2015,4,17,0.0,15.0,5.0,CHUQUIBAMBILLA,-14.79,-70.72,Norte,PUNO,2015-04-17,10.0,0,107,16.5,2.4,12.0,4.5,4.0,5.0,0.04324071947719737
2015,4,18,2.1,14.5,0.0,CHUQUIBAMBILLA,-14.79,-70.72,Norte,PUNO,2015-04-18,14.5,1,108,15.0,0.0,10.0,5.0,4.5,4.0,0.07954390999096048
2015,4,19,12.1,15.0,2.3,CHUQUIBAMBILLA,-14.79,-70.72,Norte,PUNO,2015-04-19,12.7,0,109,14.5,2.1,14.5,0.0,5.0,4.5,0.14265412266386962
2015,4,20,2.2,15.5,2.0,CHUQUIBAMBILLA,-14.79,-70.72,Norte,PUNO,2015-04-20,13.5,0,110,15.0,12.1,12.7,2.3,0.0,5.0,0.09784601607279353
2015,4,21,2.1,12.5,5.0,CHUQUIBAMBILLA,-14.79,-70.72,Norte,PUNO,2015-04-21,7.5,0,111,15.5,2.2,13.5,2.0,2.3,0.0,0.17745782183230877
2015,4,22,0.0,15.0,-2.0,CHUQUIBAMBILLA,-14.79,-70.72,Norte,PUNO,2015-04-22,17.0,1,112,12.5,2.1,7.5,5.0,2.0,2.3,0.12307953194125863
2015,4,23,4.5,14.5,2.5,CHUQUIBAMBILLA,-14.79,-70.72,Norte,PUNO,2015-04-23,12.0,0,113,15.0,0.0,17.0,-2.0,5.0,2.0,0.7563478666142228
2015,4,24,1.5,17.0,3.0,CHUQUIBAMBILLA,-14.79,-70.72,Norte,PUNO,2015-04-24,14.0,0,114,14.5,4.5,12.0,2.5,-2.0,5.0,0.14840610317153058
2015,4,25,1.3,16.5,3.5,CHUQUIBAMBILLA,-14.79,-70.72,Norte,PUNO,2015-04-25,13.0,0,115,17.0,1.5,14.0,3.0,2.5,-2.0,0.2619118019659089
2015,4,26,11.5,17.0,5.0,CHUQUIBAMBILLA,-14.79,-70.72,Norte,PUNO,2015-04-26,12.0,0,116,16.5,1.3,13.0,3.5,3.0,2.5,0.13437435786367766
2015,4,27,0.0,16.5,4.0,CHUQUIBAMBILLA,-14.79,-70.72,Norte,PUNO,2015-04-27,12.5,0,117,17.0,11.5,12.0,5.0,3.5,3.0,0.05345073839857834
2015,4,28,0.0,16.0,1.5,CHUQUIBAMBILLA,-14.79,-70.72,Norte,PUNO,2015-04-28,14.5,0,118,16.5,0.0,12.5,4.0,5.0,3.5,0.1269475962679506
2015,4,29,0.0,15.0,0.0,CHUQUIBAMBILLA,-14.79,-70.72,Norte,PUNO,2015-04-29,15.0,1,119,16.0,0.0,14.5,1.5,4.0,5.0,0.2560259981095925
2015,4,30,8.5,18.0,-0.5,CHUQUIBAMBILLA,-14.79,-70.72,Norte,PUNO,2015-04-30,18.5,1,120,15.0,0.0,15.0,0.0,1.5,4.0,0.4490469539376276
2015,5,1,4.2,16.0,5.0,CHUQUIBAMBILLA,-14.79,-70.72,Norte,PUNO,2015-05-01,11.0,0,121,18.0,8.5,18.5,-0.5,0.0,1.5,0.4182496707711126
2015,5,2,0.0,17.5,-1.5,CHUQUIBAMBILLA,-14.79,-70.72,Norte,PUNO,2015-05-02,19.0,1,122,16.0,4.2,11.0,5.0,-0.5,0.0,0.15715406351110953
2015,5,3,0.0,17.5,-1.0,CHUQUIBAMBILLA,-14.79,-70.72,Norte,PUNO,2015-05-03,18.5,1,123,17.5,0.0,19.0,-1.5,5.0,-0.5,0.7582224791190945
2015,5,4,0.0,18.0,-3.0,CHUQUIBAMBILLA,-14.79,-70.72,Norte,PUNO,2015-05-04,21.0,1,124,17.5,0.0,18.5,-1.0,-1.5,5.0,0.6546147348240319
2015,5,5,0.0,17.5,-2.5,CHUQUIBAMBILLA,-14.79,-70.72,Norte,PUNO,2015-05-05,20.0,1,125,18.0,0.0,21.0,-3.0,-1.0,-1.5,0.8818931854062897
2015,5,6,0.0,18.5,-3.0,CHUQUIBAMBILLA,-14.79,-70.72,Norte,PUNO,2015-05-06,21.5,1,126,17.5,0.0,20.0,-2.5,-3.0,-1.0,0.8480683541380806
2015,5,7,0.0,15.0,-3.5,CHUQUIBAMBILLA,-14.79,-70.72,Norte,PUNO,2015-05-07,18.5,1,127,18.5,0.0,21.5,-3.0,-2.5,-3.0,0.8890247906562603
2015,5,8,0.0,17.0,2.5,CHUQUIBAMBILLA,-14.79,-70.72,Norte,PUNO,2015-05-08,14.5,0,128,15.0,0.0,18.5,-3.5,-3.0,-2.5,0.909264846354067
2015,5,9,0.0,16.5,-1.5,CHUQUIBAMBILLA,-14.79,-70.72,Norte,PUNO,2015-05-09,18.0,1,129,17.0,0.0,14.5,2.5,-3.5,-3.0,0.6267936883142442
2015,5,10,0.0,17.0,-0.5,CHUQUIBAMBILLA,-14.79,-70.72,Norte,PUNO,2015-05-10,17.5,1,130,16.5,0.0,18.0,-1.5,2.5,-3.5,0.7949924230184103
2015,5,11,0.0,17.5,-3.5,CHUQUIBAMBILLA,-14.79,-70.72,Norte,PUNO,2015-05-11,21.0,1,131,17.0,0.0,17.5,-0.5,-1.5,2.5,0.6622172433362854
2015,5,12,0.0,17.0,-2.0,CHUQUIBAMBILLA,-14.79,-70.72,Norte,PUNO,2015-05-12,19.0,1,132,17.5,0.0,21.0,-3.5,-0.5,-1.5,0.919873380798118
2015,5,13,0.0,16.5,-2.5,CHUQUIBAMBILLA,-14.79,-70.72,Norte,PUNO,2015-05-13,19.0,1,133,17.0,0.0,19.0,-2.0,-3.5,-0.5,0.8237876278903343
2015,5,14,0.0,16.0,-2.0,CHUQUIBAMBILLA,-14.79,-70.72,Norte,PUNO,2015-05-14,18.0,1,134,16.5,0.0,19.0,-2.5,-2.0,-3.5,0.8753639849999028
2015,5,15,0.0,12.0,-3.0,CHUQUIBAMBILLA,-14.79,-70.72,Norte,PUNO,2015-05-15,15.0,1,135,16.0,0.0,18.0,-2.0,-2.5,-2.0,0.838599708383216
2015,5,16,0.0,9.5,1.5,CHUQUIBAMBILLA,-14.79,-70.72,Norte,PUNO,2015-05-16,8.0,0,136,12.0,0.0,15.0,-3.0,-2.0,-2.5,0.9173873730102755
2015,5,17,0.0,15.0,1.0,CHUQUIBAMBILLA,-14.79,-70.72,Norte,PUNO,2015-05-17,14.0,0,137,9.5,0.0,8.0,1.5,-3.0,-2.0,0.7133649497731083
2015,5,18,0.0,16.5,-4.0,CHUQUIBAMBILLA,-14.79,-70.72,Norte,PUNO,2015-05-18,20.5,1,138,15.0,0.0,14.0,1.0,1.5,-3.0,0.6300220668159149
2015,5,19,0.0,16.0,-4.5,CHUQUIBAMBILLA,-14.79,-70.72,Norte,PUNO,2015-05-19,20.5,1,139,16.5,0.0,20.5,-4.0,1.0,1.5,0.9412389419185739
2015,5,20,0.0,16.5,-2.0,CHUQUIBAMBILLA,-14.79,-70.72,Norte,PUNO,2015-05-20,18.5,1,140,16.0,0.0,20.5,-4.5,-4.0,1.0,0.94781583601362
2015,5,21,0.0,17.5,-6.0,CHUQUIBAMBILLA,-14.79,-70.72,Norte,PUNO,2015-05-21,23.5,1,141,16.5,0.0,18.5,-2.0,-4.5,-4.0,0.8580154034278844
2015,5,22,0.0,16.5,-6.5,CHUQUIBAMBILLA,-14.79,-70.72,Norte,PUNO,2015-05-22,23.0,1,142,17.5,0.0,23.5,-6.0,-2.0,-4.5,0.973099127503019
2015,5,23,0.0,16.5,-7.0,CHUQUIBAMBILLA,-14.79,-70.72,Norte,PUNO,2015-05-23,23.5,1,143,16.5,0.0,23.0,-6.5,-6.0,-2.0,0.9770877923716831
2015,5,24,0.0,17.5,-6.0,CHUQUIBAMBILLA,-14.79,-70.72,Norte,PUNO,2015-05-24,23.5,1,144,16.5,0.0,23.5,-7.0,-6.5,-6.0,0.98213225998256
2015,5,25,0.0,15.5,-4.0,CHUQUIBAMBILLA,-14.79,-70.72,Norte,PUNO,2015-05-25,19.5,1,145,17.5,0.0,23.5,-6.0,-7.0,-6.5,0.9728007766590666
2015,5,26,0.0,16.0,-4.5,CHUQUIBAMBILLA,-14.79,-70.72,Norte,PUNO,2015-05-26,20.5,1,146,15.5,0.0,19.5,-4.0,-6.0,-7.0,0.929741804551345
2015,5,27,0.0,16.5,-3.5,CHUQUIBAMBILLA,-14.79,-70.72,Norte,PUNO,2015-05-27,20.0,1,147,16.0,0.0,20.5,-4.5,-4.0,-6.0,0.9557076869486478
2015,5,28,0.0,17.0,-8.0,CHUQUIBAMBILLA,-14.79,-70.72,Norte,PUNO,2015-05-28,25.0,1,148,16.5,0.0,20.0,-3.5,-4.5,-4.0,0.9375329053021725
2015,5,29,0.0,17.5,-8.0,CHUQUIBAMBILLA,-14.79,-70.72,Norte,PUNO,2015-05-29,25.5,1,149,17.0,0.0,25.0,-8.0,-3.5,-4.5,0.9878981443263514
2015,5,30,0.0,17.5,-6.5,CHUQUIBAMBILLA,-14.79,-70.72,Norte,PUNO,2015-05-30,24.0,1,150,17.5,0.0,25.5,-8.0,-8.0,-3.5,0.987833358237586
2015,5,31,0.0,17.0,-6.5,CHUQUIBAMBILLA,-14.79,-70.72,Norte,PUNO,2015-05-31,23.5,1,151,17.5,0.0,24.0,-6.5,-8.0,-8.0,0.9779795629792194
2015,6,1,0.0,15.0,-3.0,CHUQUIBAMBILLA,-14.79,-70.72,Norte,PUNO,2015-06-01,18.0,1,152,17.0,0.0,23.5,-6.5,-6.5,-8.0,0.9813262719600097
2015,6,2,0.0,17.5,-0.5,CHUQUIBAMBILLA,-14.79,-70.72,Norte,PUNO,2015-06-02,18.0,1,153,15.0,0.0,18.0,-3.0,-6.5,-6.5,0.9028038593578134
2015,6,3,0.0,16.0,-4.5,CHUQUIBAMBILLA,-14.79,-70.72,Norte,PUNO,2015-06-03,20.5,1,154,17.5,0.0,18.0,-0.5,-3.0,-6.5,0.8441342968798017
2015,6,4,0.0,17.5,-6.5,CHUQUIBAMBILLA,-14.79,-70.72,Norte,PUNO,2015-06-04,24.0,1,155,16.0,0.0,20.5,-4.5,-0.5,-3.0,0.9652117638883013
2015,6,5,0.0,15.5,-6.5,CHUQUIBAMBILLA,-14.79,-70.72,Norte,PUNO,2015-06-05,22.0,1,156,17.5,0.0,24.0,-6.5,-4.5,-0.5,0.9816116069503614
2015,6,6,0.0,17.0,-10.0,CHUQUIBAMBILLA,-14.79,-70.72,Norte,PUNO,2015-06-06,27.0,1,157,15.5,0.0,22.0,-6.5,-6.5,-4.5,0.9808848873848222
2015,6,7,0.0,16.0,-10.5,CHUQUIBAMBILLA,-14.79,-70.72,Norte,PUNO,2015-06-07,26.5,1,158,17.0,0.0,27.0,-10.0,-6.5,-6.5,0.994976388419251
2015,6,8,0.0,15.5,-10.0,CHUQUIBAMBILLA,-14.79,-70.72,Norte,PUNO,2015-06-08,25.5,1,159,16.0,0.0,26.5,-10.5,-10.0,-6.5,0.9957784130567132
2015,6,9,0.0,15.0,-11.0,CHUQUIBAMBILLA,-14.79,-70.72,Norte,PUNO,2015-06-09,26.0,1,160,15.5,0.0,25.5,-10.0,-10.5,-10.0,0.9946049257843024
2015,6,10,0.0,18.0,-4.5,CHUQUIBAMBILLA,-14.79,-70.72,Norte,PUNO,2015-06-10,22.5,1,161,15.0,0.0,26.0,-11.0,-10.0,-10.5,0.9966487285721474
2015,6,11,0.0,17.5,-8.0,CHUQUIBAMBILLA,-14.79,-70.72,Norte,PUNO,2015-06-11,25.5,1,162,18.0,0.0,22.5,-4.5,-11.0,-10.0,0.9431946449385527
2015,6,12,0.0,17.0,-10.0,CHUQUIBAMBILLA,-14.79,-70.72,Norte,PUNO,2015-06-12,27.0,1,163,17.5,0.0,25.5,-8.0,-4.5,-11.0,0.9891206790339362
2015,6,13,0.0,17.5,-11.0,CHUQUIBAMBILLA,-14.79,-70.72,Norte,PUNO,2015-06-13,28.5,1,164,17.0,0.0,27.0,-10.0,-8.0,-4.5,0.9949655044348051
2015,6,14,0.0,18.0,-11.5,CHUQUIBAMBILLA,-14.79,-70.72,Norte,PUNO,2015-06-14,29.5,1,165,17.5,0.0,28.5,-11.0,-10.0,-8.0,0.9964187760143025
2015,6,15,0.0,18.5,-9.0,CHUQUIBAMBILLA,-14.79,-70.72,Norte,PUNO,2015-06-15,27.5,1,166,18.0,0.0,29.5,-11.5,-11.0,-10.0,0.997090240914378
2015,6,16,0.0,17.0,-6.0,CHUQUIBAMBILLA,-14.79,-70.72,Norte,PUNO,2015-06-16,23.0,1,167,18.5,0.0,27.5,-9.0,-11.5,-11.0,0.990928401804279
2015,6,17,0.0,18.0,-6.5,CHUQUIBAMBILLA,-14.79,-70.72,Norte,PUNO,2015-06-17,24.5,1,168,17.0,0.0,23.0,-6.0,-9.0,-11.5,0.9687729105061406
2015,6,18,0.0,17.5,-6.5,CHUQUIBAMBILLA,-14.79,-70.72,Norte,PUNO,2015-06-18,24.0,1,169,18.0,0.0,24.5,-6.5,-6.0,-9.0,0.9822744186494755
2015,6,19,0.0,18.0,-6.0,CHUQUIBAMBILLA,-14.79,-70.72,Norte,PUNO,2015-06-19,24.0,1,170,17.5,0.0,24.0,-6.5,-6.5,-6.0,0.9840018539940629
2015,6,20,0.0,18.5,-7.5,CHUQUIBAMBILLA,-14.79,-70.72,Norte,PUNO,2015-06-20,26.0,1,171,18.0,0.0,24.0,-6.0,-6.5,-6.5,0.9810170632441966
2015,6,21,0.0,16.0,-8.0,CHUQUIBAMBILLA,-14.79,-70.72,Norte,PUNO,2015-06-21,24.0,1,172,18.5,0.0,26.0,-7.5,-6.0,-6.5,0.9884343646662385
2015,6,22,0.0,18.5,-7.5,CHUQUIBAMBILLA,-14.79,-70.72,Norte,PUNO,2015-06-22,26.0,1,173,16.0,0.0,24.0,-8.0,-7.5,-6.0,0.9895552619047273
2015,6,23,0.0,18.0,-8.0,CHUQUIBAMBILLA,-14.79,-70.72,Norte,PUNO,2015-06-23,26.0,1,174,18.5,0.0,26.0,-7.5,-8.0,-7.5,0.9879953443203668
2015,6,24,0.0,18.0,-9.0,CHUQUIBAMBILLA,-14.79,-70.72,Norte,PUNO,2015-06-24,27.0,1,175,18.0,0.0,26.0,-8.0,-7.5,-8.0,0.9896965973355883
2015,6,25,0.0,19.0,-7.5,CHUQUIBAMBILLA,-14.79,-70.72,Norte,PUNO,2015-06-25,26.5,1,176,18.0,0.0,27.0,-9.0,-8.0,-7.5,0.9926098669225788
2015,6,26,0.0,19.5,-8.0,CHUQUIBAMBILLA,-14.79,-70.72,Norte,PUNO,2015-06-26,27.5,1,177,19.0,0.0,26.5,-7.5,-9.0,-8.0,0.988036315309181
2015,6,27,0.0,18.5,-8.5,CHUQUIBAMBILLA,-14.79,-70.72,Norte,PUNO,2015-06-27,27.0,1,178,19.5,0.0,27.5,-8.0,-7.5,-9.0,0.9897577315225475
2015,6,28,0.0,18.5,-8.5,CHUQUIBAMBILLA,-14.79,-70.72,Norte,PUNO,2015-06-28,27.0,1,179,18.5,0.0,27.0,-8.5,-8.0,-7.5,0.9913257598879813
2015,6,29,0.0,17.5,-12.0,CHUQUIBAMBILLA,-14.79,-70.72,Norte,PUNO,2015-06-29,29.5,1,180,18.5,0.0,27.0,-8.5,-8.5,-8.0,0.9911383318247383
2015,6,30,0.0,18.0,-13.0,CHUQUIBAMBILLA,-14.79,-70.72,Norte,PUNO,2015-06-30,31.0,1,181,17.5,0.0,29.5,-12.0,-8.5,-8.5,0.9975361400057238
2015,7,1,0.0,18.0,-11.5,CHUQUIBAMBILLA,-14.79,-70.72,Norte,PUNO,2015-07-01,29.5,1,182,18.0,0.0,31.0,-13.0,-12.0,-8.5,0.9982281104647811
2015,7,2,0.0,17.0,-8.0,CHUQUIBAMBILLA,-14.79,-70.72,Norte,PUNO,2015-07-02,25.0,1,183,18.0,0.0,29.5,-11.5,-13.0,-12.0,0.9971328062128817
2015,7,3,0.0,17.5,-3.0,CHUQUIBAMBILLA,-14.79,-70.72,Norte,PUNO,2015-07-03,20.5,1,184,17.0,0.0,25.0,-8.0,-11.5,-13.0,0.9869395782918063
2015,7,4,4.5,12.0,-2.5,CHUQUIBAMBILLA,-14.79,-70.72,Norte,PUNO,2015-07-04,14.5,1,185,17.5,0.0,20.5,-3.0,-8.0,-11.5,0.9288522720369913
2015,7,5,0.0,11.5,-2.0,CHUQUIBAMBILLA,-14.79,-70.72,Norte,PUNO,2015-07-05,13.5,1,186,12.0,4.5,14.5,-2.5,-3.0,-8.0,0.7125371731304854
2015,7,6,0.0,15.0,-12.0,CHUQUIBAMBILLA,-14.79,-70.72,Norte,PUNO,2015-07-06,27.0,1,187,11.5,0.0,13.5,-2.0,-2.5,-3.0,0.8884518243505924
2015,7,7,0.0,13.5,-14.5,CHUQUIBAMBILLA,-14.79,-70.72,Norte,PUNO,2015-07-07,28.0,1,188,15.0,0.0,27.0,-12.0,-2.0,-2.5,0.9956114295058749
2015,7,8,0.0,15.5,-15.0,CHUQUIBAMBILLA,-14.79,-70.72,Norte,PUNO,2015-07-08,30.5,1,189,13.5,0.0,28.0,-14.5,-12.0,-2.0,0.9986860182950285
2015,7,9,0.0,16.5,-14.0,CHUQUIBAMBILLA,-14.79,-70.72,Norte,PUNO,2015-07-09,30.5,1,190,15.5,0.0,30.5,-15.0,-14.5,-12.0,0.9993958919284707
2015,7,10,0.0,17.0,-15.0,CHUQUIBAMBILLA,-14.79,-70.72,Norte,PUNO,2015-07-10,32.0,1,191,16.5,0.0,30.5,-14.0,-15.0,-14.5,0.9989834178311392
2015,7,11,0.0,17.5,-15.5,CHUQUIBAMBILLA,-14.79,-70.72,Norte,PUNO,2015-07-11,33.0,1,192,17.0,0.0,32.0,-15.0,-14.0,-15.0,0.9993260956515577
2015,7,12,0.0,17.0,-12.5,CHUQUIBAMBILLA,-14.79,-70.72,Norte,PUNO,2015-07-12,29.5,1,193,17.5,0.0,33.0,-15.5,-15.0,-14.0,0.9994540443180489
2015,7,13,0.0,18.0,-9.5,CHUQUIBAMBILLA,-14.79,-70.72,Norte,PUNO,2015-07-13,27.5,1,194,17.0,0.0,29.5,-12.5,-15.5,-15.0,0.9980901811311127
2015,7,14,0.0,16.0,-9.0,CHUQUIBAMBILLA,-14.79,-70.72,Norte,PUNO,2015-07-14,25.0,1,195,18.0,0.0,27.5,-9.5,-12.5,-15.5,0.9933089463053758
2015,7,15,0.0,11.5,-5.0,CHUQUIBAMBILLA,-14.79,-70.72,Norte,PUNO,2015-07-15,16.5,1,196,16.0,0.0,25.0,-9.0,-9.5,-12.5,0.9918190702553161
2015,7,16,0.0,16.5,-10.0,CHUQUIBAMBILLA,-14.79,-70.72,Norte,PUNO,2015-07-16,26.5,1,197,11.5,0.0,16.5,-5.0,-9.0,-9.5,0.9374745598617339
2015,7,17,0.0,16.5,-11.0,CHUQUIBAMBILLA,-14.79,-70.72,Norte,PUNO,2015-07-17,27.5,1,198,16.5,0.0,26.5,-10.0,-5.0,-9.0,0.9940700129607333
2015,7,18,0.0,17.0,-11.0,CHUQUIBAMBILLA,-14.79,-70.72,Norte,PUNO,2015-07-18,28.0,1,199,16.5,0.0,27.5,-11.0,-10.0,-5.0,0.9952627750756416
2015,7,19,0.0,16.0,-12.5,CHUQUIBAMBILLA,-14.79,-70.72,Norte,PUNO,2015-07-19,28.5,1,200,17.0,0.0,28.0,-11.0,-11.0,-10.0,0.9961612052093856
2015,7,20,0.0,17.0,-13.0,CHUQUIBAMBILLA,-14.79,-70.72,Norte,PUNO,2015-07-20,30.0,1,201,16.0,0.0,28.5,-12.5,-11.0,-11.0,0.9980515113331965
2015,7,21,0.0,16.5,-12.0,CHUQUIBAMBILLA,-14.79,-70.72,Norte,PUNO,2015-07-21,28.5,1,202,17.0,0.0,30.0,-13.0,-12.5,-11.0,0.9983297035796531
2015,7,22,0.0,17.0,-10.0,CHUQUIBAMBILLA,-14.79,-70.72,Norte,PUNO,2015-07-22,27.0,1,203,16.5,0.0,28.5,-12.0,-13.0,-12.5,0.9975638958400547
2015,7,23,0.0,18.5,-9.0,CHUQUIBAMBILLA,-14.79,-70.72,Norte,PUNO,2015-07-23,27.5,1,204,17.0,0.0,27.0,-10.0,-12.0,-13.0,0.9944572522501317
2015,7,24,0.0,19.5,-7.0,CHUQUIBAMBILLA,-14.79,-70.72,Norte,PUNO,2015-07-24,26.5,1,205,18.5,0.0,27.5,-9.0,-10.0,-12.0,0.9909588698734432
2015,7,25,0.0,18.0,-7.5,CHUQUIBAMBILLA,-14.79,-70.72,Norte,PUNO,2015-07-25,25.5,1,206,19.5,0.0,26.5,-7.0,-9.0,-10.0,0.980948089309166
2015,7,26,0.0,18.5,-8.0,CHUQUIBAMBILLA,-14.79,-70.72,Norte,PUNO,2015-07-26,26.5,1,207,18.0,0.0,25.5,-7.5,-7.0,-9.0,0.9825194673870445
2015,7,27,0.0,18.0,-11.0,CHUQUIBAMBILLA,-14.79,-70.72,Norte,PUNO,2015-07-27,29.0,1,208,18.5,0.0,26.5,-8.0,-7.5,-7.0,0.984675048000869
2015,7,28,0.0,18.5,-10.0,CHUQUIBAMBILLA,-14.79,-70.72,Norte,PUNO,2015-07-28,28.5,1,209,18.0,0.0,29.0,-11.0,-8.0,-7.5,0.9947721223632644
2015,7,29,0.0,17.5,-10.0,CHUQUIBAMBILLA,-14.79,-70.72,Norte,PUNO,2015-07-29,27.5,1,210,18.5,0.0,28.5,-10.0,-11.0,-8.0,0.9928490240701375
2015,7,30,0.0,18.0,-11.0,CHUQUIBAMBILLA,-14.79,-70.72,Norte,PUNO,2015-07-30,29.0,1,211,17.5,0.0,27.5,-10.0,-10.0,-11.0,0.9935821406336826
2015,7,31,0.0,17.5,-10.5,CHUQUIBAMBILLA,-14.79,-70.72,Norte,PUNO,2015-07-31,28.0,1,212,18.0,0.0,29.0,-11.0,-10.0,-10.0,0.9955704480296584
2015,8,1,0.0,18.5,-10.0,CHUQUIBAMBILLA,-14.79,-70.72,Norte,PUNO,2015-08-01,28.5,1,213,17.5,0.0,28.0,-10.5,-11.0,-10.0,0.9938576846178089
2015,8,2,0.0,18.5,-9.0,CHUQUIBAMBILLA,-14.79,-70.72,Norte,PUNO,2015-08-02,27.5,1,214,18.5,0.0,28.5,-10.0,-10.5,-11.0,0.9921562940251742
2015,8,3,0.0,18.0,-9.0,CHUQUIBAMBILLA,-14.79,-70.72,Norte,PUNO,2015-08-03,27.0,1,215,18.5,0.0,27.5,-9.0,-10.0,-10.5,0.9879194071803786
2015,8,4,0.0,18.0,-9.5,CHUQUIBAMBILLA,-14.79,-70.72,Norte,PUNO,2015-08-04,27.5,1,216,18.0,0.0,27.0,-9.0,-9.0,-10.0,0.9877040748827082
2015,8,5,0.0,18.5,-9.5,CHUQUIBAMBILLA,-14.79,-70.72,Norte,PUNO,2015-08-05,28.0,1,217,18.0,0.0,27.5,-9.5,-9.0,-9.0,0.9897216359850449
2015,8,6,0.0,20.0,-12.5,CHUQUIBAMBILLA,-14.79,-70.72,Norte,PUNO,2015-08-06,32.5,1,218,18.5,0.0,28.0,-9.5,-9.5,-9.0,0.989325199365036
2015,8,7,0.0,19.0,-11.5,CHUQUIBAMBILLA,-14.79,-70.72,Norte,PUNO,2015-08-07,30.5,1,219,20.0,0.0,32.5,-12.5,-9.5,-9.5,0.9961328406885117
2015,8,8,0.0,18.5,-8.5,CHUQUIBAMBILLA,-14.79,-70.72,Norte,PUNO,2015-08-08,27.0,1,220,19.0,0.0,30.5,-11.5,-12.5,-9.5,0.9951879359778576
2015,8,9,0.0,15.5,-2.5,CHUQUIBAMBILLA,-14.79,-70.72,Norte,PUNO,2015-08-09,18.0,1,221,18.5,0.0,27.0,-8.5,-11.5,-12.5,0.9856036175285324
2015,8,10,0.0,17.0,-18.5,CHUQUIBAMBILLA,-14.79,-70.72,Norte,PUNO,2015-08-10,35.5,1,222,15.5,0.0,18.0,-2.5,-8.5,-11.5,0.86237472457389
2015,8,11,0.0,16.0,-9.5,CHUQUIBAMBILLA,-14.79,-70.72,Norte,PUNO,2015-08-11,25.5,1,223,17.0,0.0,35.5,-18.5,-2.5,-8.5,0.998911930121136
2015,8,12,4.3,12.0,1.0,CHUQUIBAMBILLA,-14.79,-70.72,Norte,PUNO,2015-08-12,11.0,0,224,16.0,0.0,25.5,-9.5,-18.5,-2.5,0.9862461846223047
2015,8,13,0.0,10.5,1.0,CHUQUIBAMBILLA,-14.79,-70.72,Norte,PUNO,2015-08-13,9.5,0,225,12.0,4.3,11.0,1.0,-9.5,-18.5,0.6974395663747575
2015,8,14,0.0,15.0,-4.5,CHUQUIBAMBILLA,-14.79,-70.72,Norte,PUNO,2015-08-14,19.5,1,226,10.5,0.0,9.5,1.0,1.0,-9.5,0.7353998535306966
2015,8,15,0.0,16.5,-9.0,CHUQUIBAMBILLA,-14.79,-70.72,Norte,PUNO,2015-08-15,25.5,1,227,15.0,0.0,19.5,-4.5,1.0,1.0,0.9167408781503852
2015,8,16,0.0,14.0,-5.5,CHUQUIBAMBILLA,-14.79,-70.72,Norte,PUNO,2015-08-16,19.5,1,228,16.5,0.0,25.5,-9.0,-4.5,1.0,0.9784433900254901
2015,8,17,0.0,16.5,-4.5,CHUQUIBAMBILLA,-14.79,-70.72,Norte,PUNO,2015-08-17,21.0,1,229,14.0,0.0,19.5,-5.5,-9.0,-4.5,0.9270281883381977
2015,8,18,1.2,17.5,-2.0,CHUQUIBAMBILLA,-14.79,-70.72,Norte,PUNO,2015-08-18,19.5,1,230,16.5,0.0,21.0,-4.5,-5.5,-9.0,0.9219489437281897
2015,8,19,0.0,16.5,-6.5,CHUQUIBAMBILLA,-14.79,-70.72,Norte,PUNO,2015-08-19,23.0,1,231,17.5,1.2,19.5,-2.0,-4.5,-5.5,0.6708094267334306
2015,8,20,0.0,18.5,-6.5,CHUQUIBAMBILLA,-14.79,-70.72,Norte,PUNO,2015-08-20,25.0,1,232,16.5,0.0,23.0,-6.5,-2.0,-4.5,0.9591970641954362
2015,8,21,0.0,17.5,-6.0,CHUQUIBAMBILLA,-14.79,-70.72,Norte,PUNO,2015-08-21,23.5,1,233,18.5,0.0,25.0,-6.5,-6.5,-2.0,0.9551855651890403
2015,8,22,0.0,18.0,-7.5,CHUQUIBAMBILLA,-14.79,-70.72,Norte,PUNO,2015-08-22,25.5,1,234,17.5,0.0,23.5,-6.0,-6.5,-6.5,0.9524070200934366
2015,8,23,0.0,17.0,-7.0,CHUQUIBAMBILLA,-14.79,-70.72,Norte,PUNO,2015-08-23,24.0,1,235,18.0,0.0,25.5,-7.5,-6.0,-6.5,0.969689425974628
2015,8,24,0.0,18.5,-6.5,CHUQUIBAMBILLA,-14.79,-70.72,Norte,PUNO,2015-08-24,25.0,1,236,17.0,0.0,24.0,-7.0,-7.5,-6.0,0.966604851614022
2015,8,25,0.0,19.0,-7.0,CHUQUIBAMBILLA,-14.79,-70.72,Norte,PUNO,2015-08-25,26.0,1,237,18.5,0.0,25.0,-6.5,-7.0,-7.5,0.9594063484186822
2015,8,26,0.0,19.5,-6.0,CHUQUIBAMBILLA,-14.79,-70.72,Norte,PUNO,2015-08-26,25.5,1,238,19.0,0.0,26.0,-7.0,-6.5,-7.0,0.9636898074667761
2015,8,27,0.0,17.5,-9.0,CHUQUIBAMBILLA,-14.79,-70.72,Norte,PUNO,2015-08-27,26.5,1,239,19.5,0.0,25.5,-6.0,-7.0,-6.5,0.9551097011298743
2015,8,28,0.0,16.5,-13.0,CHUQUIBAMBILLA,-14.79,-70.72,Norte,PUNO,2015-08-28,29.5,1,240,17.5,0.0,26.5,-9.0,-6.0,-7.0,0.9818608847608533
2015,8,29,0.0,17.5,-13.5,CHUQUIBAMBILLA,-14.79,-70.72,Norte,PUNO,2015-08-29,31.0,1,241,16.5,0.0,29.5,-13.0,-9.0,-6.0,0.996100181043225
2015,8,30,0.0,18.0,-14.0,CHUQUIBAMBILLA,-14.79,-70.72,Norte,PUNO,2015-08-30,32.0,1,242,17.5,0.0,31.0,-13.5,-13.0,-9.0,0.9973751868772414
2015,8,31,0.0,17.0,-11.0,CHUQUIBAMBILLA,-14.79,-70.72,Norte,PUNO,2015-08-31,28.0,1,243,18.0,0.0,32.0,-14.0,-13.5,-13.0,0.9981169579355609
2015,9,1,0.0,16.0,-7.0,CHUQUIBAMBILLA,-14.79,-70.72,Norte,PUNO,2015-09-01,23.0,1,244,17.0,0.0,28.0,-11.0,-14.0,-13.5,0.9934662940910207
2015,9,2,0.0,15.5,0.0,CHUQUIBAMBILLA,-14.79,-70.72,Norte,PUNO,2015-09-02,15.5,1,245,16.0,0.0,23.0,-7.0,-11.0,-14.0,0.9689975407029593
2015,9,3,0.0,16.0,-1.0,CHUQUIBAMBILLA,-14.79,-70.72,Norte,PUNO,2015-09-03,17.0,1,246,15.5,0.0,15.5,0.0,-7.0,-11.0,0.7482186145626213
2015,9,4,3.7,15.5,2.5,CHUQUIBAMBILLA,-14.79,-70.72,Norte,PUNO,2015-09-04,13.0,0,247,16.0,0.0,17.0,-1.0,0.0,-7.0,0.7443500758331631
2015,9,5,1.4,13.5,2.5,CHUQUIBAMBILLA,-14.79,-70.72,Norte,PUNO,2015-09-05,11.0,0,248,15.5,3.7,13.0,2.5,-1.0,0.0,0.31342067035231125
2015,9,6,0.0,17.5,-2.5,CHUQUIBAMBILLA,-14.79,-70.72,Norte,PUNO,2015-09-06,20.0,1,249,13.5,1.4,11.0,2.5,2.5,-1.0,0.3131052004391558
2015,9,7,0.0,18.5,-8.0,CHUQUIBAMBILLA,-14.79,-70.72,Norte,PUNO,2015-09-07,26.5,1,250,17.5,0.0,20.0,-2.5,2.5,2.5,0.7935733583179135
2015,9,8,0.0,18.0,-10.0,CHUQUIBAMBILLA,-14.79,-70.72,Norte,PUNO,2015-09-08,28.0,1,251,18.5,0.0,26.5,-8.0,-2.5,2.5,0.9466994718192159
2015,9,9,0.0,19.0,-10.0,CHUQUIBAMBILLA,-14.79,-70.72,Norte,PUNO,2015-09-09,29.0,1,252,18.0,0.0,28.0,-10.0,-8.0,-2.5,0.9791962463417229
2015,9,10,0.0,20.0,-10.5,CHUQUIBAMBILLA,-14.79,-70.72,Norte,PUNO,2015-09-10,30.5,1,253,19.0,0.0,29.0,-10.0,-10.0,-8.0,0.9836869652924347
2015,9,11,0.0,20.5,-6.0,CHUQUIBAMBILLA,-14.79,-70.72,Norte,PUNO,2015-09-11,26.5,1,254,20.0,0.0,30.5,-10.5,-10.0,-10.0,0.9867324416602719
2015,9,12,0.0,20.0,-4.5,CHUQUIBAMBILLA,-14.79,-70.72,Norte,PUNO,2015-09-12,24.5,1,255,20.5,0.0,26.5,-6.0,-10.5,-10.0,0.9407864629562067
2015,9,13,0.0,19.5,-7.0,CHUQUIBAMBILLA,-14.79,-70.72,Norte,PUNO,2015-09-13,26.5,1,256,20.0,0.0,24.5,-4.5,-6.0,-10.5,0.8993843634475562
2015,9,14,0.0,20.5,-5.0,CHUQUIBAMBILLA,-14.79,-70.72,Norte,PUNO,2015-09-14,25.5,1,257,19.5,0.0,26.5,-7.0,-4.5,-6.0,0.9423013093164155
2015,9,15,0.0,18.5,-1.0,CHUQUIBAMBILLA,-14.79,-70.72,Norte,PUNO,2015-09-15,19.5,1,258,20.5,0.0,25.5,-5.0,-7.0,-4.5,0.9060074588760635
2015,9,16,0.0,19.0,-4.0,CHUQUIBAMBILLA,-14.79,-70.72,Norte,PUNO,2015-09-16,23.0,1,259,18.5,0.0,19.5,-1.0,-5.0,-7.0,0.7237803174052096
2015,9,17,0.0,20.0,-5.0,CHUQUIBAMBILLA,-14.79,-70.72,Norte,PUNO,2015-09-17,25.0,1,260,19.0,0.0,23.0,-4.0,-1.0,-5.0,0.8710080361725112
2015,9,18,18.2,18.5,-1.5,CHUQUIBAMBILLA,-14.79,-70.72,Norte,PUNO,2015-09-18,20.0,1,261,20.0,0.0,25.0,-5.0,-4.0,-1.0,0.890656860110714
2015,9,19,3.9,16.0,2.0,CHUQUIBAMBILLA,-14.79,-70.72,Norte,PUNO,2015-09-19,14.0,0,262,18.5,18.2,20.0,-1.5,-5.0,-4.0,0.7125098209212787
2015,9,20,0.0,17.5,2.5,CHUQUIBAMBILLA,-14.79,-70.72,Norte,PUNO,2015-09-20,15.0,0,263,16.0,3.9,14.0,2.0,-1.5,-5.0,0.36497882216502486
2015,9,21,0.0,18.5,-2.5,CHUQUIBAMBILLA,-14.79,-70.72,Norte,PUNO,2015-09-21,21.0,1,264,17.5,0.0,15.0,2.5,2.0,-1.5,0.4030695182945889
2015,9,22,4.5,20.0,0.0,CHUQUIBAMBILLA,-14.79,-70.72,Norte,PUNO,2015-09-22,20.0,1,265,18.5,0.0,21.0,-2.5,2.5,2.0,0.7739487157960824
2015,9,23,5.9,19.5,0.5,CHUQUIBAMBILLA,-14.79,-70.72,Norte,PUNO,2015-09-23,19.0,0,266,20.0,4.5,20.0,0.0,-2.5,2.5,0.45739980277559883
2015,9,24,2.3,16.5,4.0,CHUQUIBAMBILLA,-14.79,-70.72,Norte,PUNO,2015-09-24,12.5,0,267,19.5,5.9,19.0,0.5,0.0,-2.5,0.43789164342631054
2015,9,25,0.0,19.0,5.0,CHUQUIBAMBILLA,-14.79,-70.72,Norte,PUNO,2015-09-25,14.0,0,268,16.5,2.3,12.5,4.0,0.5,0.0,0.2139743735399614
2015,9,26,0.0,18.0,3.0,CHUQUIBAMBILLA,-14.79,-70.72,Norte,PUNO,2015-09-26,15.0,0,269,19.0,0.0,14.0,5.0,4.0,0.5,0.2604012980208062
2015,9,27,0.0,20.0,-5.0,CHUQUIBAMBILLA,-14.79,-70.72,Norte,PUNO,2015-09-27,25.0,1,270,18.0,0.0,15.0,3.0,5.0,4.0,0.22681727399710983
2015,9,28,0.0,17.5,-5.5,CHUQUIBAMBILLA,-14.79,-70.72,Norte,PUNO,2015-09-28,23.0,1,271,20.0,0.0,25.0,-5.0,3.0,5.0,0.8554746204360366
2015,9,29,0.0,18.0,-9.0,CHUQUIBAMBILLA,-14.79,-70.72,Norte,PUNO,2015-09-29,27.0,1,272,17.5,0.0,23.0,-5.5,-5.0,3.0,0.8627865308727076
2015,9,30,0.0,17.5,-7.0,CHUQUIBAMBILLA,-14.79,-70.72,Norte,PUNO,2015-09-30,24.5,1,273,18.0,0.0,27.0,-9.0,-5.5,-5.0,0.9657029560921725
2015,10,1,0.0,11.5,-2.5,CHUQUIBAMBILLA,-14.79,-70.72,Norte,PUNO,2015-10-01,14.0,1,274,17.5,0.0,24.5,-7.0,-9.0,-5.5,0.9304050958334105
2015,10,2,5.2,13.5,3.0,CHUQUIBAMBILLA,-14.79,-70.72,Norte,PUNO,2015-10-02,10.5,0,275,11.5,0.0,14.0,-2.5,-7.0,-9.0,0.8618087531519101
2015,10,3,5.6,8.5,4.5,CHUQUIBAMBILLA,-14.79,-70.72,Norte,PUNO,2015-10-03,4.0,0,276,13.5,5.2,10.5,3.0,-2.5,-7.0,0.3906332915593198
2015,10,4,0.0,17.0,-3.5,CHUQUIBAMBILLA,-14.79,-70.72,Norte,PUNO,2015-10-04,20.5,1,277,8.5,5.6,4.0,4.5,3.0,-2.5,0.2369593528864851
2015,10,5,0.0,19.5,-4.5,CHUQUIBAMBILLA,-14.79,-70.72,Norte,PUNO,2015-10-05,24.0,1,278,17.0,0.0,20.5,-3.5,4.5,3.0,0.7700969657584235
2015,10,6,0.0,20.0,-5.5,CHUQUIBAMBILLA,-14.79,-70.72,Norte,PUNO,2015-10-06,25.5,1,279,19.5,0.0,24.0,-4.5,-3.5,4.5,0.8370728608636347
2015,10,7,0.0,20.0,-5.0,CHUQUIBAMBILLA,-14.79,-70.72,Norte,PUNO,2015-10-07,25.0,1,280,20.0,0.0,25.5,-5.5,-4.5,-3.5,0.8755165044093705
2015,10,8,0.0,20.5,-4.0,CHUQUIBAMBILLA,-14.79,-70.72,Norte,PUNO,2015-10-08,24.5,1,281,20.0,0.0,25.0,-5.0,-5.5,-4.5,0.8638335604627614
2015,10,9,0.0,19.0,-10.0,CHUQUIBAMBILLA,-14.79,-70.72,Norte,PUNO,2015-10-09,29.0,1,282,20.5,0.0,24.5,-4.0,-5.0,-5.5,0.8447088538770398
2015,10,10,0.0,18.5,-11.0,CHUQUIBAMBILLA,-14.79,-70.72,Norte,PUNO,2015-10-10,29.5,1,283,19.0,0.0,29.0,-10.0,-4.0,-5.0,0.9657893230403154
2015,10,11,0.0,19.5,-10.5,CHUQUIBAMBILLA,-14.79,-70.72,Norte,PUNO,2015-10-11,30.0,1,284,18.5,0.0,29.5,-11.0,-10.0,-4.0,0.9781429310904411
2015,10,12,0.0,20.0,-12.0,CHUQUIBAMBILLA,-14.79,-70.72,Norte,PUNO,2015-10-12,32.0,1,285,19.5,0.0,30.0,-10.5,-11.0,-10.0,0.9800720932983168
2015,10,13,0.0,19.5,-13.0,CHUQUIBAMBILLA,-14.79,-70.72,Norte,PUNO,2015-10-13,32.5,1,286,20.0,0.0,32.0,-12.0,-10.5,-11.0,0.9886178720633366
2015,10,14,0.0,20.0,-9.0,CHUQUIBAMBILLA,-14.79,-70.72,Norte,PUNO,2015-10-14,29.0,1,287,19.5,0.0,32.5,-13.0,-12.0,-10.5,0.9923605279201944
2015,10,15,0.0,17.5,-7.5,CHUQUIBAMBILLA,-14.79,-70.72,Norte,PUNO,2015-10-15,25.0,1,288,20.0,0.0,29.0,-9.0,-13.0,-12.0,0.9703876013739958
2015,10,16,0.0,16.0,-6.5,CHUQUIBAMBILLA,-14.79,-70.72,Norte,PUNO,2015-10-16,22.5,1,289,17.5,0.0,25.0,-7.5,-9.0,-13.0,0.9589459289509888
2015,10,17,0.0,18.5,-1.0,CHUQUIBAMBILLA,-14.79,-70.72,Norte,PUNO,2015-10-17,19.5,1,290,16.0,0.0,22.5,-6.5,-7.5,-9.0,0.9242208102557978
2015,10,18,0.0,14.0,-2.0,CHUQUIBAMBILLA,-14.79,-70.72,Norte,PUNO,2015-10-18,16.0,1,291,18.5,0.0,19.5,-1.0,-6.5,-7.5,0.6928783171058165
2015,10,19,0.0,15.5,-3.0,CHUQUIBAMBILLA,-14.79,-70.72,Norte,PUNO,2015-10-19,18.5,1,292,14.0,0.0,16.0,-2.0,-1.0,-6.5,0.7354520227289729
2015,10,20,3.5,19.0,4.5,CHUQUIBAMBILLA,-14.79,-70.72,Norte,PUNO,2015-10-20,14.5,0,293,15.5,0.0,18.5,-3.0,-2.0,-1.0,0.7485964896746006
2015,10,21,0.0,18.5,2.0,CHUQUIBAMBILLA,-14.79,-70.72,Norte,PUNO,2015-10-21,16.5,0,294,19.0,3.5,14.5,4.5,-3.0,-2.0,0.26878331788314747
2015,10,22,0.0,18.5,-4.0,CHUQUIBAMBILLA,-14.79,-70.72,Norte,PUNO,2015-10-22,22.5,1,295,18.5,0.0,16.5,2.0,4.5,-3.0,0.40945592767695305
2015,10,23,0.0,17.5,-5.0,CHUQUIBAMBILLA,-14.79,-70.72,Norte,PUNO,2015-10-23,22.5,1,296,18.5,0.0,22.5,-4.0,2.0,4.5,0.7791067888027257
2015,10,24,5.2,15.5,-4.0,CHUQUIBAMBILLA,-14.79,-70.72,Norte,PUNO,2015-10-24,19.5,1,297,17.5,0.0,22.5,-5.0,-4.0,2.0,0.8117008736658948
2015,10,25,7.5,10.5,2.0,CHUQUIBAMBILLA,-14.79,-70.72,Norte,PUNO,2015-10-25,8.5,0,298,15.5,5.2,19.5,-4.0,-5.0,-4.0,0.6544638159715431
2015,10,26,0.0,16.0,0.0,CHUQUIBAMBILLA,-14.79,-70.72,Norte,PUNO,2015-10-26,16.0,1,299,10.5,7.5,8.5,2.0,-4.0,-5.0,0.4800197138234669
2015,10,27,2.5,16.5,2.5,CHUQUIBAMBILLA,-14.79,-70.72,Norte,PUNO,2015-10-27,14.0,0,300,16.0,0.0,16.0,0.0,2.0,-4.0,0.5375098684024419
2015,10,28,5.2,13.5,3.5,CHUQUIBAMBILLA,-14.79,-70.72,Norte,PUNO,2015-10-28,10.0,0,301,16.5,2.5,14.0,2.5,0.0,2.0,0.20520053801819205
2015,10,29,0.0,17.0,2.5,CHUQUIBAMBILLA,-14.79,-70.72,Norte,PUNO,2015-10-29,14.5,0,302,13.5,5.2,10.0,3.5,2.5,0.0,0.15187733726931574
2015,1,2,4.7,15.4,5.2,HUANCANE,-15.21,-69.76,Norte,PUNO,2015-01-02,10.2,0,2,17.2,4.7,12.4,4.8,2.2,5.6,0.001456637667168092
2015,1,3,19.1,14.2,4.8,HUANCANE,-15.21,-69.76,Norte,PUNO,2015-01-03,9.4,0,3,15.4,4.7,10.2,5.2,4.8,2.2,0.0014179407399627548
2015,1,4,1.3,11.6,2.6,HUANCANE,-15.21,-69.76,Norte,PUNO,2015-01-04,9.0,0,4,14.2,19.1,9.4,4.8,5.2,4.8,0.0006618799562712967
2015,1,5,3.5,14.0,4.8,HUANCANE,-15.21,-69.76,Norte,PUNO,2015-01-05,9.2,0,5,11.6,1.3,9.0,2.6,4.8,5.2,0.0038960949468197
2015,1,6,5.6,16.0,4.6,HUANCANE,-15.21,-69.76,Norte,PUNO,2015-01-06,11.4,0,6,14.0,3.5,9.2,4.8,2.6,4.8,0.001607307112608378
2015,1,7,0.8,15.4,5.0,HUANCANE,-15.21,-69.76,Norte,PUNO,2015-01-07,10.4,0,7,16.0,5.6,11.4,4.6,4.8,2.6,0.00151371059151595
2015,1,8,5.3,13.6,3.8,HUANCANE,-15.21,-69.76,Norte,PUNO,2015-01-08,9.8,0,8,15.4,0.8,10.4,5.0,4.6,4.8,0.0020943367456542654
2015,1,9,8.4,14.8,4.6,HUANCANE,-15.21,-69.76,Norte,PUNO,2015-01-09,10.2,0,9,13.6,5.3,9.8,3.8,5.0,4.6,0.0010783690377148152
2015,1,10,30.2,13.4,4.8,HUANCANE,-15.21,-69.76,Norte,PUNO,2015-01-10,8.600000000000001,0,10,14.8,8.4,10.2,4.6,3.8,5.0,0.0007122009274487873
2015,1,11,2.9,14.6,2.6,HUANCANE,-15.21,-69.76,Norte,PUNO,2015-01-11,12.0,0,11,13.4,30.2,8.600000000000001,4.8,4.6,3.8,0.0037480586510496485
2015,1,12,4.7,13.0,4.4,HUANCANE,-15.21,-69.76,Norte,PUNO,2015-01-12,8.6,0,12,14.6,2.9,12.0,2.6,4.8,4.6,0.002997347298445559
2015,1,13,0.0,12.6,3.4,HUANCANE,-15.21,-69.76,Norte,PUNO,2015-01-13,9.2,0,13,13.0,4.7,8.6,4.4,2.6,4.8,0.0016847142168949435
2015,1,14,0.0,15.2,1.0,HUANCANE,-15.21,-69.76,Norte,PUNO,2015-01-14,14.2,0,14,12.6,0.0,9.2,3.4,4.4,2.6,0.008312700909298854
2015,1,15,3.2,16.4,0.2,HUANCANE,-15.21,-69.76,Norte,PUNO,2015-01-15,16.2,0,15,15.2,0.0,14.2,1.0,3.4,4.4,0.06808037394354806
2015,1,16,0.0,13.6,3.6,HUANCANE,-15.21,-69.76,Norte,PUNO,2015-01-16,10.0,0,16,16.4,3.2,16.2,0.2,1.0,3.4,0.055770151134974404
2015,1,17,0.0,13.4,4.4,HUANCANE,-15.21,-69.76,Norte,PUNO,2015-01-17,9.0,0,17,13.6,0.0,10.0,3.6,0.2,1.0,0.02921867640283915
2015,1,18,3.4,12.6,4.2,HUANCANE,-15.21,-69.76,Norte,PUNO,2015-01-18,8.399999999999999,0,18,13.4,0.0,9.0,4.4,3.6,0.2,0.013055540924401237
2015,1,19,3.5,14.2,4.6,HUANCANE,-15.21,-69.76,Norte,PUNO,2015-01-19,9.6,0,19,12.6,3.4,8.399999999999999,4.2,4.4,3.6,0.0019044251720520338
2015,1,20,2.0,14.0,4.4,HUANCANE,-15.21,-69.76,Norte,PUNO,2015-01-20,9.6,0,20,14.2,3.5,9.6,4.6,4.2,4.4,0.0013808679382362305
2015,1,21,0.0,14.4,4.8,HUANCANE,-15.21,-69.76,Norte,PUNO,2015-01-21,9.6,0,21,14.0,2.0,9.6,4.4,4.6,4.2,0.0018048957351127243
2015,1,22,0.0,14.6,3.2,HUANCANE,-15.21,-69.76,Norte,PUNO,2015-01-22,11.4,0,22,14.4,0.0,9.6,4.8,4.4,4.6,0.003896810041013893
2015,1,23,0.0,14.8,5.4,HUANCANE,-15.21,-69.76,Norte,PUNO,2015-01-23,9.4,0,23,14.6,0.0,11.4,3.2,4.8,4.4,0.00863530536095955
2015,1,24,0.0,15.2,4.4,HUANCANE,-15.21,-69.76,Norte,PUNO,2015-01-24,10.8,0,24,14.8,0.0,9.4,5.4,3.2,4.8,0.004174261475185567
2015,1,25,9.9,15.2,5.4,HUANCANE,-15.21,-69.76,Norte,PUNO,2015-01-25,9.8,0,25,15.2,0.0,10.8,4.4,5.4,3.2,0.00613716611212066
2015,1,26,4.0,13.8,4.2,HUANCANE,-15.21,-69.76,Norte,PUNO,2015-01-26,9.6,0,26,15.2,9.9,9.8,5.4,4.4,5.4,0.0003840120271485268
2015,1,27,0.0,15.0,5.0,HUANCANE,-15.21,-69.76,Norte,PUNO,2015-01-27,10.0,0,27,13.8,4.0,9.6,4.2,5.4,4.4,0.0011352352990438351
2015,1,28,7.1,13.4,5.4,HUANCANE,-15.21,-69.76,Norte,PUNO,2015-01-28,8.0,0,28,15.0,0.0,10.0,5.0,4.2,5.4,0.0034246647515017363
2015,1,29,0.0,15.2,5.8,HUANCANE,-15.21,-69.76,Norte,PUNO,2015-01-29,9.4,0,29,13.4,7.1,8.0,5.4,5.0,4.2,0.0005066955978551174
2015,1,30,4.3,12.0,5.4,HUANCANE,-15.21,-69.76,Norte,PUNO,2015-01-30,6.6,0,30,15.2,0.0,9.4,5.8,5.4,5.0,0.0024252283749468685
2015,1,31,0.2,14.2,3.8,HUANCANE,-15.21,-69.76,Norte,PUNO,2015-01-31,10.4,0,31,12.0,4.3,6.6,5.4,5.8,5.4,0.00047333900897101884
2015,2,1,0.8,14.4,5.6,HUANCANE,-15.21,-69.76,Norte,PUNO,2015-02-01,8.8,0,32,14.2,0.2,10.4,3.8,5.4,5.8,0.003090508004430536
2015,2,2,0.0,16.0,2.2,HUANCANE,-15.21,-69.76,Norte,PUNO,2015-02-02,13.8,0,33,14.4,0.8,8.8,5.6,3.8,5.4,0.002000739789211266
2015,2,3,0.0,16.2,0.4,HUANCANE,-15.21,-69.76,Norte,PUNO,2015-02-03,15.8,0,34,16.0,0.0,13.8,2.2,5.6,3.8,0.02791652568887678
2015,2,4,0.0,16.4,2.6,HUANCANE,-15.21,-69.76,Norte,PUNO,2015-02-04,13.8,0,35,16.2,0.0,15.8,0.4,2.2,5.6,0.13845896579924988
2015,2,5,0.0,16.0,1.6,HUANCANE,-15.21,-69.76,Norte,PUNO,2015-02-05,14.4,0,36,16.4,0.0,13.8,2.6,0.4,2.2,0.04901812472661721
2015,2,6,17.6,14.0,5.4,HUANCANE,-15.21,-69.76,Norte,PUNO,2015-02-06,8.6,0,37,16.0,0.0,14.4,1.6,2.6,0.4,0.0851435709490307
2015,2,7,11.1,12.2,4.6,HUANCANE,-15.21,-69.76,Norte,PUNO,2015-02-07,7.6,0,38,14.0,17.6,8.6,5.4,1.6,2.6,0.00474598266089839
2015,2,8,4.5,14.8,3.4,HUANCANE,-15.21,-69.76,Norte,PUNO,2015-02-08,11.4,0,39,12.2,11.1,7.6,4.6,5.4,1.6,0.0013180334421285956
2015,2,9,4.3,15.4,5.6,HUANCANE,-15.21,-69.76,Norte,PUNO,2015-02-09,9.8,0,40,14.8,4.5,11.4,3.4,4.6,5.4,0.002019089547404557
2015,2,10,0.0,15.2,5.4,HUANCANE,-15.21,-69.76,Norte,PUNO,2015-02-10,9.8,0,41,15.4,4.3,9.8,5.6,3.4,4.6,0.0015402645907706114
2015,2,11,14.7,14.4,5.6,HUANCANE,-15.21,-69.76,Norte,PUNO,2015-02-11,8.8,0,42,15.2,0.0,9.8,5.4,5.6,3.4,0.005216004122134065
2015,2,12,0.0,14.0,5.8,HUANCANE,-15.21,-69.76,Norte,PUNO,2015-02-12,8.2,0,43,14.4,14.7,8.8,5.6,5.4,5.6,0.00025164003111260644
2015,2,13,2.0,15.6,3.6,HUANCANE,-15.21,-69.76,Norte,PUNO,2015-02-13,12.0,0,44,14.0,0.0,8.2,5.8,5.6,5.4,0.002047957855618554
2015,2,14,29.1,17.0,6.4,HUANCANE,-15.21,-69.76,Norte,PUNO,2015-02-14,10.6,0,45,15.6,2.0,12.0,3.6,5.8,5.6,0.0020873190795015458
2015,2,15,0.3,14.2,5.0,HUANCANE,-15.21,-69.76,Norte,PUNO,2015-02-15,9.2,0,46,17.0,29.1,10.6,6.4,3.6,5.8,0.0017239868424104652
2015,2,16,9.3,17.0,6.2,HUANCANE,-15.21,-69.76,Norte,PUNO,2015-02-16,10.8,0,47,14.2,0.3,9.2,5.0,6.4,3.6,0.003791190610535714
2015,2,17,0.0,15.2,4.8,HUANCANE,-15.21,-69.76,Norte,PUNO,2015-02-17,10.4,0,48,17.0,9.3,10.8,6.2,5.0,6.4,0.0003461906001243175
2015,2,18,0.0,16.2,2.6,HUANCANE,-15.21,-69.76,Norte,PUNO,2015-02-18,13.6,0,49,15.2,0.0,10.4,4.8,6.2,5.0,0.004357217688032178
2015,2,19,0.0,15.0,0.4,HUANCANE,-15.21,-69.76,Norte,PUNO,2015-02-19,14.6,0,50,16.2,0.0,13.6,2.6,4.8,6.2,0.01805621884139042
2015,2,20,0.0,16.0,1.8,HUANCANE,-15.21,-69.76,Norte,PUNO,2015-02-20,14.2,0,51,15.0,0.0,14.6,0.4,2.6,4.8,0.15209533534071765
2015,2,21,0.0,13.2,4.8,HUANCANE,-15.21,-69.76,Norte,PUNO,2015-02-21,8.399999999999999,0,52,16.0,0.0,14.2,1.8,0.4,2.6,0.0759923685793689
2015,2,22,0.0,15.0,4.6,HUANCANE,-15.21,-69.76,Norte,PUNO,2015-02-22,10.4,0,53,13.2,0.0,8.399999999999999,4.8,1.8,0.4,0.03224416693852553
2015,2,23,0.0,13.8,5.6,HUANCANE,-15.21,-69.76,Norte,PUNO,2015-02-23,8.200000000000001,0,54,15.0,0.0,10.4,4.6,4.8,1.8,0.012210211574968613
2015,2,24,0.0,17.0,4.4,HUANCANE,-15.21,-69.76,Norte,PUNO,2015-02-24,12.6,0,55,13.8,0.0,8.200000000000001,5.6,4.6,4.8,0.004174385844155488
2015,2,25,0.0,16.2,0.8,HUANCANE,-15.21,-69.76,Norte,PUNO,2015-02-25,15.4,0,56,17.0,0.0,12.6,4.4,5.6,4.6,0.009770544816366349
2015,2,26,2.2,16.4,3.4,HUANCANE,-15.21,-69.76,Norte,PUNO,2015-02-26,12.999999999999998,0,57,16.2,0.0,15.4,0.8,4.4,5.6,0.10284387646313552
2015,2,27,6.1,14.6,4.6,HUANCANE,-15.21,-69.76,Norte,PUNO,2015-02-27,10.0,0,58,16.4,2.2,12.999999999999998,3.4,0.8,4.4,0.013907773550894802
2015,2,28,0.0,15.0,3.4,HUANCANE,-15.21,-69.76,Norte,PUNO,2015-02-28,11.6,0,59,14.6,6.1,10.0,4.6,3.4,0.8,0.0056911841955709554
2015,3,1,0.0,14.8,5.4,HUANCANE,-15.21,-69.76,Norte,PUNO,2015-03-01,9.4,0,60,15.0,0.0,11.6,3.4,4.6,3.4,0.01858070026105943
2015,3,2,0.0,15.2,4.4,HUANCANE,-15.21,-69.76,Norte,PUNO,2015-03-02,10.8,0,61,14.8,0.0,9.4,5.4,3.4,4.6,0.00854805327063344
2015,3,3,7.2,16.4,4.0,HUANCANE,-15.21,-69.76,Norte,PUNO,2015-03-03,12.4,0,62,15.2,0.0,10.8,4.4,5.4,3.4,0.012261324184974273
2015,3,4,6.5,14.2,4.6,HUANCANE,-15.21,-69.76,Norte,PUNO,2015-03-04,9.6,0,63,16.4,7.2,12.4,4.0,4.4,5.4,0.0020142230749587175
2015,3,5,2.1,14.0,4.8,HUANCANE,-15.21,-69.76,Norte,PUNO,2015-03-05,9.2,0,64,14.2,6.5,9.6,4.6,4.0,4.4,0.0020784363366430627
2015,3,6,0.0,13.8,6.0,HUANCANE,-15.21,-69.76,Norte,PUNO,2015-03-06,7.800000000000001,0,65,14.0,2.1,9.2,4.8,4.6,4.0,0.003670671869408043
2015,3,7,0.0,13.8,6.6,HUANCANE,-15.21,-69.76,Norte,PUNO,2015-03-07,7.200000000000001,0,66,13.8,0.0,7.800000000000001,6.0,4.8,4.6,0.005645028808122143
2015,3,8,0.9,15.2,3.8,HUANCANE,-15.21,-69.76,Norte,PUNO,2015-03-08,11.4,0,67,13.8,0.0,7.200000000000001,6.6,6.0,4.8,0.004083619502734706
2015,3,9,0.0,15.4,3.4,HUANCANE,-15.21,-69.76,Norte,PUNO,2015-03-09,12.0,0,68,15.2,0.9,11.4,3.8,6.6,6.0,0.003302553419860847
2015,3,10,0.0,16.0,2.2,HUANCANE,-15.21,-69.76,Norte,PUNO,2015-03-10,13.8,0,69,15.4,0.0,12.0,3.4,3.8,6.6,0.010601931822179708
2015,3,11,1.9,15.4,3.0,HUANCANE,-15.21,-69.76,Norte,PUNO,2015-03-11,12.4,0,70,16.0,0.0,13.8,2.2,3.4,3.8,0.04786676435665362
2015,3,12,0.0,16.6,2.8,HUANCANE,-15.21,-69.76,Norte,PUNO,2015-03-12,13.8,0,71,15.4,1.9,12.4,3.0,2.2,3.4,0.017864201962336314
2015,3,13,0.9,17.2,3.0,HUANCANE,-15.21,-69.76,Norte,PUNO,2015-03-13,14.2,0,72,16.6,0.0,13.8,2.8,3.0,2.2,0.04914788254585204
2015,3,14,0.0,15.6,5.4,HUANCANE,-15.21,-69.76,Norte,PUNO,2015-03-14,10.2,0,73,17.2,0.9,14.2,3.0,2.8,3.0,0.02750256691293155
2015,3,15,0.0,14.8,1.4,HUANCANE,-15.21,-69.76,Norte,PUNO,2015-03-15,13.4,0,74,15.6,0.0,10.2,5.4,3.0,2.8,0.021480709073852952
2015,3,16,0.0,15.2,4.8,HUANCANE,-15.21,-69.76,Norte,PUNO,2015-03-16,10.4,0,75,14.8,0.0,13.4,1.4,5.4,3.0,0.07903271459600296
2015,3,17,0.0,16.4,2.2,HUANCANE,-15.21,-69.76,Norte,PUNO,2015-03-17,14.2,0,76,15.2,0.0,10.4,4.8,1.4,5.4,0.02037304004296685
2015,3,18,0.0,14.8,3.8,HUANCANE,-15.21,-69.76,Norte,PUNO,2015-03-18,11.0,0,77,16.4,0.0,14.2,2.2,4.8,1.4,0.08055177846350146
2015,3,19,2.3,14.4,4.4,HUANCANE,-15.21,-69.76,Norte,PUNO,2015-03-19,10.0,0,78,14.8,0.0,11.0,3.8,2.2,4.8,0.024447587607346978
2015,3,20,1.4,14.4,2.8,HUANCANE,-15.21,-69.76,Norte,PUNO,2015-03-20,11.6,0,79,14.4,2.3,10.0,4.4,3.8,2.2,0.009126213962613238
2015,3,21,0.0,15.2,4.6,HUANCANE,-15.21,-69.76,Norte,PUNO,2015-03-21,10.6,0,80,14.4,1.4,11.6,2.8,4.4,3.8,0.011773886496488525
2015,3,22,0.0,14.4,3.2,HUANCANE,-15.21,-69.76,Norte,PUNO,2015-03-22,11.2,0,81,15.2,0.0,10.6,4.6,2.8,4.4,0.01883995432320857
2015,3,23,0.0,14.8,1.6,HUANCANE,-15.21,-69.76,Norte,PUNO,2015-03-23,13.2,0,82,14.4,0.0,11.2,3.2,4.6,2.8,0.02991825174658316
2015,3,24,6.6,16.0,0.4,HUANCANE,-15.21,-69.76,Norte,PUNO,2015-03-24,15.6,0,83,14.8,0.0,13.2,1.6,3.2,4.6,0.07070404610416917
2015,3,25,8.1,14.4,3.6,HUANCANE,-15.21,-69.76,Norte,PUNO,2015-03-25,10.8,0,84,16.0,6.6,15.6,0.4,1.6,3.2,0.051913569722704486
2015,3,26,2.9,15.2,3.4,HUANCANE,-15.21,-69.76,Norte,PUNO,2015-03-26,11.8,0,85,14.4,8.1,10.8,3.6,0.4,1.6,0.01752537166463604
2015,3,27,0.0,16.2,2.2,HUANCANE,-15.21,-69.76,Norte,PUNO,2015-03-27,14.0,0,86,15.2,2.9,11.8,3.4,3.6,0.4,0.018977405619379644
2015,3,28,0.0,15.4,2.8,HUANCANE,-15.21,-69.76,Norte,PUNO,2015-03-28,12.6,0,87,16.2,0.0,14.0,2.2,3.4,3.6,0.059770072239302946
2015,3,29,0.0,16.4,0.6,HUANCANE,-15.21,-69.76,Norte,PUNO,2015-03-29,15.8,0,88,15.4,0.0,12.6,2.8,2.2,3.4,0.047449584662261624
2015,3,30,0.0,15.0,2.8,HUANCANE,-15.21,-69.76,Norte,PUNO,2015-03-30,12.2,0,89,16.4,0.0,15.8,0.6,2.8,2.2,0.22060829425679504
2015,3,31,4.2,14.2,3.4,HUANCANE,-15.21,-69.76,Norte,PUNO,2015-03-31,10.8,0,90,15.0,0.0,12.2,2.8,0.6,2.8,0.07870046933667904
2015,4,1,0.9,15.2,4.8,HUANCANE,-15.21,-69.76,Norte,PUNO,2015-04-01,10.4,0,91,14.2,4.2,10.8,3.4,2.8,0.6,0.02270772022550088
2015,4,2,0.0,15.8,5.6,HUANCANE,-15.21,-69.76,Norte,PUNO,2015-04-02,10.2,0,92,15.2,0.9,10.4,4.8,3.4,2.8,0.019868071263240354
2015,4,3,0.0,16.2,0.8,HUANCANE,-15.21,-69.76,Norte,PUNO,2015-04-03,15.4,0,93,15.8,0.0,10.2,5.6,4.8,3.4,0.027385038693107905
2015,4,4,0.0,16.4,0.4,HUANCANE,-15.21,-69.76,Norte,PUNO,2015-04-04,15.999999999999998,0,94,16.2,0.0,15.4,0.8,5.6,4.8,0.2449814086120422
2015,4,5,1.0,16.2,0.6,HUANCANE,-15.21,-69.76,Norte,PUNO,2015-04-05,15.6,0,95,16.4,0.0,15.999999999999998,0.4,0.8,5.6,0.28175702341943115
2015,4,6,0.0,12.6,0.6,HUANCANE,-15.21,-69.76,Norte,PUNO,2015-04-06,12.0,0,96,16.2,1.0,15.6,0.6,0.4,0.8,0.15566448598474528
2015,4,7,7.8,16.0,0.8,HUANCANE,-15.21,-69.76,Norte,PUNO,2015-04-07,15.2,0,97,12.6,0.0,12.0,0.6,0.6,0.4,0.2700846271649711
2015,4,8,10.4,12.2,4.8,HUANCANE,-15.21,-69.76,Norte,PUNO,2015-04-08,7.399999999999999,0,98,16.0,7.8,15.2,0.8,0.6,0.6,0.09273614184554387
2015,4,9,2.6,12.6,0.4,HUANCANE,-15.21,-69.76,Norte,PUNO,2015-04-09,12.2,0,99,12.2,10.4,7.399999999999999,4.8,0.8,0.6,0.02251362518521984
2015,4,10,4.5,12.2,2.4,HUANCANE,-15.21,-69.76,Norte,PUNO,2015-04-10,9.8,0,100,12.6,2.6,12.2,0.4,4.8,0.8,0.07475600787991923
2015,4,11,6.1,11.8,4.4,HUANCANE,-15.21,-69.76,Norte,PUNO,2015-04-11,7.4,0,101,12.2,4.5,9.8,2.4,0.4,4.8,0.03240329217317979
2015,4,12,0.0,13.2,3.8,HUANCANE,-15.21,-69.76,Norte,PUNO,2015-04-12,9.4,0,102,11.8,6.1,7.4,4.4,2.4,0.4,0.023878148383741304
2015,4,13,6.5,14.4,4.6,HUANCANE,-15.21,-69.76,Norte,PUNO,2015-04-13,9.8,0,103,13.2,0.0,9.4,3.8,4.4,2.4,0.040912476829732196
2015,4,14,3.9,16.2,4.4,HUANCANE,-15.21,-69.76,Norte,PUNO,2015-04-14,11.8,0,104,14.4,6.5,9.8,4.6,3.8,4.4,0.004379983103794785
2015,4,15,4.1,13.4,4.6,HUANCANE,-15.21,-69.76,Norte,PUNO,2015-04-15,8.8,0,105,16.2,3.9,11.8,4.4,4.6,3.8,0.008419012430334747
2015,4,16,1.8,14.0,3.4,HUANCANE,-15.21,-69.76,Norte,PUNO,2015-04-16,10.6,0,106,13.4,4.1,8.8,4.6,4.4,4.6,0.0051131085749581825
2015,4,17,4.9,14.6,3.8,HUANCANE,-15.21,-69.76,Norte,PUNO,2015-04-17,10.8,0,107,14.0,1.8,10.6,3.4,4.6,4.4,0.01039943996602719
2015,4,18,0.0,15.4,3.8,HUANCANE,-15.21,-69.76,Norte,PUNO,2015-04-18,11.6,0,108,14.6,4.9,10.8,3.8,3.4,4.6,0.008042076286746675
2015,4,19,0.0,16.4,3.6,HUANCANE,-15.21,-69.76,Norte,PUNO,2015-04-19,12.8,0,109,15.4,0.0,11.6,3.8,3.8,3.4,0.05040916794201073
2015,4,20,0.0,16.0,4.0,HUANCANE,-15.21,-69.76,Norte,PUNO,2015-04-20,12.0,0,110,16.4,0.0,12.8,3.6,3.8,3.8,0.06187209715867586
2015,4,21,0.0,13.6,2.4,HUANCANE,-15.21,-69.76,Norte,PUNO,2015-04-21,11.2,0,111,16.0,0.0,12.0,4.0,3.6,3.8,0.05656392001370847
2015,4,22,0.0,14.8,0.4,HUANCANE,-15.21,-69.76,Norte,PUNO,2015-04-22,14.4,0,112,13.6,0.0,11.2,2.4,4.0,3.6,0.07033514777930401
2015,4,23,1.9,12.4,2.8,HUANCANE,-15.21,-69.76,Norte,PUNO,2015-04-23,9.6,0,113,14.8,0.0,14.4,0.4,2.4,4.0,0.2955814888541274
2015,4,24,0.0,14.2,3.8,HUANCANE,-15.21,-69.76,Norte,PUNO,2015-04-24,10.4,0,114,12.4,1.9,9.6,2.8,0.4,2.4,0.0802318092773875
2015,4,25,0.0,14.4,4.2,HUANCANE,-15.21,-69.76,Norte,PUNO,2015-04-25,10.2,0,115,14.2,0.0,10.4,3.8,2.8,0.4,0.14149406835238762
2015,4,26,0.8,15.6,4.8,HUANCANE,-15.21,-69.76,Norte,PUNO,2015-04-26,10.8,0,116,14.4,0.0,10.2,4.2,3.8,2.8,0.05827180966015779
2015,4,27,0.6,15.4,3.4,HUANCANE,-15.21,-69.76,Norte,PUNO,2015-04-27,12.0,0,117,15.6,0.8,10.8,4.8,4.2,3.8,0.029972845088207075
2015,4,28,0.0,13.8,3.2,HUANCANE,-15.21,-69.76,Norte,PUNO,2015-04-28,10.6,0,118,15.4,0.6,12.0,3.4,4.8,4.2,0.03199522963521539
2015,4,29,0.0,15.0,3.0,HUANCANE,-15.21,-69.76,Norte,PUNO,2015-04-29,12.0,0,119,13.8,0.0,10.6,3.2,3.4,4.8,0.05107740717493975
2015,4,30,0.0,15.0,0.4,HUANCANE,-15.21,-69.76,Norte,PUNO,2015-04-30,14.6,0,120,15.0,0.0,12.0,3.0,3.2,3.4,0.07369762348699285
2015,5,1,0.0,16.6,1.8,HUANCANE,-15.21,-69.76,Norte,PUNO,2015-05-01,14.8,0,121,15.0,0.0,14.6,0.4,3.0,3.2,0.4362061129277954
2015,5,2,0.0,16.2,-1.4,HUANCANE,-15.21,-69.76,Norte,PUNO,2015-05-02,17.599999999999998,1,122,16.6,0.0,14.8,1.8,0.4,3.0,0.2806502780148618
2015,5,3,0.0,14.4,-1.0,HUANCANE,-15.21,-69.76,Norte,PUNO,2015-05-03,15.4,1,123,16.2,0.0,17.599999999999998,-1.4,1.8,0.4,0.7560112102115764
2015,5,4,0.0,15.6,-1.4,HUANCANE,-15.21,-69.76,Norte,PUNO,2015-05-04,17.0,1,124,14.4,0.0,15.4,-1.0,-1.4,1.8,0.7090770587088256
2015,5,5,0.0,14.4,-1.4,HUANCANE,-15.21,-69.76,Norte,PUNO,2015-05-05,15.8,1,125,15.6,0.0,17.0,-1.4,-1.0,-1.4,0.7536935188211985
2015,5,6,0.0,16.2,-2.4,HUANCANE,-15.21,-69.76,Norte,PUNO,2015-05-06,18.6,1,126,14.4,0.0,15.8,-1.4,-1.4,-1.0,0.7575760928080572
2015,5,7,0.0,15.4,-0.6,HUANCANE,-15.21,-69.76,Norte,PUNO,2015-05-07,16.0,1,127,16.2,0.0,18.6,-2.4,-1.4,-1.4,0.8533243613260351
2015,5,8,0.8,15.2,0.4,HUANCANE,-15.21,-69.76,Norte,PUNO,2015-05-08,14.8,0,128,15.4,0.0,16.0,-0.6,-2.4,-1.4,0.6647164868196956
2015,5,9,3.5,15.0,1.2,HUANCANE,-15.21,-69.76,Norte,PUNO,2015-05-09,13.8,0,129,15.2,0.8,14.8,0.4,-0.6,-2.4,0.32662734867774007
2015,5,10,0.0,14.4,-2.0,HUANCANE,-15.21,-69.76,Norte,PUNO,2015-05-10,16.4,1,130,15.0,3.5,13.8,1.2,0.4,-0.6,0.1508072440989141
2015,5,11,0.0,15.2,-2.2,HUANCANE,-15.21,-69.76,Norte,PUNO,2015-05-11,17.4,1,131,14.4,0.0,16.4,-2.0,1.2,0.4,0.8402023232457494
2015,5,12,0.0,16.2,-0.6,HUANCANE,-15.21,-69.76,Norte,PUNO,2015-05-12,16.8,1,132,15.2,0.0,17.4,-2.2,-2.0,1.2,0.8493501794181251
2015,5,13,0.6,16.0,-0.4,HUANCANE,-15.21,-69.76,Norte,PUNO,2015-05-13,16.4,1,133,16.2,0.0,16.8,-0.6,-2.2,-2.0,0.6942300617409201
2015,5,14,0.0,15.4,3.0,HUANCANE,-15.21,-69.76,Norte,PUNO,2015-05-14,12.4,0,134,16.0,0.6,16.4,-0.4,-0.6,-2.2,0.4910164479385278
2015,5,15,0.0,13.0,-2.4,HUANCANE,-15.21,-69.76,Norte,PUNO,2015-05-15,15.4,1,135,15.4,0.0,12.4,3.0,-0.4,-0.6,0.39237740428402496
2015,5,16,0.2,10.2,-0.6,HUANCANE,-15.21,-69.76,Norte,PUNO,2015-05-16,10.8,1,136,13.0,0.0,15.4,-2.4,3.0,-0.4,0.871758047677593
2015,5,17,0.0,16.2,2.0,HUANCANE,-15.21,-69.76,Norte,PUNO,2015-05-17,14.2,0,137,10.2,0.2,10.8,-0.6,-2.4,3.0,0.7034835275791783
2015,5,18,0.0,16.6,0.6,HUANCANE,-15.21,-69.76,Norte,PUNO,2015-05-18,16.0,0,138,16.2,0.0,14.2,2.0,-0.6,-2.4,0.46137411250385
2015,5,19,0.0,15.0,-2.6,HUANCANE,-15.21,-69.76,Norte,PUNO,2015-05-19,17.6,1,139,16.6,0.0,16.0,0.6,2.0,-0.6,0.5334145214779368
2015,5,20,0.0,16.0,-0.6,HUANCANE,-15.21,-69.76,Norte,PUNO,2015-05-20,16.6,1,140,15.0,0.0,17.6,-2.6,0.6,2.0,0.9003232957678139
2015,5,21,0.0,14.4,-3.8,HUANCANE,-15.21,-69.76,Norte,PUNO,2015-05-21,18.2,1,141,16.0,0.0,16.6,-0.6,-2.6,0.6,0.73242312616524
2015,5,22,0.0,15.2,-5.4,HUANCANE,-15.21,-69.76,Norte,PUNO,2015-05-22,20.6,1,142,14.4,0.0,18.2,-3.8,-0.6,-2.6,0.9452534262963044
2015,5,23,0.0,16.8,-3.6,HUANCANE,-15.21,-69.76,Norte,PUNO,2015-05-23,20.4,1,143,15.2,0.0,20.6,-5.4,-3.8,-0.6,0.9807015503644799
2015,5,24,0.0,15.4,-4.0,HUANCANE,-15.21,-69.76,Norte,PUNO,2015-05-24,19.4,1,144,16.8,0.0,20.4,-3.6,-5.4,-3.8,0.9522205571808463
2015,5,25,0.0,16.4,-2.4,HUANCANE,-15.21,-69.76,Norte,PUNO,2015-05-25,18.8,1,145,15.4,0.0,19.4,-4.0,-3.6,-5.4,0.964914725554266
2015,5,26,0.0,16.2,-2.2,HUANCANE,-15.21,-69.76,Norte,PUNO,2015-05-26,18.4,1,146,16.4,0.0,18.8,-2.4,-4.0,-3.6,0.9063891457556468
2015,5,27,0.0,17.0,-1.8,HUANCANE,-15.21,-69.76,Norte,PUNO,2015-05-27,18.8,1,147,16.2,0.0,18.4,-2.2,-2.4,-4.0,0.8948967963113753
2015,5,28,0.0,14.4,-5.0,HUANCANE,-15.21,-69.76,Norte,PUNO,2015-05-28,19.4,1,148,17.0,0.0,18.8,-1.8,-2.2,-2.4,0.8762198091711029
2015,5,29,0.0,17.4,-4.4,HUANCANE,-15.21,-69.76,Norte,PUNO,2015-05-29,21.8,1,149,14.4,0.0,19.4,-5.0,-1.8,-2.2,0.9771437352160293
2015,5,30,0.0,17.0,-4.8,HUANCANE,-15.21,-69.76,Norte,PUNO,2015-05-30,21.8,1,150,17.4,0.0,21.8,-4.4,-5.0,-1.8,0.9714276958375953
2015,5,31,0.0,18.4,-2.4,HUANCANE,-15.21,-69.76,Norte,PUNO,2015-05-31,20.8,1,151,17.0,0.0,21.8,-4.8,-4.4,-5.0,0.977006087033118
2015,6,1,0.0,16.4,0.8,HUANCANE,-15.21,-69.76,Norte,PUNO,2015-06-01,15.599999999999998,0,152,18.4,0.0,20.8,-2.4,-4.8,-4.4,0.9414778222193845
2015,6,2,2.0,15.2,0.6,HUANCANE,-15.21,-69.76,Norte,PUNO,2015-06-02,14.6,0,153,16.4,0.0,15.599999999999998,0.8,-2.4,-4.8,0.6774406728511019
2015,6,3,0.0,16.0,-1.2,HUANCANE,-15.21,-69.76,Norte,PUNO,2015-06-03,17.2,1,154,15.2,2.0,14.6,0.6,0.8,-2.4,0.2683221411812589
2015,6,4,0.0,14.2,-2.2,HUANCANE,-15.21,-69.76,Norte,PUNO,2015-06-04,16.4,1,155,16.0,0.0,17.2,-1.2,0.6,0.8,0.8453210704529632
2015,6,5,0.0,14.2,-3.6,HUANCANE,-15.21,-69.76,Norte,PUNO,2015-06-05,17.8,1,156,14.2,0.0,16.4,-2.2,-1.2,0.6,0.9141149060883296
2015,6,6,0.0,15.0,-7.4,HUANCANE,-15.21,-69.76,Norte,PUNO,2015-06-06,22.4,1,157,14.2,0.0,17.8,-3.6,-2.2,-1.2,0.962854659292466
2015,6,7,0.0,14.2,-7.2,HUANCANE,-15.21,-69.76,Norte,PUNO,2015-06-07,21.4,1,158,15.0,0.0,22.4,-7.4,-3.6,-2.2,0.9937891103506118
2015,6,8,0.0,14.4,-8.4,HUANCANE,-15.21,-69.76,Norte,PUNO,2015-06-08,22.8,1,159,14.2,0.0,21.4,-7.2,-7.4,-3.6,0.994371116169245
2015,6,9,0.0,15.4,-6.8,HUANCANE,-15.21,-69.76,Norte,PUNO,2015-06-09,22.2,1,160,14.4,0.0,22.8,-8.4,-7.2,-7.4,0.9978005543364777
2015,6,10,0.0,16.2,-3.4,HUANCANE,-15.21,-69.76,Norte,PUNO,2015-06-10,19.6,1,161,15.4,0.0,22.2,-6.8,-8.4,-7.2,0.9943870389076386
2015,6,11,0.0,15.2,-5.2,HUANCANE,-15.21,-69.76,Norte,PUNO,2015-06-11,20.4,1,162,16.2,0.0,19.6,-3.4,-6.8,-8.4,0.9617533437975653
2015,6,12,0.0,16.4,-4.8,HUANCANE,-15.21,-69.76,Norte,PUNO,2015-06-12,21.2,1,163,15.2,0.0,20.4,-5.2,-3.4,-6.8,0.9863695096249366
2015,6,13,0.0,16.2,-7.4,HUANCANE,-15.21,-69.76,Norte,PUNO,2015-06-13,23.6,1,164,16.4,0.0,21.2,-4.8,-5.2,-3.4,0.981327256791684
2015,6,14,0.0,16.6,-7.4,HUANCANE,-15.21,-69.76,Norte,PUNO,2015-06-14,24.0,1,165,16.2,0.0,23.6,-7.4,-4.8,-5.2,0.9947886253218909
2015,6,15,0.0,19.2,-5.4,HUANCANE,-15.21,-69.76,Norte,PUNO,2015-06-15,24.6,1,166,16.6,0.0,24.0,-7.4,-7.4,-4.8,0.9953390194423164
2015,6,16,0.0,18.6,-1.8,HUANCANE,-15.21,-69.76,Norte,PUNO,2015-06-16,20.4,1,167,19.2,0.0,24.6,-5.4,-7.4,-7.4,0.9880385066728519
2015,6,17,0.0,18.2,-3.8,HUANCANE,-15.21,-69.76,Norte,PUNO,2015-06-17,22.0,1,168,18.6,0.0,20.4,-1.8,-5.4,-7.4,0.9343228165040762
2015,6,18,0.0,14.4,-2.6,HUANCANE,-15.21,-69.76,Norte,PUNO,2015-06-18,17.0,1,169,18.2,0.0,22.0,-3.8,-1.8,-5.4,0.967470429455779
2015,6,19,0.0,15.4,-3.4,HUANCANE,-15.21,-69.76,Norte,PUNO,2015-06-19,18.8,1,170,14.4,0.0,17.0,-2.6,-3.8,-1.8,0.9411989049663325
2015,6,20,0.0,15.4,-4.4,HUANCANE,-15.21,-69.76,Norte,PUNO,2015-06-20,19.8,1,171,15.4,0.0,18.8,-3.4,-2.6,-3.8,0.9628391394219542
2015,6,21,0.0,14.8,-5.0,HUANCANE,-15.21,-69.76,Norte,PUNO,2015-06-21,19.8,1,172,15.4,0.0,19.8,-4.4,-3.4,-2.6,0.9774601765124354
2015,6,22,0.0,16.2,-5.6,HUANCANE,-15.21,-69.76,Norte,PUNO,2015-06-22,21.8,1,173,14.8,0.0,19.8,-5.0,-4.4,-3.4,0.9836983233743407
2015,6,23,0.0,18.4,-4.8,HUANCANE,-15.21,-69.76,Norte,PUNO,2015-06-23,23.2,1,174,16.2,0.0,21.8,-5.6,-5.0,-4.4,0.9881815486052137
2015,6,24,0.0,14.4,-4.4,HUANCANE,-15.21,-69.76,Norte,PUNO,2015-06-24,18.8,1,175,18.4,0.0,23.2,-4.8,-5.6,-5.0,0.984440759428561
2015,6,25,0.0,15.4,-4.0,HUANCANE,-15.21,-69.76,Norte,PUNO,2015-06-25,19.4,1,176,14.4,0.0,18.8,-4.4,-4.8,-5.6,0.9810513410447774
2015,6,26,0.0,16.6,-2.4,HUANCANE,-15.21,-69.76,Norte,PUNO,2015-06-26,19.0,1,177,15.4,0.0,19.4,-4.0,-4.4,-4.8,0.9750001413359133
2015,6,27,0.0,16.2,-5.4,HUANCANE,-15.21,-69.76,Norte,PUNO,2015-06-27,21.6,1,178,16.6,0.0,19.0,-2.4,-4.0,-4.4,0.9507302844029283
2015,6,28,0.0,17.4,-4.8,HUANCANE,-15.21,-69.76,Norte,PUNO,2015-06-28,22.2,1,179,16.2,0.0,21.6,-5.4,-2.4,-4.0,0.9845557130390854
2015,6,29,0.0,16.2,-7.8,HUANCANE,-15.21,-69.76,Norte,PUNO,2015-06-29,24.0,1,180,17.4,0.0,22.2,-4.8,-5.4,-2.4,0.9833215559046887
2015,6,30,0.0,15.8,-9.2,HUANCANE,-15.21,-69.76,Norte,PUNO,2015-06-30,25.0,1,181,16.2,0.0,24.0,-7.8,-4.8,-5.4,0.9957846493004536
2015,7,1,0.0,16.6,-6.4,HUANCANE,-15.21,-69.76,Norte,PUNO,2015-07-01,23.0,1,182,15.8,0.0,25.0,-9.2,-7.8,-4.8,0.9979865169313754
2015,7,2,0.0,17.2,-4.6,HUANCANE,-15.21,-69.76,Norte,PUNO,2015-07-02,21.8,1,183,16.6,0.0,23.0,-6.4,-9.2,-7.8,0.9932658434419046
2015,7,3,0.0,16.6,-2.2,HUANCANE,-15.21,-69.76,Norte,PUNO,2015-07-03,18.8,1,184,17.2,0.0,21.8,-4.6,-6.4,-9.2,0.984747914586049
2015,7,4,2.4,8.8,0.8,HUANCANE,-15.21,-69.76,Norte,PUNO,2015-07-04,8.0,0,185,16.6,0.0,18.8,-2.2,-4.6,-6.4,0.9450299530276911
2015,7,5,0.0,12.2,-1.4,HUANCANE,-15.21,-69.76,Norte,PUNO,2015-07-05,13.6,1,186,8.8,2.4,8.0,0.8,-2.2,-4.6,0.5646876528940845
2015,7,6,0.0,14.6,-6.4,HUANCANE,-15.21,-69.76,Norte,PUNO,2015-07-06,21.0,1,187,12.2,0.0,13.6,-1.4,0.8,-2.2,0.883452565165156
2015,7,7,0.0,13.8,-6.2,HUANCANE,-15.21,-69.76,Norte,PUNO,2015-07-07,20.0,1,188,14.6,0.0,21.0,-6.4,-1.4,0.8,0.9821357948322632
2015,7,8,0.0,15.2,-11.0,HUANCANE,-15.21,-69.76,Norte,PUNO,2015-07-08,26.2,1,189,13.8,0.0,20.0,-6.2,-6.4,-1.4,0.9895215744439548
2015,7,9,0.0,15.4,-8.8,HUANCANE,-15.21,-69.76,Norte,PUNO,2015-07-09,24.200000000000003,1,190,15.2,0.0,26.2,-11.0,-6.2,-6.4,0.9989114233867837
2015,7,10,0.0,16.0,-8.2,HUANCANE,-15.21,-69.76,Norte,PUNO,2015-07-10,24.2,1,191,15.4,0.0,24.200000000000003,-8.8,-11.0,-6.2,0.9979609008214595
2015,7,11,0.0,16.0,-7.2,HUANCANE,-15.21,-69.76,Norte,PUNO,2015-07-11,23.2,1,192,16.0,0.0,24.2,-8.2,-8.8,-11.0,0.9979403363298445
2015,7,12,0.0,17.0,-8.0,HUANCANE,-15.21,-69.76,Norte,PUNO,2015-07-12,25.0,1,193,16.0,0.0,23.2,-7.2,-8.2,-8.8,0.9961328172742686
2015,7,13,0.0,17.8,-6.8,HUANCANE,-15.21,-69.76,Norte,PUNO,2015-07-13,24.6,1,194,17.0,0.0,25.0,-8.0,-7.2,-8.2,0.9972063440395893
2015,7,14,0.0,16.8,-6.6,HUANCANE,-15.21,-69.76,Norte,PUNO,2015-07-14,23.4,1,195,17.8,0.0,24.6,-6.8,-8.0,-7.2,0.9945412887256453
2015,7,15,0.0,12.0,-4.4,HUANCANE,-15.21,-69.76,Norte,PUNO,2015-07-15,16.4,1,196,16.8,0.0,23.4,-6.6,-6.8,-8.0,0.9943599155379766
2015,7,16,0.0,16.4,-5.0,HUANCANE,-15.21,-69.76,Norte,PUNO,2015-07-16,21.4,1,197,12.0,0.0,16.4,-4.4,-6.6,-6.8,0.9816993434380983
2015,7,17,0.0,16.2,-6.4,HUANCANE,-15.21,-69.76,Norte,PUNO,2015-07-17,22.6,1,198,16.4,0.0,21.4,-5.0,-4.4,-6.6,0.9858860143643604
2015,7,18,0.0,15.6,-6.6,HUANCANE,-15.21,-69.76,Norte,PUNO,2015-07-18,22.2,1,199,16.2,0.0,22.6,-6.4,-5.0,-4.4,0.9916157116058608
2015,7,19,0.0,16.4,-8.0,HUANCANE,-15.21,-69.76,Norte,PUNO,2015-07-19,24.4,1,200,15.6,0.0,22.2,-6.6,-6.4,-5.0,0.9932187487240135
2015,7,20,0.0,14.4,-7.8,HUANCANE,-15.21,-69.76,Norte,PUNO,2015-07-20,22.2,1,201,16.4,0.0,24.4,-8.0,-6.6,-6.4,0.9968292185690661
2015,7,21,0.0,16.0,-7.0,HUANCANE,-15.21,-69.76,Norte,PUNO,2015-07-21,23.0,1,202,14.4,0.0,22.2,-7.8,-8.0,-6.6,0.9968539360371674
2015,7,22,0.0,17.0,-5.4,HUANCANE,-15.21,-69.76,Norte,PUNO,2015-07-22,22.4,1,203,16.0,0.0,23.0,-7.0,-7.8,-8.0,0.995462364262067
2015,7,23,0.0,18.4,-4.8,HUANCANE,-15.21,-69.76,Norte,PUNO,2015-07-23,23.2,1,204,17.0,0.0,22.4,-5.4,-7.0,-7.8,0.9896963975206049
2015,7,24,0.0,17.0,-3.8,HUANCANE,-15.21,-69.76,Norte,PUNO,2015-07-24,20.8,1,205,18.4,0.0,23.2,-4.8,-5.4,-7.0,0.9847290937502371
2015,7,25,0.0,16.0,-3.2,HUANCANE,-15.21,-69.76,Norte,PUNO,2015-07-25,19.2,1,206,17.0,0.0,20.8,-3.8,-4.8,-5.4,0.9733484698658039
2015,7,26,0.0,17.6,-3.8,HUANCANE,-15.21,-69.76,Norte,PUNO,2015-07-26,21.4,1,207,16.0,0.0,19.2,-3.2,-3.8,-4.8,0.9605365075626254
2015,7,27,0.0,16.2,-4.4,HUANCANE,-15.21,-69.76,Norte,PUNO,2015-07-27,20.6,1,208,17.6,0.0,21.4,-3.8,-3.2,-3.8,0.9713708323308443
2015,7,28,0.0,15.0,-4.8,HUANCANE,-15.21,-69.76,Norte,PUNO,2015-07-28,19.8,1,209,16.2,0.0,20.6,-4.4,-3.8,-3.2,0.9761632682146109
2015,7,29,0.0,15.4,-6.4,HUANCANE,-15.21,-69.76,Norte,PUNO,2015-07-29,21.8,1,210,15.0,0.0,19.8,-4.8,-4.4,-3.8,0.9813800360283459
2015,7,30,0.0,15.0,-7.0,HUANCANE,-15.21,-69.76,Norte,PUNO,2015-07-30,22.0,1,211,15.4,0.0,21.8,-6.4,-4.8,-4.4,0.9917712304009374
2015,7,31,0.0,14.8,-6.0,HUANCANE,-15.21,-69.76,Norte,PUNO,2015-07-31,20.8,1,212,15.0,0.0,22.0,-7.0,-6.4,-4.8,0.9944856919261481
2015,8,1,0.0,17.2,-6.8,HUANCANE,-15.21,-69.76,Norte,PUNO,2015-08-01,24.0,1,213,14.8,0.0,20.8,-6.0,-7.0,-6.4,0.9902547776697695
2015,8,2,0.0,16.0,-5.4,HUANCANE,-15.21,-69.76,Norte,PUNO,2015-08-02,21.4,1,214,17.2,0.0,24.0,-6.8,-6.0,-7.0,0.9940115486686993
2015,8,3,0.0,16.2,-5.2,HUANCANE,-15.21,-69.76,Norte,PUNO,2015-08-03,21.4,1,215,16.0,0.0,21.4,-5.4,-6.8,-6.0,0.9862761855251861
2015,8,4,0.0,17.4,-5.2,HUANCANE,-15.21,-69.76,Norte,PUNO,2015-08-04,22.6,1,216,16.2,0.0,21.4,-5.2,-5.4,-6.8,0.9855810038526467
2015,8,5,0.0,16.2,-4.6,HUANCANE,-15.21,-69.76,Norte,PUNO,2015-08-05,20.8,1,217,17.4,0.0,22.6,-5.2,-5.2,-5.4,0.9842879894513045
2015,8,6,0.0,17.0,-6.6,HUANCANE,-15.21,-69.76,Norte,PUNO,2015-08-06,23.6,1,218,16.2,0.0,20.8,-4.6,-5.2,-5.2,0.9781648670948205
2015,8,7,0.0,17.2,-5.6,HUANCANE,-15.21,-69.76,Norte,PUNO,2015-08-07,22.8,1,219,17.0,0.0,23.6,-6.6,-4.6,-5.2,0.9912438940412327
2015,8,8,0.0,17.8,-4.4,HUANCANE,-15.21,-69.76,Norte,PUNO,2015-08-08,22.200000000000003,1,220,17.2,0.0,22.8,-5.6,-6.6,-4.6,0.9858264451418219
2015,8,9,0.0,16.8,1.0,HUANCANE,-15.21,-69.76,Norte,PUNO,2015-08-09,15.8,0,221,17.8,0.0,22.200000000000003,-4.4,-5.6,-6.6,0.9782420424151402
2015,8,10,0.0,15.4,-11.4,HUANCANE,-15.21,-69.76,Norte,PUNO,2015-08-10,26.8,1,222,16.8,0.0,15.8,1.0,-4.4,-5.6,0.6911176284798427
2015,8,11,11.9,14.4,-5.2,HUANCANE,-15.21,-69.76,Norte,PUNO,2015-08-11,19.6,1,223,15.4,0.0,26.8,-11.4,1.0,-4.4,0.9928017109866659
2015,8,12,6.8,10.8,2.6,HUANCANE,-15.21,-69.76,Norte,PUNO,2015-08-12,8.200000000000001,0,224,14.4,11.9,19.6,-5.2,-11.4,1.0,0.7756924429792555
2015,8,13,0.0,10.0,0.4,HUANCANE,-15.21,-69.76,Norte,PUNO,2015-08-13,9.6,0,225,10.8,6.8,8.200000000000001,2.6,-5.2,-11.4,0.3161480234488007
2015,8,14,0.0,15.2,-1.2,HUANCANE,-15.21,-69.76,Norte,PUNO,2015-08-14,16.4,1,226,10.0,0.0,9.6,0.4,2.6,-5.2,0.6877442280899321
2015,8,15,0.0,16.4,-5.0,HUANCANE,-15.21,-69.76,Norte,PUNO,2015-08-15,21.4,1,227,15.2,0.0,16.4,-1.2,0.4,2.6,0.6821322592801349
2015,8,16,0.0,15.0,-2.4,HUANCANE,-15.21,-69.76,Norte,PUNO,2015-08-16,17.4,1,228,16.4,0.0,21.4,-5.0,-1.2,0.4,0.9458041940091811
2015,8,17,0.0,17.4,-3.2,HUANCANE,-15.21,-69.76,Norte,PUNO,2015-08-17,20.6,1,229,15.0,0.0,17.4,-2.4,-5.0,-1.2,0.8951077283585337
2015,8,18,0.1,14.4,0.4,HUANCANE,-15.21,-69.76,Norte,PUNO,2015-08-18,14.0,0,230,17.4,0.0,20.6,-3.2,-2.4,-5.0,0.9509265710268978
2015,8,19,0.0,17.2,-2.0,HUANCANE,-15.21,-69.76,Norte,PUNO,2015-08-19,19.2,1,231,14.4,0.1,14.0,0.4,-3.2,-2.4,0.5787485743062858
2015,8,20,0.0,15.2,-2.4,HUANCANE,-15.21,-69.76,Norte,PUNO,2015-08-20,17.599999999999998,1,232,17.2,0.0,19.2,-2.0,0.4,-3.2,0.8582701219390478
2015,8,21,0.0,16.6,-1.6,HUANCANE,-15.21,-69.76,Norte,PUNO,2015-08-21,18.200000000000003,1,233,15.2,0.0,17.599999999999998,-2.4,-2.0,0.4,0.8399017384019781
2015,8,22,0.0,16.8,-2.4,HUANCANE,-15.21,-69.76,Norte,PUNO,2015-08-22,19.2,1,234,16.6,0.0,18.200000000000003,-1.6,-2.4,-2.0,0.85065125000047
2015,8,23,0.0,17.4,-1.4,HUANCANE,-15.21,-69.76,Norte,PUNO,2015-08-23,18.8,1,235,16.8,0.0,19.2,-2.4,-1.6,-2.4,0.8855207328588709
2015,8,24,0.0,16.6,-1.6,HUANCANE,-15.21,-69.76,Norte,PUNO,2015-08-24,18.200000000000003,1,236,17.4,0.0,18.8,-1.4,-2.4,-1.6,0.8386191633035746
2015,8,25,0.0,16.4,0.8,HUANCANE,-15.21,-69.76,Norte,PUNO,2015-08-25,15.599999999999998,0,237,16.6,0.0,18.200000000000003,-1.6,-1.4,-2.4,0.8359684881017924
2015,8,26,0.0,16.6,-4.0,HUANCANE,-15.21,-69.76,Norte,PUNO,2015-08-26,20.6,1,238,16.4,0.0,15.599999999999998,0.8,-1.6,-1.4,0.505179148073684
2015,8,27,0.0,13.6,-5.0,HUANCANE,-15.21,-69.76,Norte,PUNO,2015-08-27,18.6,1,239,16.6,0.0,20.6,-4.0,0.8,-1.6,0.9062020074516268
2015,8,28,0.0,14.2,-5.4,HUANCANE,-15.21,-69.76,Norte,PUNO,2015-08-28,19.6,1,240,13.6,0.0,18.6,-5.0,-4.0,0.8,0.9415141210459266
2015,8,29,0.0,15.0,-7.8,HUANCANE,-15.21,-69.76,Norte,PUNO,2015-08-29,22.8,1,241,14.2,0.0,19.6,-5.4,-5.0,-4.0,0.9777522064164015
2015,8,30,0.0,14.0,-9.4,HUANCANE,-15.21,-69.76,Norte,PUNO,2015-08-30,23.4,1,242,15.0,0.0,22.8,-7.8,-5.4,-5.0,0.9931046162360478
2015,8,31,0.0,15.0,-5.8,HUANCANE,-15.21,-69.76,Norte,PUNO,2015-08-31,20.8,1,243,14.0,0.0,23.4,-9.4,-7.8,-5.4,0.9971830411085133
2015,9,1,0.0,13.4,-2.4,HUANCANE,-15.21,-69.76,Norte,PUNO,2015-09-01,15.8,1,244,15.0,0.0,20.8,-5.8,-9.4,-7.8,0.9820748821581923
2015,9,2,8.4,14.4,0.4,HUANCANE,-15.21,-69.76,Norte,PUNO,2015-09-02,14.0,0,245,13.4,0.0,15.8,-2.4,-5.8,-9.4,0.8634345646409152
2015,9,3,0.9,12.4,2.8,HUANCANE,-15.21,-69.76,Norte,PUNO,2015-09-03,9.6,0,246,14.4,8.4,14.0,0.4,-2.4,-5.8,0.41743541846794724
2015,9,4,2.6,13.4,3.6,HUANCANE,-15.21,-69.76,Norte,PUNO,2015-09-04,9.8,0,247,12.4,0.9,9.6,2.8,0.4,-2.4,0.21676127811460533
2015,9,5,12.4,10.8,3.4,HUANCANE,-15.21,-69.76,Norte,PUNO,2015-09-05,7.4,0,248,13.4,2.6,9.8,3.6,2.8,0.4,0.0395839664881833
2015,9,6,0.0,16.4,2.0,HUANCANE,-15.21,-69.76,Norte,PUNO,2015-09-06,14.4,0,249,10.8,12.4,7.4,3.4,3.6,2.8,0.03792064790161478
2015,9,7,0.0,17.2,-2.4,HUANCANE,-15.21,-69.76,Norte,PUNO,2015-09-07,19.6,1,250,16.4,0.0,14.4,2.0,3.4,3.6,0.2159136427263983
2015,9,8,0.0,17.6,-5.2,HUANCANE,-15.21,-69.76,Norte,PUNO,2015-09-08,22.8,1,251,17.2,0.0,19.6,-2.4,2.0,3.4,0.6769491975101194
2015,9,9,0.0,17.4,-4.6,HUANCANE,-15.21,-69.76,Norte,PUNO,2015-09-09,22.0,1,252,17.6,0.0,22.8,-5.2,-2.4,2.0,0.8945737750798595
2015,9,10,0.0,17.0,-4.4,HUANCANE,-15.21,-69.76,Norte,PUNO,2015-09-10,21.4,1,253,17.4,0.0,22.0,-4.6,-5.2,-2.4,0.93731000630213
2015,9,11,0.0,18.4,-3.4,HUANCANE,-15.21,-69.76,Norte,PUNO,2015-09-11,21.8,1,254,17.0,0.0,21.4,-4.4,-4.6,-5.2,0.949330392528313
2015,9,12,0.0,18.8,-2.0,HUANCANE,-15.21,-69.76,Norte,PUNO,2015-09-12,20.8,1,255,18.4,0.0,21.8,-3.4,-4.4,-4.6,0.9187301059792127
2015,9,13,0.0,18.4,-2.8,HUANCANE,-15.21,-69.76,Norte,PUNO,2015-09-13,21.2,1,256,18.8,0.0,20.8,-2.0,-3.4,-4.4,0.8449483926388662
2015,9,14,0.0,18.0,-1.4,HUANCANE,-15.21,-69.76,Norte,PUNO,2015-09-14,19.4,1,257,18.4,0.0,21.2,-2.8,-2.0,-3.4,0.8504073777750366
2015,9,15,0.0,18.0,-1.6,HUANCANE,-15.21,-69.76,Norte,PUNO,2015-09-15,19.6,1,258,18.0,0.0,19.4,-1.4,-2.8,-2.0,0.7621151770343046
2015,9,16,0.0,18.2,-0.4,HUANCANE,-15.21,-69.76,Norte,PUNO,2015-09-16,18.6,1,259,18.0,0.0,19.6,-1.6,-1.4,-2.8,0.7610590463699318
2015,9,17,0.4,17.0,-1.0,HUANCANE,-15.21,-69.76,Norte,PUNO,2015-09-17,18.0,1,260,18.2,0.0,18.6,-0.4,-1.6,-1.4,0.6126664001992544
2015,9,18,0.9,17.2,2.8,HUANCANE,-15.21,-69.76,Norte,PUNO,2015-09-18,14.4,0,261,17.0,0.4,18.0,-1.0,-0.4,-1.6,0.5396014448136228
2015,9,19,0.0,13.8,3.0,HUANCANE,-15.21,-69.76,Norte,PUNO,2015-09-19,10.8,0,262,17.2,0.9,14.4,2.8,-1.0,-0.4,0.14571680280926047
2015,9,20,0.0,16.2,2.8,HUANCANE,-15.21,-69.76,Norte,PUNO,2015-09-20,13.4,0,263,13.8,0.0,10.8,3.0,2.8,-1.0,0.1583370448157582
2015,9,21,0.0,17.0,-0.4,HUANCANE,-15.21,-69.76,Norte,PUNO,2015-09-21,17.4,1,264,16.2,0.0,13.4,2.8,3.0,2.8,0.1362240705089928
2015,9,22,0.0,18.0,-0.6,HUANCANE,-15.21,-69.76,Norte,PUNO,2015-09-22,18.6,1,265,17.0,0.0,17.4,-0.4,2.8,3.0,0.48945549253987153
2015,9,23,3.6,16.0,1.6,HUANCANE,-15.21,-69.76,Norte,PUNO,2015-09-23,14.4,0,266,18.0,0.0,18.6,-0.6,-0.4,2.8,0.5608928966255119
2015,9,24,0.0,16.2,3.6,HUANCANE,-15.21,-69.76,Norte,PUNO,2015-09-24,12.6,0,267,16.0,3.6,14.4,1.6,-0.6,-0.4,0.11549937106475748
2015,9,25,2.1,16.2,4.8,HUANCANE,-15.21,-69.76,Norte,PUNO,2015-09-25,11.4,0,268,16.2,0.0,12.6,3.6,1.6,-0.6,0.1905335627290466
2015,9,26,0.0,18.2,4.4,HUANCANE,-15.21,-69.76,Norte,PUNO,2015-09-26,13.8,0,269,16.2,2.1,11.4,4.8,3.6,1.6,0.016834791841498494
2015,9,27,0.0,18.4,-2.6,HUANCANE,-15.21,-69.76,Norte,PUNO,2015-09-27,21.0,1,270,18.2,0.0,13.8,4.4,4.8,3.6,0.07012672987407785
2015,9,28,0.0,17.4,0.4,HUANCANE,-15.21,-69.76,Norte,PUNO,2015-09-28,17.0,0,271,18.4,0.0,21.0,-2.6,4.4,4.8,0.6214709556985434
2015,9,29,0.0,18.2,-3.0,HUANCANE,-15.21,-69.76,Norte,PUNO,2015-09-29,21.2,1,272,17.4,0.0,17.0,0.4,-2.6,4.4,0.4655756760882333
2015,9,30,0.0,18.6,-1.8,HUANCANE,-15.21,-69.76,Norte,PUNO,2015-09-30,20.4,1,273,18.2,0.0,21.2,-3.0,0.4,-2.6,0.7450259110208712
2015,10,1,0.0,16.2,-2.4,HUANCANE,-15.21,-69.76,Norte,PUNO,2015-10-01,18.6,1,274,18.6,0.0,20.4,-1.8,-3.0,0.4,0.6601431878916626
2015,10,2,1.9,14.2,2.4,HUANCANE,-15.21,-69.76,Norte,PUNO,2015-10-02,11.8,0,275,16.2,0.0,18.6,-2.4,-1.8,-3.0,0.7694873270447455
2015,10,3,2.2,10.2,2.2,HUANCANE,-15.21,-69.76,Norte,PUNO,2015-10-03,7.999999999999999,0,276,14.2,1.9,11.8,2.4,-2.4,-1.8,0.16063987277612957
2015,10,4,0.0,15.8,0.4,HUANCANE,-15.21,-69.76,Norte,PUNO,2015-10-04,15.4,0,277,10.2,2.2,7.999999999999999,2.2,2.4,-2.4,0.11199846766004244
2015,10,5,0.0,17.2,-2.0,HUANCANE,-15.21,-69.76,Norte,PUNO,2015-10-05,19.2,1,278,15.8,0.0,15.4,0.4,2.2,2.4,0.24249418563288772
2015,10,6,0.0,18.4,-2.8,HUANCANE,-15.21,-69.76,Norte,PUNO,2015-10-06,21.2,1,279,17.2,0.0,19.2,-2.0,0.4,2.2,0.5980291481566492
2015,10,7,0.0,18.2,-0.8,HUANCANE,-15.21,-69.76,Norte,PUNO,2015-10-07,19.0,1,280,18.4,0.0,21.2,-2.8,-2.0,0.4,0.6819695808002318
2015,10,8,0.0,19.8,1.0,HUANCANE,-15.21,-69.76,Norte,PUNO,2015-10-08,18.8,0,281,18.2,0.0,19.0,-0.8,-2.8,-2.0,0.587075448213802
2015,10,9,0.0,18.6,-5.4,HUANCANE,-15.21,-69.76,Norte,PUNO,2015-10-09,24.0,1,282,19.8,0.0,18.8,1.0,-0.8,-2.8,0.37962896234328775
2015,10,10,0.0,19.6,-5.2,HUANCANE,-15.21,-69.76,Norte,PUNO,2015-10-10,24.8,1,283,18.6,0.0,24.0,-5.4,1.0,-0.8,0.782908881102235
2015,10,11,0.0,21.4,-4.2,HUANCANE,-15.21,-69.76,Norte,PUNO,2015-10-11,25.6,1,284,19.6,0.0,24.8,-5.2,-5.4,1.0,0.8147559521789796
2015,10,12,0.0,19.4,-4.8,HUANCANE,-15.21,-69.76,Norte,PUNO,2015-10-12,24.2,1,285,21.4,0.0,25.6,-4.2,-5.2,-5.4,0.8544810553772073
2015,10,13,0.0,18.8,-5.6,HUANCANE,-15.21,-69.76,Norte,PUNO,2015-10-13,24.4,1,286,19.4,0.0,24.2,-4.8,-4.2,-5.2,0.8835097149245964
2015,10,14,0.0,19.6,-4.4,HUANCANE,-15.21,-69.76,Norte,PUNO,2015-10-14,24.0,1,287,18.8,0.0,24.4,-5.6,-4.8,-4.2,0.9039191993722469
2015,10,15,0.0,18.0,0.4,HUANCANE,-15.21,-69.76,Norte,PUNO,2015-10-15,17.6,0,288,19.6,0.0,24.0,-4.4,-5.6,-4.8,0.875187578852453
2015,10,16,0.0,17.0,-1.4,HUANCANE,-15.21,-69.76,Norte,PUNO,2015-10-16,18.4,1,289,18.0,0.0,17.6,0.4,-4.4,-5.6,0.4395591077646765
2015,10,17,0.0,17.6,-0.4,HUANCANE,-15.21,-69.76,Norte,PUNO,2015-10-17,18.0,1,290,17.0,0.0,18.4,-1.4,0.4,-4.4,0.6703091326835391
2015,10,18,0.0,14.4,1.4,HUANCANE,-15.21,-69.76,Norte,PUNO,2015-10-18,13.0,0,291,17.6,0.0,18.0,-0.4,-1.4,0.4,0.40774295562397644
2015,10,19,0.8,18.4,-0.8,HUANCANE,-15.21,-69.76,Norte,PUNO,2015-10-19,19.2,1,292,14.4,0.0,13.0,1.4,-0.4,-1.4,0.19292592897497135
2015,10,20,12.6,18.0,5.4,HUANCANE,-15.21,-69.76,Norte,PUNO,2015-10-20,12.6,0,293,18.4,0.8,19.2,-0.8,1.4,-0.4,0.3610305665757462
2015,10,21,0.0,16.8,1.8,HUANCANE,-15.21,-69.76,Norte,PUNO,2015-10-21,15.0,0,294,18.0,12.6,12.6,5.4,-0.8,1.4,0.014677406369084753
2015,10,22,0.0,17.4,-0.6,HUANCANE,-15.21,-69.76,Norte,PUNO,2015-10-22,18.0,1,295,16.8,0.0,15.0,1.8,5.4,-0.8,0.13522394372437627
2015,10,23,0.0,17.4,-0.4,HUANCANE,-15.21,-69.76,Norte,PUNO,2015-10-23,17.799999999999997,1,296,17.4,0.0,18.0,-0.6,1.8,5.4,0.3688080663276127
2015,10,24,1.7,17.2,3.4,HUANCANE,-15.21,-69.76,Norte,PUNO,2015-10-24,13.8,0,297,17.4,0.0,17.799999999999997,-0.4,-0.6,1.8,0.3479962431460095
2015,10,25,3.5,13.6,4.6,HUANCANE,-15.21,-69.76,Norte,PUNO,2015-10-25,9.0,0,298,17.2,1.7,13.8,3.4,-0.4,-0.6,0.05237103081280612
2015,10,26,0.0,13.2,3.4,HUANCANE,-15.21,-69.76,Norte,PUNO,2015-10-26,9.8,0,299,13.6,3.5,9.0,4.6,3.4,-0.4,0.014413138511585377
2015,10,27,0.0,15.4,4.6,HUANCANE,-15.21,-69.76,Norte,PUNO,2015-10-27,10.8,0,300,13.2,0.0,9.8,3.4,4.6,3.4,0.0212758445027213
2015,10,28,8.5,15.2,4.6,HUANCANE,-15.21,-69.76,Norte,PUNO,2015-10-28,10.6,0,301,15.4,0.0,10.8,4.6,3.4,4.6,0.015037036359100517
2015,10,29,8.4,15.2,2.8,HUANCANE,-15.21,-69.76,Norte,PUNO,2015-10-29,12.4,0,302,15.2,8.5,10.6,4.6,4.6,3.4,0.0025632895407498644
2015,1,2,8.4,14.4,1.2,MAZO CRUZ,-16.75,-69.71,Sur,PUNO,2015-01-02,13.2,0,2,20.2,0.6,19.8,0.4,-0.6,1.8,0.5363606360299006
2015,1,3,2.2,18.2,1.0,MAZO CRUZ,-16.75,-69.71,Sur,PUNO,2015-01-03,17.2,0,3,14.4,8.4,13.2,1.2,0.4,-0.6,0.16921087930249462
2015,1,4,5.0,13.6,2.6,MAZO CRUZ,-16.75,-69.71,Sur,PUNO,2015-01-04,11.0,0,4,18.2,2.2,17.2,1.0,1.2,0.4,0.2877066329821731
2015,1,5,5.6,14.4,1.5,MAZO CRUZ,-16.75,-69.71,Sur,PUNO,2015-01-05,12.9,0,5,13.6,5.0,11.0,2.6,1.0,1.2,0.09945856349914128
2015,1,6,4.4,16.8,2.6,MAZO CRUZ,-16.75,-69.71,Sur,PUNO,2015-01-06,14.2,0,6,14.4,5.6,12.9,1.5,2.6,1.0,0.12463642293028075
2015,1,7,0.0,16.6,-0.6,MAZO CRUZ,-16.75,-69.71,Sur,PUNO,2015-01-07,17.200000000000003,1,7,16.8,4.4,14.2,2.6,1.5,2.6,0.11616651609300882
2015,1,8,0.0,15.2,2.6,MAZO CRUZ,-16.75,-69.71,Sur,PUNO,2015-01-08,12.6,0,8,16.6,0.0,17.200000000000003,-0.6,2.6,1.5,0.6001447968532633
2015,1,9,6.8,19.6,1.6,MAZO CRUZ,-16.75,-69.71,Sur,PUNO,2015-01-09,18.0,0,9,15.2,0.0,12.6,2.6,-0.6,2.6,0.33691889456301416
2015,1,10,5.6,14.2,0.6,MAZO CRUZ,-16.75,-69.71,Sur,PUNO,2015-01-10,13.6,0,10,19.6,6.8,18.0,1.6,2.6,-0.6,0.14641767421355636
2015,1,11,1.2,15.2,2.4,MAZO CRUZ,-16.75,-69.71,Sur,PUNO,2015-01-11,12.8,0,11,14.2,5.6,13.6,0.6,1.6,2.6,0.1737065925480926
2015,1,12,3.2,12.4,4.0,MAZO CRUZ,-16.75,-69.71,Sur,PUNO,2015-01-12,8.4,0,12,15.2,1.2,12.8,2.4,0.6,1.6,0.25674500367109016
2015,1,13,0.0,15.2,2.0,MAZO CRUZ,-16.75,-69.71,Sur,PUNO,2015-01-13,13.2,0,13,12.4,3.2,8.4,4.0,2.4,0.6,0.05248941237850907
2015,1,14,0.0,18.4,-5.2,MAZO CRUZ,-16.75,-69.71,Sur,PUNO,2015-01-14,23.6,1,14,15.2,0.0,13.2,2.0,4.0,2.4,0.2683376269557066
2015,1,15,0.0,19.4,-4.2,MAZO CRUZ,-16.75,-69.71,Sur,PUNO,2015-01-15,23.6,1,15,18.4,0.0,23.6,-5.2,2.0,4.0,0.8977103781920975
2015,1,16,0.0,17.2,-1.6,MAZO CRUZ,-16.75,-69.71,Sur,PUNO,2015-01-16,18.8,1,16,19.4,0.0,23.6,-4.2,-5.2,2.0,0.919995930706305
2015,1,17,8.0,18.6,-4.4,MAZO CRUZ,-16.75,-69.71,Sur,PUNO,2015-01-17,23.0,1,17,17.2,0.0,18.8,-1.6,-4.2,-5.2,0.8432133380229293
2015,1,18,1.0,16.0,0.0,MAZO CRUZ,-16.75,-69.71,Sur,PUNO,2015-01-18,16.0,1,18,18.6,8.0,23.0,-4.4,-1.6,-4.2,0.6322817207499647
2015,1,19,2.6,18.0,-2.4,MAZO CRUZ,-16.75,-69.71,Sur,PUNO,2015-01-19,20.4,1,19,16.0,1.0,16.0,0.0,-4.4,-1.6,0.7022944872046842
2015,1,20,2.0,15.2,4.4,MAZO CRUZ,-16.75,-69.71,Sur,PUNO,2015-01-20,10.8,0,20,18.0,2.6,20.4,-2.4,0.0,-4.4,0.677163522472832
2015,1,21,2.6,13.8,3.2,MAZO CRUZ,-16.75,-69.71,Sur,PUNO,2015-01-21,10.6,0,21,15.2,2.0,10.8,4.4,-2.4,0.0,0.1921304104874935
2015,1,22,3.8,16.4,3.4,MAZO CRUZ,-16.75,-69.71,Sur,PUNO,2015-01-22,12.999999999999998,0,22,13.8,2.6,10.6,3.2,4.4,-2.4,0.12085412948194846
2015,1,23,9.4,16.2,1.6,MAZO CRUZ,-16.75,-69.71,Sur,PUNO,2015-01-23,14.6,0,23,16.4,3.8,12.999999999999998,3.4,3.2,4.4,0.04298138627846034
2015,1,24,13.4,16.4,5.2,MAZO CRUZ,-16.75,-69.71,Sur,PUNO,2015-01-24,11.2,0,24,16.2,9.4,14.6,1.6,3.4,3.2,0.03157032492280167
2015,1,25,3.6,14.6,1.0,MAZO CRUZ,-16.75,-69.71,Sur,PUNO,2015-01-25,13.6,0,25,16.4,13.4,11.2,5.2,1.6,3.4,0.015758846847200355
2015,1,26,0.8,16.4,-2.2,MAZO CRUZ,-16.75,-69.71,Sur,PUNO,2015-01-26,18.6,1,26,14.6,3.6,13.6,1.0,5.2,1.6,0.14363932997046813
2015,1,27,0.2,17.2,-1.6,MAZO CRUZ,-16.75,-69.71,Sur,PUNO,2015-01-27,18.8,1,27,16.4,0.8,18.6,-2.2,1.0,5.2,0.6518378467869386
2015,1,28,1.4,18.0,-0.2,MAZO CRUZ,-16.75,-69.71,Sur,PUNO,2015-01-28,18.2,1,28,17.2,0.2,18.8,-1.6,-2.2,1.0,0.7826262812658579
2015,1,29,30.0,16.4,3.2,MAZO CRUZ,-16.75,-69.71,Sur,PUNO,2015-01-29,13.2,0,29,18.0,1.4,18.2,-0.2,-1.6,-2.2,0.646883951354036
2015,1,30,11.6,14.0,3.2,MAZO CRUZ,-16.75,-69.71,Sur,PUNO,2015-01-30,10.8,0,30,16.4,30.0,13.2,3.2,-0.2,-1.6,0.06947663625428344
2015,1,31,9.0,14.2,3.6,MAZO CRUZ,-16.75,-69.71,Sur,PUNO,2015-01-31,10.6,0,31,14.0,11.6,10.8,3.2,3.2,-0.2,0.03902590579123691
2015,2,1,1.0,16.0,4.4,MAZO CRUZ,-16.75,-69.71,Sur,PUNO,2015-02-01,11.6,0,32,14.2,9.0,10.6,3.6,3.2,3.2,0.027419218081333754
2015,2,2,0.0,17.6,2.4,MAZO CRUZ,-16.75,-69.71,Sur,PUNO,2015-02-02,15.2,0,33,16.0,1.0,11.6,4.4,3.6,3.2,0.0811215366159106
2015,2,3,1.0,19.2,-1.2,MAZO CRUZ,-16.75,-69.71,Sur,PUNO,2015-02-03,20.4,1,34,17.6,0.0,15.2,2.4,4.4,3.6,0.26346376227982343
2015,2,4,0.2,18.6,2.0,MAZO CRUZ,-16.75,-69.71,Sur,PUNO,2015-02-04,16.6,0,35,19.2,1.0,20.4,-1.2,2.4,4.4,0.627860187792798
2015,2,5,0.0,16.8,-1.6,MAZO CRUZ,-16.75,-69.71,Sur,PUNO,2015-02-05,18.4,1,36,18.6,0.2,16.6,2.0,-1.2,2.4,0.46153891381949913
2015,2,6,11.2,16.2,-0.8,MAZO CRUZ,-16.75,-69.71,Sur,PUNO,2015-02-06,17.0,1,37,16.8,0.0,18.4,-1.6,2.0,-1.2,0.7772283355017379
2015,2,7,5.2,15.8,3.2,MAZO CRUZ,-16.75,-69.71,Sur,PUNO,2015-02-07,12.6,0,38,16.2,11.2,17.0,-0.8,-1.6,2.0,0.23537995762284666
2015,2,8,3.2,16.0,3.8,MAZO CRUZ,-16.75,-69.71,Sur,PUNO,2015-02-08,12.2,0,39,15.8,5.2,12.6,3.2,-0.8,-1.6,0.16669909681356715
2015,2,9,5.4,13.6,5.2,MAZO CRUZ,-16.75,-69.71,Sur,PUNO,2015-02-09,8.399999999999999,0,40,16.0,3.2,12.2,3.8,3.2,-0.8,0.13692896631678422
2015,2,10,1.2,15.4,5.6,MAZO CRUZ,-16.75,-69.71,Sur,PUNO,2015-02-10,9.8,0,41,13.6,5.4,8.399999999999999,5.2,3.8,3.2,0.017005344978824857
2015,2,11,14.0,15.6,4.4,MAZO CRUZ,-16.75,-69.71,Sur,PUNO,2015-02-11,11.2,0,42,15.4,1.2,9.8,5.6,5.2,3.8,0.028215177431923397
2015,2,12,2.0,14.4,2.0,MAZO CRUZ,-16.75,-69.71,Sur,PUNO,2015-02-12,12.4,0,43,15.6,14.0,11.2,4.4,5.6,5.2,0.008895192715102248
2015,2,13,10.6,17.4,3.4,MAZO CRUZ,-16.75,-69.71,Sur,PUNO,2015-02-13,13.999999999999998,0,44,14.4,2.0,12.4,2.0,4.4,5.6,0.07061065376740162
2015,2,14,21.8,14.8,5.2,MAZO CRUZ,-16.75,-69.71,Sur,PUNO,2015-02-14,9.6,0,45,17.4,10.6,13.999999999999998,3.4,2.0,4.4,0.024999907853609605
2015,2,15,0.0,15.2,3.8,MAZO CRUZ,-16.75,-69.71,Sur,PUNO,2015-02-15,11.4,0,46,14.8,21.8,9.6,5.2,3.4,2.0,0.020764872601489258
2015,2,16,0.0,18.0,4.2,MAZO CRUZ,-16.75,-69.71,Sur,PUNO,2015-02-16,13.8,0,47,15.2,0.0,11.4,3.8,5.2,3.4,0.10726258095167797
2015,2,17,4.0,16.8,0.4,MAZO CRUZ,-16.75,-69.71,Sur,PUNO,2015-02-17,16.400000000000002,0,48,18.0,0.0,13.8,4.2,3.8,5.2,0.11677480913824635
2015,2,18,0.0,18.0,-2.6,MAZO CRUZ,-16.75,-69.71,Sur,PUNO,2015-02-18,20.6,1,49,16.8,4.0,16.400000000000002,0.4,4.2,3.8,0.1745026526322023
2015,2,19,0.0,18.4,-5.2,MAZO CRUZ,-16.75,-69.71,Sur,PUNO,2015-02-19,23.6,1,50,18.0,0.0,20.6,-2.6,0.4,4.2,0.8313796322690112
2015,2,20,0.0,18.4,-3.4,MAZO CRUZ,-16.75,-69.71,Sur,PUNO,2015-02-20,21.8,1,51,18.4,0.0,23.6,-5.2,-2.6,0.4,0.9475385981799446
2015,2,21,1.4,18.2,1.0,MAZO CRUZ,-16.75,-69.71,Sur,PUNO,2015-02-21,17.2,0,52,18.4,0.0,21.8,-3.4,-5.2,-2.6,0.9212100765313874
2015,2,22,8.8,18.6,1.4,MAZO CRUZ,-16.75,-69.71,Sur,PUNO,2015-02-22,17.200000000000003,0,53,18.2,1.4,17.2,1.0,-3.4,-5.2,0.6628598132023068
2015,2,23,6.8,14.6,4.8,MAZO CRUZ,-16.75,-69.71,Sur,PUNO,2015-02-23,9.8,0,54,18.6,8.8,17.200000000000003,1.4,1.0,-3.4,0.16341701141752468
2015,2,24,0.0,17.2,4.2,MAZO CRUZ,-16.75,-69.71,Sur,PUNO,2015-02-24,13.0,0,55,14.6,6.8,9.8,4.8,1.4,1.0,0.0509184189373368
2015,2,25,0.0,18.4,-1.6,MAZO CRUZ,-16.75,-69.71,Sur,PUNO,2015-02-25,20.0,1,56,17.2,0.0,13.0,4.2,4.8,1.4,0.25326321243706207
2015,2,26,0.0,18.0,0.4,MAZO CRUZ,-16.75,-69.71,Sur,PUNO,2015-02-26,17.6,0,57,18.4,0.0,20.0,-1.6,4.2,4.8,0.7812140370558148
2015,2,27,3.8,14.4,-0.6,MAZO CRUZ,-16.75,-69.71,Sur,PUNO,2015-02-27,15.0,1,58,18.0,0.0,17.6,0.4,-1.6,4.2,0.5938412972299536
2015,2,28,0.0,16.8,-2.0,MAZO CRUZ,-16.75,-69.71,Sur,PUNO,2015-02-28,18.8,1,59,14.4,3.8,15.0,-0.6,0.4,-1.6,0.49286810817670085
2015,3,1,0.4,17.6,3.6,MAZO CRUZ,-16.75,-69.71,Sur,PUNO,2015-03-01,14.000000000000002,0,60,16.8,0.0,18.8,-2.0,-0.6,0.4,0.8422179583135322
2015,3,2,0.4,18.2,2.0,MAZO CRUZ,-16.75,-69.71,Sur,PUNO,2015-03-02,16.2,0,61,17.6,0.4,14.000000000000002,3.6,-2.0,-0.6,0.43540038347531956
2015,3,3,0.6,19.4,-0.2,MAZO CRUZ,-16.75,-69.71,Sur,PUNO,2015-03-03,19.6,1,62,18.2,0.4,16.2,2.0,3.6,-2.0,0.5263795623657589
2015,3,4,7.8,15.2,5.2,MAZO CRUZ,-16.75,-69.71,Sur,PUNO,2015-03-04,10.0,0,63,19.4,0.6,19.6,-0.2,2.0,3.6,0.5738703608955321
2015,3,5,6.6,15.2,2.8,MAZO CRUZ,-16.75,-69.71,Sur,PUNO,2015-03-05,12.4,0,64,15.2,7.8,10.0,5.2,-0.2,2.0,0.05734986021265332
2015,3,6,8.4,16.4,4.6,MAZO CRUZ,-16.75,-69.71,Sur,PUNO,2015-03-06,11.8,0,65,15.2,6.6,12.4,2.8,5.2,-0.2,0.07768499834596702
2015,3,7,4.0,16.0,3.4,MAZO CRUZ,-16.75,-69.71,Sur,PUNO,2015-03-07,12.6,0,66,16.4,8.4,11.8,4.6,2.8,5.2,0.021172649255760408
2015,3,8,7.8,14.6,4.8,MAZO CRUZ,-16.75,-69.71,Sur,PUNO,2015-03-08,9.8,0,67,16.0,4.0,12.6,3.4,4.6,2.8,0.06226941476708971
2015,3,9,2.0,15.6,2.6,MAZO CRUZ,-16.75,-69.71,Sur,PUNO,2015-03-09,13.0,0,68,14.6,7.8,9.8,4.8,3.4,4.6,0.024762875554514934
2015,3,10,1.4,16.0,4.8,MAZO CRUZ,-16.75,-69.71,Sur,PUNO,2015-03-10,11.2,0,69,15.6,2.0,13.0,2.6,4.8,3.4,0.10759791604620224
2015,3,11,5.8,17.4,2.4,MAZO CRUZ,-16.75,-69.71,Sur,PUNO,2015-03-11,14.999999999999998,0,70,16.0,1.4,11.2,4.8,2.6,4.8,0.07653594641340675
2015,3,12,7.6,19.2,0.0,MAZO CRUZ,-16.75,-69.71,Sur,PUNO,2015-03-12,19.2,1,71,17.4,5.8,14.999999999999998,2.4,4.8,2.6,0.06581486793790019
2015,3,13,0.0,18.0,1.2,MAZO CRUZ,-16.75,-69.71,Sur,PUNO,2015-03-13,16.8,0,72,19.2,7.6,19.2,0.0,2.4,4.8,0.17572197692160244
2015,3,14,2.0,16.2,0.4,MAZO CRUZ,-16.75,-69.71,Sur,PUNO,2015-03-14,15.8,0,73,18.0,0.0,16.8,1.2,0.0,2.4,0.45946570924977687
2015,3,15,2.8,16.4,-0.6,MAZO CRUZ,-16.75,-69.71,Sur,PUNO,2015-03-15,17.0,1,74,16.2,2.0,15.8,0.4,1.2,0.0,0.40708491814270686
2015,3,16,2.0,18.2,2.4,MAZO CRUZ,-16.75,-69.71,Sur,PUNO,2015-03-16,15.8,0,75,16.4,2.8,17.0,-0.6,0.4,1.2,0.48457171777249547
2015,3,17,16.6,15.8,5.4,MAZO CRUZ,-16.75,-69.71,Sur,PUNO,2015-03-17,10.4,0,76,18.2,2.0,15.8,2.4,-0.6,0.4,0.38582716131444394
2015,3,18,2.4,13.2,4.0,MAZO CRUZ,-16.75,-69.71,Sur,PUNO,2015-03-18,9.2,0,77,15.8,16.6,10.4,5.4,2.4,-0.6,0.043084406032092085
2015,3,19,6.0,14.0,4.0,MAZO CRUZ,-16.75,-69.71,Sur,PUNO,2015-03-19,10.0,0,78,13.2,2.4,9.2,4.0,5.4,2.4,0.050273325613225256
2015,3,20,2.0,16.4,2.8,MAZO CRUZ,-16.75,-69.71,Sur,PUNO,2015-03-20,13.599999999999998,0,79,14.0,6.0,10.0,4.0,4.0,5.4,0.026213840407240133
2015,3,21,4.0,16.6,3.8,MAZO CRUZ,-16.75,-69.71,Sur,PUNO,2015-03-21,12.8,0,80,16.4,2.0,13.599999999999998,2.8,4.0,4.0,0.13130311802928907
2015,3,22,3.8,17.6,3.2,MAZO CRUZ,-16.75,-69.71,Sur,PUNO,2015-03-22,14.400000000000002,0,81,16.6,4.0,12.8,3.8,2.8,4.0,0.07352198082846993
2015,3,23,0.2,15.4,0.6,MAZO CRUZ,-16.75,-69.71,Sur,PUNO,2015-03-23,14.8,0,82,17.6,3.8,14.400000000000002,3.2,3.8,2.8,0.10857265196103588
2015,3,24,1.2,15.4,0.6,MAZO CRUZ,-16.75,-69.71,Sur,PUNO,2015-03-24,14.8,0,83,15.4,0.2,14.8,0.6,3.2,3.8,0.4370071371067617
2015,3,25,5.6,12.4,1.4,MAZO CRUZ,-16.75,-69.71,Sur,PUNO,2015-03-25,11.0,0,84,15.4,1.2,14.8,0.6,0.6,3.2,0.3603385696034668
2015,3,26,1.6,13.6,0.2,MAZO CRUZ,-16.75,-69.71,Sur,PUNO,2015-03-26,13.4,0,85,12.4,5.6,11.0,1.4,0.6,0.6,0.16715341055937746
2015,3,27,0.0,16.6,-1.6,MAZO CRUZ,-16.75,-69.71,Sur,PUNO,2015-03-27,18.200000000000003,1,86,13.6,1.6,13.4,0.2,1.4,0.6,0.43079099379595515
2015,3,28,0.0,16.0,-5.2,MAZO CRUZ,-16.75,-69.71,Sur,PUNO,2015-03-28,21.2,1,87,16.6,0.0,18.200000000000003,-1.6,0.2,1.4,0.8112228969230226
2015,3,29,0.0,17.4,-4.6,MAZO CRUZ,-16.75,-69.71,Sur,PUNO,2015-03-29,22.0,1,88,16.0,0.0,21.2,-5.2,-1.6,0.2,0.9619692945812172
2015,3,30,0.0,16.6,-2.8,MAZO CRUZ,-16.75,-69.71,Sur,PUNO,2015-03-30,19.4,1,89,17.4,0.0,22.0,-4.6,-5.2,-1.6,0.9643019846468402
2015,3,31,0.0,17.2,-4.0,MAZO CRUZ,-16.75,-69.71,Sur,PUNO,2015-03-31,21.2,1,90,16.6,0.0,19.4,-2.8,-4.6,-5.2,0.9312647976793722
2015,4,1,2.0,15.4,3.2,MAZO CRUZ,-16.75,-69.71,Sur,PUNO,2015-04-01,12.2,0,91,17.2,0.0,21.2,-4.0,-2.8,-4.6,0.9644170829607369
2015,4,2,1.0,17.2,0.2,MAZO CRUZ,-16.75,-69.71,Sur,PUNO,2015-04-02,17.0,0,92,15.4,2.0,12.2,3.2,-4.0,-2.8,0.37013823916560606
2015,4,3,0.0,19.6,-2.2,MAZO CRUZ,-16.75,-69.71,Sur,PUNO,2015-04-03,21.8,1,93,17.2,1.0,17.0,0.2,3.2,-4.0,0.6192331168283617
2015,4,4,0.0,20.4,-3.6,MAZO CRUZ,-16.75,-69.71,Sur,PUNO,2015-04-04,24.0,1,94,19.6,0.0,21.8,-2.2,0.2,3.2,0.8987445640775675
2015,4,5,0.0,18.6,-2.2,MAZO CRUZ,-16.75,-69.71,Sur,PUNO,2015-04-05,20.8,1,95,20.4,0.0,24.0,-3.6,-2.2,0.2,0.963379626055046
2015,4,6,0.0,16.2,-1.4,MAZO CRUZ,-16.75,-69.71,Sur,PUNO,2015-04-06,17.599999999999998,1,96,18.6,0.0,20.8,-2.2,-3.6,-2.2,0.9360337567433021
2015,4,7,0.0,15.8,-3.6,MAZO CRUZ,-16.75,-69.71,Sur,PUNO,2015-04-07,19.4,1,97,16.2,0.0,17.599999999999998,-1.4,-2.2,-3.6,0.9102880504617742
2015,4,8,0.0,12.8,1.0,MAZO CRUZ,-16.75,-69.71,Sur,PUNO,2015-04-08,11.8,0,98,15.8,0.0,19.4,-3.6,-1.4,-2.2,0.9629431763975792
2015,4,9,0.0,15.8,2.4,MAZO CRUZ,-16.75,-69.71,Sur,PUNO,2015-04-09,13.4,0,99,12.8,0.0,11.8,1.0,-3.6,-1.4,0.7307072824235029
2015,4,10,7.2,15.6,1.8,MAZO CRUZ,-16.75,-69.71,Sur,PUNO,2015-04-10,13.8,0,100,15.8,0.0,13.4,2.4,1.0,-3.6,0.6031740335866176
2015,4,11,8.4,14.2,0.4,MAZO CRUZ,-16.75,-69.71,Sur,PUNO,2015-04-11,13.8,0,101,15.6,7.2,13.8,1.8,2.4,1.0,0.1495780222988336
2015,4,12,4.2,13.8,3.6,MAZO CRUZ,-16.75,-69.71,Sur,PUNO,2015-04-12,10.2,0,102,14.2,8.4,13.8,0.4,1.8,2.4,0.19164524352000606
2015,4,13,0.2,15.2,1.4,MAZO CRUZ,-16.75,-69.71,Sur,PUNO,2015-04-13,13.8,0,103,13.8,4.2,10.2,3.6,0.4,1.8,0.1338247173711895
2015,4,14,0.1,15.4,-2.4,MAZO CRUZ,-16.75,-69.71,Sur,PUNO,2015-04-14,17.8,1,104,15.2,0.2,13.8,1.4,3.6,0.4,0.570636996873206
2015,4,15,0.0,16.2,-4.6,MAZO CRUZ,-16.75,-69.71,Sur,PUNO,2015-04-15,20.8,1,105,15.4,0.1,17.8,-2.4,1.4,3.6,0.8733420881417855
2015,4,16,0.0,16.4,-0.8,MAZO CRUZ,-16.75,-69.71,Sur,PUNO,2015-04-16,17.2,1,106,16.2,0.0,20.8,-4.6,-2.4,1.4,0.9680213299225466
2015,4,17,0.0,15.2,-2.4,MAZO CRUZ,-16.75,-69.71,Sur,PUNO,2015-04-17,17.599999999999998,1,107,16.4,0.0,17.2,-0.8,-4.6,-2.4,0.8966684270097585
2015,4,18,11.4,17.4,-1.0,MAZO CRUZ,-16.75,-69.71,Sur,PUNO,2015-04-18,18.4,1,108,15.2,0.0,17.599999999999998,-2.4,-0.8,-4.6,0.9500618397090276
2015,4,19,2.8,14.6,0.4,MAZO CRUZ,-16.75,-69.71,Sur,PUNO,2015-04-19,14.2,0,109,17.4,11.4,18.4,-1.0,-2.4,-0.8,0.46090038011091605
2015,4,20,0.4,15.2,1.2,MAZO CRUZ,-16.75,-69.71,Sur,PUNO,2015-04-20,14.0,0,110,14.6,2.8,14.2,0.4,-1.0,-2.4,0.5534561326354862
2015,4,21,5.4,15.2,-2.2,MAZO CRUZ,-16.75,-69.71,Sur,PUNO,2015-04-21,17.4,1,111,15.2,0.4,14.0,1.2,0.4,-1.0,0.5892654818446061
2015,4,22,0.0,16.2,0.6,MAZO CRUZ,-16.75,-69.71,Sur,PUNO,2015-04-22,15.6,0,112,15.2,5.4,17.4,-2.2,1.2,0.4,0.5872649646364948
2015,4,23,7.8,14.4,3.2,MAZO CRUZ,-16.75,-69.71,Sur,PUNO,2015-04-23,11.2,0,113,16.2,0.0,15.6,0.6,-2.2,1.2,0.7717673825935912
2015,4,24,6.4,14.6,4.0,MAZO CRUZ,-16.75,-69.71,Sur,PUNO,2015-04-24,10.6,0,114,14.4,7.8,11.2,3.2,0.6,-2.2,0.17623257605332393
2015,4,25,0.0,14.8,1.6,MAZO CRUZ,-16.75,-69.71,Sur,PUNO,2015-04-25,13.2,0,115,14.6,6.4,10.6,4.0,3.2,0.6,0.11648972846855478
2015,4,26,0.0,15.8,-1.6,MAZO CRUZ,-16.75,-69.71,Sur,PUNO,2015-04-26,17.400000000000002,1,116,14.8,0.0,13.2,1.6,4.0,3.2,0.5439407492612564
2015,4,27,2.2,16.4,1.0,MAZO CRUZ,-16.75,-69.71,Sur,PUNO,2015-04-27,15.4,0,117,15.8,0.0,17.400000000000002,-1.6,1.6,4.0,0.8532070288106202
2015,4,28,2.0,15.2,-1.2,MAZO CRUZ,-16.75,-69.71,Sur,PUNO,2015-04-28,16.4,1,118,16.4,2.2,15.4,1.0,-1.6,1.6,0.485915334422712
2015,4,29,0.0,16.4,-2.0,MAZO CRUZ,-16.75,-69.71,Sur,PUNO,2015-04-29,18.4,1,119,15.2,2.0,16.4,-1.2,1.0,-1.6,0.6937789423187829
2015,4,30,0.0,16.8,-3.6,MAZO CRUZ,-16.75,-69.71,Sur,PUNO,2015-04-30,20.4,1,120,16.4,0.0,18.4,-2.0,-1.2,1.0,0.9179184487698453
2015,5,1,0.0,16.4,-3.0,MAZO CRUZ,-16.75,-69.71,Sur,PUNO,2015-05-01,19.4,1,121,16.8,0.0,20.4,-3.6,-2.0,-1.2,0.9731079678447597
2015,5,2,0.0,17.2,-9.6,MAZO CRUZ,-16.75,-69.71,Sur,PUNO,2015-05-02,26.8,1,122,16.4,0.0,19.4,-3.0,-3.6,-2.0,0.9673245930660999
2015,5,3,0.0,15.8,-9.2,MAZO CRUZ,-16.75,-69.71,Sur,PUNO,2015-05-03,25.0,1,123,17.2,0.0,26.8,-9.6,-3.0,-3.6,0.9957797340610304
2015,5,4,0.0,18.2,-7.2,MAZO CRUZ,-16.75,-69.71,Sur,PUNO,2015-05-04,25.4,1,124,15.8,0.0,25.0,-9.2,-9.6,-3.0,0.9982339767406085
2015,5,5,0.0,17.2,-8.6,MAZO CRUZ,-16.75,-69.71,Sur,PUNO,2015-05-05,25.8,1,125,18.2,0.0,25.4,-7.2,-9.2,-9.6,0.9964099528820931
2015,5,6,0.0,17.4,-6.6,MAZO CRUZ,-16.75,-69.71,Sur,PUNO,2015-05-06,24.0,1,126,17.2,0.0,25.8,-8.6,-7.2,-9.2,0.9974803084405501
2015,5,7,0.0,16.6,-3.6,MAZO CRUZ,-16.75,-69.71,Sur,PUNO,2015-05-07,20.200000000000003,1,127,17.4,0.0,24.0,-6.6,-8.6,-7.2,0.9956436648283726
2015,5,8,0.0,16.8,-5.2,MAZO CRUZ,-16.75,-69.71,Sur,PUNO,2015-05-08,22.0,1,128,16.6,0.0,20.200000000000003,-3.6,-6.6,-8.6,0.9828794098851722
2015,5,9,0.0,17.2,-6.2,MAZO CRUZ,-16.75,-69.71,Sur,PUNO,2015-05-09,23.4,1,129,16.8,0.0,22.0,-5.2,-3.6,-6.6,0.9893767466089998
2015,5,10,0.0,17.6,-8.6,MAZO CRUZ,-16.75,-69.71,Sur,PUNO,2015-05-10,26.200000000000003,1,130,17.2,0.0,23.4,-6.2,-5.2,-3.6,0.9931532888601045
2015,5,11,0.0,16.2,-7.6,MAZO CRUZ,-16.75,-69.71,Sur,PUNO,2015-05-11,23.8,1,131,17.6,0.0,26.200000000000003,-8.6,-6.2,-5.2,0.9969757144499097
2015,5,12,0.0,17.4,-9.2,MAZO CRUZ,-16.75,-69.71,Sur,PUNO,2015-05-12,26.6,1,132,16.2,0.0,23.8,-7.6,-8.6,-6.2,0.9969724143436479
2015,5,13,0.0,16.8,-9.0,MAZO CRUZ,-16.75,-69.71,Sur,PUNO,2015-05-13,25.8,1,133,17.4,0.0,26.6,-9.2,-7.6,-8.6,0.9980280141808169
2015,5,14,0.0,16.6,-8.2,MAZO CRUZ,-16.75,-69.71,Sur,PUNO,2015-05-14,24.8,1,134,16.8,0.0,25.8,-9.0,-9.2,-7.6,0.9981710015916564
2015,5,15,0.0,12.0,-8.6,MAZO CRUZ,-16.75,-69.71,Sur,PUNO,2015-05-15,20.6,1,135,16.6,0.0,24.8,-8.2,-9.0,-9.2,0.9974476273800549
2015,5,16,0.0,11.6,-2.2,MAZO CRUZ,-16.75,-69.71,Sur,PUNO,2015-05-16,13.8,1,136,12.0,0.0,20.6,-8.6,-8.2,-9.0,0.9978170575283029
2015,5,17,0.0,16.6,-5.4,MAZO CRUZ,-16.75,-69.71,Sur,PUNO,2015-05-17,22.0,1,137,11.6,0.0,13.8,-2.2,-8.6,-8.2,0.9693505315333272
2015,5,18,0.0,17.6,-9.2,MAZO CRUZ,-16.75,-69.71,Sur,PUNO,2015-05-18,26.8,1,138,16.6,0.0,22.0,-5.4,-2.2,-8.6,0.989462265798243
2015,5,19,0.0,18.2,-10.6,MAZO CRUZ,-16.75,-69.71,Sur,PUNO,2015-05-19,28.8,1,139,17.6,0.0,26.8,-9.2,-5.4,-2.2,0.9970159616707771
2015,5,20,0.0,17.4,-10.6,MAZO CRUZ,-16.75,-69.71,Sur,PUNO,2015-05-20,28.0,1,140,18.2,0.0,28.8,-10.6,-9.2,-5.4,0.9989398350088218
2015,5,21,0.0,17.4,-11.6,MAZO CRUZ,-16.75,-69.71,Sur,PUNO,2015-05-21,29.0,1,141,17.4,0.0,28.0,-10.6,-10.6,-9.2,0.998946972262952
2015,5,22,0.0,17.2,-12.8,MAZO CRUZ,-16.75,-69.71,Sur,PUNO,2015-05-22,30.0,1,142,17.4,0.0,29.0,-11.6,-10.6,-10.6,0.9992439705295705
2015,5,23,0.0,17.2,-14.2,MAZO CRUZ,-16.75,-69.71,Sur,PUNO,2015-05-23,31.4,1,143,17.2,0.0,30.0,-12.8,-11.6,-10.6,0.9995347405879212
2015,5,24,0.0,17.6,-11.6,MAZO CRUZ,-16.75,-69.71,Sur,PUNO,2015-05-24,29.200000000000003,1,144,17.2,0.0,31.4,-14.2,-12.8,-11.6,0.999737152966398
2015,5,25,1.2,16.0,-9.2,MAZO CRUZ,-16.75,-69.71,Sur,PUNO,2015-05-25,25.2,1,145,17.6,0.0,29.200000000000003,-11.6,-14.2,-12.8,0.9992632687921126
2015,5,26,0.0,16.4,-3.4,MAZO CRUZ,-16.75,-69.71,Sur,PUNO,2015-05-26,19.8,1,146,16.0,1.2,25.2,-9.2,-11.6,-14.2,0.993544610955413
2015,5,27,0.0,16.8,-9.4,MAZO CRUZ,-16.75,-69.71,Sur,PUNO,2015-05-27,26.200000000000003,1,147,16.4,0.0,19.8,-3.4,-9.2,-11.6,0.9811814575835078
2015,5,28,0.0,16.6,-10.8,MAZO CRUZ,-16.75,-69.71,Sur,PUNO,2015-05-28,27.4,1,148,16.8,0.0,26.200000000000003,-9.4,-3.4,-9.2,0.996733028426988
2015,5,29,0.0,18.0,-13.2,MAZO CRUZ,-16.75,-69.71,Sur,PUNO,2015-05-29,31.2,1,149,16.6,0.0,27.4,-10.8,-9.4,-3.4,0.9989774508477631
2015,5,30,0.0,18.4,-12.6,MAZO CRUZ,-16.75,-69.71,Sur,PUNO,2015-05-30,31.0,1,150,18.0,0.0,31.2,-13.2,-10.8,-9.4,0.9995455236679374
2015,5,31,0.0,17.6,-7.2,MAZO CRUZ,-16.75,-69.71,Sur,PUNO,2015-05-31,24.8,1,151,18.4,0.0,31.0,-12.6,-13.2,-10.8,0.9995182309700702
2015,6,1,0.0,17.8,-9.6,MAZO CRUZ,-16.75,-69.71,Sur,PUNO,2015-06-01,27.4,1,152,17.6,0.0,24.8,-7.2,-12.6,-13.2,0.9957755658257824
2015,6,2,0.0,18.4,-9.6,MAZO CRUZ,-16.75,-69.71,Sur,PUNO,2015-06-02,28.0,1,153,17.8,0.0,27.4,-9.6,-7.2,-12.6,0.9980462492026603
2015,6,3,0.0,17.4,-10.0,MAZO CRUZ,-16.75,-69.71,Sur,PUNO,2015-06-03,27.4,1,154,18.4,0.0,28.0,-9.6,-9.6,-7.2,0.99872361716909
2015,6,4,0.0,17.8,-7.2,MAZO CRUZ,-16.75,-69.71,Sur,PUNO,2015-06-04,25.0,1,155,17.4,0.0,27.4,-10.0,-9.6,-9.6,0.9987039036222269
2015,6,5,0.0,17.2,-13.8,MAZO CRUZ,-16.75,-69.71,Sur,PUNO,2015-06-05,31.0,1,156,17.8,0.0,25.0,-7.2,-10.0,-9.6,0.996813247552178
2015,6,6,0.0,17.4,-15.4,MAZO CRUZ,-16.75,-69.71,Sur,PUNO,2015-06-06,32.8,1,157,17.2,0.0,31.0,-13.8,-7.2,-10.0,0.999489305913478
2015,6,7,0.0,17.4,-16.0,MAZO CRUZ,-16.75,-69.71,Sur,PUNO,2015-06-07,33.4,1,158,17.4,0.0,32.8,-15.4,-13.8,-7.2,0.999832318468152
2015,6,8,0.0,17.2,-15.6,MAZO CRUZ,-16.75,-69.71,Sur,PUNO,2015-06-08,32.8,1,159,17.4,0.0,33.4,-16.0,-15.4,-13.8,0.9998796991628707
2015,6,9,0.0,18.2,-13.6,MAZO CRUZ,-16.75,-69.71,Sur,PUNO,2015-06-09,31.8,1,160,17.2,0.0,32.8,-15.6,-16.0,-15.4,0.9998634018778471
2015,6,10,0.0,18.2,-10.2,MAZO CRUZ,-16.75,-69.71,Sur,PUNO,2015-06-10,28.4,1,161,18.2,0.0,31.8,-13.6,-15.6,-16.0,0.9996834449926514
2015,6,11,0.0,18.4,-13.2,MAZO CRUZ,-16.75,-69.71,Sur,PUNO,2015-06-11,31.6,1,162,18.2,0.0,28.4,-10.2,-13.6,-15.6,0.9986064942438213
2015,6,12,0.0,17.6,-14.4,MAZO CRUZ,-16.75,-69.71,Sur,PUNO,2015-06-12,32.0,1,163,18.4,0.0,31.6,-13.2,-10.2,-13.6,0.9995262116809477
2015,6,13,0.0,18.6,-13.2,MAZO CRUZ,-16.75,-69.71,Sur,PUNO,2015-06-13,31.8,1,164,17.6,0.0,32.0,-14.4,-13.2,-10.2,0.9997476868718281
2015,6,14,0.0,18.2,-15.2,MAZO CRUZ,-16.75,-69.71,Sur,PUNO,2015-06-14,33.4,1,165,18.6,0.0,31.8,-13.2,-14.4,-13.2,0.9996220075818396
2015,6,15,0.0,18.0,-13.6,MAZO CRUZ,-16.75,-69.71,Sur,PUNO,2015-06-15,31.6,1,166,18.2,0.0,33.4,-15.2,-13.2,-14.4,0.9998174794773873
2015,6,16,0.0,19.2,-10.6,MAZO CRUZ,-16.75,-69.71,Sur,PUNO,2015-06-16,29.8,1,167,18.0,0.0,31.6,-13.6,-15.2,-13.2,0.9996780722595016
2015,6,17,0.0,17.6,-9.6,MAZO CRUZ,-16.75,-69.71,Sur,PUNO,2015-06-17,27.200000000000003,1,168,19.2,0.0,29.8,-10.6,-13.6,-15.2,0.9988424263436488
2015,6,18,0.0,17.4,-13.2,MAZO CRUZ,-16.75,-69.71,Sur,PUNO,2015-06-18,30.6,1,169,17.6,0.0,27.200000000000003,-9.6,-10.6,-13.6,0.9983201286268327
2015,6,19,0.0,17.6,-10.6,MAZO CRUZ,-16.75,-69.71,Sur,PUNO,2015-06-19,28.200000000000003,1,170,17.4,0.0,30.6,-13.2,-9.6,-10.6,0.9994917022250885
2015,6,20,0.0,17.4,-12.0,MAZO CRUZ,-16.75,-69.71,Sur,PUNO,2015-06-20,29.4,1,171,17.6,0.0,28.200000000000003,-10.6,-13.2,-9.6,0.998965066693788
2015,6,21,0.0,16.6,-12.6,MAZO CRUZ,-16.75,-69.71,Sur,PUNO,2015-06-21,29.200000000000003,1,172,17.4,0.0,29.4,-12.0,-10.6,-13.2,0.9993107365251427
2015,6,22,0.0,17.6,-12.8,MAZO CRUZ,-16.75,-69.71,Sur,PUNO,2015-06-22,30.4,1,173,16.6,0.0,29.200000000000003,-12.6,-12.0,-10.6,0.9994613665355101
2015,6,23,0.0,17.8,-11.6,MAZO CRUZ,-16.75,-69.71,Sur,PUNO,2015-06-23,29.4,1,174,17.6,0.0,30.4,-12.8,-12.6,-12.0,0.9995121832234021
2015,6,24,0.0,18.0,-11.6,MAZO CRUZ,-16.75,-69.71,Sur,PUNO,2015-06-24,29.6,1,175,17.8,0.0,29.4,-11.6,-12.8,-12.6,0.9992378169728753
2015,6,25,0.0,18.2,-10.6,MAZO CRUZ,-16.75,-69.71,Sur,PUNO,2015-06-25,28.8,1,176,18.0,0.0,29.6,-11.6,-11.6,-12.8,0.9992119805160798
2015,6,26,0.0,18.4,-11.2,MAZO CRUZ,-16.75,-69.71,Sur,PUNO,2015-06-26,29.6,1,177,18.2,0.0,28.8,-10.6,-11.6,-11.6,0.9988404464223974
2015,6,27,0.0,18.0,-12.6,MAZO CRUZ,-16.75,-69.71,Sur,PUNO,2015-06-27,30.6,1,178,18.4,0.0,29.6,-11.2,-10.6,-11.6,0.9990486068323948
2015,6,28,0.0,17.8,-14.0,MAZO CRUZ,-16.75,-69.71,Sur,PUNO,2015-06-28,31.8,1,179,18.0,0.0,30.6,-12.6,-11.2,-10.6,0.9994407880453036
2015,6,29,0.0,15.6,-14.6,MAZO CRUZ,-16.75,-69.71,Sur,PUNO,2015-06-29,30.2,1,180,17.8,0.0,31.8,-14.0,-12.6,-11.2,0.9996834356103048
2015,6,30,0.0,17.4,-14.8,MAZO CRUZ,-16.75,-69.71,Sur,PUNO,2015-06-30,32.2,1,181,15.6,0.0,30.2,-14.6,-14.0,-12.6,0.9997715165522453
2015,7,1,0.0,17.2,-14.8,MAZO CRUZ,-16.75,-69.71,Sur,PUNO,2015-07-01,32.0,1,182,17.4,0.0,32.2,-14.8,-14.6,-14.0,0.9997970982476947
2015,7,2,0.0,16.4,-13.8,MAZO CRUZ,-16.75,-69.71,Sur,PUNO,2015-07-02,30.2,1,183,17.2,0.0,32.0,-14.8,-14.8,-14.6,0.9997989868291519
2015,7,3,1.6,16.2,-10.2,MAZO CRUZ,-16.75,-69.71,Sur,PUNO,2015-07-03,26.4,1,184,16.4,0.0,30.2,-13.8,-14.8,-14.8,0.9997048641095593
2015,7,4,0.4,9.2,-1.6,MAZO CRUZ,-16.75,-69.71,Sur,PUNO,2015-07-04,10.8,1,185,16.2,1.6,26.4,-10.2,-13.8,-14.8,0.9943993532376365
2015,7,5,0.0,10.2,-6.0,MAZO CRUZ,-16.75,-69.71,Sur,PUNO,2015-07-05,16.2,1,186,9.2,0.4,10.8,-1.6,-10.2,-13.8,0.9760598660369413
2015,7,6,0.0,11.6,-10.0,MAZO CRUZ,-16.75,-69.71,Sur,PUNO,2015-07-06,21.6,1,187,10.2,0.0,16.2,-6.0,-1.6,-10.2,0.9931881864850184
2015,7,7,0.0,12.4,-10.0,MAZO CRUZ,-16.75,-69.71,Sur,PUNO,2015-07-07,22.4,1,188,11.6,0.0,21.6,-10.0,-6.0,-1.6,0.9980247737774167
2015,7,8,0.0,14.6,-18.2,MAZO CRUZ,-16.75,-69.71,Sur,PUNO,2015-07-08,32.8,1,189,12.4,0.0,22.4,-10.0,-10.0,-6.0,0.9982170976771348
2015,7,9,0.0,16.8,-20.6,MAZO CRUZ,-16.75,-69.71,Sur,PUNO,2015-07-09,37.400000000000006,1,190,14.6,0.0,32.8,-18.2,-10.0,-10.0,0.9999095321799774
2015,7,10,0.0,17.4,-20.4,MAZO CRUZ,-16.75,-69.71,Sur,PUNO,2015-07-10,37.8,1,191,16.8,0.0,37.400000000000006,-20.6,-18.2,-10.0,0.9999767920249488
2015,7,11,0.0,18.2,-20.0,MAZO CRUZ,-16.75,-69.71,Sur,PUNO,2015-07-11,38.2,1,192,17.4,0.0,37.8,-20.4,-20.6,-18.2,0.9999812126642825
2015,7,12,0.0,17.8,-20.0,MAZO CRUZ,-16.75,-69.71,Sur,PUNO,2015-07-12,37.8,1,193,18.2,0.0,38.2,-20.0,-20.4,-20.6,0.9999780959402406
2015,7,13,0.0,17.4,-18.0,MAZO CRUZ,-16.75,-69.71,Sur,PUNO,2015-07-13,35.4,1,194,17.8,0.0,37.8,-20.0,-20.0,-20.4,0.9999778134888582
2015,7,14,0.0,14.4,-12.8,MAZO CRUZ,-16.75,-69.71,Sur,PUNO,2015-07-14,27.200000000000003,1,195,17.4,0.0,35.4,-18.0,-20.0,-20.0,0.9999511073910928
2015,7,15,0.0,14.4,-2.6,MAZO CRUZ,-16.75,-69.71,Sur,PUNO,2015-07-15,17.0,1,196,14.4,0.0,27.200000000000003,-12.8,-18.0,-20.0,0.9996377888499056
2015,7,16,0.0,14.2,-14.0,MAZO CRUZ,-16.75,-69.71,Sur,PUNO,2015-07-16,28.2,1,197,14.4,0.0,17.0,-2.6,-12.8,-18.0,0.9821708290991692
2015,7,17,0.0,16.8,-15.6,MAZO CRUZ,-16.75,-69.71,Sur,PUNO,2015-07-17,32.4,1,198,14.2,0.0,28.2,-14.0,-2.6,-12.8,0.9991664225896238
2015,7,18,0.0,17.6,-14.8,MAZO CRUZ,-16.75,-69.71,Sur,PUNO,2015-07-18,32.400000000000006,1,199,16.8,0.0,32.4,-15.6,-14.0,-2.6,0.999769065633411
2015,7,19,0.0,16.8,-14.6,MAZO CRUZ,-16.75,-69.71,Sur,PUNO,2015-07-19,31.4,1,200,17.6,0.0,32.400000000000006,-14.8,-15.6,-14.0,0.9997895122695707
2015,7,20,0.0,17.6,-15.6,MAZO CRUZ,-16.75,-69.71,Sur,PUNO,2015-07-20,33.2,1,201,16.8,0.0,31.4,-14.6,-14.8,-15.6,0.9997708530478624
2015,7,21,0.0,17.2,-15.4,MAZO CRUZ,-16.75,-69.71,Sur,PUNO,2015-07-21,32.6,1,202,17.6,0.0,33.2,-15.6,-14.6,-14.8,0.9998413392485284
2015,7,22,0.0,18.6,-12.6,MAZO CRUZ,-16.75,-69.71,Sur,PUNO,2015-07-22,31.200000000000003,1,203,17.2,0.0,32.6,-15.4,-15.6,-14.6,0.9998332211832474
2015,7,23,0.0,19.4,-11.0,MAZO CRUZ,-16.75,-69.71,Sur,PUNO,2015-07-23,30.4,1,204,18.6,0.0,31.200000000000003,-12.6,-15.4,-15.6,0.9994930630586332
2015,7,24,0.0,19.5,-11.4,MAZO CRUZ,-16.75,-69.71,Sur,PUNO,2015-07-24,30.9,1,205,19.4,0.0,30.4,-11.0,-12.6,-15.4,0.9989795069425641
2015,7,25,0.0,18.4,-11.2,MAZO CRUZ,-16.75,-69.71,Sur,PUNO,2015-07-25,29.6,1,206,19.5,0.0,30.9,-11.4,-11.0,-12.6,0.9989923825291949
2015,7,26,0.0,18.2,-12.4,MAZO CRUZ,-16.75,-69.71,Sur,PUNO,2015-07-26,30.6,1,207,18.4,0.0,29.6,-11.2,-11.4,-11.0,0.9988581612357827
2015,7,27,0.0,18.6,-12.0,MAZO CRUZ,-16.75,-69.71,Sur,PUNO,2015-07-27,30.6,1,208,18.2,0.0,30.6,-12.4,-11.2,-11.4,0.9992611020687553
2015,7,28,0.0,18.8,-12.0,MAZO CRUZ,-16.75,-69.71,Sur,PUNO,2015-07-28,30.8,1,209,18.6,0.0,30.6,-12.0,-12.4,-11.2,0.9991613096672957
2015,7,29,0.0,17.8,-12.2,MAZO CRUZ,-16.75,-69.71,Sur,PUNO,2015-07-29,30.0,1,210,18.8,0.0,30.8,-12.0,-12.0,-12.4,0.9991751613988153
2015,7,30,0.0,18.0,-13.4,MAZO CRUZ,-16.75,-69.71,Sur,PUNO,2015-07-30,31.4,1,211,17.8,0.0,30.0,-12.2,-12.0,-12.0,0.9992323477398065
2015,7,31,0.0,18.4,-13.2,MAZO CRUZ,-16.75,-69.71,Sur,PUNO,2015-07-31,31.6,1,212,18.0,0.0,31.4,-13.4,-12.2,-12.0,0.99950536869046
2015,8,1,0.0,18.0,-12.4,MAZO CRUZ,-16.75,-69.71,Sur,PUNO,2015-08-01,30.4,1,213,18.4,0.0,31.6,-13.2,-13.4,-12.2,0.9994445517665167
2015,8,2,0.0,19.2,-14.2,MAZO CRUZ,-16.75,-69.71,Sur,PUNO,2015-08-02,33.4,1,214,18.0,0.0,30.4,-12.4,-13.2,-13.4,0.9992795262382284
2015,8,3,0.0,18.6,-13.8,MAZO CRUZ,-16.75,-69.71,Sur,PUNO,2015-08-03,32.400000000000006,1,215,19.2,0.0,33.4,-14.2,-12.4,-13.2,0.999598822782306
2015,8,4,0.0,17.4,-11.2,MAZO CRUZ,-16.75,-69.71,Sur,PUNO,2015-08-04,28.6,1,216,18.6,0.0,32.400000000000006,-13.8,-14.2,-12.4,0.9995576654485414
2015,8,5,0.0,18.4,-13.6,MAZO CRUZ,-16.75,-69.71,Sur,PUNO,2015-08-05,32.0,1,217,17.4,0.0,28.6,-11.2,-13.8,-14.2,0.9989178600831433
2015,8,6,0.0,19.4,-14.0,MAZO CRUZ,-16.75,-69.71,Sur,PUNO,2015-08-06,33.4,1,218,18.4,0.0,32.0,-13.6,-11.2,-13.8,0.9994666651188809
2015,8,7,0.0,18.6,-12.6,MAZO CRUZ,-16.75,-69.71,Sur,PUNO,2015-08-07,31.200000000000003,1,219,19.4,0.0,33.4,-14.0,-13.6,-11.2,0.9995353815144312
2015,8,8,0.0,19.8,-12.6,MAZO CRUZ,-16.75,-69.71,Sur,PUNO,2015-08-08,32.4,1,220,18.6,0.0,31.200000000000003,-12.6,-14.0,-13.6,0.9993051915487587
2015,8,9,0.0,18.0,-8.2,MAZO CRUZ,-16.75,-69.71,Sur,PUNO,2015-08-09,26.2,1,221,19.8,0.0,32.4,-12.6,-12.6,-14.0,0.9992214774516345
2015,8,10,0.0,19.2,-20.6,MAZO CRUZ,-16.75,-69.71,Sur,PUNO,2015-08-10,39.8,1,222,18.0,0.0,26.2,-8.2,-12.6,-12.6,0.9961072672691251
2015,8,11,5.2,12.6,-10.2,MAZO CRUZ,-16.75,-69.71,Sur,PUNO,2015-08-11,22.8,1,223,19.2,0.0,39.8,-20.6,-8.2,-12.6,0.9998843114537305
2015,8,12,0.0,13.4,-1.6,MAZO CRUZ,-16.75,-69.71,Sur,PUNO,2015-08-12,15.0,1,224,12.6,5.2,22.8,-10.2,-20.6,-8.2,0.9817445680402889
2015,8,13,1.6,10.2,-2.6,MAZO CRUZ,-16.75,-69.71,Sur,PUNO,2015-08-13,12.8,1,225,13.4,0.0,15.0,-1.6,-10.2,-20.6,0.9742004707822038
2015,8,14,0.0,14.2,-7.4,MAZO CRUZ,-16.75,-69.71,Sur,PUNO,2015-08-14,21.6,1,226,10.2,1.6,12.8,-2.6,-1.6,-10.2,0.9391157816783294
2015,8,15,0.0,16.4,-14.0,MAZO CRUZ,-16.75,-69.71,Sur,PUNO,2015-08-15,30.4,1,227,14.2,0.0,21.6,-7.4,-2.6,-1.6,0.9885908263511952
2015,8,16,0.0,16.8,-12.4,MAZO CRUZ,-16.75,-69.71,Sur,PUNO,2015-08-16,29.200000000000003,1,228,16.4,0.0,30.4,-14.0,-7.4,-2.6,0.9988877451487037
2015,8,17,0.0,16.0,-9.2,MAZO CRUZ,-16.75,-69.71,Sur,PUNO,2015-08-17,25.2,1,229,16.8,0.0,29.200000000000003,-12.4,-14.0,-7.4,0.9989727500857101
2015,8,18,4.8,17.2,-8.0,MAZO CRUZ,-16.75,-69.71,Sur,PUNO,2015-08-18,25.2,1,230,16.0,0.0,25.2,-9.2,-12.4,-14.0,0.9970118722446392
2015,8,19,0.0,16.2,1.6,MAZO CRUZ,-16.75,-69.71,Sur,PUNO,2015-08-19,14.6,0,231,17.2,4.8,25.2,-8.0,-9.2,-12.4,0.935415347844295
2015,8,20,0.0,17.4,-11.2,MAZO CRUZ,-16.75,-69.71,Sur,PUNO,2015-08-20,28.6,1,232,16.2,0.0,14.6,1.6,-8.0,-9.2,0.8532732522973752
2015,8,21,2.8,16.4,-8.2,MAZO CRUZ,-16.75,-69.71,Sur,PUNO,2015-08-21,24.6,1,233,17.4,0.0,28.6,-11.2,1.6,-8.0,0.9913704099371977
2015,8,22,0.0,17.4,-3.2,MAZO CRUZ,-16.75,-69.71,Sur,PUNO,2015-08-22,20.6,1,234,16.4,2.8,24.6,-8.2,-11.2,1.6,0.9549804406760949
2015,8,23,0.0,18.4,-10.2,MAZO CRUZ,-16.75,-69.71,Sur,PUNO,2015-08-23,28.6,1,235,17.4,0.0,20.6,-3.2,-8.2,-11.2,0.9716561576886675
2015,8,24,0.0,18.2,-8.6,MAZO CRUZ,-16.75,-69.71,Sur,PUNO,2015-08-24,26.8,1,236,18.4,0.0,28.6,-10.2,-3.2,-8.2,0.992588056177061
2015,8,25,0.0,18.4,-17.2,MAZO CRUZ,-16.75,-69.71,Sur,PUNO,2015-08-25,35.599999999999994,1,237,18.2,0.0,26.8,-8.6,-10.2,-3.2,0.9954514909350289
2015,8,26,0.0,18.0,-13.6,MAZO CRUZ,-16.75,-69.71,Sur,PUNO,2015-08-26,31.6,1,238,18.4,0.0,35.599999999999994,-17.2,-8.6,-10.2,0.9996209596960666
2015,8,27,0.0,16.4,-15.8,MAZO CRUZ,-16.75,-69.71,Sur,PUNO,2015-08-27,32.2,1,239,18.0,0.0,31.6,-13.6,-17.2,-8.6,0.9993649120792629
2015,8,28,0.0,17.6,-17.6,MAZO CRUZ,-16.75,-69.71,Sur,PUNO,2015-08-28,35.2,1,240,16.4,0.0,32.2,-15.8,-13.6,-17.2,0.9997772559854449
2015,8,29,0.0,18.0,-12.4,MAZO CRUZ,-16.75,-69.71,Sur,PUNO,2015-08-29,30.4,1,241,17.6,0.0,35.2,-17.6,-15.8,-13.6,0.9998798638399891
2015,8,30,0.0,18.6,-14.2,MAZO CRUZ,-16.75,-69.71,Sur,PUNO,2015-08-30,32.8,1,242,18.0,0.0,30.4,-12.4,-17.6,-15.8,0.9992330579621536
2015,8,31,0.0,18.4,-13.2,MAZO CRUZ,-16.75,-69.71,Sur,PUNO,2015-08-31,31.6,1,243,18.6,0.0,32.8,-14.2,-12.4,-17.6,0.9994936009588352
2015,9,1,0.0,15.8,-9.8,MAZO CRUZ,-16.75,-69.71,Sur,PUNO,2015-09-01,25.6,1,244,18.4,0.0,31.6,-13.2,-14.2,-12.4,0.9991107291498157
2015,9,2,1.8,15.8,-6.0,MAZO CRUZ,-16.75,-69.71,Sur,PUNO,2015-09-02,21.8,1,245,15.8,0.0,25.6,-9.8,-13.2,-14.2,0.9969615864881336
2015,9,3,3.2,16.4,-3.8,MAZO CRUZ,-16.75,-69.71,Sur,PUNO,2015-09-03,20.2,1,246,15.8,1.8,21.8,-6.0,-9.8,-13.2,0.9568596467748013
2015,9,4,1.2,14.0,0.6,MAZO CRUZ,-16.75,-69.71,Sur,PUNO,2015-09-04,13.4,0,247,16.4,3.2,20.2,-3.8,-6.0,-9.8,0.8799091996640732
2015,9,5,0.0,14.8,-1.6,MAZO CRUZ,-16.75,-69.71,Sur,PUNO,2015-09-05,16.400000000000002,1,248,14.0,1.2,13.4,0.6,-3.8,-6.0,0.7724227031999362
2015,9,6,0.0,17.2,-8.0,MAZO CRUZ,-16.75,-69.71,Sur,PUNO,2015-09-06,25.2,1,249,14.8,0.0,16.400000000000002,-1.6,0.6,-3.8,0.9306340543293611
2015,9,7,0.0,16.4,-13.2,MAZO CRUZ,-16.75,-69.71,Sur,PUNO,2015-09-07,29.6,1,250,17.2,0.0,25.2,-8.0,-1.6,0.6,0.9804198543903371
2015,9,8,0.0,16.8,-15.2,MAZO CRUZ,-16.75,-69.71,Sur,PUNO,2015-09-08,32.0,1,251,16.4,0.0,29.6,-13.2,-8.0,-1.6,0.9979945051459118
2015,9,9,0.0,17.4,-14.4,MAZO CRUZ,-16.75,-69.71,Sur,PUNO,2015-09-09,31.8,1,252,16.8,0.0,32.0,-15.2,-13.2,-8.0,0.9994533989899084
2015,9,10,0.0,18.6,-14.2,MAZO CRUZ,-16.75,-69.71,Sur,PUNO,2015-09-10,32.8,1,253,17.4,0.0,31.8,-14.4,-15.2,-13.2,0.9994311935013104
2015,9,11,0.0,20.6,-15.6,MAZO CRUZ,-16.75,-69.71,Sur,PUNO,2015-09-11,36.2,1,254,18.6,0.0,32.8,-14.2,-14.4,-15.2,0.9993594154372353
2015,9,12,0.0,20.4,-13.2,MAZO CRUZ,-16.75,-69.71,Sur,PUNO,2015-09-12,33.599999999999994,1,255,20.6,0.0,36.2,-15.6,-14.2,-14.4,0.9995619500653442
2015,9,13,0.0,20.8,-13.6,MAZO CRUZ,-16.75,-69.71,Sur,PUNO,2015-09-13,34.4,1,256,20.4,0.0,33.599999999999994,-13.2,-15.6,-14.2,0.9989908096983413
2015,9,14,0.0,21.2,-11.6,MAZO CRUZ,-16.75,-69.71,Sur,PUNO,2015-09-14,32.8,1,257,20.8,0.0,34.4,-13.6,-13.2,-15.6,0.9989801935234864
2015,9,15,0.0,20.8,-11.4,MAZO CRUZ,-16.75,-69.71,Sur,PUNO,2015-09-15,32.2,1,258,21.2,0.0,32.8,-11.6,-13.6,-13.2,0.9976287155490332
2015,9,16,0.0,21.0,-10.6,MAZO CRUZ,-16.75,-69.71,Sur,PUNO,2015-09-16,31.6,1,259,20.8,0.0,32.2,-11.4,-11.6,-13.6,0.9971358672274941
2015,9,17,0.0,18.4,-7.8,MAZO CRUZ,-16.75,-69.71,Sur,PUNO,2015-09-17,26.2,1,260,21.0,0.0,31.6,-10.6,-11.4,-11.6,0.995806449665713
2015,9,18,2.8,17.2,-4.6,MAZO CRUZ,-16.75,-69.71,Sur,PUNO,2015-09-18,21.8,1,261,18.4,0.0,26.2,-7.8,-10.6,-11.4,0.9898302745062799
2015,9,19,0.0,17.8,1.4,MAZO CRUZ,-16.75,-69.71,Sur,PUNO,2015-09-19,16.400000000000002,0,262,17.2,2.8,21.8,-4.6,-7.8,-10.6,0.9018026153857306
2015,9,20,0.0,19.8,-6.0,MAZO CRUZ,-16.75,-69.71,Sur,PUNO,2015-09-20,25.8,1,263,17.8,0.0,16.400000000000002,1.4,-4.6,-7.8,0.8341602047290049
2015,9,21,0.0,21.2,-10.0,MAZO CRUZ,-16.75,-69.71,Sur,PUNO,2015-09-21,31.2,1,264,19.8,0.0,25.8,-6.0,1.4,-4.6,0.9785185295211136
2015,9,22,0.0,20.2,-6.4,MAZO CRUZ,-16.75,-69.71,Sur,PUNO,2015-09-22,26.6,1,265,21.2,0.0,31.2,-10.0,-6.0,1.4,0.9905918293089677
2015,9,23,0.0,18.8,-2.6,MAZO CRUZ,-16.75,-69.71,Sur,PUNO,2015-09-23,21.4,1,266,20.2,0.0,26.6,-6.4,-10.0,-6.0,0.987191972270444
2015,9,24,0.0,20.4,-1.0,MAZO CRUZ,-16.75,-69.71,Sur,PUNO,2015-09-24,21.4,1,267,18.8,0.0,21.4,-2.6,-6.4,-10.0,0.9518973893891702
2015,9,25,0.0,18.0,-5.2,MAZO CRUZ,-16.75,-69.71,Sur,PUNO,2015-09-25,23.2,1,268,20.4,0.0,21.4,-1.0,-2.6,-6.4,0.9067893128622885
2015,9,26,0.0,19.2,-6.6,MAZO CRUZ,-16.75,-69.71,Sur,PUNO,2015-09-26,25.8,1,269,18.0,0.0,23.2,-5.2,-1.0,-2.6,0.974421356467907
2015,9,27,0.0,19.2,-12.2,MAZO CRUZ,-16.75,-69.71,Sur,PUNO,2015-09-27,31.4,1,270,19.2,0.0,25.8,-6.6,-5.2,-1.0,0.9846592187730869
2015,9,28,0.0,19.8,-11.2,MAZO CRUZ,-16.75,-69.71,Sur,PUNO,2015-09-28,31.0,1,271,19.2,0.0,31.4,-12.2,-6.6,-5.2,0.9948124252148292
2015,9,29,0.0,19.2,-12.8,MAZO CRUZ,-16.75,-69.71,Sur,PUNO,2015-09-29,32.0,1,272,19.8,0.0,31.0,-11.2,-12.2,-6.6,0.9961805433927275
2015,9,30,0.0,19.8,-10.0,MAZO CRUZ,-16.75,-69.71,Sur,PUNO,2015-09-30,29.8,1,273,19.2,0.0,32.0,-12.8,-11.2,-12.2,0.9978096994004177
2015,10,1,0.0,18.2,-12.0,MAZO CRUZ,-16.75,-69.71,Sur,PUNO,2015-10-01,30.2,1,274,19.8,0.0,29.8,-10.0,-12.8,-11.2,0.993922257401765
2015,10,2,15.8,17.8,-5.8,MAZO CRUZ,-16.75,-69.71,Sur,PUNO,2015-10-02,23.6,1,275,18.2,0.0,30.2,-12.0,-10.0,-12.8,0.9971683634794739
2015,10,3,1.0,13.2,0.0,MAZO CRUZ,-16.75,-69.71,Sur,PUNO,2015-10-03,13.2,1,276,17.8,15.8,23.6,-5.8,-12.0,-10.0,0.8716269624918475
2015,10,4,0.0,18.0,-1.8,MAZO CRUZ,-16.75,-69.71,Sur,PUNO,2015-10-04,19.8,1,277,13.2,1.0,13.2,0.0,-5.8,-12.0,0.8407026311580258
2015,10,5,0.0,20.8,-5.6,MAZO CRUZ,-16.75,-69.71,Sur,PUNO,2015-10-05,26.4,1,278,18.0,0.0,19.8,-1.8,0.0,-5.8,0.9175089590176029
2015,10,6,0.0,21.4,-6.2,MAZO CRUZ,-16.75,-69.71,Sur,PUNO,2015-10-06,27.6,1,279,20.8,0.0,26.4,-5.6,-1.8,0.0,0.9729395602701245
2015,10,7,0.0,21.6,-8.8,MAZO CRUZ,-16.75,-69.71,Sur,PUNO,2015-10-07,30.4,1,280,21.4,0.0,27.6,-6.2,-5.6,-1.8,0.9852384476933655
2015,10,8,0.0,19.2,-8.2,MAZO CRUZ,-16.75,-69.71,Sur,PUNO,2015-10-08,27.4,1,281,21.6,0.0,30.4,-8.8,-6.2,-5.6,0.990972336572006
2015,10,9,0.0,18.0,-11.2,MAZO CRUZ,-16.75,-69.71,Sur,PUNO,2015-10-09,29.2,1,282,19.2,0.0,27.4,-8.2,-8.8,-6.2,0.9876695188809834
2015,10,10,0.0,19.2,-12.2,MAZO CRUZ,-16.75,-69.71,Sur,PUNO,2015-10-10,31.4,1,283,18.0,0.0,29.2,-11.2,-8.2,-8.8,0.9946223426492399
2015,10,11,0.0,20.2,-10.4,MAZO CRUZ,-16.75,-69.71,Sur,PUNO,2015-10-11,30.6,1,284,19.2,0.0,31.4,-12.2,-11.2,-8.2,0.9965067469285473
2015,10,12,0.0,20.8,-14.4,MAZO CRUZ,-16.75,-69.71,Sur,PUNO,2015-10-12,35.2,1,285,20.2,0.0,30.6,-10.4,-12.2,-11.2,0.9940326822496504
2015,10,13,0.0,21.8,-15.6,MAZO CRUZ,-16.75,-69.71,Sur,PUNO,2015-10-13,37.4,1,286,20.8,0.0,35.2,-14.4,-10.4,-12.2,0.9982026403471072
2015,10,14,0.0,21.2,-15.6,MAZO CRUZ,-16.75,-69.71,Sur,PUNO,2015-10-14,36.8,1,287,21.8,0.0,37.4,-15.6,-14.4,-10.4,0.9989558006487155
2015,10,15,2.2,21.2,-14.0,MAZO CRUZ,-16.75,-69.71,Sur,PUNO,2015-10-15,35.2,1,288,21.2,0.0,36.8,-15.6,-15.6,-14.4,0.9992179612292131
2015,10,16,0.0,18.6,-2.0,MAZO CRUZ,-16.75,-69.71,Sur,PUNO,2015-10-16,20.6,1,289,21.2,2.2,35.2,-14.0,-15.6,-15.6,0.9928418556347902
2015,10,17,0.0,18.4,-1.2,MAZO CRUZ,-16.75,-69.71,Sur,PUNO,2015-10-17,19.6,1,290,18.6,0.0,20.6,-2.0,-14.0,-15.6,0.9567395391569564
2015,10,18,0.0,17.8,1.6,MAZO CRUZ,-16.75,-69.71,Sur,PUNO,2015-10-18,16.2,0,291,18.4,0.0,19.6,-1.2,-2.0,-14.0,0.868903803189972
2015,10,19,0.0,16.2,-2.0,MAZO CRUZ,-16.75,-69.71,Sur,PUNO,2015-10-19,18.2,1,292,17.8,0.0,16.2,1.6,-1.2,-2.0,0.6803275684622572
2015,10,20,3.2,18.2,-0.2,MAZO CRUZ,-16.75,-69.71,Sur,PUNO,2015-10-20,18.4,1,293,16.2,0.0,18.2,-2.0,1.6,-1.2,0.8794133498782387
2015,10,21,0.0,20.2,-1.8,MAZO CRUZ,-16.75,-69.71,Sur,PUNO,2015-10-21,22.0,1,294,18.2,3.2,18.4,-0.2,-2.0,1.6,0.5714960797681989
2015,10,22,0.0,20.0,-8.4,MAZO CRUZ,-16.75,-69.71,Sur,PUNO,2015-10-22,28.4,1,295,20.2,0.0,22.0,-1.8,-0.2,-2.0,0.894785554544181
2015,10,23,6.4,20.0,-2.4,MAZO CRUZ,-16.75,-69.71,Sur,PUNO,2015-10-23,22.4,1,296,20.0,0.0,28.4,-8.4,-1.8,-0.2,0.9754370967421049
2015,10,24,1.2,18.2,3.2,MAZO CRUZ,-16.75,-69.71,Sur,PUNO,2015-10-24,15.0,0,297,20.0,6.4,22.4,-2.4,-8.4,-1.8,0.7528948990367424
2015,10,25,7.2,14.6,2.8,MAZO CRUZ,-16.75,-69.71,Sur,PUNO,2015-10-25,11.8,0,298,18.2,1.2,15.0,3.2,-2.4,-8.4,0.4745308869453143
2015,10,26,1.0,13.6,2.6,MAZO CRUZ,-16.75,-69.71,Sur,PUNO,2015-10-26,11.0,0,299,14.6,7.2,11.8,2.8,3.2,-2.4,0.16509535126099587
2015,10,27,0.0,16.2,0.0,MAZO CRUZ,-16.75,-69.71,Sur,PUNO,2015-10-27,16.2,1,300,13.6,1.0,11.0,2.6,2.8,3.2,0.19479536252617427
2015,10,28,0.0,18.4,-2.6,MAZO CRUZ,-16.75,-69.71,Sur,PUNO,2015-10-28,21.0,1,301,16.2,0.0,16.2,0.0,2.6,2.8,0.5383994274565115
2015,10,29,0.0,19.2,-5.4,MAZO CRUZ,-16.75,-69.71,Sur,PUNO,2015-10-29,24.6,1,302,18.4,0.0,21.0,-2.6,0.0,2.6,0.8618579883783432
