fecha,tmin_real,tmin_pred,helada_real,helada_pred,prob_frost_hw,lat,lon
1998-11-12,-5.0,-1.4084582653389943,1,1,0.8035226577163026,-14.79,-70.72
1998-11-13,0.5,-1.5195083557496178,0,1,0.8204660720685765,-14.79,-70.72
1998-11-14,0.0,-2.096064547005395,1,1,0.8905200847621308,-14.79,-70.72
1998-11-15,1.0,-1.456798549497003,0,1,0.8110425328518192,-14.79,-70.72
1998-11-16,1.5,-0.9944147233016345,0,1,0.7299590304434176,-14.79,-70.72
1998-11-17,3.0,-1.1616841259740358,0,1,0.7616385946150652,-14.79,-70.72
1998-11-18,3.5,-0.923655973402008,0,1,0.7157864494580773,-14.79,-70.72
1998-11-19,2.0,-0.6543284880967457,0,1,0.6579852135937347,-14.79,-70.72
1998-11-20,3.0,-0.5160747033289108,0,1,0.6262294435188167,-14.79,-70.72
1998-11-21,4.5,-0.7680003541360603,0,1,0.6830881715251116,-14.79,-70.72
1998-11-22,0.0,-1.3712960838607944,1,1,0.7975894747073394,-14.79,-70.72
1998-11-23,3.5,-1.1686092450956154,0,1,0.7628935382476342,-14.79,-70.72
1998-11-24,1.0,-0.6896522223689194,0,1,0.6658895574211776,-14.79,-70.72
1998-11-25,0.5,-0.8164785861463044,0,1,0.6934883308313036,-14.79,-70.72
1998-11-26,4.0,-1.0696175874559417,0,1,0.7445241847336174,-14.79,-70.72
1998-11-27,2.0,-1.2289197891592378,0,1,0.7736294561886379,-14.79,-70.72
1998-11-28,1.0,-1.04434412447663,0,1,0.7396873377053326,-14.79,-70.72
1998-11-29,2.5,-0.8908230062110531,0,1,0.7090599829540792,-14.79,-70.72
1998-11-30,-1.5,-0.8980903109569232,1,1,0.7105569029010427,-14.79,-70.72
1998-12-01,-0.5,-0.4777300781506999,1,1,0.617211722707475,-14.79,-70.72
1998-12-02,-2.5,-0.7259346651157896,1,1,0.673912529633901,-14.79,-70.72
1998-12-03,0.5,-0.4240109278542601,0,1,0.6044426301820013,-14.79,-70.72
1998-12-04,-1.0,-0.6674058177757467,1,1,0.660922035256598,-14.79,-70.72
1998-12-05,0.5,-0.4057199938278666,0,1,0.6000611710132355,-14.79,-70.72
1998-12-06,4.0,-0.48672120955029463,0,1,0.619333729501835,-14.79,-70.72
1998-12-07,0.0,-0.16369191453838328,1,1,0.5408318450722875,-14.79,-70.72
1998-12-08,0.0,-0.08875932796574704,1,1,0.5221752754309312,-14.79,-70.72
1998-12-09,-2.0,-0.1871487522355193,1,1,0.5466511059002647,-14.79,-70.72
1998-12-10,4.5,0.04978794456909652,0,0,0.48755558439386343,-14.79,-70.72
1998-12-11,0.0,0.37256880195946174,1,0,0.4079204545872776,-14.79,-70.72
1998-12-12,0.0,0.1837470538045496,1,0,0.45419204849346567,-14.79,-70.72
1998-12-13,0.5,0.3100111523195741,0,0,0.42311201671558474,-14.79,-70.72
1998-12-14,-2.0,0.2816959907629384,1,0,0.43003803046674377,-14.79,-70.72
1998-12-15,1.5,0.5145788731329981,0,0,0.3741207457193414,-14.79,-70.72
1998-12-16,2.0,0.7602626122163718,0,0,0.31858925297210827,-14.79,-70.72
1998-12-17,1.0,0.6548452955292019,0,0,0.34189849321191035,-14.79,-70.72
1998-12-18,1.0,0.6587225964254575,0,0,0.3410266208924424,-14.79,-70.72
1998-12-19,-1.0,0.6511336487676198,1,0,0.34273411765825273,-14.79,-70.72
1998-12-20,3.5,0.3630950848632448,0,0,0.41021054019415043,-14.79,-70.72
1998-12-21,-1.5,0.757639397535864,1,0,0.31915899781969886,-14.79,-70.72
1998-12-22,-1.0,0.859550154172454,1,0,0.2974333399083554,-14.79,-70.72
1998-12-23,-1.5,0.8653566798006169,1,0,0.2962213980308523,-14.79,-70.72
1998-12-24,2.0,0.8252213679115226,0,0,0.30465643384902524,-14.79,-70.72
1998-12-25,2.0,1.151140601808069,0,0,0.24028080914381447,-14.79,-70.72
1998-12-26,2.0,0.8715744619467163,0,0,0.2949267948652099,-14.79,-70.72
1998-12-27,1.5,1.1846774096086836,0,0,0.23421222801901773,-14.79,-70.72
1998-12-28,0.0,1.170052748423089,1,0,0.23684544988006104,-14.79,-70.72
1998-12-29,-2.0,0.9465937842392576,1,0,0.27957035513965556,-14.79,-70.72
1998-12-30,1.5,1.0453807228025491,0,0,0.26011311490490635,-14.79,-70.72
1998-12-31,4.0,0.9194324411466823,0,0,0.2850735524402913,-14.79,-70.72
1999-01-01,0.0,0.739638266192566,1,0,0.32308325004944843,-14.79,-70.72
1999-01-02,3.5,1.0592456416145657,0,0,0.25745363995482073,-14.79,-70.72
1999-01-03,3.5,1.3332985725503352,0,0,0.20861426607693362,-14.79,-70.72
1999-01-04,3.0,1.4440181618969508,0,0,0.19092388426755721,-14.79,-70.72
1999-01-05,2.0,1.1658813642513008,0,0,0.23760025371355353,-14.79,-70.72
1999-01-06,3.0,1.1340001748893878,0,0,0.24342363850178927,-14.79,-70.72
1999-01-07,4.5,1.3902642340077618,0,0,0.1993655767450476,-14.79,-70.72
1999-01-08,3.0,1.3681913892720088,0,0,0.20291221187102912,-14.79,-70.72
1999-01-09,4.0,1.2689977456508723,0,0,0.21942886977943354,-14.79,-70.72
1999-01-10,2.0,0.9839798816857295,0,0,0.27210280231300915,-14.79,-70.72
1999-01-11,2.5,1.151621649814028,0,0,0.2401930067539625,-14.79,-70.72
1999-01-12,3.0,0.9175174222047167,0,0,0.2854640065691795,-14.79,-70.72
1999-01-13,3.0,0.9900354176760429,0,0,0.2709050820532817,-14.79,-70.72
1999-01-14,4.0,1.4062920495685756,0,0,0.1968195562944951,-14.79,-70.72
1999-01-15,3.5,1.2906498937577124,0,0,0.2157428298750063,-14.79,-70.72
1999-01-16,-0.5,1.395350624987847,1,0,0.1985549337280891,-14.79,-70.72
1999-01-17,-1.0,1.1811599479420378,1,0,0.23484369860935791,-14.79,-70.72
1999-01-18,-2.0,1.4812699049976574,1,0,0.18523568426591766,-14.79,-70.72
1999-01-19,-1.0,1.5378776884239853,1,0,0.17684400825336752,-14.79,-70.72
1999-01-20,-2.0,1.3679579468122869,1,0,0.20294997120365363,-14.79,-70.72
1999-01-21,0.5,1.4649387968079397,0,0,0.18771311108408517,-14.79,-70.72
1999-01-22,2.5,1.657143417092299,0,0,0.1601458320045564,-14.79,-70.72
1999-01-23,2.0,1.6949168540802386,0,0,0.15513031982579195,-14.79,-70.72
1999-01-24,2.5,1.3799830313005952,0,0,0.20101172501183326,-14.79,-70.72
1999-01-25,2.5,1.2684173004215564,0,0,0.21952830453672664,-14.79,-70.72
1999-01-26,3.0,1.2660157388551827,0,0,0.21994005474069325,-14.79,-70.72
1999-01-27,3.5,1.5081292924768404,0,0,0.18121619740001865,-14.79,-70.72
1999-01-28,2.5,1.4636691689607426,0,0,0.1879067767612513,-14.79,-70.72
1999-01-29,2.5,0.9021969390007092,0,0,0.2885992350510918,-14.79,-70.72
1999-01-30,5.0,0.9669781521090615,0,0,0.2754832301566494,-14.79,-70.72
1999-01-31,4.0,0.9740063609562348,0,0,0.27408267012967985,-14.79,-70.72
1999-02-01,2.5,1.2406640941692268,0,0,0.224320411682998,-14.79,-70.72
1999-02-02,3.0,1.1086100621951607,0,0,0.24813010673151242,-14.79,-70.72
1999-02-03,0.0,1.6093601617044113,1,0,0.16667746565899455,-14.79,-70.72
1999-02-04,3.5,1.89542620834112,0,0,0.13062701365307589,-14.79,-70.72
1999-02-05,2.5,1.6242648372965336,0,0,0.16461753651932773,-14.79,-70.72
1999-02-06,3.5,1.7976296725061465,0,0,0.14213984832435864,-14.79,-70.72
1999-02-07,1.5,1.7236180514612478,0,0,0.15140572253976267,-14.79,-70.72
1999-02-08,5.0,1.8520022308158097,0,0,0.13563798352606574,-14.79,-70.72
1999-02-09,3.5,2.0081984461526963,0,0,0.11834482151422694,-14.79,-70.72
1999-02-10,3.5,1.859059643938492,0,0,0.13481269576083454,-14.79,-70.72
1999-02-11,2.0,2.094189309336463,0,0,0.10966287370821055,-14.79,-70.72
1999-02-12,5.0,2.230377443796871,0,0,0.0970555583749955,-14.79,-70.72
1999-02-13,2.5,1.7013738315914413,0,0,0.15428591994684532,-14.79,-70.72
1999-02-14,4.0,2.052398640478734,0,0,0.11381023628812227,-14.79,-70.72
1999-02-15,3.5,1.7273953418820867,0,0,0.15092104736798967,-14.79,-70.72
1999-02-16,3.5,1.8180284841185737,0,0,0.1396706074382487,-14.79,-70.72
1999-02-17,3.0,1.840927267745914,0,0,0.13694166315876016,-14.79,-70.72
1999-02-18,2.0,1.7120657586917902,0,0,0.1528959693071397,-14.79,-70.72
1999-02-19,2.0,2.105619090460677,0,0,0.10855187377896988,-14.79,-70.72
1999-02-20,3.0,1.521720864992444,0,0,0.1792082530560576,-14.79,-70.72
1999-02-21,3.5,1.5589949195748565,0,0,0.17379091682592412,-14.79,-70.72
1999-02-22,2.5,1.5136631813221166,0,0,0.18039654425249366,-14.79,-70.72
1999-02-23,-1.5,1.3408843599294435,1,0,0.20736466351106372,-14.79,-70.72
1999-02-24,4.0,1.2685819622223118,0,0,0.219500093406617,-14.79,-70.72
1999-02-25,3.5,1.2133379394284125,0,0,0.22911097397062896,-14.79,-70.72
1999-02-26,3.5,1.0797892186651943,0,0,0.25354590714550895,-14.79,-70.72
1999-02-27,2.5,0.9771017000430797,0,0,0.2734672481053943,-14.79,-70.72
1999-02-28,2.5,1.1795077868618433,0,0,0.23514070900962689,-14.79,-70.72
1999-03-01,2.5,1.0046193409844415,0,0,0.2680341737621786,-14.79,-70.72
1999-03-02,2.5,1.2996580103448787,0,0,0.21422257888264692,-14.79,-70.72
1999-03-03,-2.5,1.3533653226227687,1,0,0.205320727317005,-14.79,-70.72
1999-03-04,3.0,0.9484314552676381,0,0,0.27920037837302086,-14.79,-70.72
1999-03-05,2.5,0.9978757590536134,0,0,0.26935927742582705,-14.79,-70.72
1999-03-06,4.0,0.8888547641993627,0,0,0.29134622042665603,-14.79,-70.72
1999-03-07,1.5,0.6010598817622839,0,0,0.35410124698150575,-14.79,-70.72
1999-03-08,3.5,0.5014026262412807,0,0,0.3772111030863905,-14.79,-70.72
1999-03-09,3.5,0.5338395694000022,0,0,0.3696218155214776,-14.79,-70.72
1999-03-10,3.5,0.5911958317752779,0,0,0.3563605220322812,-14.79,-70.72
1999-03-11,2.5,0.595307779938195,0,0,0.35541793199581045,-14.79,-70.72
1999-03-12,1.5,0.322198924353013,0,0,0.4201399468106327,-14.79,-70.72
1999-03-13,3.5,0.18562469962787187,0,0,0.45372661719934054,-14.79,-70.72
1999-03-14,4.0,0.1199916371802372,0,0,0.4700380314323801,-14.79,-70.72
1999-03-15,3.0,-0.07069473558016304,0,1,0.517666326857162,-14.79,-70.72
1999-03-16,2.0,-0.1437501546338309,0,1,0.5358757815090682,-14.79,-70.72
1999-03-17,3.5,-0.3270120160784713,0,1,0.5810321772152273,-14.79,-70.72
1999-03-18,4.0,-0.47392073113417243,0,1,0.6163113200612499,-14.79,-70.72
1999-03-19,3.5,-0.35558537438363436,0,1,0.5879713591886331,-14.79,-70.72
1999-03-20,3.5,-0.520552610492059,0,1,0.6272769760466089,-14.79,-70.72
1999-03-21,2.0,-0.47516024195938256,0,1,0.6166043869758036,-14.79,-70.72
1999-03-22,3.5,-0.825325718828986,0,1,0.6953656714917024,-14.79,-70.72
1999-03-23,1.5,-0.9691566097290689,0,1,0.7249513603058519,-14.79,-70.72
1999-03-24,3.0,-1.3428910775719087,0,1,0.7929649760639521,-14.79,-70.72
1999-03-25,4.0,-1.2387283978383725,0,1,0.7753425959507525,-14.79,-70.72
1999-03-26,3.0,-1.4640911153095328,0,1,0.8121576028528472,-14.79,-70.72
1999-03-27,4.0,-1.7383349867266644,0,1,0.8504754543334154,-14.79,-70.72
1999-03-28,2.5,-1.3822191829756392,0,1,0.7993471742860556,-14.79,-70.72
1999-03-29,1.5,-1.5059934325571813,0,1,0.8184666745487965,-14.79,-70.72
1999-03-30,3.0,-1.996792837797399,0,1,0.880459935063022,-14.79,-70.72
1999-03-31,2.0,-2.0867686864106503,0,1,0.8896104980900035,-14.79,-70.72
1999-04-01,2.0,-2.3607863151011284,0,1,0.913787771314846,-14.79,-70.72
1999-04-02,3.5,-2.7684650842718175,0,1,0.9409477565280046,-14.79,-70.72
1999-04-03,2.5,-3.1143522245524826,0,1,0.9574808934136223,-14.79,-70.72
1999-04-04,0.0,-2.904803845854307,1,1,0.9480833979166984,-14.79,-70.72
1999-04-05,2.0,-3.01017528135618,0,1,0.9530317009375646,-14.79,-70.72
1999-04-06,1.5,-3.1974638374079727,0,1,0.9607387252934008,-14.79,-70.72
1999-04-07,3.0,-3.485621950814607,0,1,0.9702758899445924,-14.79,-70.72
1999-04-08,1.0,-3.9378738415088206,0,1,0.9808829746227391,-14.79,-70.72
1999-04-09,-0.5,-3.7767435625414536,1,1,0.9776154097120952,-14.79,-70.72
1999-04-10,-0.5,-4.449420502843416,1,1,0.9884496332950677,-14.79,-70.72
1999-04-11,0.0,-4.563880029604652,1,1,0.9896859439001046,-14.79,-70.72
1999-04-12,2.0,-4.697680719744934,0,1,0.9909659617912665,-14.79,-70.72
1999-04-13,2.5,-5.272072191297492,0,1,0.9948932496970686,-14.79,-70.72
1999-04-14,-0.5,-5.2592866454256155,1,1,0.9948278777908449,-14.79,-70.72
1999-04-15,-0.5,-4.967138936917655,1,1,0.9930851074187914,-14.79,-70.72
1999-04-16,-1.0,-5.466121968127806,1,1,0.9957902021628153,-14.79,-70.72
1999-04-17,3.5,-5.1548096240703565,0,1,0.9942615412264765,-14.79,-70.72
1999-04-18,2.5,-5.316158991263242,0,1,0.9951124227675676,-14.79,-70.72
1999-04-19,-0.5,-5.416606514069995,1,1,0.9955774502038672,-14.79,-70.72
1999-04-20,2.0,-5.444629945931846,0,1,0.9956991391647436,-14.79,-70.72
1999-04-21,-1.5,-5.912046946904855,1,1,0.9973006652667146,-14.79,-70.72
1999-04-22,-2.5,-6.093607043250696,1,1,0.9977478315057814,-14.79,-70.72
1999-04-23,-3.0,-6.224690659778599,1,1,0.9980239762064977,-14.79,-70.72
1999-04-24,-2.0,-6.381002312208342,1,1,0.9983094380740425,-14.79,-70.72
1999-04-25,-1.0,-6.574293859201349,1,1,0.998606154321953,-14.79,-70.72
1999-04-26,-1.0,-6.231812688229814,1,1,0.9980379719936147,-14.79,-70.72
1999-04-27,0.5,-6.817982475269303,0,1,0.9989072696462307,-14.79,-70.72
1999-04-28,1.5,-6.87583032611788,0,1,0.9989686248122889,-14.79,-70.72
1999-04-29,-2.0,-7.117940940234537,1,1,0.9991902225051712,-14.79,-70.72
1999-04-30,1.0,-7.604865076001573,0,1,0.9995022252908884,-14.79,-70.72
1999-05-01,1.0,-7.773001034394319,0,1,0.9995792290330914,-14.79,-70.72
1999-05-02,2.0,-7.809102704005259,0,1,0.9995941425806086,-14.79,-70.72
1999-05-03,2.0,-7.922675493948855,0,1,0.9996376999636136,-14.79,-70.72
1999-05-04,-1.5,-8.277298326812026,1,1,0.999745841512146,-14.79,-70.72
1999-05-05,-2.5,-8.728105417164713,1,1,0.9998380572002553,-14.79,-70.72
1999-05-06,-5.0,-9.554148615484136,1,1,0.9999290985390927,-14.79,-70.72
1999-05-07,-5.5,-9.120931420884789,1,1,0.9998906591802951,-14.79,-70.72
1999-05-08,-0.5,-8.687778276768922,1,1,0.9998313941637129,-14.79,-70.72
1999-05-09,-5.0,-8.668758002314785,1,1,0.9998281570981719,-14.79,-70.72
1999-05-10,-5.5,-8.877416440392004,1,1,0.999860515341098,-14.79,-70.72
1999-05-11,-4.5,-9.314006431917761,1,1,0.9999098554964736,-14.79,-70.72
1999-05-12,-4.5,-8.693616045481596,1,1,0.9998323754136571,-14.79,-70.72
1999-05-13,-4.0,-8.721885280520302,1,1,0.9998370469192706,-14.79,-70.72
1999-05-14,-3.5,-8.485349893740828,1,1,0.9997935714775155,-14.79,-70.72
1999-05-15,-1.5,-8.6905673486364,1,1,0.9998318636833745,-14.79,-70.72
1999-05-16,-4.5,-8.97662153858673,1,1,0.9998736870322301,-14.79,-70.72
1999-05-17,-7.5,-9.004720282321959,1,1,0.9998771864373633,-14.79,-70.72
1999-05-18,-8.0,-8.692715275714708,1,1,0.9998322243798171,-14.79,-70.72
1999-05-19,-7.5,-8.715005391953717,1,1,0.9998359221394376,-14.79,-70.72
1999-05-20,-7.5,-9.34961973020755,1,1,0.999913009072375,-14.79,-70.72
1999-05-21,-7.5,-8.984896646135171,1,1,0.999874727842335,-14.79,-70.72
1999-05-22,-3.0,-9.703025679656044,1,1,0.999938905381717,-14.79,-70.72
1999-05-23,-6.5,-9.77583470487771,1,1,0.9999431953012503,-14.79,-70.72
1999-05-24,-6.0,-9.235861371740256,1,1,0.9999025293106474,-14.79,-70.72
1999-05-25,-4.0,-9.704690039109568,1,1,0.9999390069743538,-14.79,-70.72
1999-05-26,-4.0,-9.582016865219416,1,1,0.9999310470259049,-14.79,-70.72
1999-05-27,-9.5,-9.946923345505153,1,1,0.9999521275903791,-14.79,-70.72
1999-05-28,-10.0,-9.845850533495732,1,1,0.9999470362848463,-14.79,-70.72
1999-05-29,-4.5,-9.534210765588323,1,1,0.9999276708332562,-14.79,-70.72
1999-05-30,-4.0,-10.20218894174025,1,1,0.9999629123315388,-14.79,-70.72
1999-05-31,-4.5,-10.491942788845233,1,1,0.9999722415579959,-14.79,-70.72
1999-06-01,-8.0,-10.303428059466537,1,1,0.9999664831270876,-14.79,-70.72
1999-06-02,-6.0,-9.872482021253944,1,1,0.9999484280993312,-14.79,-70.72
1999-06-03,-7.0,-10.013471567504448,1,1,0.9999552095835039,-14.79,-70.72
1999-06-04,-7.5,-10.456508376196041,1,1,0.9999712403483146,-14.79,-70.72
1999-06-05,-2.0,-10.93831225474468,1,1,0.9999822358827303,-14.79,-70.72
1999-06-06,-9.0,-9.91196665205862,1,1,0.9999504246205073,-14.79,-70.72
1999-06-07,-7.5,-10.109825384905662,1,1,0.9999593237454468,-14.79,-70.72
1999-06-08,-9.0,-10.290488698289732,1,1,0.9999660466370273,-14.79,-70.72
1999-06-09,-8.0,-10.47588142210784,1,1,0.9999717921325227,-14.79,-70.72
1999-06-10,-7.5,-10.654421931710617,1,1,0.9999764042873002,-14.79,-70.72
1999-06-11,-3.0,-10.737754481218037,1,1,0.9999782908383488,-14.79,-70.72
1999-06-12,-10.0,-10.898214374568438,1,1,0.9999815091189871,-14.79,-70.72
1999-06-13,-13.0,-11.102587577580106,1,1,0.9999849269571415,-14.79,-70.72
1999-06-14,-12.0,-10.631127333370827,1,1,0.9999758481961113,-14.79,-70.72
1999-06-15,-12.5,-10.434427202567989,1,1,0.9999705982571493,-14.79,-70.72
1999-06-16,-12.5,-10.47537083857478,1,1,0.9999717777267793,-14.79,-70.72
1999-06-17,-8.5,-10.542408583555579,1,1,0.9999736076134139,-14.79,-70.72
1999-06-18,-13.0,-10.459363039750848,1,1,0.9999713223280217,-14.79,-70.72
1999-06-19,-16.0,-11.02967855419747,1,1,0.9999837869610719,-14.79,-70.72
1999-06-20,-17.5,-11.115384373037111,1,1,0.9999851186120178,-14.79,-70.72
1999-06-21,-17.0,-11.316038148002143,1,1,0.9999878240799615,-14.79,-70.72
1999-06-22,-12.5,-11.12950734876581,1,1,0.9999853273012899,-14.79,-70.72
1999-06-23,-11.0,-11.453102792729272,1,1,0.9999893836300071,-14.79,-70.72
1999-06-24,-11.5,-11.124398778836248,1,1,0.9999852521541038,-14.79,-70.72
1999-06-25,-10.5,-10.989882482405193,1,1,0.9999831287463842,-14.79,-70.72
1999-06-26,-9.5,-11.119141705382114,1,1,0.9999851744205979,-14.79,-70.72
1999-06-27,-7.0,-11.280643170226579,1,1,0.9999873854012645,-14.79,-70.72
1999-06-28,-13.0,-10.992369991177027,1,1,0.9999831706609161,-14.79,-70.72
1999-06-29,-16.0,-11.034943083844162,1,1,0.9999838720894425,-14.79,-70.72
1999-06-30,-13.5,-10.540064985827724,1,1,0.9999735456893788,-14.79,-70.72
1999-07-01,-11.5,-11.672468406720673,1,1,0.9999914747391073,-14.79,-70.72
1999-07-02,-12.5,-12.281230810970948,1,1,0.999995362037706,-14.79,-70.72
1999-07-03,-10.0,-11.546754374680987,1,1,0.9999903327245593,-14.79,-70.72
1999-07-04,-12.0,-10.898115806896886,1,1,0.9999815072963278,-14.79,-70.72
1999-07-05,-10.0,-11.342754780703308,1,1,0.9999881450687264,-14.79,-70.72
1999-07-06,-4.0,-11.284826364848481,1,1,0.9999874380597061,-14.79,-70.72
1999-07-07,-9.0,-11.204778767912131,1,1,0.9999863911790585,-14.79,-70.72
1999-07-08,-10.0,-11.265226132841992,1,1,0.9999871894171504,-14.79,-70.72
1999-07-09,-11.0,-11.402245127476466,1,1,0.9999888297470292,-14.79,-70.72
1999-07-10,-11.0,-11.061640972179191,1,1,0.9999842969669338,-14.79,-70.72
1999-07-11,-12.5,-11.198887611329948,1,1,0.9999863107718477,-14.79,-70.72
1999-07-12,-12.5,-11.439984870267008,1,1,0.9999892434493575,-14.79,-70.72
1999-07-13,-12.0,-11.419212624704656,1,1,0.999989017677322,-14.79,-70.72
1999-07-14,-11.0,-11.194483074102521,1,1,0.9999862503449832,-14.79,-70.72
1999-07-15,-10.0,-11.012456652151212,1,1,0.9999835053281428,-14.79,-70.72
1999-07-16,-10.0,-10.880879448310637,1,1,0.9999811857926362,-14.79,-70.72
1999-07-17,-7.0,-11.241827659314467,1,1,0.9999868861387079,-14.79,-70.72
1999-07-18,-6.5,-10.654543062463723,1,1,0.9999764071452263,-14.79,-70.72
1999-07-19,-8.5,-10.151859804225534,1,1,0.99996099804586,-14.79,-70.72
1999-07-20,-10.0,-10.33067454452729,1,1,0.9999673839859302,-14.79,-70.72
1999-07-21,-8.0,-10.744998540545886,1,1,0.9999784475291903,-14.79,-70.72
1999-07-22,-10.5,-10.55291160841482,1,1,0.9999738833554691,-14.79,-70.72
1999-07-23,-7.0,-10.603361551114492,1,1,0.9999751682227231,-14.79,-70.72
1999-07-24,-8.5,-10.098320400764258,1,1,0.9999588530827475,-14.79,-70.72
1999-07-25,-8.5,-10.07512846197079,1,1,0.999957887694809,-14.79,-70.72
1999-07-26,-11.5,-9.363135671372639,1,1,0.9999141768263031,-14.79,-70.72
1999-07-27,-11.0,-9.29286649230835,1,1,0.9999079297390866,-14.79,-70.72
1999-07-28,-10.0,-9.477567340861855,1,1,0.9999234559287211,-14.79,-70.72
1999-07-29,-8.5,-9.865827749732382,1,1,0.9999480837994553,-14.79,-70.72
1999-07-30,-9.5,-9.490698651347577,1,1,0.9999244544067444,-14.79,-70.72
1999-07-31,-9.0,-9.719575592264892,1,1,0.9999399081111217,-14.79,-70.72
1999-08-01,-8.0,-8.881097275984061,1,1,0.9998610277462259,-14.79,-70.72
1999-08-02,-6.0,-8.624771831823667,1,1,0.9998204310707668,-14.79,-70.72
1999-08-03,-11.0,-8.253368206775304,1,1,0.9997396877153679,-14.79,-70.72
1999-08-04,-10.0,-8.160352366300403,1,1,0.9997143199521441,-14.79,-70.72
1999-08-05,-8.5,-8.547572360659053,1,1,0.999806022106683,-14.79,-70.72
1999-08-06,-8.5,-8.379032713374663,1,1,0.9997704207607452,-14.79,-70.72
1999-08-07,-11.5,-8.237671516049947,1,1,0.9997355705258227,-14.79,-70.72
1999-08-08,-8.5,-8.209079492805412,1,1,0.9997279029154651,-14.79,-70.72
1999-08-09,-8.5,-8.397635640873482,1,1,0.9997746511732293,-14.79,-70.72
1999-08-10,-9.5,-8.293129520595627,1,1,0.99974983246372,-14.79,-70.72
1999-08-11,-8.5,-7.646663485360774,1,1,0.9995225929164676,-14.79,-70.72
1999-08-12,-11.0,-7.515219475673511,1,1,0.9994555661212731,-14.79,-70.72
1999-08-13,-9.0,-7.5807270180346435,1,1,0.9994900699905838,-14.79,-70.72
1999-08-14,-6.5,-6.849715451527224,1,1,0.9989413646940881,-14.79,-70.72
1999-08-15,-3.5,-6.270061188864387,1,1,0.9981114605262841,-14.79,-70.72
1999-08-16,-6.0,-5.924375493508797,1,1,0.9973336516527962,-14.79,-70.72
1999-08-17,-5.5,-5.9815271238666785,1,1,0.9974813919946379,-14.79,-70.72
1999-08-18,1.5,-5.918969580081768,0,1,0.9973192373188907,-14.79,-70.72
1999-08-19,-7.0,-6.369495371379983,1,1,0.9982899059829995,-14.79,-70.72
1999-08-20,-9.0,-5.725584935445204,1,1,0.9967491574609468,-14.79,-70.72
1999-08-21,-8.5,-6.177071586349685,1,1,0.9979278031063651,-14.79,-70.72
1999-08-22,-9.0,-6.141125130242767,1,1,0.9978521228943241,-14.79,-70.72
1999-08-23,-3.0,-5.55375934011387,1,1,0.9961420708544706,-14.79,-70.72
1999-08-24,-10.0,-4.9033610010197926,1,1,0.9926330772227242,-14.79,-70.72
1999-08-25,-8.0,-5.216759241390585,1,1,0.9946043891481148,-14.79,-70.72
1999-08-26,-7.5,-4.945748153084922,1,1,0.9929366551258814,-14.79,-70.72
1999-08-27,-8.5,-5.037495932552385,1,1,0.9935518689035439,-14.79,-70.72
1999-08-28,-8.0,-5.049588521410363,1,1,0.9936288801451949,-14.79,-70.72
1999-08-29,-3.0,-4.776584348454815,1,1,0.9916456572402018,-14.79,-70.72
1999-08-30,-4.0,-4.608148852502424,1,1,0.990128167064759,-14.79,-70.72
1999-08-31,-5.5,-5.122969328455888,1,1,0.994076986677426,-14.79,-70.72
1999-09-01,-7.0,-4.752108144540122,1,1,0.991440423502188,-14.79,-70.72
1999-09-02,-4.0,-5.308544444339236,1,1,0.9950752480094861,-14.79,-70.72
1999-09-03,-3.5,-5.202945829730882,1,1,0.9945297507430559,-14.79,-70.72
1999-09-04,0.5,-4.795964778833746,0,1,0.99180469500237,-14.79,-70.72
1999-09-05,-10.5,-4.809637909827006,1,1,0.9919150880929949,-14.79,-70.72
1999-09-06,-11.5,-5.00152201052428,1,1,0.9933172598945907,-14.79,-70.72
1999-09-07,-10.5,-4.939099063138384,1,1,0.9928898688658301,-14.79,-70.72
1999-09-08,-12.0,-5.14127199201466,1,1,0.9941837827715738,-14.79,-70.72
1999-09-09,-14.0,-4.505030894391006,1,1,0.9890675899489676,-14.79,-70.72
1999-09-10,-10.0,-4.381206331187028,1,1,0.9876443148091614,-14.79,-70.72
1999-09-11,-11.0,-4.857436025472368,1,1,0.9922895318466662,-14.79,-70.72
1999-09-12,-7.5,-4.159458072853563,1,1,0.9846240920888439,-14.79,-70.72
1999-09-13,-6.0,-4.600354490571448,1,1,0.9900516902381852,-14.79,-70.72
1999-09-14,-7.5,-5.01501347339674,1,1,0.9934062238636774,-14.79,-70.72
1999-09-15,-4.0,-4.921097551387257,1,1,0.9927616516257312,-14.79,-70.72
1999-09-16,-1.0,-4.174961917006692,1,1,0.9848570573134018,-14.79,-70.72
1999-09-17,-1.0,-4.285229604827648,1,1,0.9864165903960551,-14.79,-70.72
1999-09-18,1.5,-3.8298654738746283,0,1,0.9787488793916325,-14.79,-70.72
1999-09-19,-1.5,-4.249230416332155,1,1,0.9859256980400855,-14.79,-70.72
1999-09-20,-3.0,-4.284023098546344,1,1,0.9864004150475552,-14.79,-70.72
1999-09-21,-6.0,-3.60120230885661,1,1,0.9734341160001131,-14.79,-70.72
1999-09-22,-4.0,-3.82912626310528,1,1,0.9787334987270272,-14.79,-70.72
1999-09-23,-3.5,-3.269750635355327,1,1,0.963376374575012,-14.79,-70.72
1999-09-24,-2.5,-2.9653019200846287,1,1,0.95098173721793,-14.79,-70.72
1999-09-25,-4.5,-2.9316471570811315,1,1,0.9493888789759704,-14.79,-70.72
1999-09-26,-1.5,-2.886774423726897,1,1,0.9471887636549349,-14.79,-70.72
1999-09-27,-3.0,-3.5965540695422007,1,1,0.9733136469994796,-14.79,-70.72
1999-09-28,1.5,-3.6339238292914082,0,1,0.9742673171643278,-14.79,-70.72
1999-09-29,0.5,-3.4592350097629274,0,1,0.9695053581355683,-14.79,-70.72
1999-09-30,0.5,-3.551421212722526,0,1,0.9721159761854026,-14.79,-70.72
1999-10-01,-2.0,-3.039335501463988,1,1,0.9543198701718051,-14.79,-70.72
1999-10-02,-4.0,-2.221365363504936,1,1,0.9021517879142898,-14.79,-70.72
1999-10-03,2.0,-2.423172934559998,0,1,0.9185773731776025,-14.79,-70.72
1999-10-04,1.0,-2.8427979082522867,0,1,0.9449452012842606,-14.79,-70.72
1999-10-05,1.0,-2.265778155590628,0,1,0.9060028641810093,-14.79,-70.72
1999-10-06,0.0,-2.296721927125183,1,1,0.9086051862805357,-14.79,-70.72
1999-10-07,-4.5,-2.7045849709815863,1,1,0.9372966510913922,-14.79,-70.72
1999-10-08,-2.5,-1.9314406797082697,1,1,0.8734087955957611,-14.79,-70.72
1999-10-09,-1.5,-2.0371904534950573,1,1,0.884646872461721,-14.79,-70.72
1999-10-10,-2.5,-2.311636637992099,1,1,0.9098362058096843,-14.79,-70.72
1999-10-11,-1.0,-1.8030162514075574,1,1,0.8585157049060257,-14.79,-70.72
1999-10-12,0.0,-1.896150447094783,1,1,0.8694552115048518,-14.79,-70.72
1999-10-13,1.0,-1.76184594121422,0,1,0.8534407005909357,-14.79,-70.72
1999-10-14,-1.5,-1.18460173048513,1,1,0.7657741981379683,-14.79,-70.72
1999-10-15,-1.0,-2.149508557743657,1,1,0.8956228445297401,-14.79,-70.72
1999-10-16,0.0,-1.7331701725205662,1,1,0.8498174710533917,-14.79,-70.72
1999-10-17,1.5,-1.9850170327223795,0,1,0.8792149654246301,-14.79,-70.72
1999-10-18,3.0,-1.9850706211752718,0,1,0.8792206561888627,-14.79,-70.72
1999-10-19,-1.0,-2.008694637717877,1,1,0.8817069409750873,-14.79,-70.72
1999-10-20,-1.5,-1.4606089285338855,1,1,0.8116257911505247,-14.79,-70.72
1999-10-21,-3.0,-1.5190022304126742,1,1,0.8203915069563796,-14.79,-70.72
1999-10-22,1.0,-2.0440833618893928,0,1,0.8853484088064109,-14.79,-70.72
1999-10-23,2.5,-1.8518976026482328,0,1,0.864349749366345,-14.79,-70.72
1999-10-24,-4.0,-1.794208248156933,1,1,0.8574424454651045,-14.79,-70.72
1999-10-25,-2.5,-1.906548078264532,1,1,0.8706308455001167,-14.79,-70.72
1999-10-26,-0.5,-1.9982145030637593,1,1,0.8806094847557709,-14.79,-70.72
1999-10-27,-5.0,-2.927340575067066,1,1,0.9491815483473893,-14.79,-70.72
1999-10-28,-3.5,-2.223431870814542,1,1,0.9023340551175157,-14.79,-70.72
1999-10-29,-4.0,-2.157822382000625,1,1,0.8963974897676548,-14.79,-70.72
1999-10-30,1.5,-1.9255358434958298,0,1,0.87275448142685,-14.79,-70.72
1999-10-31,0.5,-1.5847996146119763,0,1,0.8298831868101396,-14.79,-70.72
1999-11-01,-1.0,-1.6375110749100346,1,1,0.8371959843899149,-14.79,-70.72
1999-11-02,0.5,-1.7730055677982706,0,1,0.854831044697973,-14.79,-70.72
1999-11-03,-1.0,-1.612950807891257,1,1,0.833820664331388,-14.79,-70.72
1999-11-04,0.0,-1.7971769218475866,1,1,0.8578049360755357,-14.79,-70.72
1999-11-05,-9.5,-1.783280988604862,1,1,0.85610152890813,-14.79,-70.72
1999-11-06,-5.5,-1.7592609427467507,1,1,0.8531170743337911,-14.79,-70.72
1999-11-07,-5.5,-1.7765019405125138,1,1,0.8552643887667567,-14.79,-70.72
1999-11-08,-7.0,-1.4281851626052449,1,1,0.8066183855728757,-14.79,-70.72
1999-11-09,0.0,-1.6468643759369068,1,1,0.8384668114125297,-14.79,-70.72
1999-11-10,-0.5,-1.5308489468256345,1,1,0.822130491312057,-14.79,-70.72
1999-11-11,0.0,-0.8980866383592976,1,1,0.7105561475727643,-14.79,-70.72
1999-11-12,-6.5,-1.4084582653389943,1,1,0.8035226577163026,-14.79,-70.72
1999-11-13,-2.5,-1.5195083557496178,1,1,0.8204660720685765,-14.79,-70.72
1999-11-14,3.5,-2.096064547005395,0,1,0.8905200847621308,-14.79,-70.72
1999-11-15,0.0,-1.456798549497003,1,1,0.8110425328518192,-14.79,-70.72
1999-11-16,3.0,-0.9944147233016345,0,1,0.7299590304434176,-14.79,-70.72
1999-11-17,0.0,-1.1616841259740358,1,1,0.7616385946150652,-14.79,-70.72
1999-11-18,-2.5,-0.923655973402008,1,1,0.7157864494580773,-14.79,-70.72
1999-11-19,-4.0,-0.6543284880967457,1,1,0.6579852135937347,-14.79,-70.72
1999-11-20,-8.0,-0.5160747033289108,1,1,0.6262294435188167,-14.79,-70.72
1999-11-21,-7.0,-0.7680003541360603,1,1,0.6830881715251116,-14.79,-70.72
1999-11-22,-3.0,-1.3712960838607944,1,1,0.7975894747073394,-14.79,-70.72
1999-11-23,-1.0,-1.1686092450956154,1,1,0.7628935382476342,-14.79,-70.72
1999-11-24,-4.5,-0.6896522223689194,1,1,0.6658895574211776,-14.79,-70.72
1999-11-25,-5.0,-0.8164785861463044,1,1,0.6934883308313036,-14.79,-70.72
1999-11-26,-1.0,-1.0696175874559417,1,1,0.7445241847336174,-14.79,-70.72
1999-11-27,-1.0,-1.2289197891592378,1,1,0.7736294561886379,-14.79,-70.72
1999-11-28,-4.0,-1.04434412447663,1,1,0.7396873377053326,-14.79,-70.72
1999-11-29,-5.0,-0.8908230062110531,1,1,0.7090599829540792,-14.79,-70.72
1999-11-30,-2.0,-0.8980903109569232,1,1,0.7105569029010427,-14.79,-70.72
1999-12-01,-3.0,-0.4777300781506999,1,1,0.617211722707475,-14.79,-70.72
1999-12-02,-2.5,-0.7259346651157896,1,1,0.673912529633901,-14.79,-70.72
1999-12-03,1.5,-0.4240109278542601,0,1,0.6044426301820013,-14.79,-70.72
1999-12-04,0.0,-0.6674058177757467,1,1,0.660922035256598,-14.79,-70.72
1999-12-05,-0.5,-0.4057199938278666,1,1,0.6000611710132355,-14.79,-70.72
1999-12-06,-4.0,-0.48672120955029463,1,1,0.619333729501835,-14.79,-70.72
1999-12-07,-2.5,-0.16369191453838328,1,1,0.5408318450722875,-14.79,-70.72
1999-12-08,0.5,-0.08875932796574704,0,1,0.5221752754309312,-14.79,-70.72
1999-12-09,2.0,-0.1871487522355193,0,1,0.5466511059002647,-14.79,-70.72
1999-12-10,1.0,0.04978794456909652,0,0,0.48755558439386343,-14.79,-70.72
1999-12-11,-0.5,0.37256880195946174,1,0,0.4079204545872776,-14.79,-70.72
1999-12-12,-1.5,0.1837470538045496,1,0,0.45419204849346567,-14.79,-70.72
1999-12-13,1.0,0.3100111523195741,0,0,0.42311201671558474,-14.79,-70.72
1999-12-14,-1.0,0.2816959907629384,1,0,0.43003803046674377,-14.79,-70.72
1999-12-15,2.0,0.5145788731329981,0,0,0.3741207457193414,-14.79,-70.72
1999-12-16,0.0,0.7602626122163718,1,0,0.31858925297210827,-14.79,-70.72
1999-12-17,-1.5,0.6548452955292019,1,0,0.34189849321191035,-14.79,-70.72
1999-12-18,-5.0,0.6587225964254575,1,0,0.3410266208924424,-14.79,-70.72
1999-12-19,-2.0,0.6511336487676198,1,0,0.34273411765825273,-14.79,-70.72
1999-12-20,4.0,0.3630950848632448,0,0,0.41021054019415043,-14.79,-70.72
1999-12-21,3.5,0.757639397535864,0,0,0.31915899781969886,-14.79,-70.72
1999-12-22,2.0,0.859550154172454,0,0,0.2974333399083554,-14.79,-70.72
1999-12-23,3.0,0.8653566798006169,0,0,0.2962213980308523,-14.79,-70.72
1999-12-24,0.5,0.8252213679115226,0,0,0.30465643384902524,-14.79,-70.72
1999-12-25,1.5,1.151140601808069,0,0,0.24028080914381447,-14.79,-70.72
1999-12-26,2.0,0.8715744619467163,0,0,0.2949267948652099,-14.79,-70.72
1999-12-27,3.0,1.1846774096086836,0,0,0.23421222801901773,-14.79,-70.72
1999-12-28,3.0,1.170052748423089,0,0,0.23684544988006104,-14.79,-70.72
1999-12-29,0.5,0.9465937842392576,0,0,0.27957035513965556,-14.79,-70.72
1999-12-30,4.0,1.0453807228025491,0,0,0.26011311490490635,-14.79,-70.72
1999-12-31,3.0,0.9194324411466823,0,0,0.2850735524402913,-14.79,-70.72
2000-01-01,3.0,0.739638266192566,0,0,0.32308325004944843,-14.79,-70.72
2000-01-02,1.5,1.0592456416145657,0,0,0.25745363995482073,-14.79,-70.72
2000-01-03,0.0,1.3332985725503352,1,0,0.20861426607693362,-14.79,-70.72
2000-01-04,3.0,1.4440181618969508,0,0,0.19092388426755721,-14.79,-70.72
2000-01-05,3.0,1.1658813642513008,0,0,0.23760025371355353,-14.79,-70.72
2000-01-06,1.5,1.1340001748893878,0,0,0.24342363850178927,-14.79,-70.72
2000-01-07,0.5,1.3902642340077618,0,0,0.1993655767450476,-14.79,-70.72
2000-01-08,3.0,1.3681913892720088,0,0,0.20291221187102912,-14.79,-70.72
2000-01-09,3.5,1.2689977456508723,0,0,0.21942886977943354,-14.79,-70.72
2000-01-10,4.0,0.9839798816857295,0,0,0.27210280231300915,-14.79,-70.72
2000-01-11,2.5,1.151621649814028,0,0,0.2401930067539625,-14.79,-70.72
2000-01-12,3.0,0.9175174222047167,0,0,0.2854640065691795,-14.79,-70.72
2000-01-13,2.0,0.9900354176760429,0,0,0.2709050820532817,-14.79,-70.72
2000-01-14,1.0,1.4062920495685756,0,0,0.1968195562944951,-14.79,-70.72
2000-01-15,2.0,1.2906498937577124,0,0,0.2157428298750063,-14.79,-70.72
2000-01-16,1.0,1.395350624987847,0,0,0.1985549337280891,-14.79,-70.72
2000-01-17,1.0,1.1811599479420378,0,0,0.23484369860935791,-14.79,-70.72
2000-01-18,1.0,1.4812699049976574,0,0,0.18523568426591766,-14.79,-70.72
2000-01-19,3.0,1.5378776884239853,0,0,0.17684400825336752,-14.79,-70.72
2000-01-20,3.0,1.3679579468122869,0,0,0.20294997120365363,-14.79,-70.72
2000-01-21,0.5,1.4649387968079397,0,0,0.18771311108408517,-14.79,-70.72
2000-01-22,3.5,1.657143417092299,0,0,0.1601458320045564,-14.79,-70.72
2000-01-23,4.0,1.6949168540802386,0,0,0.15513031982579195,-14.79,-70.72
2000-01-24,3.5,1.3799830313005952,0,0,0.20101172501183326,-14.79,-70.72
2000-01-25,3.0,1.2684173004215564,0,0,0.21952830453672664,-14.79,-70.72
2000-01-26,4.0,1.2660157388551827,0,0,0.21994005474069325,-14.79,-70.72
2000-01-27,4.5,1.5081292924768404,0,0,0.18121619740001865,-14.79,-70.72
2000-01-28,4.0,1.4636691689607426,0,0,0.1879067767612513,-14.79,-70.72
2000-01-29,3.5,0.9021969390007092,0,0,0.2885992350510918,-14.79,-70.72
2000-01-30,3.5,0.9669781521090615,0,0,0.2754832301566494,-14.79,-70.72
2000-01-31,3.5,0.9740063609562348,0,0,0.27408267012967985,-14.79,-70.72
2000-02-01,4.5,1.2406640941692268,0,0,0.224320411682998,-14.79,-70.72
2000-02-02,3.5,1.1086100621951607,0,0,0.24813010673151242,-14.79,-70.72
2000-02-03,4.0,1.6093601617044113,0,0,0.16667746565899455,-14.79,-70.72
2000-02-04,2.0,1.89542620834112,0,0,0.13062701365307589,-14.79,-70.72
2000-02-05,4.0,1.6242648372965336,0,0,0.16461753651932773,-14.79,-70.72
2000-02-06,-1.0,1.7976296725061465,1,0,0.14213984832435864,-14.79,-70.72
2000-02-07,3.5,1.7236180514612478,0,0,0.15140572253976267,-14.79,-70.72
2000-02-08,4.5,1.8520022308158097,0,0,0.13563798352606574,-14.79,-70.72
2000-02-09,4.5,2.0081984461526963,0,0,0.11834482151422694,-14.79,-70.72
2000-02-10,3.5,1.859059643938492,0,0,0.13481269576083454,-14.79,-70.72
2000-02-11,2.0,2.094189309336463,0,0,0.10966287370821055,-14.79,-70.72
2000-02-12,1.0,2.230377443796871,0,0,0.0970555583749955,-14.79,-70.72
2000-02-13,0.0,1.7013738315914413,1,0,0.15428591994684532,-14.79,-70.72
2000-02-14,-1.5,2.052398640478734,1,0,0.11381023628812227,-14.79,-70.72
2000-02-15,1.0,1.7273953418820867,0,0,0.15092104736798967,-14.79,-70.72
2000-02-16,0.5,1.8180284841185737,0,0,0.1396706074382487,-14.79,-70.72
2000-02-17,1.5,1.840927267745914,0,0,0.13694166315876016,-14.79,-70.72
2000-02-18,-1.5,1.7120657586917902,1,0,0.1528959693071397,-14.79,-70.72
2000-02-19,1.5,2.105619090460677,0,0,0.10855187377896988,-14.79,-70.72
2000-02-20,1.0,1.521720864992444,0,0,0.1792082530560576,-14.79,-70.72
2000-02-21,1.0,1.5589949195748565,0,0,0.17379091682592412,-14.79,-70.72
2000-02-22,2.5,1.5136631813221166,0,0,0.18039654425249366,-14.79,-70.72
2000-02-23,4.5,1.3408843599294435,0,0,0.20736466351106372,-14.79,-70.72
2000-02-24,3.5,1.2685819622223118,0,0,0.219500093406617,-14.79,-70.72
2000-02-25,3.0,1.2133379394284125,0,0,0.22911097397062896,-14.79,-70.72
2000-02-26,1.0,1.0797892186651943,0,0,0.25354590714550895,-14.79,-70.72
2000-02-27,3.5,0.9771017000430797,0,0,0.2734672481053943,-14.79,-70.72
2000-02-28,3.0,1.1795077868618433,0,0,0.23514070900962689,-14.79,-70.72
2000-02-29,2.5,1.0046193409844415,0,0,0.2680341737621786,-14.79,-70.72
2000-03-01,2.0,1.2996580103448787,0,0,0.21422257888264692,-14.79,-70.72
2000-03-02,5.0,1.3533653226227687,0,0,0.205320727317005,-14.79,-70.72
2000-03-03,3.5,0.9484314552676381,0,0,0.27920037837302086,-14.79,-70.72
2000-03-04,2.0,0.9978757590536134,0,0,0.26935927742582705,-14.79,-70.72
2000-03-05,0.0,0.8888547641993627,1,0,0.29134622042665603,-14.79,-70.72
2000-03-06,3.5,0.6010598817622839,0,0,0.35410124698150575,-14.79,-70.72
2000-03-07,4.5,0.5014026262412807,0,0,0.3772111030863905,-14.79,-70.72
2000-03-08,3.5,0.5338395694000022,0,0,0.3696218155214776,-14.79,-70.72
2000-03-09,4.5,0.5911958317752779,0,0,0.3563605220322812,-14.79,-70.72
2000-03-10,3.0,0.595307779938195,0,0,0.35541793199581045,-14.79,-70.72
2000-03-11,1.0,0.322198924353013,0,0,0.4201399468106327,-14.79,-70.72
2000-03-12,3.0,0.18562469962787187,0,0,0.45372661719934054,-14.79,-70.72
2000-03-13,1.5,0.1199916371802372,0,0,0.4700380314323801,-14.79,-70.72
2000-03-14,4.0,-0.07069473558016304,0,1,0.517666326857162,-14.79,-70.72
2000-03-15,4.0,-0.1437501546338309,0,1,0.5358757815090682,-14.79,-70.72
2000-03-16,1.5,-0.3270120160784713,0,1,0.5810321772152273,-14.79,-70.72
2000-03-17,2.0,-0.47392073113417243,0,1,0.6163113200612499,-14.79,-70.72
2000-03-18,1.0,-0.35558537438363436,0,1,0.5879713591886331,-14.79,-70.72
2000-03-19,2.0,-0.520552610492059,0,1,0.6272769760466089,-14.79,-70.72
2000-03-20,1.5,-0.47516024195938256,0,1,0.6166043869758036,-14.79,-70.72
2000-03-21,1.0,-0.825325718828986,0,1,0.6953656714917024,-14.79,-70.72
2000-03-22,0.0,-0.9691566097290689,1,1,0.7249513603058519,-14.79,-70.72
2000-03-23,4.0,-1.3428910775719087,0,1,0.7929649760639521,-14.79,-70.72
2000-03-24,3.0,-1.2387283978383725,0,1,0.7753425959507525,-14.79,-70.72
2000-03-25,-2.0,-1.4640911153095328,1,1,0.8121576028528472,-14.79,-70.72
2000-03-26,0.5,-1.7383349867266644,0,1,0.8504754543334154,-14.79,-70.72
2000-03-27,1.5,-1.3822191829756392,0,1,0.7993471742860556,-14.79,-70.72
2000-03-28,-3.0,-1.5059934325571813,1,1,0.8184666745487965,-14.79,-70.72
2000-03-29,-2.0,-1.996792837797399,1,1,0.880459935063022,-14.79,-70.72
2000-03-30,-1.0,-2.0867686864106503,1,1,0.8896104980900035,-14.79,-70.72
2000-03-31,-1.5,-2.3607863151011284,1,1,0.913787771314846,-14.79,-70.72
2000-04-01,-0.5,-2.7684650842718175,1,1,0.9409477565280046,-14.79,-70.72
2000-04-02,1.5,-3.1143522245524826,0,1,0.9574808934136223,-14.79,-70.72
2000-04-03,-2.5,-2.904803845854307,1,1,0.9480833979166984,-14.79,-70.72
2000-04-04,-3.0,-3.01017528135618,1,1,0.9530317009375646,-14.79,-70.72
2000-04-05,-0.5,-3.1974638374079727,1,1,0.9607387252934008,-14.79,-70.72
2000-04-06,-1.5,-3.485621950814607,1,1,0.9702758899445924,-14.79,-70.72
2000-04-07,0.5,-3.9378738415088206,0,1,0.9808829746227391,-14.79,-70.72
2000-04-08,-1.5,-3.7767435625414536,1,1,0.9776154097120952,-14.79,-70.72
2000-04-09,-2.0,-4.449420502843416,1,1,0.9884496332950677,-14.79,-70.72
2000-04-10,-2.5,-4.563880029604652,1,1,0.9896859439001046,-14.79,-70.72
2000-04-11,-6.5,-4.697680719744934,1,1,0.9909659617912665,-14.79,-70.72
2000-04-12,-5.5,-5.272072191297492,1,1,0.9948932496970686,-14.79,-70.72
2000-04-13,-5.0,-5.2592866454256155,1,1,0.9948278777908449,-14.79,-70.72
2000-04-14,-5.0,-4.967138936917655,1,1,0.9930851074187914,-14.79,-70.72
2000-04-15,-3.5,-5.466121968127806,1,1,0.9957902021628153,-14.79,-70.72
2000-04-16,1.5,-5.1548096240703565,0,1,0.9942615412264765,-14.79,-70.72
2000-04-17,-0.5,-5.316158991263242,1,1,0.9951124227675676,-14.79,-70.72
2000-04-18,-3.0,-5.416606514069995,1,1,0.9955774502038672,-14.79,-70.72
2000-04-19,0.5,-5.444629945931846,0,1,0.9956991391647436,-14.79,-70.72
2000-04-20,-3.0,-5.912046946904855,1,1,0.9973006652667146,-14.79,-70.72
2000-04-21,-1.0,-6.093607043250696,1,1,0.9977478315057814,-14.79,-70.72
2000-04-22,-1.5,-6.224690659778599,1,1,0.9980239762064977,-14.79,-70.72
2000-04-23,0.0,-6.381002312208342,1,1,0.9983094380740425,-14.79,-70.72
2000-04-24,-1.0,-6.574293859201349,1,1,0.998606154321953,-14.79,-70.72
2000-04-25,1.0,-6.231812688229814,0,1,0.9980379719936147,-14.79,-70.72
2000-04-26,-2.5,-6.817982475269303,1,1,0.9989072696462307,-14.79,-70.72
2000-04-27,-2.0,-6.87583032611788,1,1,0.9989686248122889,-14.79,-70.72
2000-04-28,-5.0,-7.117940940234537,1,1,0.9991902225051712,-14.79,-70.72
2000-04-29,-2.5,-7.604865076001573,1,1,0.9995022252908884,-14.79,-70.72
2000-04-30,-4.0,-7.773001034394319,1,1,0.9995792290330914,-14.79,-70.72
2000-05-01,-6.5,-7.809102704005259,1,1,0.9995941425806086,-14.79,-70.72
2000-05-02,-6.5,-7.922675493948855,1,1,0.9996376999636136,-14.79,-70.72
2000-05-03,-3.0,-8.277298326812026,1,1,0.999745841512146,-14.79,-70.72
2000-05-04,-6.0,-8.728105417164713,1,1,0.9998380572002553,-14.79,-70.72
2000-05-05,2.0,-9.554148615484136,0,1,0.9999290985390927,-14.79,-70.72
2000-05-06,-1.5,-9.120931420884789,1,1,0.9998906591802951,-14.79,-70.72
2000-05-07,-1.0,-8.687778276768922,1,1,0.9998313941637129,-14.79,-70.72
2000-05-08,-3.5,-8.668758002314785,1,1,0.9998281570981719,-14.79,-70.72
2000-05-09,-6.5,-8.877416440392004,1,1,0.999860515341098,-14.79,-70.72
2000-05-10,-8.5,-9.314006431917761,1,1,0.9999098554964736,-14.79,-70.72
2000-05-11,-6.0,-8.693616045481596,1,1,0.9998323754136571,-14.79,-70.72
2000-05-12,-5.0,-8.721885280520302,1,1,0.9998370469192706,-14.79,-70.72
2000-05-13,-6.0,-8.485349893740828,1,1,0.9997935714775155,-14.79,-70.72
2000-05-14,-4.0,-8.6905673486364,1,1,0.9998318636833745,-14.79,-70.72
2000-05-15,-1.5,-8.97662153858673,1,1,0.9998736870322301,-14.79,-70.72
2000-05-16,-8.0,-9.004720282321959,1,1,0.9998771864373633,-14.79,-70.72
2000-05-17,-6.5,-8.692715275714708,1,1,0.9998322243798171,-14.79,-70.72
2000-05-18,-4.5,-8.715005391953717,1,1,0.9998359221394376,-14.79,-70.72
2000-05-19,-5.0,-9.34961973020755,1,1,0.999913009072375,-14.79,-70.72
2000-05-20,-8.5,-8.984896646135171,1,1,0.999874727842335,-14.79,-70.72
2000-05-21,-10.0,-9.703025679656044,1,1,0.999938905381717,-14.79,-70.72
2000-05-22,-3.0,-9.77583470487771,1,1,0.9999431953012503,-14.79,-70.72
2000-05-23,-9.0,-9.235861371740256,1,1,0.9999025293106474,-14.79,-70.72
2000-05-24,-8.5,-9.704690039109568,1,1,0.9999390069743538,-14.79,-70.72
2000-05-25,-9.0,-9.582016865219416,1,1,0.9999310470259049,-14.79,-70.72
2000-05-26,-10.0,-9.946923345505153,1,1,0.9999521275903791,-14.79,-70.72
2000-05-27,-8.5,-9.845850533495732,1,1,0.9999470362848463,-14.79,-70.72
2000-05-28,-11.0,-9.534210765588323,1,1,0.9999276708332562,-14.79,-70.72
2000-05-29,-9.0,-10.20218894174025,1,1,0.9999629123315388,-14.79,-70.72
2000-05-30,-10.0,-10.491942788845233,1,1,0.9999722415579959,-14.79,-70.72
2000-05-31,-7.0,-10.303428059466537,1,1,0.9999664831270876,-14.79,-70.72
2000-06-01,-8.0,-9.872482021253944,1,1,0.9999484280993312,-14.79,-70.72
2000-06-02,3.0,-10.013471567504448,0,1,0.9999552095835039,-14.79,-70.72
2000-06-03,-13.5,-10.456508376196041,1,1,0.9999712403483146,-14.79,-70.72
2000-06-04,-12.5,-10.93831225474468,1,1,0.9999822358827303,-14.79,-70.72
2000-06-05,-10.0,-9.91196665205862,1,1,0.9999504246205073,-14.79,-70.72
2000-06-06,-4.0,-10.109825384905662,1,1,0.9999593237454468,-14.79,-70.72
2000-06-07,0.5,-10.290488698289732,0,1,0.9999660466370273,-14.79,-70.72
2000-06-08,0.5,-10.47588142210784,0,1,0.9999717921325227,-14.79,-70.72
2000-06-09,-2.0,-10.654421931710617,1,1,0.9999764042873002,-14.79,-70.72
2000-06-10,-2.0,-10.737754481218037,1,1,0.9999782908383488,-14.79,-70.72
2000-06-11,-7.5,-10.898214374568438,1,1,0.9999815091189871,-14.79,-70.72
2000-06-12,-7.5,-11.102587577580106,1,1,0.9999849269571415,-14.79,-70.72
2000-06-13,-10.0,-10.631127333370827,1,1,0.9999758481961113,-14.79,-70.72
2000-06-14,-10.0,-10.434427202567989,1,1,0.9999705982571493,-14.79,-70.72
2000-06-15,-12.5,-10.47537083857478,1,1,0.9999717777267793,-14.79,-70.72
2000-06-16,-12.0,-10.542408583555579,1,1,0.9999736076134139,-14.79,-70.72
2000-06-17,-8.5,-10.459363039750848,1,1,0.9999713223280217,-14.79,-70.72
2000-06-18,-5.5,-11.02967855419747,1,1,0.9999837869610719,-14.79,-70.72
2000-06-19,-12.0,-11.115384373037111,1,1,0.9999851186120178,-14.79,-70.72
2000-06-20,-13.0,-11.316038148002143,1,1,0.9999878240799615,-14.79,-70.72
2000-06-21,-16.0,-11.12950734876581,1,1,0.9999853273012899,-14.79,-70.72
2000-06-22,-14.0,-11.453102792729272,1,1,0.9999893836300071,-14.79,-70.72
2000-06-23,-15.0,-11.124398778836248,1,1,0.9999852521541038,-14.79,-70.72
2000-06-24,-13.0,-10.989882482405193,1,1,0.9999831287463842,-14.79,-70.72
2000-06-25,-12.0,-11.119141705382114,1,1,0.9999851744205979,-14.79,-70.72
2000-06-26,-12.0,-11.280643170226579,1,1,0.9999873854012645,-14.79,-70.72
2000-06-27,-11.0,-10.992369991177027,1,1,0.9999831706609161,-14.79,-70.72
2000-06-28,-9.0,-11.034943083844162,1,1,0.9999838720894425,-14.79,-70.72
2000-06-29,-12.0,-10.540064985827724,1,1,0.9999735456893788,-14.79,-70.72
2000-06-30,-13.5,-11.672468406720673,1,1,0.9999914747391073,-14.79,-70.72
2000-07-01,-13.0,-12.281230810970948,1,1,0.999995362037706,-14.79,-70.72
2000-07-02,-13.0,-11.546754374680987,1,1,0.9999903327245593,-14.79,-70.72
2000-07-03,-9.5,-10.898115806896886,1,1,0.9999815072963278,-14.79,-70.72
2000-07-04,-3.5,-11.342754780703308,1,1,0.9999881450687264,-14.79,-70.72
2000-07-05,-8.5,-11.284826364848481,1,1,0.9999874380597061,-14.79,-70.72
2000-07-06,-9.5,-11.204778767912131,1,1,0.9999863911790585,-14.79,-70.72
2000-07-07,-10.0,-11.265226132841992,1,1,0.9999871894171504,-14.79,-70.72
2000-07-08,-4.0,-11.402245127476466,1,1,0.9999888297470292,-14.79,-70.72
2000-07-09,-6.0,-11.061640972179191,1,1,0.9999842969669338,-14.79,-70.72
2000-07-10,-7.5,-11.198887611329948,1,1,0.9999863107718477,-14.79,-70.72
2000-07-11,-19.5,-11.439984870267008,1,1,0.9999892434493575,-14.79,-70.72
2000-07-12,-17.0,-11.419212624704656,1,1,0.999989017677322,-14.79,-70.72
2000-07-13,-4.0,-11.194483074102521,1,1,0.9999862503449832,-14.79,-70.72
2000-07-14,-9.0,-11.012456652151212,1,1,0.9999835053281428,-14.79,-70.72
2000-07-15,-11.0,-10.880879448310637,1,1,0.9999811857926362,-14.79,-70.72
2000-07-16,-12.5,-11.241827659314467,1,1,0.9999868861387079,-14.79,-70.72
2000-07-17,-10.0,-10.654543062463723,1,1,0.9999764071452263,-14.79,-70.72
2000-07-18,-8.5,-10.151859804225534,1,1,0.99996099804586,-14.79,-70.72
2000-07-19,-10.0,-10.33067454452729,1,1,0.9999673839859302,-14.79,-70.72
2000-07-20,-8.0,-10.744998540545886,1,1,0.9999784475291903,-14.79,-70.72
2000-07-21,-10.0,-10.55291160841482,1,1,0.9999738833554691,-14.79,-70.72
2000-07-22,-4.5,-10.603361551114492,1,1,0.9999751682227231,-14.79,-70.72
2000-07-23,-13.5,-10.098320400764258,1,1,0.9999588530827475,-14.79,-70.72
2000-07-24,-12.5,-10.07512846197079,1,1,0.999957887694809,-14.79,-70.72
2000-07-25,-11.5,-9.363135671372639,1,1,0.9999141768263031,-14.79,-70.72
2000-07-26,-9.0,-9.29286649230835,1,1,0.9999079297390866,-14.79,-70.72
2000-07-27,-7.0,-9.477567340861855,1,1,0.9999234559287211,-14.79,-70.72
2000-07-28,-3.0,-9.865827749732382,1,1,0.9999480837994553,-14.79,-70.72
2000-07-29,-8.5,-9.490698651347577,1,1,0.9999244544067444,-14.79,-70.72
2000-07-30,-10.0,-9.719575592264892,1,1,0.9999399081111217,-14.79,-70.72
2000-07-31,-12.0,-8.881097275984061,1,1,0.9998610277462259,-14.79,-70.72
2000-08-01,-13.0,-8.624771831823667,1,1,0.9998204310707668,-14.79,-70.72
2000-08-02,-15.0,-8.253368206775304,1,1,0.9997396877153679,-14.79,-70.72
2000-08-03,-12.5,-8.160352366300403,1,1,0.9997143199521441,-14.79,-70.72
2000-08-04,-9.0,-8.547572360659053,1,1,0.999806022106683,-14.79,-70.72
2000-08-05,-9.0,-8.379032713374663,1,1,0.9997704207607452,-14.79,-70.72
2000-08-06,-8.0,-8.237671516049947,1,1,0.9997355705258227,-14.79,-70.72
2000-08-07,-9.0,-8.209079492805412,1,1,0.9997279029154651,-14.79,-70.72
2000-08-08,-7.0,-8.397635640873482,1,1,0.9997746511732293,-14.79,-70.72
2000-08-09,-3.0,-8.293129520595627,1,1,0.99974983246372,-14.79,-70.72
2000-08-10,-7.0,-7.646663485360774,1,1,0.9995225929164676,-14.79,-70.72
2000-08-11,-2.0,-7.515219475673511,1,1,0.9994555661212731,-14.79,-70.72
2000-08-12,-4.5,-7.5807270180346435,1,1,0.9994900699905838,-14.79,-70.72
2000-08-13,1.0,-6.849715451527224,0,1,0.9989413646940881,-14.79,-70.72
2000-08-14,1.0,-6.270061188864387,0,1,0.9981114605262841,-14.79,-70.72
2000-08-15,-6.5,-5.924375493508797,1,1,0.9973336516527962,-14.79,-70.72
2000-08-16,-5.0,-5.9815271238666785,1,1,0.9974813919946379,-14.79,-70.72
2000-08-17,-8.5,-5.918969580081768,1,1,0.9973192373188907,-14.79,-70.72
2000-08-18,-8.0,-6.369495371379983,1,1,0.9982899059829995,-14.79,-70.72
2000-08-19,-2.0,-5.725584935445204,1,1,0.9967491574609468,-14.79,-70.72
2000-08-20,-6.0,-6.177071586349685,1,1,0.9979278031063651,-14.79,-70.72
2000-08-21,0.0,-6.141125130242767,1,1,0.9978521228943241,-14.79,-70.72
2000-08-22,-6.5,-5.55375934011387,1,1,0.9961420708544706,-14.79,-70.72
2000-08-23,-8.0,-4.9033610010197926,1,1,0.9926330772227242,-14.79,-70.72
2000-08-24,-7.0,-5.216759241390585,1,1,0.9946043891481148,-14.79,-70.72
2000-08-25,-6.0,-4.945748153084922,1,1,0.9929366551258814,-14.79,-70.72
2000-08-26,-6.5,-5.037495932552385,1,1,0.9935518689035439,-14.79,-70.72
2000-08-27,-5.0,-5.049588521410363,1,1,0.9936288801451949,-14.79,-70.72
2000-08-28,-9.0,-4.776584348454815,1,1,0.9916456572402018,-14.79,-70.72
2000-08-29,-11.0,-4.608148852502424,1,1,0.990128167064759,-14.79,-70.72
2000-08-30,-9.0,-5.122969328455888,1,1,0.994076986677426,-14.79,-70.72
2000-08-31,-8.0,-4.752108144540122,1,1,0.991440423502188,-14.79,-70.72
2000-09-01,-6.0,-5.308544444339236,1,1,0.9950752480094861,-14.79,-70.72
2000-09-02,-5.0,-5.202945829730882,1,1,0.9945297507430559,-14.79,-70.72
2000-09-03,-7.0,-4.795964778833746,1,1,0.99180469500237,-14.79,-70.72
2000-09-04,-12.5,-4.809637909827006,1,1,0.9919150880929949,-14.79,-70.72
2000-09-05,-12.0,-5.00152201052428,1,1,0.9933172598945907,-14.79,-70.72
2000-09-06,-11.5,-4.939099063138384,1,1,0.9928898688658301,-14.79,-70.72
2000-09-07,-10.0,-5.14127199201466,1,1,0.9941837827715738,-14.79,-70.72
2000-09-08,-11.0,-4.505030894391006,1,1,0.9890675899489676,-14.79,-70.72
2000-09-09,-7.0,-4.381206331187028,1,1,0.9876443148091614,-14.79,-70.72
2000-09-10,-0.5,-4.857436025472368,1,1,0.9922895318466662,-14.79,-70.72
2000-09-11,-6.0,-4.159458072853563,1,1,0.9846240920888439,-14.79,-70.72
2000-09-12,-9.0,-4.600354490571448,1,1,0.9900516902381852,-14.79,-70.72
2000-09-13,-7.5,-5.01501347339674,1,1,0.9934062238636774,-14.79,-70.72
2000-09-14,-8.5,-4.921097551387257,1,1,0.9927616516257312,-14.79,-70.72
2000-09-15,-4.0,-4.174961917006692,1,1,0.9848570573134018,-14.79,-70.72
2000-09-16,-7.0,-4.285229604827648,1,1,0.9864165903960551,-14.79,-70.72
2000-09-17,-7.0,-3.8298654738746283,1,1,0.9787488793916325,-14.79,-70.72
2000-09-18,-6.0,-4.249230416332155,1,1,0.9859256980400855,-14.79,-70.72
2000-09-19,-5.5,-4.284023098546344,1,1,0.9864004150475552,-14.79,-70.72
2000-09-20,-1.0,-3.60120230885661,1,1,0.9734341160001131,-14.79,-70.72
2000-09-21,0.0,-3.82912626310528,1,1,0.9787334987270272,-14.79,-70.72
2000-09-22,0.0,-3.269750635355327,1,1,0.963376374575012,-14.79,-70.72
2000-09-23,1.5,-2.9653019200846287,0,1,0.95098173721793,-14.79,-70.72
2000-09-24,-9.0,-2.9316471570811315,1,1,0.9493888789759704,-14.79,-70.72
2000-09-25,-5.5,-2.886774423726897,1,1,0.9471887636549349,-14.79,-70.72
2000-09-26,-3.0,-3.5965540695422007,1,1,0.9733136469994796,-14.79,-70.72
2000-09-27,-4.5,-3.6339238292914082,1,1,0.9742673171643278,-14.79,-70.72
2000-09-28,-3.0,-3.4592350097629274,1,1,0.9695053581355683,-14.79,-70.72
2000-09-29,-7.0,-3.551421212722526,1,1,0.9721159761854026,-14.79,-70.72
2000-09-30,-6.5,-3.039335501463988,1,1,0.9543198701718051,-14.79,-70.72
2000-10-01,-8.0,-2.221365363504936,1,1,0.9021517879142898,-14.79,-70.72
2000-10-02,-9.5,-2.423172934559998,1,1,0.9185773731776025,-14.79,-70.72
2000-10-03,-6.5,-2.8427979082522867,1,1,0.9449452012842606,-14.79,-70.72
2000-10-04,-4.5,-2.265778155590628,1,1,0.9060028641810093,-14.79,-70.72
2000-10-05,-6.5,-2.296721927125183,1,1,0.9086051862805357,-14.79,-70.72
2000-10-06,-5.0,-2.7045849709815863,1,1,0.9372966510913922,-14.79,-70.72
2000-10-07,-7.0,-1.9314406797082697,1,1,0.8734087955957611,-14.79,-70.72
2000-10-08,0.0,-2.0371904534950573,1,1,0.884646872461721,-14.79,-70.72
2000-10-09,-1.5,-2.311636637992099,1,1,0.9098362058096843,-14.79,-70.72
2000-10-10,-2.0,-1.8030162514075574,1,1,0.8585157049060257,-14.79,-70.72
2000-10-11,1.5,-1.896150447094783,0,1,0.8694552115048518,-14.79,-70.72
2000-10-12,0.0,-1.76184594121422,1,1,0.8534407005909357,-14.79,-70.72
2000-10-13,0.5,-1.18460173048513,0,1,0.7657741981379683,-14.79,-70.72
2000-10-14,-1.0,-2.149508557743657,1,1,0.8956228445297401,-14.79,-70.72
2000-10-15,-1.5,-1.7331701725205662,1,1,0.8498174710533917,-14.79,-70.72
2000-10-16,0.0,-1.9850170327223795,1,1,0.8792149654246301,-14.79,-70.72
2000-10-17,-2.0,-1.9850706211752718,1,1,0.8792206561888627,-14.79,-70.72
2000-10-18,0.5,-2.008694637717877,0,1,0.8817069409750873,-14.79,-70.72
2000-10-19,0.0,-1.4606089285338855,1,1,0.8116257911505247,-14.79,-70.72
2000-10-20,2.0,-1.5190022304126742,0,1,0.8203915069563796,-14.79,-70.72
2000-10-21,2.0,-2.0440833618893928,0,1,0.8853484088064109,-14.79,-70.72
2000-10-22,1.5,-1.8518976026482328,0,1,0.864349749366345,-14.79,-70.72
2000-10-23,-2.5,-1.794208248156933,1,1,0.8574424454651045,-14.79,-70.72
2000-10-24,0.0,-1.906548078264532,1,1,0.8706308455001167,-14.79,-70.72
2000-10-25,0.0,-1.9982145030637593,1,1,0.8806094847557709,-14.79,-70.72
2000-10-26,1.0,-2.927340575067066,0,1,0.9491815483473893,-14.79,-70.72
2000-10-27,2.5,-2.223431870814542,0,1,0.9023340551175157,-14.79,-70.72
2000-10-28,-2.0,-2.157822382000625,1,1,0.8963974897676548,-14.79,-70.72
2000-10-29,1.0,-1.9255358434958298,0,1,0.87275448142685,-14.79,-70.72
2000-10-30,0.0,-1.5847996146119763,1,1,0.8298831868101396,-14.79,-70.72
2000-10-31,-3.0,-1.6375110749100346,1,1,0.8371959843899149,-14.79,-70.72
2000-11-01,-3.0,-1.7730055677982706,1,1,0.854831044697973,-14.79,-70.72
2000-11-02,-1.5,-1.612950807891257,1,1,0.833820664331388,-14.79,-70.72
2000-11-03,-3.5,-1.7971769218475866,1,1,0.8578049360755357,-14.79,-70.72
2000-11-04,-6.0,-1.783280988604862,1,1,0.85610152890813,-14.79,-70.72
2000-11-05,-4.0,-1.7592609427467507,1,1,0.8531170743337911,-14.79,-70.72
2000-11-06,-5.0,-1.7765019405125138,1,1,0.8552643887667567,-14.79,-70.72
2000-11-07,-2.5,-1.4281851626052449,1,1,0.8066183855728757,-14.79,-70.72
2000-11-08,-4.5,-1.6468643759369068,1,1,0.8384668114125297,-14.79,-70.72
2000-11-09,-4.0,-1.5308489468256345,1,1,0.822130491312057,-14.79,-70.72
2000-11-10,-3.5,-0.8980866383592976,1,1,0.7105561475727643,-14.79,-70.72
2000-11-11,-2.5,-1.4084582653389943,1,1,0.8035226577163026,-14.79,-70.72
2000-11-12,-6.5,-1.5195083557496178,1,1,0.8204660720685765,-14.79,-70.72
2000-11-13,-6.0,-2.096064547005395,1,1,0.8905200847621308,-14.79,-70.72
2000-11-14,-10.0,-1.456798549497003,1,1,0.8110425328518192,-14.79,-70.72
2000-11-15,-2.0,-0.9944147233016345,1,1,0.7299590304434176,-14.79,-70.72
2000-11-16,-4.0,-1.1616841259740358,1,1,0.7616385946150652,-14.79,-70.72
2000-11-17,-3.5,-0.923655973402008,1,1,0.7157864494580773,-14.79,-70.72
2000-11-18,-1.5,-0.6543284880967457,1,1,0.6579852135937347,-14.79,-70.72
2000-11-19,-5.0,-0.5160747033289108,1,1,0.6262294435188167,-14.79,-70.72
2000-11-20,-5.5,-0.7680003541360603,1,1,0.6830881715251116,-14.79,-70.72
2000-11-21,-8.0,-1.3712960838607944,1,1,0.7975894747073394,-14.79,-70.72
2000-11-22,-4.0,-1.1686092450956154,1,1,0.7628935382476342,-14.79,-70.72
2000-11-23,-3.0,-0.6896522223689194,1,1,0.6658895574211776,-14.79,-70.72
2000-11-24,1.0,-0.8164785861463044,0,1,0.6934883308313036,-14.79,-70.72
2000-11-25,0.5,-1.0696175874559417,0,1,0.7445241847336174,-14.79,-70.72
2000-11-26,-1.5,-1.2289197891592378,1,1,0.7736294561886379,-14.79,-70.72
2000-11-27,0.5,-1.04434412447663,0,1,0.7396873377053326,-14.79,-70.72
2000-11-28,-1.0,-0.8908230062110531,1,1,0.7090599829540792,-14.79,-70.72
2000-11-29,-1.5,-0.8980903109569232,1,1,0.7105569029010427,-14.79,-70.72
2000-11-30,2.5,-0.4777300781506999,0,1,0.617211722707475,-14.79,-70.72
2000-12-01,0.5,-0.7259346651157896,0,1,0.673912529633901,-14.79,-70.72
2000-12-02,0.0,-0.4240109278542601,1,1,0.6044426301820013,-14.79,-70.72
2000-12-03,1.5,-0.6674058177757467,0,1,0.660922035256598,-14.79,-70.72
2000-12-04,-2.0,-0.4057199938278666,1,1,0.6000611710132355,-14.79,-70.72
2000-12-05,1.5,-0.48672120955029463,0,1,0.619333729501835,-14.79,-70.72
2000-12-06,0.0,-0.16369191453838328,1,1,0.5408318450722875,-14.79,-70.72
2000-12-07,2.0,-0.08875932796574704,0,1,0.5221752754309312,-14.79,-70.72
2000-12-08,1.0,-0.1871487522355193,0,1,0.5466511059002647,-14.79,-70.72
2000-12-09,1.0,0.04978794456909652,0,0,0.48755558439386343,-14.79,-70.72
2000-12-10,3.0,0.37256880195946174,0,0,0.4079204545872776,-14.79,-70.72
2000-12-11,2.0,0.1837470538045496,0,0,0.45419204849346567,-14.79,-70.72
2000-12-12,2.5,0.3100111523195741,0,0,0.42311201671558474,-14.79,-70.72
2000-12-13,-0.5,0.2816959907629384,1,0,0.43003803046674377,-14.79,-70.72
2000-12-14,-1.0,0.5145788731329981,1,0,0.3741207457193414,-14.79,-70.72
2000-12-15,-5.0,0.7602626122163718,1,0,0.31858925297210827,-14.79,-70.72
2000-12-16,-3.0,0.6548452955292019,1,0,0.34189849321191035,-14.79,-70.72
2000-12-17,-1.0,0.6587225964254575,1,0,0.3410266208924424,-14.79,-70.72
2000-12-18,0.5,0.6511336487676198,0,0,0.34273411765825273,-14.79,-70.72
2000-12-19,-3.5,0.3630950848632448,1,0,0.41021054019415043,-14.79,-70.72
2000-12-20,-2.0,0.757639397535864,1,0,0.31915899781969886,-14.79,-70.72
2000-12-21,2.0,0.859550154172454,0,0,0.2974333399083554,-14.79,-70.72
2000-12-22,3.5,0.8653566798006169,0,0,0.2962213980308523,-14.79,-70.72
2000-12-23,1.0,0.8252213679115226,0,0,0.30465643384902524,-14.79,-70.72
2000-12-24,-1.0,1.151140601808069,1,0,0.24028080914381447,-14.79,-70.72
2000-12-25,-2.0,0.8715744619467163,1,0,0.2949267948652099,-14.79,-70.72
2000-12-26,1.5,1.1846774096086836,0,0,0.23421222801901773,-14.79,-70.72
2000-12-27,2.0,1.170052748423089,0,0,0.23684544988006104,-14.79,-70.72
2000-12-28,5.0,0.9465937842392576,0,0,0.27957035513965556,-14.79,-70.72
2000-12-29,2.0,1.0453807228025491,0,0,0.26011311490490635,-14.79,-70.72
2000-12-30,1.5,0.9194324411466823,0,0,0.2850735524402913,-14.79,-70.72
2000-12-31,3.0,0.739638266192566,0,0,0.32308325004944843,-14.79,-70.72
2001-01-01,2.5,1.0592456416145657,0,0,0.25745363995482073,-14.79,-70.72
2001-01-02,1.0,1.3332985725503352,0,0,0.20861426607693362,-14.79,-70.72
2001-01-03,1.5,1.4440181618969508,0,0,0.19092388426755721,-14.79,-70.72
2001-01-04,3.0,1.1658813642513008,0,0,0.23760025371355353,-14.79,-70.72
2001-01-05,3.5,1.1340001748893878,0,0,0.24342363850178927,-14.79,-70.72
2001-01-06,4.0,1.3902642340077618,0,0,0.1993655767450476,-14.79,-70.72
2001-01-07,4.0,1.3681913892720088,0,0,0.20291221187102912,-14.79,-70.72
2001-01-08,2.0,1.2689977456508723,0,0,0.21942886977943354,-14.79,-70.72
2001-01-09,0.0,0.9839798816857295,1,0,0.27210280231300915,-14.79,-70.72
2001-01-10,1.0,1.151621649814028,0,0,0.2401930067539625,-14.79,-70.72
2001-01-11,0.5,0.9175174222047167,0,0,0.2854640065691795,-14.79,-70.72
2001-01-12,0.0,0.9900354176760429,1,0,0.2709050820532817,-14.79,-70.72
2001-01-13,0.0,1.4062920495685756,1,0,0.1968195562944951,-14.79,-70.72
2001-01-14,1.0,1.2906498937577124,0,0,0.2157428298750063,-14.79,-70.72
2001-01-15,3.0,1.395350624987847,0,0,0.1985549337280891,-14.79,-70.72
2001-01-16,1.5,1.1811599479420378,0,0,0.23484369860935791,-14.79,-70.72
2001-01-17,4.0,1.4812699049976574,0,0,0.18523568426591766,-14.79,-70.72
2001-01-18,3.5,1.5378776884239853,0,0,0.17684400825336752,-14.79,-70.72
2001-01-19,3.5,1.3679579468122869,0,0,0.20294997120365363,-14.79,-70.72
2001-01-20,4.0,1.4649387968079397,0,0,0.18771311108408517,-14.79,-70.72
2001-01-21,3.0,1.657143417092299,0,0,0.1601458320045564,-14.79,-70.72
2001-01-22,1.5,1.6949168540802386,0,0,0.15513031982579195,-14.79,-70.72
2001-01-23,1.5,1.3799830313005952,0,0,0.20101172501183326,-14.79,-70.72
2001-01-24,2.0,1.2684173004215564,0,0,0.21952830453672664,-14.79,-70.72
2001-01-25,3.0,1.2660157388551827,0,0,0.21994005474069325,-14.79,-70.72
2001-01-26,0.0,1.5081292924768404,1,0,0.18121619740001865,-14.79,-70.72
2001-01-27,2.0,1.4636691689607426,0,0,0.1879067767612513,-14.79,-70.72
2001-01-28,0.5,0.9021969390007092,0,0,0.2885992350510918,-14.79,-70.72
2001-01-29,3.0,0.9669781521090615,0,0,0.2754832301566494,-14.79,-70.72
2001-01-30,3.0,0.9740063609562348,0,0,0.27408267012967985,-14.79,-70.72
2001-01-31,3.0,1.2406640941692268,0,0,0.224320411682998,-14.79,-70.72
2001-02-01,3.0,1.1086100621951607,0,0,0.24813010673151242,-14.79,-70.72
2001-02-02,3.0,1.6093601617044113,0,0,0.16667746565899455,-14.79,-70.72
2001-02-03,2.5,1.89542620834112,0,0,0.13062701365307589,-14.79,-70.72
2001-02-04,1.0,1.6242648372965336,0,0,0.16461753651932773,-14.79,-70.72
2001-02-05,0.5,1.7976296725061465,0,0,0.14213984832435864,-14.79,-70.72
2001-02-06,2.5,1.7236180514612478,0,0,0.15140572253976267,-14.79,-70.72
2001-02-07,3.0,1.8520022308158097,0,0,0.13563798352606574,-14.79,-70.72
2001-02-08,1.0,2.0081984461526963,0,0,0.11834482151422694,-14.79,-70.72
2001-02-09,0.5,1.859059643938492,0,0,0.13481269576083454,-14.79,-70.72
2001-02-10,2.5,2.094189309336463,0,0,0.10966287370821055,-14.79,-70.72
2001-02-11,4.0,2.230377443796871,0,0,0.0970555583749955,-14.79,-70.72
2001-02-12,3.5,1.7013738315914413,0,0,0.15428591994684532,-14.79,-70.72
2001-02-13,3.5,2.052398640478734,0,0,0.11381023628812227,-14.79,-70.72
2001-02-14,3.0,1.7273953418820867,0,0,0.15092104736798967,-14.79,-70.72
2001-02-15,4.0,1.8180284841185737,0,0,0.1396706074382487,-14.79,-70.72
2001-02-16,3.0,1.840927267745914,0,0,0.13694166315876016,-14.79,-70.72
2001-02-17,4.0,1.7120657586917902,0,0,0.1528959693071397,-14.79,-70.72
2001-02-18,2.5,2.105619090460677,0,0,0.10855187377896988,-14.79,-70.72
2001-02-19,4.0,1.521720864992444,0,0,0.1792082530560576,-14.79,-70.72
2001-02-20,2.5,1.5589949195748565,0,0,0.17379091682592412,-14.79,-70.72
2001-02-21,3.0,1.5136631813221166,0,0,0.18039654425249366,-14.79,-70.72
2001-02-22,4.0,1.3408843599294435,0,0,0.20736466351106372,-14.79,-70.72
2001-02-23,3.5,1.2685819622223118,0,0,0.219500093406617,-14.79,-70.72
2001-02-24,4.0,1.2133379394284125,0,0,0.22911097397062896,-14.79,-70.72
2001-02-25,4.5,1.0797892186651943,0,0,0.25354590714550895,-14.79,-70.72
2001-02-26,4.5,0.9771017000430797,0,0,0.2734672481053943,-14.79,-70.72
2001-02-27,4.0,1.1795077868618433,0,0,0.23514070900962689,-14.79,-70.72
2001-02-28,3.0,1.0046193409844415,0,0,0.2680341737621786,-14.79,-70.72
2001-03-01,2.0,1.2996580103448787,0,0,0.21422257888264692,-14.79,-70.72
2001-03-02,4.0,1.3533653226227687,0,0,0.205320727317005,-14.79,-70.72
2001-03-03,2.5,0.9484314552676381,0,0,0.27920037837302086,-14.79,-70.72
2001-03-04,3.0,0.9978757590536134,0,0,0.26935927742582705,-14.79,-70.72
2001-03-05,3.5,0.8888547641993627,0,0,0.29134622042665603,-14.79,-70.72
2001-03-06,2.5,0.6010598817622839,0,0,0.35410124698150575,-14.79,-70.72
2001-03-07,3.5,0.5014026262412807,0,0,0.3772111030863905,-14.79,-70.72
2001-03-08,1.0,0.5338395694000022,0,0,0.3696218155214776,-14.79,-70.72
2001-03-09,3.5,0.5911958317752779,0,0,0.3563605220322812,-14.79,-70.72
2001-03-10,3.5,0.595307779938195,0,0,0.35541793199581045,-14.79,-70.72
2001-03-11,3.5,0.322198924353013,0,0,0.4201399468106327,-14.79,-70.72
2001-03-12,3.5,0.18562469962787187,0,0,0.45372661719934054,-14.79,-70.72
2001-03-13,1.0,0.1199916371802372,0,0,0.4700380314323801,-14.79,-70.72
2001-03-14,0.0,-0.07069473558016304,1,1,0.517666326857162,-14.79,-70.72
2001-03-15,1.0,-0.1437501546338309,0,1,0.5358757815090682,-14.79,-70.72
2001-03-16,1.0,-0.3270120160784713,0,1,0.5810321772152273,-14.79,-70.72
2001-03-17,0.0,-0.47392073113417243,1,1,0.6163113200612499,-14.79,-70.72
2001-03-18,3.5,-0.35558537438363436,0,1,0.5879713591886331,-14.79,-70.72
2001-03-19,0.0,-0.520552610492059,1,1,0.6272769760466089,-14.79,-70.72
2001-03-20,2.0,-0.47516024195938256,0,1,0.6166043869758036,-14.79,-70.72
2001-03-21,3.0,-0.825325718828986,0,1,0.6953656714917024,-14.79,-70.72
2001-03-22,1.5,-0.9691566097290689,0,1,0.7249513603058519,-14.79,-70.72
2001-03-23,4.0,-1.3428910775719087,0,1,0.7929649760639521,-14.79,-70.72
2001-03-24,3.5,-1.2387283978383725,0,1,0.7753425959507525,-14.79,-70.72
2001-03-25,3.0,-1.4640911153095328,0,1,0.8121576028528472,-14.79,-70.72
2001-03-26,-0.5,-1.7383349867266644,1,1,0.8504754543334154,-14.79,-70.72
2001-03-27,2.0,-1.3822191829756392,0,1,0.7993471742860556,-14.79,-70.72
2001-03-28,0.0,-1.5059934325571813,1,1,0.8184666745487965,-14.79,-70.72
2001-03-29,2.0,-1.996792837797399,0,1,0.880459935063022,-14.79,-70.72
2001-03-30,2.5,-2.0867686864106503,0,1,0.8896104980900035,-14.79,-70.72
2001-03-31,1.0,-2.3607863151011284,0,1,0.913787771314846,-14.79,-70.72
2001-04-01,-1.0,-2.7684650842718175,1,1,0.9409477565280046,-14.79,-70.72
2001-04-02,-2.0,-3.1143522245524826,1,1,0.9574808934136223,-14.79,-70.72
2001-04-03,1.0,-2.904803845854307,0,1,0.9480833979166984,-14.79,-70.72
2001-04-04,1.0,-3.01017528135618,0,1,0.9530317009375646,-14.79,-70.72
2001-04-05,3.0,-3.1974638374079727,0,1,0.9607387252934008,-14.79,-70.72
2001-04-06,1.0,-3.485621950814607,0,1,0.9702758899445924,-14.79,-70.72
2001-04-07,2.5,-3.9378738415088206,0,1,0.9808829746227391,-14.79,-70.72
2001-04-08,2.5,-3.7767435625414536,0,1,0.9776154097120952,-14.79,-70.72
2001-04-09,3.5,-4.449420502843416,0,1,0.9884496332950677,-14.79,-70.72
2001-04-10,3.0,-4.563880029604652,0,1,0.9896859439001046,-14.79,-70.72
2001-04-11,0.0,-4.697680719744934,1,1,0.9909659617912665,-14.79,-70.72
2001-04-12,2.0,-5.272072191297492,0,1,0.9948932496970686,-14.79,-70.72
2001-04-13,-0.5,-5.2592866454256155,1,1,0.9948278777908449,-14.79,-70.72
2001-04-14,0.0,-4.967138936917655,1,1,0.9930851074187914,-14.79,-70.72
2001-04-15,-2.0,-5.466121968127806,1,1,0.9957902021628153,-14.79,-70.72
2001-04-16,-2.0,-5.1548096240703565,1,1,0.9942615412264765,-14.79,-70.72
2001-04-17,-3.5,-5.316158991263242,1,1,0.9951124227675676,-14.79,-70.72
2001-04-18,-3.5,-5.416606514069995,1,1,0.9955774502038672,-14.79,-70.72
2001-04-19,-4.0,-5.444629945931846,1,1,0.9956991391647436,-14.79,-70.72
2001-04-20,-2.0,-5.912046946904855,1,1,0.9973006652667146,-14.79,-70.72
2001-04-21,-4.0,-6.093607043250696,1,1,0.9977478315057814,-14.79,-70.72
2001-04-22,-2.0,-6.224690659778599,1,1,0.9980239762064977,-14.79,-70.72
2001-04-23,-5.0,-6.381002312208342,1,1,0.9983094380740425,-14.79,-70.72
2001-04-24,-2.0,-6.574293859201349,1,1,0.998606154321953,-14.79,-70.72
2001-04-25,-0.5,-6.231812688229814,1,1,0.9980379719936147,-14.79,-70.72
2001-04-26,-2.0,-6.817982475269303,1,1,0.9989072696462307,-14.79,-70.72
2001-04-27,-1.5,-6.87583032611788,1,1,0.9989686248122889,-14.79,-70.72
2001-04-28,-2.0,-7.117940940234537,1,1,0.9991902225051712,-14.79,-70.72
2001-04-29,-4.0,-7.604865076001573,1,1,0.9995022252908884,-14.79,-70.72
2001-04-30,-1.0,-7.773001034394319,1,1,0.9995792290330914,-14.79,-70.72
2001-05-01,-3.0,-7.809102704005259,1,1,0.9995941425806086,-14.79,-70.72
2001-05-02,-1.5,-7.922675493948855,1,1,0.9996376999636136,-14.79,-70.72
2001-05-03,-3.0,-8.277298326812026,1,1,0.999745841512146,-14.79,-70.72
2001-05-04,-2.5,-8.728105417164713,1,1,0.9998380572002553,-14.79,-70.72
2001-05-05,-2.5,-9.554148615484136,1,1,0.9999290985390927,-14.79,-70.72
2001-05-06,1.0,-9.120931420884789,0,1,0.9998906591802951,-14.79,-70.72
2001-05-07,-1.0,-8.687778276768922,1,1,0.9998313941637129,-14.79,-70.72
2001-05-08,-6.0,-8.668758002314785,1,1,0.9998281570981719,-14.79,-70.72
2001-05-09,-4.0,-8.877416440392004,1,1,0.999860515341098,-14.79,-70.72
2001-05-10,-4.5,-9.314006431917761,1,1,0.9999098554964736,-14.79,-70.72
2001-05-11,2.0,-8.693616045481596,0,1,0.9998323754136571,-14.79,-70.72
2001-05-12,3.0,-8.721885280520302,0,1,0.9998370469192706,-14.79,-70.72
2001-05-13,2.5,-8.485349893740828,0,1,0.9997935714775155,-14.79,-70.72
2001-05-14,2.5,-8.6905673486364,0,1,0.9998318636833745,-14.79,-70.72
2001-05-15,-2.0,-8.97662153858673,1,1,0.9998736870322301,-14.79,-70.72
2001-05-16,-6.5,-9.004720282321959,1,1,0.9998771864373633,-14.79,-70.72
2001-05-17,-6.0,-8.692715275714708,1,1,0.9998322243798171,-14.79,-70.72
2001-05-18,-6.0,-8.715005391953717,1,1,0.9998359221394376,-14.79,-70.72
2001-05-19,-4.5,-9.34961973020755,1,1,0.999913009072375,-14.79,-70.72
2001-05-20,-5.0,-8.984896646135171,1,1,0.999874727842335,-14.79,-70.72
2001-05-21,-2.0,-9.703025679656044,1,1,0.999938905381717,-14.79,-70.72
2001-05-22,-4.0,-9.77583470487771,1,1,0.9999431953012503,-14.79,-70.72
2001-05-23,-7.0,-9.235861371740256,1,1,0.9999025293106474,-14.79,-70.72
2001-05-24,-6.0,-9.704690039109568,1,1,0.9999390069743538,-14.79,-70.72
2001-05-25,-10.5,-9.582016865219416,1,1,0.9999310470259049,-14.79,-70.72
2001-05-26,-13.0,-9.946923345505153,1,1,0.9999521275903791,-14.79,-70.72
2001-05-27,-13.0,-9.845850533495732,1,1,0.9999470362848463,-14.79,-70.72
2001-05-28,-11.0,-9.534210765588323,1,1,0.9999276708332562,-14.79,-70.72
2001-05-29,-7.0,-10.20218894174025,1,1,0.9999629123315388,-14.79,-70.72
2001-05-30,-4.0,-10.491942788845233,1,1,0.9999722415579959,-14.79,-70.72
2001-05-31,-4.0,-10.303428059466537,1,1,0.9999664831270876,-14.79,-70.72
2001-06-01,-3.5,-9.872482021253944,1,1,0.9999484280993312,-14.79,-70.72
2001-06-02,-0.5,-10.013471567504448,1,1,0.9999552095835039,-14.79,-70.72
2001-06-03,-4.0,-10.456508376196041,1,1,0.9999712403483146,-14.79,-70.72
2001-06-04,-0.5,-10.93831225474468,1,1,0.9999822358827303,-14.79,-70.72
2001-06-05,-6.0,-9.91196665205862,1,1,0.9999504246205073,-14.79,-70.72
2001-06-06,-7.0,-10.109825384905662,1,1,0.9999593237454468,-14.79,-70.72
2001-06-07,-6.0,-10.290488698289732,1,1,0.9999660466370273,-14.79,-70.72
2001-06-08,-7.0,-10.47588142210784,1,1,0.9999717921325227,-14.79,-70.72
2001-06-09,-6.0,-10.654421931710617,1,1,0.9999764042873002,-14.79,-70.72
2001-06-10,-8.0,-10.737754481218037,1,1,0.9999782908383488,-14.79,-70.72
2001-06-11,-7.0,-10.898214374568438,1,1,0.9999815091189871,-14.79,-70.72
2001-06-12,-7.0,-11.102587577580106,1,1,0.9999849269571415,-14.79,-70.72
2001-06-13,-10.0,-10.631127333370827,1,1,0.9999758481961113,-14.79,-70.72
2001-06-14,-10.0,-10.434427202567989,1,1,0.9999705982571493,-14.79,-70.72
2001-06-15,-8.5,-10.47537083857478,1,1,0.9999717777267793,-14.79,-70.72
2001-06-16,-9.0,-10.542408583555579,1,1,0.9999736076134139,-14.79,-70.72
2001-06-17,-6.5,-10.459363039750848,1,1,0.9999713223280217,-14.79,-70.72
2001-06-18,-9.5,-11.02967855419747,1,1,0.9999837869610719,-14.79,-70.72
2001-06-19,-10.0,-11.115384373037111,1,1,0.9999851186120178,-14.79,-70.72
2001-06-20,-13.5,-11.316038148002143,1,1,0.9999878240799615,-14.79,-70.72
2001-06-21,-5.5,-11.12950734876581,1,1,0.9999853273012899,-14.79,-70.72
2001-06-22,-8.0,-11.453102792729272,1,1,0.9999893836300071,-14.79,-70.72
2001-06-23,-4.0,-11.124398778836248,1,1,0.9999852521541038,-14.79,-70.72
2001-06-24,-3.5,-10.989882482405193,1,1,0.9999831287463842,-14.79,-70.72
2001-06-25,-9.0,-11.119141705382114,1,1,0.9999851744205979,-14.79,-70.72
2001-06-26,-10.0,-11.280643170226579,1,1,0.9999873854012645,-14.79,-70.72
2001-06-27,-12.0,-10.992369991177027,1,1,0.9999831706609161,-14.79,-70.72
2001-06-28,-7.0,-11.034943083844162,1,1,0.9999838720894425,-14.79,-70.72
2001-06-29,-9.5,-10.540064985827724,1,1,0.9999735456893788,-14.79,-70.72
2001-06-30,-8.0,-11.672468406720673,1,1,0.9999914747391073,-14.79,-70.72
2001-07-01,-9.0,-12.281230810970948,1,1,0.999995362037706,-14.79,-70.72
2001-07-02,-9.5,-11.546754374680987,1,1,0.9999903327245593,-14.79,-70.72
2001-07-03,-8.0,-10.898115806896886,1,1,0.9999815072963278,-14.79,-70.72
2001-07-04,-6.0,-11.342754780703308,1,1,0.9999881450687264,-14.79,-70.72
2001-07-05,-2.0,-11.284826364848481,1,1,0.9999874380597061,-14.79,-70.72
2001-07-06,0.0,-11.204778767912131,1,1,0.9999863911790585,-14.79,-70.72
2001-07-07,-0.5,-11.265226132841992,1,1,0.9999871894171504,-14.79,-70.72
2001-07-08,-7.0,-11.402245127476466,1,1,0.9999888297470292,-14.79,-70.72
2001-07-09,-12.0,-11.061640972179191,1,1,0.9999842969669338,-14.79,-70.72
2001-07-10,-9.0,-11.198887611329948,1,1,0.9999863107718477,-14.79,-70.72
2001-07-11,-11.5,-11.439984870267008,1,1,0.9999892434493575,-14.79,-70.72
2001-07-12,-11.0,-11.419212624704656,1,1,0.999989017677322,-14.79,-70.72
2001-07-13,-10.5,-11.194483074102521,1,1,0.9999862503449832,-14.79,-70.72
2001-07-14,-10.5,-11.012456652151212,1,1,0.9999835053281428,-14.79,-70.72
2001-07-15,-10.5,-10.880879448310637,1,1,0.9999811857926362,-14.79,-70.72
2001-07-16,-10.5,-11.241827659314467,1,1,0.9999868861387079,-14.79,-70.72
2001-07-17,-9.5,-10.654543062463723,1,1,0.9999764071452263,-14.79,-70.72
2001-07-18,-10.0,-10.151859804225534,1,1,0.99996099804586,-14.79,-70.72
2001-07-19,-8.0,-10.33067454452729,1,1,0.9999673839859302,-14.79,-70.72
2001-07-20,-11.0,-10.744998540545886,1,1,0.9999784475291903,-14.79,-70.72
2001-07-21,-11.0,-10.55291160841482,1,1,0.9999738833554691,-14.79,-70.72
2001-07-22,-13.0,-10.603361551114492,1,1,0.9999751682227231,-14.79,-70.72
2001-07-23,-11.0,-10.098320400764258,1,1,0.9999588530827475,-14.79,-70.72
2001-07-24,-13.0,-10.07512846197079,1,1,0.999957887694809,-14.79,-70.72
2001-07-25,-8.5,-9.363135671372639,1,1,0.9999141768263031,-14.79,-70.72
2001-07-26,-6.5,-9.29286649230835,1,1,0.9999079297390866,-14.79,-70.72
2001-07-27,-4.5,-9.477567340861855,1,1,0.9999234559287211,-14.79,-70.72
2001-07-28,-6.0,-9.865827749732382,1,1,0.9999480837994553,-14.79,-70.72
2001-07-29,-10.5,-9.490698651347577,1,1,0.9999244544067444,-14.79,-70.72
2001-07-30,-10.0,-9.719575592264892,1,1,0.9999399081111217,-14.79,-70.72
2001-07-31,-9.0,-8.881097275984061,1,1,0.9998610277462259,-14.79,-70.72
2001-08-01,-11.0,-8.624771831823667,1,1,0.9998204310707668,-14.79,-70.72
2001-08-02,-15.0,-8.253368206775304,1,1,0.9997396877153679,-14.79,-70.72
2001-08-03,-13.5,-8.160352366300403,1,1,0.9997143199521441,-14.79,-70.72
2001-08-04,-12.0,-8.547572360659053,1,1,0.999806022106683,-14.79,-70.72
2001-08-05,-10.0,-8.379032713374663,1,1,0.9997704207607452,-14.79,-70.72
2001-08-06,-10.0,-8.237671516049947,1,1,0.9997355705258227,-14.79,-70.72
2001-08-07,-1.0,-8.209079492805412,1,1,0.9997279029154651,-14.79,-70.72
2001-08-08,-9.0,-8.397635640873482,1,1,0.9997746511732293,-14.79,-70.72
2001-08-09,-9.0,-8.293129520595627,1,1,0.99974983246372,-14.79,-70.72
2001-08-10,-14.0,-7.646663485360774,1,1,0.9995225929164676,-14.79,-70.72
2001-08-11,-12.5,-7.515219475673511,1,1,0.9994555661212731,-14.79,-70.72
2001-08-12,-12.0,-7.5807270180346435,1,1,0.9994900699905838,-14.79,-70.72
2001-08-13,-12.0,-6.849715451527224,1,1,0.9989413646940881,-14.79,-70.72
2001-08-14,-11.0,-6.270061188864387,1,1,0.9981114605262841,-14.79,-70.72
2001-08-15,-7.0,-5.924375493508797,1,1,0.9973336516527962,-14.79,-70.72
2001-08-16,-2.0,-5.9815271238666785,1,1,0.9974813919946379,-14.79,-70.72
2001-08-17,-6.5,-5.918969580081768,1,1,0.9973192373188907,-14.79,-70.72
2001-08-18,0.0,-6.369495371379983,1,1,0.9982899059829995,-14.79,-70.72
2001-08-19,-3.5,-5.725584935445204,1,1,0.9967491574609468,-14.79,-70.72
2001-08-20,0.0,-6.177071586349685,1,1,0.9979278031063651,-14.79,-70.72
2001-08-21,-3.0,-6.141125130242767,1,1,0.9978521228943241,-14.79,-70.72
2001-08-22,-5.0,-5.55375934011387,1,1,0.9961420708544706,-14.79,-70.72
2001-08-23,-8.0,-4.9033610010197926,1,1,0.9926330772227242,-14.79,-70.72
2001-08-24,-5.5,-5.216759241390585,1,1,0.9946043891481148,-14.79,-70.72
2001-08-25,-8.5,-4.945748153084922,1,1,0.9929366551258814,-14.79,-70.72
2001-08-26,-10.5,-5.037495932552385,1,1,0.9935518689035439,-14.79,-70.72
2001-08-27,-11.5,-5.049588521410363,1,1,0.9936288801451949,-14.79,-70.72
2001-08-28,-8.5,-4.776584348454815,1,1,0.9916456572402018,-14.79,-70.72
2001-08-29,-8.0,-4.608148852502424,1,1,0.990128167064759,-14.79,-70.72
2001-08-30,-7.5,-5.122969328455888,1,1,0.994076986677426,-14.79,-70.72
2001-08-31,-6.0,-4.752108144540122,1,1,0.991440423502188,-14.79,-70.72
2001-09-01,-3.5,-5.308544444339236,1,1,0.9950752480094861,-14.79,-70.72
2001-09-02,-6.0,-5.202945829730882,1,1,0.9945297507430559,-14.79,-70.72
2001-09-03,-1.5,-4.795964778833746,1,1,0.99180469500237,-14.79,-70.72
2001-09-04,0.0,-4.809637909827006,1,1,0.9919150880929949,-14.79,-70.72
2001-09-05,4.0,-5.00152201052428,0,1,0.9933172598945907,-14.79,-70.72
2001-09-06,0.0,-4.939099063138384,1,1,0.9928898688658301,-14.79,-70.72
2001-09-07,-3.5,-5.14127199201466,1,1,0.9941837827715738,-14.79,-70.72
2001-09-08,-3.0,-4.505030894391006,1,1,0.9890675899489676,-14.79,-70.72
2001-09-09,-0.5,-4.381206331187028,1,1,0.9876443148091614,-14.79,-70.72
2001-09-10,-1.5,-4.857436025472368,1,1,0.9922895318466662,-14.79,-70.72
2001-09-11,-5.0,-4.159458072853563,1,1,0.9846240920888439,-14.79,-70.72
2001-09-12,-3.0,-4.600354490571448,1,1,0.9900516902381852,-14.79,-70.72
2001-09-13,-4.5,-5.01501347339674,1,1,0.9934062238636774,-14.79,-70.72
2001-09-14,1.0,-4.921097551387257,0,1,0.9927616516257312,-14.79,-70.72
2001-09-15,0.0,-4.174961917006692,1,1,0.9848570573134018,-14.79,-70.72
2001-09-16,-4.0,-4.285229604827648,1,1,0.9864165903960551,-14.79,-70.72
2001-09-17,-5.5,-3.8298654738746283,1,1,0.9787488793916325,-14.79,-70.72
2001-09-18,-7.0,-4.249230416332155,1,1,0.9859256980400855,-14.79,-70.72
2001-09-19,1.5,-4.284023098546344,0,1,0.9864004150475552,-14.79,-70.72
2001-09-20,4.5,-3.60120230885661,0,1,0.9734341160001131,-14.79,-70.72
2001-09-21,-4.0,-3.82912626310528,1,1,0.9787334987270272,-14.79,-70.72
2001-09-22,0.5,-3.269750635355327,0,1,0.963376374575012,-14.79,-70.72
2001-09-23,1.5,-2.9653019200846287,0,1,0.95098173721793,-14.79,-70.72
2001-09-24,-1.0,-2.9316471570811315,1,1,0.9493888789759704,-14.79,-70.72
2001-09-25,-7.5,-2.886774423726897,1,1,0.9471887636549349,-14.79,-70.72
2001-09-26,-8.5,-3.5965540695422007,1,1,0.9733136469994796,-14.79,-70.72
2001-09-27,-10.0,-3.6339238292914082,1,1,0.9742673171643278,-14.79,-70.72
2001-09-28,-5.0,-3.4592350097629274,1,1,0.9695053581355683,-14.79,-70.72
2001-09-29,-1.0,-3.551421212722526,1,1,0.9721159761854026,-14.79,-70.72
2001-09-30,0.0,-3.039335501463988,1,1,0.9543198701718051,-14.79,-70.72
2001-10-01,-2.0,-2.221365363504936,1,1,0.9021517879142898,-14.79,-70.72
2001-10-02,-1.5,-2.423172934559998,1,1,0.9185773731776025,-14.79,-70.72
2001-10-03,-1.5,-2.8427979082522867,1,1,0.9449452012842606,-14.79,-70.72
2001-10-04,1.0,-2.265778155590628,0,1,0.9060028641810093,-14.79,-70.72
2001-10-05,0.0,-2.296721927125183,1,1,0.9086051862805357,-14.79,-70.72
2001-10-06,2.5,-2.7045849709815863,0,1,0.9372966510913922,-14.79,-70.72
2001-10-07,0.0,-1.9314406797082697,1,1,0.8734087955957611,-14.79,-70.72
2001-10-08,-3.0,-2.0371904534950573,1,1,0.884646872461721,-14.79,-70.72
2001-10-09,-2.0,-2.311636637992099,1,1,0.9098362058096843,-14.79,-70.72
2001-10-10,-4.5,-1.8030162514075574,1,1,0.8585157049060257,-14.79,-70.72
2001-10-11,1.5,-1.896150447094783,0,1,0.8694552115048518,-14.79,-70.72
2001-10-12,1.5,-1.76184594121422,0,1,0.8534407005909357,-14.79,-70.72
2001-10-13,2.0,-1.18460173048513,0,1,0.7657741981379683,-14.79,-70.72
2001-10-14,0.0,-2.149508557743657,1,1,0.8956228445297401,-14.79,-70.72
2001-10-15,0.0,-1.7331701725205662,1,1,0.8498174710533917,-14.79,-70.72
2001-10-16,0.0,-1.9850170327223795,1,1,0.8792149654246301,-14.79,-70.72
2001-10-17,-1.0,-1.9850706211752718,1,1,0.8792206561888627,-14.79,-70.72
2001-10-18,-5.5,-2.008694637717877,1,1,0.8817069409750873,-14.79,-70.72
2001-10-19,-4.5,-1.4606089285338855,1,1,0.8116257911505247,-14.79,-70.72
2001-10-20,-3.5,-1.5190022304126742,1,1,0.8203915069563796,-14.79,-70.72
2001-10-21,-5.0,-2.0440833618893928,1,1,0.8853484088064109,-14.79,-70.72
2001-10-22,-5.0,-1.8518976026482328,1,1,0.864349749366345,-14.79,-70.72
2001-10-23,-1.5,-1.794208248156933,1,1,0.8574424454651045,-14.79,-70.72
2001-10-24,-4.5,-1.906548078264532,1,1,0.8706308455001167,-14.79,-70.72
2001-10-25,-2.5,-1.9982145030637593,1,1,0.8806094847557709,-14.79,-70.72
2001-10-26,-3.0,-2.927340575067066,1,1,0.9491815483473893,-14.79,-70.72
2001-10-27,-1.0,-2.223431870814542,1,1,0.9023340551175157,-14.79,-70.72
2001-10-28,2.0,-2.157822382000625,0,1,0.8963974897676548,-14.79,-70.72
2001-10-29,-1.0,-1.9255358434958298,1,1,0.87275448142685,-14.79,-70.72
2001-10-30,1.0,-1.5847996146119763,0,1,0.8298831868101396,-14.79,-70.72
2001-10-31,1.0,-1.6375110749100346,0,1,0.8371959843899149,-14.79,-70.72
2001-11-01,1.5,-1.7730055677982706,0,1,0.854831044697973,-14.79,-70.72
2001-11-02,2.0,-1.612950807891257,0,1,0.833820664331388,-14.79,-70.72
2001-11-03,3.0,-1.7971769218475866,0,1,0.8578049360755357,-14.79,-70.72
2001-11-04,-3.5,-1.783280988604862,1,1,0.85610152890813,-14.79,-70.72
2001-11-05,-3.0,-1.7592609427467507,1,1,0.8531170743337911,-14.79,-70.72
2001-11-06,-2.0,-1.7765019405125138,1,1,0.8552643887667567,-14.79,-70.72
2001-11-07,0.0,-1.4281851626052449,1,1,0.8066183855728757,-14.79,-70.72
2001-11-08,2.0,-1.6468643759369068,0,1,0.8384668114125297,-14.79,-70.72
2001-11-09,-0.5,-1.5308489468256345,1,1,0.822130491312057,-14.79,-70.72
2001-11-10,-2.5,-0.8980866383592976,1,1,0.7105561475727643,-14.79,-70.72
2001-11-11,-2.5,-1.4084582653389943,1,1,0.8035226577163026,-14.79,-70.72
2001-11-12,-2.0,-1.5195083557496178,1,1,0.8204660720685765,-14.79,-70.72
2001-11-13,-1.0,-2.096064547005395,1,1,0.8905200847621308,-14.79,-70.72
2001-11-14,-1.5,-1.456798549497003,1,1,0.8110425328518192,-14.79,-70.72
2001-11-15,-1.0,-0.9944147233016345,1,1,0.7299590304434176,-14.79,-70.72
2001-11-16,0.0,-1.1616841259740358,1,1,0.7616385946150652,-14.79,-70.72
2001-11-17,0.5,-0.923655973402008,0,1,0.7157864494580773,-14.79,-70.72
2001-11-18,-2.5,-0.6543284880967457,1,1,0.6579852135937347,-14.79,-70.72
2001-11-19,-2.5,-0.5160747033289108,1,1,0.6262294435188167,-14.79,-70.72
2001-11-20,0.0,-0.7680003541360603,1,1,0.6830881715251116,-14.79,-70.72
2001-11-21,-2.0,-1.3712960838607944,1,1,0.7975894747073394,-14.79,-70.72
2001-11-22,-1.0,-1.1686092450956154,1,1,0.7628935382476342,-14.79,-70.72
2001-11-23,1.5,-0.6896522223689194,0,1,0.6658895574211776,-14.79,-70.72
2001-11-24,-0.5,-0.8164785861463044,1,1,0.6934883308313036,-14.79,-70.72
2001-11-25,1.0,-1.0696175874559417,0,1,0.7445241847336174,-14.79,-70.72
2001-11-26,1.5,-1.2289197891592378,0,1,0.7736294561886379,-14.79,-70.72
2001-11-27,-5.0,-1.04434412447663,1,1,0.7396873377053326,-14.79,-70.72
2001-11-28,4.5,-0.8908230062110531,0,1,0.7090599829540792,-14.79,-70.72
2001-11-29,4.0,-0.8980903109569232,0,1,0.7105569029010427,-14.79,-70.72
2001-11-30,-0.5,-0.4777300781506999,1,1,0.617211722707475,-14.79,-70.72
2001-12-01,-2.0,-0.7259346651157896,1,1,0.673912529633901,-14.79,-70.72
2001-12-02,0.0,-0.4240109278542601,1,1,0.6044426301820013,-14.79,-70.72
2001-12-03,0.0,-0.6674058177757467,1,1,0.660922035256598,-14.79,-70.72
2001-12-04,-5.0,-0.4057199938278666,1,1,0.6000611710132355,-14.79,-70.72
2001-12-05,2.5,-0.48672120955029463,0,1,0.619333729501835,-14.79,-70.72
2001-12-06,0.5,-0.16369191453838328,0,1,0.5408318450722875,-14.79,-70.72
2001-12-07,0.5,-0.08875932796574704,0,1,0.5221752754309312,-14.79,-70.72
2001-12-08,0.5,-0.1871487522355193,0,1,0.5466511059002647,-14.79,-70.72
2001-12-09,2.5,0.04978794456909652,0,0,0.48755558439386343,-14.79,-70.72
2001-12-10,-1.0,0.37256880195946174,1,0,0.4079204545872776,-14.79,-70.72
2001-12-11,-4.0,0.1837470538045496,1,0,0.45419204849346567,-14.79,-70.72
2001-12-12,0.0,0.3100111523195741,1,0,0.42311201671558474,-14.79,-70.72
2001-12-13,-2.5,0.2816959907629384,1,0,0.43003803046674377,-14.79,-70.72
2001-12-14,0.5,0.5145788731329981,0,0,0.3741207457193414,-14.79,-70.72
2001-12-15,-1.0,0.7602626122163718,1,0,0.31858925297210827,-14.79,-70.72
2001-12-16,2.0,0.6548452955292019,0,0,0.34189849321191035,-14.79,-70.72
2001-12-17,0.0,0.6587225964254575,1,0,0.3410266208924424,-14.79,-70.72
2001-12-18,3.5,0.6511336487676198,0,0,0.34273411765825273,-14.79,-70.72
2001-12-19,5.0,0.3630950848632448,0,0,0.41021054019415043,-14.79,-70.72
2001-12-20,4.5,0.757639397535864,0,0,0.31915899781969886,-14.79,-70.72
2001-12-21,3.0,0.859550154172454,0,0,0.2974333399083554,-14.79,-70.72
2001-12-22,3.0,0.8653566798006169,0,0,0.2962213980308523,-14.79,-70.72
2001-12-23,1.0,0.8252213679115226,0,0,0.30465643384902524,-14.79,-70.72
2001-12-24,3.5,1.151140601808069,0,0,0.24028080914381447,-14.79,-70.72
2001-12-25,3.0,0.8715744619467163,0,0,0.2949267948652099,-14.79,-70.72
2001-12-26,1.5,1.1846774096086836,0,0,0.23421222801901773,-14.79,-70.72
2001-12-27,2.5,1.170052748423089,0,0,0.23684544988006104,-14.79,-70.72
2001-12-28,1.0,0.9465937842392576,0,0,0.27957035513965556,-14.79,-70.72
2001-12-29,4.5,1.0453807228025491,0,0,0.26011311490490635,-14.79,-70.72
2001-12-30,4.5,0.9194324411466823,0,0,0.2850735524402913,-14.79,-70.72
2001-12-31,-0.5,0.739638266192566,1,0,0.32308325004944843,-14.79,-70.72
2002-01-01,3.0,1.0592456416145657,0,0,0.25745363995482073,-14.79,-70.72
2002-01-02,5.0,1.3332985725503352,0,0,0.20861426607693362,-14.79,-70.72
2002-01-03,2.5,1.4440181618969508,0,0,0.19092388426755721,-14.79,-70.72
2002-01-04,3.0,1.1658813642513008,0,0,0.23760025371355353,-14.79,-70.72
2002-01-05,2.0,1.1340001748893878,0,0,0.24342363850178927,-14.79,-70.72
2002-01-06,1.0,1.3902642340077618,0,0,0.1993655767450476,-14.79,-70.72
2002-01-07,-1.0,1.3681913892720088,1,0,0.20291221187102912,-14.79,-70.72
2002-01-08,-2.0,1.2689977456508723,1,0,0.21942886977943354,-14.79,-70.72
2002-01-09,-1.0,0.9839798816857295,1,0,0.27210280231300915,-14.79,-70.72
2002-01-10,1.5,1.151621649814028,0,0,0.2401930067539625,-14.79,-70.72
2002-01-11,2.5,0.9175174222047167,0,0,0.2854640065691795,-14.79,-70.72
2002-01-12,3.0,0.9900354176760429,0,0,0.2709050820532817,-14.79,-70.72
2002-01-13,1.5,1.4062920495685756,0,0,0.1968195562944951,-14.79,-70.72
2002-01-14,-3.0,1.2906498937577124,1,0,0.2157428298750063,-14.79,-70.72
2002-01-15,3.0,1.395350624987847,0,0,0.1985549337280891,-14.79,-70.72
2002-01-16,2.5,1.1811599479420378,0,0,0.23484369860935791,-14.79,-70.72
2002-01-17,1.5,1.4812699049976574,0,0,0.18523568426591766,-14.79,-70.72
2002-01-18,3.5,1.5378776884239853,0,0,0.17684400825336752,-14.79,-70.72
2002-01-19,3.5,1.3679579468122869,0,0,0.20294997120365363,-14.79,-70.72
2002-01-20,2.5,1.4649387968079397,0,0,0.18771311108408517,-14.79,-70.72
2002-01-21,2.0,1.657143417092299,0,0,0.1601458320045564,-14.79,-70.72
2002-01-22,3.5,1.6949168540802386,0,0,0.15513031982579195,-14.79,-70.72
2002-01-23,5.5,1.3799830313005952,0,0,0.20101172501183326,-14.79,-70.72
2002-01-24,5.0,1.2684173004215564,0,0,0.21952830453672664,-14.79,-70.72
2002-01-25,5.5,1.2660157388551827,0,0,0.21994005474069325,-14.79,-70.72
2002-01-26,1.5,1.5081292924768404,0,0,0.18121619740001865,-14.79,-70.72
2002-01-27,2.5,1.4636691689607426,0,0,0.1879067767612513,-14.79,-70.72
2002-01-28,3.0,0.9021969390007092,0,0,0.2885992350510918,-14.79,-70.72
2002-01-29,3.5,0.9669781521090615,0,0,0.2754832301566494,-14.79,-70.72
2002-01-30,5.0,0.9740063609562348,0,0,0.27408267012967985,-14.79,-70.72
2002-01-31,3.0,1.2406640941692268,0,0,0.224320411682998,-14.79,-70.72
2002-02-01,5.0,1.1086100621951607,0,0,0.24813010673151242,-14.79,-70.72
2002-02-02,5.0,1.6093601617044113,0,0,0.16667746565899455,-14.79,-70.72
2002-02-03,5.0,1.89542620834112,0,0,0.13062701365307589,-14.79,-70.72
2002-02-04,4.5,1.6242648372965336,0,0,0.16461753651932773,-14.79,-70.72
2002-02-05,5.0,1.7976296725061465,0,0,0.14213984832435864,-14.79,-70.72
2002-02-06,5.0,1.7236180514612478,0,0,0.15140572253976267,-14.79,-70.72
2002-02-07,5.0,1.8520022308158097,0,0,0.13563798352606574,-14.79,-70.72
2002-02-08,-0.5,2.0081984461526963,1,0,0.11834482151422694,-14.79,-70.72
2002-02-09,4.5,1.859059643938492,0,0,0.13481269576083454,-14.79,-70.72
2002-02-10,3.5,2.094189309336463,0,0,0.10966287370821055,-14.79,-70.72
2002-02-11,2.5,2.230377443796871,0,0,0.0970555583749955,-14.79,-70.72
2002-02-12,4.5,1.7013738315914413,0,0,0.15428591994684532,-14.79,-70.72
2002-02-13,5.0,2.052398640478734,0,0,0.11381023628812227,-14.79,-70.72
2002-02-14,4.5,1.7273953418820867,0,0,0.15092104736798967,-14.79,-70.72
2002-02-15,4.0,1.8180284841185737,0,0,0.1396706074382487,-14.79,-70.72
2002-02-16,5.5,1.840927267745914,0,0,0.13694166315876016,-14.79,-70.72
2002-02-17,5.5,1.7120657586917902,0,0,0.1528959693071397,-14.79,-70.72
2002-02-18,4.5,2.105619090460677,0,0,0.10855187377896988,-14.79,-70.72
2002-02-19,3.0,1.521720864992444,0,0,0.1792082530560576,-14.79,-70.72
2002-02-20,5.5,1.5589949195748565,0,0,0.17379091682592412,-14.79,-70.72
2002-02-21,5.0,1.5136631813221166,0,0,0.18039654425249366,-14.79,-70.72
2002-02-22,4.0,1.3408843599294435,0,0,0.20736466351106372,-14.79,-70.72
2002-02-23,4.0,1.2685819622223118,0,0,0.219500093406617,-14.79,-70.72
2002-02-24,4.0,1.2133379394284125,0,0,0.22911097397062896,-14.79,-70.72
2002-02-25,2.5,1.0797892186651943,0,0,0.25354590714550895,-14.79,-70.72
2002-02-26,5.0,0.9771017000430797,0,0,0.2734672481053943,-14.79,-70.72
2002-02-27,4.0,1.1795077868618433,0,0,0.23514070900962689,-14.79,-70.72
2002-02-28,5.5,1.0046193409844415,0,0,0.2680341737621786,-14.79,-70.72
2002-03-01,5.0,1.2996580103448787,0,0,0.21422257888264692,-14.79,-70.72
2002-03-02,5.0,1.3533653226227687,0,0,0.205320727317005,-14.79,-70.72
2002-03-03,4.5,0.9484314552676381,0,0,0.27920037837302086,-14.79,-70.72
2002-03-04,1.0,0.9978757590536134,0,0,0.26935927742582705,-14.79,-70.72
2002-03-05,4.0,0.8888547641993627,0,0,0.29134622042665603,-14.79,-70.72
2002-03-06,-0.5,0.6010598817622839,1,0,0.35410124698150575,-14.79,-70.72
2002-03-07,3.5,0.5014026262412807,0,0,0.3772111030863905,-14.79,-70.72
2002-03-08,2.5,0.5338395694000022,0,0,0.3696218155214776,-14.79,-70.72
2002-03-09,4.5,0.5911958317752779,0,0,0.3563605220322812,-14.79,-70.72
2002-03-10,4.0,0.595307779938195,0,0,0.35541793199581045,-14.79,-70.72
2002-03-11,0.5,0.322198924353013,0,0,0.4201399468106327,-14.79,-70.72
2002-03-12,5.0,0.18562469962787187,0,0,0.45372661719934054,-14.79,-70.72
2002-03-13,4.5,0.1199916371802372,0,0,0.4700380314323801,-14.79,-70.72
2002-03-14,5.0,-0.07069473558016304,0,1,0.517666326857162,-14.79,-70.72
2002-03-15,3.0,-0.1437501546338309,0,1,0.5358757815090682,-14.79,-70.72
2002-03-16,4.5,-0.3270120160784713,0,1,0.5810321772152273,-14.79,-70.72
2002-03-17,3.0,-0.47392073113417243,0,1,0.6163113200612499,-14.79,-70.72
2002-03-18,4.0,-0.35558537438363436,0,1,0.5879713591886331,-14.79,-70.72
2002-03-19,1.5,-0.520552610492059,0,1,0.6272769760466089,-14.79,-70.72
2002-03-20,1.5,-0.47516024195938256,0,1,0.6166043869758036,-14.79,-70.72
2002-03-21,4.5,-0.825325718828986,0,1,0.6953656714917024,-14.79,-70.72
2002-03-22,4.5,-0.9691566097290689,0,1,0.7249513603058519,-14.79,-70.72
2002-03-23,-0.5,-1.3428910775719087,1,1,0.7929649760639521,-14.79,-70.72
2002-03-24,1.5,-1.2387283978383725,0,1,0.7753425959507525,-14.79,-70.72
2002-03-25,0.0,-1.4640911153095328,1,1,0.8121576028528472,-14.79,-70.72
2002-03-26,0.0,-1.7383349867266644,1,1,0.8504754543334154,-14.79,-70.72
2002-03-27,0.0,-1.3822191829756392,1,1,0.7993471742860556,-14.79,-70.72
2002-03-28,4.0,-1.5059934325571813,0,1,0.8184666745487965,-14.79,-70.72
2002-03-29,3.0,-1.996792837797399,0,1,0.880459935063022,-14.79,-70.72
2002-03-30,6.0,-2.0867686864106503,0,1,0.8896104980900035,-14.79,-70.72
2002-03-31,3.0,-2.3607863151011284,0,1,0.913787771314846,-14.79,-70.72
2002-04-01,5.0,-2.7684650842718175,0,1,0.9409477565280046,-14.79,-70.72
2002-04-02,-0.5,-3.1143522245524826,1,1,0.9574808934136223,-14.79,-70.72
2002-04-03,2.5,-2.904803845854307,0,1,0.9480833979166984,-14.79,-70.72
2002-04-04,2.5,-3.01017528135618,0,1,0.9530317009375646,-14.79,-70.72
2002-04-05,3.5,-3.1974638374079727,0,1,0.9607387252934008,-14.79,-70.72
2002-04-06,2.0,-3.485621950814607,0,1,0.9702758899445924,-14.79,-70.72
2002-04-07,-1.0,-3.9378738415088206,1,1,0.9808829746227391,-14.79,-70.72
2002-04-08,-2.0,-3.7767435625414536,1,1,0.9776154097120952,-14.79,-70.72
2002-04-09,-1.0,-4.449420502843416,1,1,0.9884496332950677,-14.79,-70.72
2002-04-10,0.0,-4.563880029604652,1,1,0.9896859439001046,-14.79,-70.72
2002-04-11,2.0,-4.697680719744934,0,1,0.9909659617912665,-14.79,-70.72
2002-04-12,1.5,-5.272072191297492,0,1,0.9948932496970686,-14.79,-70.72
2002-04-13,3.5,-5.2592866454256155,0,1,0.9948278777908449,-14.79,-70.72
2002-04-14,1.0,-4.967138936917655,0,1,0.9930851074187914,-14.79,-70.72
2002-04-15,2.5,-5.466121968127806,0,1,0.9957902021628153,-14.79,-70.72
2002-04-16,3.5,-5.1548096240703565,0,1,0.9942615412264765,-14.79,-70.72
2002-04-17,2.0,-5.316158991263242,0,1,0.9951124227675676,-14.79,-70.72
2002-04-18,4.0,-5.416606514069995,0,1,0.9955774502038672,-14.79,-70.72
2002-04-19,0.0,-5.444629945931846,1,1,0.9956991391647436,-14.79,-70.72
2002-04-20,4.5,-5.912046946904855,0,1,0.9973006652667146,-14.79,-70.72
2002-04-21,3.5,-6.093607043250696,0,1,0.9977478315057814,-14.79,-70.72
2002-04-22,3.0,-6.224690659778599,0,1,0.9980239762064977,-14.79,-70.72
2002-04-23,1.5,-6.381002312208342,0,1,0.9983094380740425,-14.79,-70.72
2002-04-24,2.5,-6.574293859201349,0,1,0.998606154321953,-14.79,-70.72
2002-04-25,-2.5,-6.231812688229814,1,1,0.9980379719936147,-14.79,-70.72
2002-04-26,1.0,-6.817982475269303,0,1,0.9989072696462307,-14.79,-70.72
2002-04-27,2.0,-6.87583032611788,0,1,0.9989686248122889,-14.79,-70.72
2002-04-28,-0.5,-7.117940940234537,1,1,0.9991902225051712,-14.79,-70.72
2002-04-29,-3.5,-7.604865076001573,1,1,0.9995022252908884,-14.79,-70.72
2002-04-30,-4.0,-7.773001034394319,1,1,0.9995792290330914,-14.79,-70.72
2002-05-01,-2.0,-7.809102704005259,1,1,0.9995941425806086,-14.79,-70.72
2002-05-02,-1.0,-7.922675493948855,1,1,0.9996376999636136,-14.79,-70.72
2002-05-03,-1.0,-8.277298326812026,1,1,0.999745841512146,-14.79,-70.72
2002-05-04,3.5,-8.728105417164713,0,1,0.9998380572002553,-14.79,-70.72
2002-05-05,-2.0,-9.554148615484136,1,1,0.9999290985390927,-14.79,-70.72
2002-05-06,0.0,-9.120931420884789,1,1,0.9998906591802951,-14.79,-70.72
2002-05-07,-1.0,-8.687778276768922,1,1,0.9998313941637129,-14.79,-70.72
2002-05-08,-2.5,-8.668758002314785,1,1,0.9998281570981719,-14.79,-70.72
2002-05-09,-2.5,-8.877416440392004,1,1,0.999860515341098,-14.79,-70.72
2002-05-10,-3.0,-9.314006431917761,1,1,0.9999098554964736,-14.79,-70.72
2002-05-11,-2.5,-8.693616045481596,1,1,0.9998323754136571,-14.79,-70.72
2002-05-12,-2.5,-8.721885280520302,1,1,0.9998370469192706,-14.79,-70.72
2002-05-13,-3.5,-8.485349893740828,1,1,0.9997935714775155,-14.79,-70.72
2002-05-14,-2.5,-8.6905673486364,1,1,0.9998318636833745,-14.79,-70.72
2002-05-15,-4.0,-8.97662153858673,1,1,0.9998736870322301,-14.79,-70.72
2002-05-16,-5.0,-9.004720282321959,1,1,0.9998771864373633,-14.79,-70.72
2002-05-17,-2.5,-8.692715275714708,1,1,0.9998322243798171,-14.79,-70.72
2002-05-18,0.5,-8.715005391953717,0,1,0.9998359221394376,-14.79,-70.72
2002-05-19,-3.5,-9.34961973020755,1,1,0.999913009072375,-14.79,-70.72
2002-05-20,-5.0,-8.984896646135171,1,1,0.999874727842335,-14.79,-70.72
2002-05-21,-6.5,-9.703025679656044,1,1,0.999938905381717,-14.79,-70.72
2002-05-22,-5.5,-9.77583470487771,1,1,0.9999431953012503,-14.79,-70.72
2002-05-23,1.0,-9.235861371740256,0,1,0.9999025293106474,-14.79,-70.72
2002-05-24,1.0,-9.704690039109568,0,1,0.9999390069743538,-14.79,-70.72
2002-05-25,2.5,-9.582016865219416,0,1,0.9999310470259049,-14.79,-70.72
2002-05-26,-5.0,-9.946923345505153,1,1,0.9999521275903791,-14.79,-70.72
2002-05-27,-6.0,-9.845850533495732,1,1,0.9999470362848463,-14.79,-70.72
2002-05-28,-5.5,-9.534210765588323,1,1,0.9999276708332562,-14.79,-70.72
2002-05-29,-4.5,-10.20218894174025,1,1,0.9999629123315388,-14.79,-70.72
2002-05-30,-4.0,-10.491942788845233,1,1,0.9999722415579959,-14.79,-70.72
2002-05-31,-2.0,-10.303428059466537,1,1,0.9999664831270876,-14.79,-70.72
2002-06-01,-1.5,-9.872482021253944,1,1,0.9999484280993312,-14.79,-70.72
2002-06-02,-4.5,-10.013471567504448,1,1,0.9999552095835039,-14.79,-70.72
2002-06-03,-5.5,-10.456508376196041,1,1,0.9999712403483146,-14.79,-70.72
2002-06-04,-3.5,-10.93831225474468,1,1,0.9999822358827303,-14.79,-70.72
2002-06-05,-3.5,-9.91196665205862,1,1,0.9999504246205073,-14.79,-70.72
2002-06-06,-7.0,-10.109825384905662,1,1,0.9999593237454468,-14.79,-70.72
2002-06-07,-7.0,-10.290488698289732,1,1,0.9999660466370273,-14.79,-70.72
2002-06-08,-5.5,-10.47588142210784,1,1,0.9999717921325227,-14.79,-70.72
2002-06-09,-5.5,-10.654421931710617,1,1,0.9999764042873002,-14.79,-70.72
2002-06-10,-7.0,-10.737754481218037,1,1,0.9999782908383488,-14.79,-70.72
2002-06-11,-4.5,-10.898214374568438,1,1,0.9999815091189871,-14.79,-70.72
2002-06-12,-3.5,-11.102587577580106,1,1,0.9999849269571415,-14.79,-70.72
2002-06-13,-6.5,-10.631127333370827,1,1,0.9999758481961113,-14.79,-70.72
2002-06-14,-7.0,-10.434427202567989,1,1,0.9999705982571493,-14.79,-70.72
2002-06-15,-6.0,-10.47537083857478,1,1,0.9999717777267793,-14.79,-70.72
2002-06-16,-5.0,-10.542408583555579,1,1,0.9999736076134139,-14.79,-70.72
2002-06-17,-6.0,-10.459363039750848,1,1,0.9999713223280217,-14.79,-70.72
2002-06-18,-9.0,-11.02967855419747,1,1,0.9999837869610719,-14.79,-70.72
2002-06-19,-8.0,-11.115384373037111,1,1,0.9999851186120178,-14.79,-70.72
2002-06-20,-8.5,-11.316038148002143,1,1,0.9999878240799615,-14.79,-70.72
2002-06-21,-9.0,-11.12950734876581,1,1,0.9999853273012899,-14.79,-70.72
2002-06-22,-8.0,-11.453102792729272,1,1,0.9999893836300071,-14.79,-70.72
2002-06-23,-8.5,-11.124398778836248,1,1,0.9999852521541038,-14.79,-70.72
2002-06-24,-9.5,-10.989882482405193,1,1,0.9999831287463842,-14.79,-70.72
2002-06-25,-8.5,-11.119141705382114,1,1,0.9999851744205979,-14.79,-70.72
2002-06-26,-7.0,-11.280643170226579,1,1,0.9999873854012645,-14.79,-70.72
2002-06-27,-6.5,-10.992369991177027,1,1,0.9999831706609161,-14.79,-70.72
2002-06-28,-9.5,-11.034943083844162,1,1,0.9999838720894425,-14.79,-70.72
2002-06-29,-6.5,-10.540064985827724,1,1,0.9999735456893788,-14.79,-70.72
2002-06-30,-1.5,-11.672468406720673,1,1,0.9999914747391073,-14.79,-70.72
2002-07-01,-8.0,-12.281230810970948,1,1,0.999995362037706,-14.79,-70.72
2002-07-02,-7.0,-11.546754374680987,1,1,0.9999903327245593,-14.79,-70.72
2002-07-03,-2.0,-10.898115806896886,1,1,0.9999815072963278,-14.79,-70.72
2002-07-04,-2.0,-11.342754780703308,1,1,0.9999881450687264,-14.79,-70.72
2002-07-05,0.0,-11.284826364848481,1,1,0.9999874380597061,-14.79,-70.72
2002-07-06,-5.5,-11.204778767912131,1,1,0.9999863911790585,-14.79,-70.72
2002-07-07,-12.5,-11.265226132841992,1,1,0.9999871894171504,-14.79,-70.72
2002-07-08,-5.5,-11.402245127476466,1,1,0.9999888297470292,-14.79,-70.72
2002-07-09,-5.5,-11.061640972179191,1,1,0.9999842969669338,-14.79,-70.72
2002-07-10,0.0,-11.198887611329948,1,1,0.9999863107718477,-14.79,-70.72
2002-07-11,-1.5,-11.439984870267008,1,1,0.9999892434493575,-14.79,-70.72
2002-07-12,-0.5,-11.419212624704656,1,1,0.999989017677322,-14.79,-70.72
2002-07-13,-1.5,-11.194483074102521,1,1,0.9999862503449832,-14.79,-70.72
2002-07-14,-3.0,-11.012456652151212,1,1,0.9999835053281428,-14.79,-70.72
2002-07-15,-10.0,-10.880879448310637,1,1,0.9999811857926362,-14.79,-70.72
2002-07-16,-9.0,-11.241827659314467,1,1,0.9999868861387079,-14.79,-70.72
2002-07-17,-5.0,-10.654543062463723,1,1,0.9999764071452263,-14.79,-70.72
2002-07-18,-7.0,-10.151859804225534,1,1,0.99996099804586,-14.79,-70.72
2002-07-19,-4.0,-10.33067454452729,1,1,0.9999673839859302,-14.79,-70.72
2002-07-20,-11.0,-10.744998540545886,1,1,0.9999784475291903,-14.79,-70.72
2002-07-21,-13.5,-10.55291160841482,1,1,0.9999738833554691,-14.79,-70.72
2002-07-22,-15.0,-10.603361551114492,1,1,0.9999751682227231,-14.79,-70.72
2002-07-23,-10.5,-10.098320400764258,1,1,0.9999588530827475,-14.79,-70.72
2002-07-24,-9.5,-10.07512846197079,1,1,0.999957887694809,-14.79,-70.72
2002-07-25,-8.5,-9.363135671372639,1,1,0.9999141768263031,-14.79,-70.72
2002-07-26,-5.0,-9.29286649230835,1,1,0.9999079297390866,-14.79,-70.72
2002-07-27,-10.5,-9.477567340861855,1,1,0.9999234559287211,-14.79,-70.72
2002-07-28,-5.0,-9.865827749732382,1,1,0.9999480837994553,-14.79,-70.72
2002-07-29,-5.0,-9.490698651347577,1,1,0.9999244544067444,-14.79,-70.72
2002-07-30,-7.5,-9.719575592264892,1,1,0.9999399081111217,-14.79,-70.72
2002-07-31,-7.0,-8.881097275984061,1,1,0.9998610277462259,-14.79,-70.72
2002-08-01,-8.0,-8.624771831823667,1,1,0.9998204310707668,-14.79,-70.72
2002-08-02,-7.0,-8.253368206775304,1,1,0.9997396877153679,-14.79,-70.72
2002-08-03,-7.0,-8.160352366300403,1,1,0.9997143199521441,-14.79,-70.72
2002-08-04,-8.0,-8.547572360659053,1,1,0.999806022106683,-14.79,-70.72
2002-08-05,-6.5,-8.379032713374663,1,1,0.9997704207607452,-14.79,-70.72
2002-08-06,-5.0,-8.237671516049947,1,1,0.9997355705258227,-14.79,-70.72
2002-08-07,-6.0,-8.209079492805412,1,1,0.9997279029154651,-14.79,-70.72
2002-08-08,-5.0,-8.397635640873482,1,1,0.9997746511732293,-14.79,-70.72
2002-08-09,-5.0,-8.293129520595627,1,1,0.99974983246372,-14.79,-70.72
2002-08-10,-7.0,-7.646663485360774,1,1,0.9995225929164676,-14.79,-70.72
2002-08-11,-8.5,-7.515219475673511,1,1,0.9994555661212731,-14.79,-70.72
2002-08-12,-9.0,-7.5807270180346435,1,1,0.9994900699905838,-14.79,-70.72
2002-08-13,-6.5,-6.849715451527224,1,1,0.9989413646940881,-14.79,-70.72
2002-08-14,-7.0,-6.270061188864387,1,1,0.9981114605262841,-14.79,-70.72
2002-08-15,-4.5,-5.924375493508797,1,1,0.9973336516527962,-14.79,-70.72
2002-08-16,-5.5,-5.9815271238666785,1,1,0.9974813919946379,-14.79,-70.72
2002-08-17,-3.0,-5.918969580081768,1,1,0.9973192373188907,-14.79,-70.72
2002-08-18,0.0,-6.369495371379983,1,1,0.9982899059829995,-14.79,-70.72
2002-08-19,-7.0,-5.725584935445204,1,1,0.9967491574609468,-14.79,-70.72
2002-08-20,-4.0,-6.177071586349685,1,1,0.9979278031063651,-14.79,-70.72
2002-08-21,-6.0,-6.141125130242767,1,1,0.9978521228943241,-14.79,-70.72
2002-08-22,-5.5,-5.55375934011387,1,1,0.9961420708544706,-14.79,-70.72
2002-08-23,-4.5,-4.9033610010197926,1,1,0.9926330772227242,-14.79,-70.72
2002-08-24,-5.5,-5.216759241390585,1,1,0.9946043891481148,-14.79,-70.72
2002-08-25,-5.0,-4.945748153084922,1,1,0.9929366551258814,-14.79,-70.72
2002-08-26,-6.0,-5.037495932552385,1,1,0.9935518689035439,-14.79,-70.72
2002-08-27,0.0,-5.049588521410363,1,1,0.9936288801451949,-14.79,-70.72
2002-08-28,-6.0,-4.776584348454815,1,1,0.9916456572402018,-14.79,-70.72
2002-08-29,-11.0,-4.608148852502424,1,1,0.990128167064759,-14.79,-70.72
2002-08-30,-11.5,-5.122969328455888,1,1,0.994076986677426,-14.79,-70.72
2002-08-31,-0.5,-4.752108144540122,1,1,0.991440423502188,-14.79,-70.72
2002-09-01,2.0,-5.308544444339236,0,1,0.9950752480094861,-14.79,-70.72
2002-09-02,0.0,-5.202945829730882,1,1,0.9945297507430559,-14.79,-70.72
2002-09-03,0.0,-4.795964778833746,1,1,0.99180469500237,-14.79,-70.72
2002-09-04,1.0,-4.809637909827006,0,1,0.9919150880929949,-14.79,-70.72
2002-09-05,-1.0,-5.00152201052428,1,1,0.9933172598945907,-14.79,-70.72
2002-09-06,-6.0,-4.939099063138384,1,1,0.9928898688658301,-14.79,-70.72
2002-09-07,-5.0,-5.14127199201466,1,1,0.9941837827715738,-14.79,-70.72
2002-09-08,-5.0,-4.505030894391006,1,1,0.9890675899489676,-14.79,-70.72
2002-09-09,-6.0,-4.381206331187028,1,1,0.9876443148091614,-14.79,-70.72
2002-09-10,0.5,-4.857436025472368,0,1,0.9922895318466662,-14.79,-70.72
2002-09-11,1.0,-4.159458072853563,0,1,0.9846240920888439,-14.79,-70.72
2002-09-12,-2.5,-4.600354490571448,1,1,0.9900516902381852,-14.79,-70.72
2002-09-13,1.0,-5.01501347339674,0,1,0.9934062238636774,-14.79,-70.72
2002-09-14,-2.0,-4.921097551387257,1,1,0.9927616516257312,-14.79,-70.72
2002-09-15,-5.0,-4.174961917006692,1,1,0.9848570573134018,-14.79,-70.72
2002-09-16,-8.0,-4.285229604827648,1,1,0.9864165903960551,-14.79,-70.72
2002-09-17,-2.0,-3.8298654738746283,1,1,0.9787488793916325,-14.79,-70.72
2002-09-18,1.5,-4.249230416332155,0,1,0.9859256980400855,-14.79,-70.72
2002-09-19,-1.0,-4.284023098546344,1,1,0.9864004150475552,-14.79,-70.72
2002-09-20,-2.5,-3.60120230885661,1,1,0.9734341160001131,-14.79,-70.72
2002-09-21,-0.5,-3.82912626310528,1,1,0.9787334987270272,-14.79,-70.72
2002-09-22,-0.5,-3.269750635355327,1,1,0.963376374575012,-14.79,-70.72
2002-09-23,-3.5,-2.9653019200846287,1,1,0.95098173721793,-14.79,-70.72
2002-09-24,-7.5,-2.9316471570811315,1,1,0.9493888789759704,-14.79,-70.72
2002-09-25,-4.0,-2.886774423726897,1,1,0.9471887636549349,-14.79,-70.72
2002-09-26,-2.0,-3.5965540695422007,1,1,0.9733136469994796,-14.79,-70.72
2002-09-27,-5.5,-3.6339238292914082,1,1,0.9742673171643278,-14.79,-70.72
2002-09-28,1.5,-3.4592350097629274,0,1,0.9695053581355683,-14.79,-70.72
2002-09-29,-3.5,-3.551421212722526,1,1,0.9721159761854026,-14.79,-70.72
2002-09-30,-2.5,-3.039335501463988,1,1,0.9543198701718051,-14.79,-70.72
2002-10-01,2.5,-2.221365363504936,0,1,0.9021517879142898,-14.79,-70.72
2002-10-02,-1.0,-2.423172934559998,1,1,0.9185773731776025,-14.79,-70.72
2002-10-03,-1.5,-2.8427979082522867,1,1,0.9449452012842606,-14.79,-70.72
2002-10-04,0.0,-2.265778155590628,1,1,0.9060028641810093,-14.79,-70.72
2002-10-05,3.5,-2.296721927125183,0,1,0.9086051862805357,-14.79,-70.72
2002-10-06,1.0,-2.7045849709815863,0,1,0.9372966510913922,-14.79,-70.72
2002-10-07,-0.5,-1.9314406797082697,1,1,0.8734087955957611,-14.79,-70.72
2002-10-08,2.0,-2.0371904534950573,0,1,0.884646872461721,-14.79,-70.72
2002-10-09,2.0,-2.311636637992099,0,1,0.9098362058096843,-14.79,-70.72
2002-10-10,3.0,-1.8030162514075574,0,1,0.8585157049060257,-14.79,-70.72
2002-10-11,1.5,-1.896150447094783,0,1,0.8694552115048518,-14.79,-70.72
2002-10-12,-2.0,-1.76184594121422,1,1,0.8534407005909357,-14.79,-70.72
2002-10-13,1.0,-1.18460173048513,0,1,0.7657741981379683,-14.79,-70.72
2002-10-14,0.5,-2.149508557743657,0,1,0.8956228445297401,-14.79,-70.72
2002-10-15,-1.5,-1.7331701725205662,1,1,0.8498174710533917,-14.79,-70.72
2002-10-16,0.0,-1.9850170327223795,1,1,0.8792149654246301,-14.79,-70.72
2002-10-17,3.0,-1.9850706211752718,0,1,0.8792206561888627,-14.79,-70.72
2002-10-18,0.0,-2.008694637717877,1,1,0.8817069409750873,-14.79,-70.72
2002-10-19,0.5,-1.4606089285338855,0,1,0.8116257911505247,-14.79,-70.72
2002-10-20,0.5,-1.5190022304126742,0,1,0.8203915069563796,-14.79,-70.72
2002-10-21,0.0,-2.0440833618893928,1,1,0.8853484088064109,-14.79,-70.72
2002-10-22,-0.5,-1.8518976026482328,1,1,0.864349749366345,-14.79,-70.72
2002-10-23,3.5,-1.794208248156933,0,1,0.8574424454651045,-14.79,-70.72
2002-10-24,2.5,-1.906548078264532,0,1,0.8706308455001167,-14.79,-70.72
2002-10-25,4.5,-1.9982145030637593,0,1,0.8806094847557709,-14.79,-70.72
2002-10-26,3.5,-2.927340575067066,0,1,0.9491815483473893,-14.79,-70.72
2002-10-27,4.0,-2.223431870814542,0,1,0.9023340551175157,-14.79,-70.72
2002-10-28,3.0,-2.157822382000625,0,1,0.8963974897676548,-14.79,-70.72
2002-10-29,1.5,-1.9255358434958298,0,1,0.87275448142685,-14.79,-70.72
2002-10-30,4.5,-1.5847996146119763,0,1,0.8298831868101396,-14.79,-70.72
2002-10-31,3.5,-1.6375110749100346,0,1,0.8371959843899149,-14.79,-70.72
2002-11-01,0.0,-1.7730055677982706,1,1,0.854831044697973,-14.79,-70.72
2002-11-02,2.0,-1.612950807891257,0,1,0.833820664331388,-14.79,-70.72
2002-11-03,3.0,-1.7971769218475866,0,1,0.8578049360755357,-14.79,-70.72
2002-11-04,3.0,-1.783280988604862,0,1,0.85610152890813,-14.79,-70.72
2002-11-05,3.0,-1.7592609427467507,0,1,0.8531170743337911,-14.79,-70.72
2002-11-06,-3.0,-1.7765019405125138,1,1,0.8552643887667567,-14.79,-70.72
2002-11-07,-6.0,-1.4281851626052449,1,1,0.8066183855728757,-14.79,-70.72
2002-11-08,-4.0,-1.6468643759369068,1,1,0.8384668114125297,-14.79,-70.72
2002-11-09,-1.5,-1.5308489468256345,1,1,0.822130491312057,-14.79,-70.72
2002-11-10,-0.5,-0.8980866383592976,1,1,0.7105561475727643,-14.79,-70.72
2002-11-11,-1.0,-1.4084582653389943,1,1,0.8035226577163026,-14.79,-70.72
2002-11-12,-1.0,-1.5195083557496178,1,1,0.8204660720685765,-14.79,-70.72
2002-11-13,-2.0,-2.096064547005395,1,1,0.8905200847621308,-14.79,-70.72
2002-11-14,-1.0,-1.456798549497003,1,1,0.8110425328518192,-14.79,-70.72
2002-11-15,-1.0,-0.9944147233016345,1,1,0.7299590304434176,-14.79,-70.72
2002-11-16,1.5,-1.1616841259740358,0,1,0.7616385946150652,-14.79,-70.72
2002-11-17,1.0,-0.923655973402008,0,1,0.7157864494580773,-14.79,-70.72
2002-11-18,2.5,-0.6543284880967457,0,1,0.6579852135937347,-14.79,-70.72
2002-11-19,-1.5,-0.5160747033289108,1,1,0.6262294435188167,-14.79,-70.72
2002-11-20,2.5,-0.7680003541360603,0,1,0.6830881715251116,-14.79,-70.72
2002-11-21,4.0,-1.3712960838607944,0,1,0.7975894747073394,-14.79,-70.72
2002-11-22,3.0,-1.1686092450956154,0,1,0.7628935382476342,-14.79,-70.72
2002-11-23,3.5,-0.6896522223689194,0,1,0.6658895574211776,-14.79,-70.72
2002-11-24,4.0,-0.8164785861463044,0,1,0.6934883308313036,-14.79,-70.72
2002-11-25,3.5,-1.0696175874559417,0,1,0.7445241847336174,-14.79,-70.72
2002-11-26,4.5,-1.2289197891592378,0,1,0.7736294561886379,-14.79,-70.72
2002-11-27,3.5,-1.04434412447663,0,1,0.7396873377053326,-14.79,-70.72
2002-11-28,3.5,-0.8908230062110531,0,1,0.7090599829540792,-14.79,-70.72
2002-11-29,3.5,-0.8980903109569232,0,1,0.7105569029010427,-14.79,-70.72
2002-11-30,3.0,-0.4777300781506999,0,1,0.617211722707475,-14.79,-70.72
2002-12-01,3.5,-0.7259346651157896,0,1,0.673912529633901,-14.79,-70.72
2002-12-02,2.5,-0.4240109278542601,0,1,0.6044426301820013,-14.79,-70.72
2002-12-03,4.5,-0.6674058177757467,0,1,0.660922035256598,-14.79,-70.72
2002-12-04,4.5,-0.4057199938278666,0,1,0.6000611710132355,-14.79,-70.72
2002-12-05,1.5,-0.48672120955029463,0,1,0.619333729501835,-14.79,-70.72
2002-12-06,2.0,-0.16369191453838328,0,1,0.5408318450722875,-14.79,-70.72
2002-12-07,0.5,-0.08875932796574704,0,1,0.5221752754309312,-14.79,-70.72
2002-12-08,3.5,-0.1871487522355193,0,1,0.5466511059002647,-14.79,-70.72
2002-12-09,2.0,0.04978794456909652,0,0,0.48755558439386343,-14.79,-70.72
2002-12-10,0.5,0.37256880195946174,0,0,0.4079204545872776,-14.79,-70.72
2002-12-11,5.0,0.1837470538045496,0,0,0.45419204849346567,-14.79,-70.72
2002-12-12,2.5,0.3100111523195741,0,0,0.42311201671558474,-14.79,-70.72
2002-12-13,5.5,0.2816959907629384,0,0,0.43003803046674377,-14.79,-70.72
2002-12-14,1.5,0.5145788731329981,0,0,0.3741207457193414,-14.79,-70.72
2002-12-15,0.0,0.7602626122163718,1,0,0.31858925297210827,-14.79,-70.72
2002-12-16,2.5,0.6548452955292019,0,0,0.34189849321191035,-14.79,-70.72
2002-12-17,2.5,0.6587225964254575,0,0,0.3410266208924424,-14.79,-70.72
2002-12-18,4.5,0.6511336487676198,0,0,0.34273411765825273,-14.79,-70.72
2002-12-19,0.5,0.3630950848632448,0,0,0.41021054019415043,-14.79,-70.72
2002-12-20,3.5,0.757639397535864,0,0,0.31915899781969886,-14.79,-70.72
2002-12-21,5.0,0.859550154172454,0,0,0.2974333399083554,-14.79,-70.72
2002-12-22,4.5,0.8653566798006169,0,0,0.2962213980308523,-14.79,-70.72
2002-12-23,3.0,0.8252213679115226,0,0,0.30465643384902524,-14.79,-70.72
2002-12-24,4.0,1.151140601808069,0,0,0.24028080914381447,-14.79,-70.72
2002-12-25,3.5,0.8715744619467163,0,0,0.2949267948652099,-14.79,-70.72
2002-12-26,3.5,1.1846774096086836,0,0,0.23421222801901773,-14.79,-70.72
2002-12-27,4.0,1.170052748423089,0,0,0.23684544988006104,-14.79,-70.72
2002-12-28,3.0,0.9465937842392576,0,0,0.27957035513965556,-14.79,-70.72
2002-12-29,1.5,1.0453807228025491,0,0,0.26011311490490635,-14.79,-70.72
2002-12-30,3.5,0.9194324411466823,0,0,0.2850735524402913,-14.79,-70.72
2002-12-31,4.0,0.739638266192566,0,0,0.32308325004944843,-14.79,-70.72
2003-01-01,4.5,1.0592456416145657,0,0,0.25745363995482073,-14.79,-70.72
2003-01-02,3.0,1.3332985725503352,0,0,0.20861426607693362,-14.79,-70.72
2003-01-03,5.0,1.4440181618969508,0,0,0.19092388426755721,-14.79,-70.72
2003-01-04,2.0,1.1658813642513008,0,0,0.23760025371355353,-14.79,-70.72
2003-01-05,2.5,1.1340001748893878,0,0,0.24342363850178927,-14.79,-70.72
2003-01-06,0.0,1.3902642340077618,1,0,0.1993655767450476,-14.79,-70.72
2003-01-07,1.0,1.3681913892720088,0,0,0.20291221187102912,-14.79,-70.72
2003-01-08,3.0,1.2689977456508723,0,0,0.21942886977943354,-14.79,-70.72
2003-01-09,5.0,0.9839798816857295,0,0,0.27210280231300915,-14.79,-70.72
2003-01-10,2.5,1.151621649814028,0,0,0.2401930067539625,-14.79,-70.72
2003-01-11,5.5,0.9175174222047167,0,0,0.2854640065691795,-14.79,-70.72
2003-01-12,5.5,0.9900354176760429,0,0,0.2709050820532817,-14.79,-70.72
2003-01-13,5.0,1.4062920495685756,0,0,0.1968195562944951,-14.79,-70.72
2003-01-14,2.0,1.2906498937577124,0,0,0.2157428298750063,-14.79,-70.72
2003-01-15,0.0,1.395350624987847,1,0,0.1985549337280891,-14.79,-70.72
2003-01-16,5.0,1.1811599479420378,0,0,0.23484369860935791,-14.79,-70.72
2003-01-17,5.0,1.4812699049976574,0,0,0.18523568426591766,-14.79,-70.72
2003-01-18,4.5,1.5378776884239853,0,0,0.17684400825336752,-14.79,-70.72
2003-01-19,4.5,1.3679579468122869,0,0,0.20294997120365363,-14.79,-70.72
2003-01-20,3.5,1.4649387968079397,0,0,0.18771311108408517,-14.79,-70.72
2003-01-21,4.0,1.657143417092299,0,0,0.1601458320045564,-14.79,-70.72
2003-01-22,4.5,1.6949168540802386,0,0,0.15513031982579195,-14.79,-70.72
2003-01-23,3.5,1.3799830313005952,0,0,0.20101172501183326,-14.79,-70.72
2003-01-24,3.5,1.2684173004215564,0,0,0.21952830453672664,-14.79,-70.72
2003-01-25,5.0,1.2660157388551827,0,0,0.21994005474069325,-14.79,-70.72
2003-01-26,5.0,1.5081292924768404,0,0,0.18121619740001865,-14.79,-70.72
2003-01-27,3.5,1.4636691689607426,0,0,0.1879067767612513,-14.79,-70.72
2003-01-28,4.5,0.9021969390007092,0,0,0.2885992350510918,-14.79,-70.72
2003-01-29,5.0,0.9669781521090615,0,0,0.2754832301566494,-14.79,-70.72
2003-01-30,4.0,0.9740063609562348,0,0,0.27408267012967985,-14.79,-70.72
2003-01-31,0.0,1.2406640941692268,1,0,0.224320411682998,-14.79,-70.72
2003-02-01,4.5,1.1086100621951607,0,0,0.24813010673151242,-14.79,-70.72
2003-02-02,3.0,1.6093601617044113,0,0,0.16667746565899455,-14.79,-70.72
2003-02-03,1.5,1.89542620834112,0,0,0.13062701365307589,-14.79,-70.72
2003-02-04,3.0,1.6242648372965336,0,0,0.16461753651932773,-14.79,-70.72
2003-02-05,2.0,1.7976296725061465,0,0,0.14213984832435864,-14.79,-70.72
2003-02-06,6.0,1.7236180514612478,0,0,0.15140572253976267,-14.79,-70.72
2003-02-07,3.0,1.8520022308158097,0,0,0.13563798352606574,-14.79,-70.72
2003-02-08,2.5,2.0081984461526963,0,0,0.11834482151422694,-14.79,-70.72
2003-02-09,4.0,1.859059643938492,0,0,0.13481269576083454,-14.79,-70.72
2003-02-10,1.5,2.094189309336463,0,0,0.10966287370821055,-14.79,-70.72
2003-02-11,5.0,2.230377443796871,0,0,0.0970555583749955,-14.79,-70.72
2003-02-12,5.0,1.7013738315914413,0,0,0.15428591994684532,-14.79,-70.72
2003-02-13,5.0,2.052398640478734,0,0,0.11381023628812227,-14.79,-70.72
2003-02-14,4.5,1.7273953418820867,0,0,0.15092104736798967,-14.79,-70.72
2003-02-15,1.0,1.8180284841185737,0,0,0.1396706074382487,-14.79,-70.72
2003-02-16,3.0,1.840927267745914,0,0,0.13694166315876016,-14.79,-70.72
2003-02-17,6.0,1.7120657586917902,0,0,0.1528959693071397,-14.79,-70.72
2003-02-18,5.0,2.105619090460677,0,0,0.10855187377896988,-14.79,-70.72
2003-02-19,4.0,1.521720864992444,0,0,0.1792082530560576,-14.79,-70.72
2003-02-20,5.5,1.5589949195748565,0,0,0.17379091682592412,-14.79,-70.72
2003-02-21,4.5,1.5136631813221166,0,0,0.18039654425249366,-14.79,-70.72
2003-02-22,4.0,1.3408843599294435,0,0,0.20736466351106372,-14.79,-70.72
2003-02-23,4.0,1.2685819622223118,0,0,0.219500093406617,-14.79,-70.72
2003-02-24,4.5,1.2133379394284125,0,0,0.22911097397062896,-14.79,-70.72
2003-02-25,2.5,1.0797892186651943,0,0,0.25354590714550895,-14.79,-70.72
2003-02-26,4.5,0.9771017000430797,0,0,0.2734672481053943,-14.79,-70.72
2003-02-27,3.5,1.1795077868618433,0,0,0.23514070900962689,-14.79,-70.72
2003-02-28,5.0,1.0046193409844415,0,0,0.2680341737621786,-14.79,-70.72
2003-03-01,5.5,1.2996580103448787,0,0,0.21422257888264692,-14.79,-70.72
2003-03-02,5.0,1.3533653226227687,0,0,0.205320727317005,-14.79,-70.72
2003-03-03,4.5,0.9484314552676381,0,0,0.27920037837302086,-14.79,-70.72
2003-03-04,3.5,0.9978757590536134,0,0,0.26935927742582705,-14.79,-70.72
2003-03-05,1.0,0.8888547641993627,0,0,0.29134622042665603,-14.79,-70.72
2003-03-06,6.0,0.6010598817622839,0,0,0.35410124698150575,-14.79,-70.72
2003-03-07,5.0,0.5014026262412807,0,0,0.3772111030863905,-14.79,-70.72
2003-03-08,6.0,0.5338395694000022,0,0,0.3696218155214776,-14.79,-70.72
2003-03-09,5.0,0.5911958317752779,0,0,0.3563605220322812,-14.79,-70.72
2003-03-10,3.0,0.595307779938195,0,0,0.35541793199581045,-14.79,-70.72
2003-03-11,1.5,0.322198924353013,0,0,0.4201399468106327,-14.79,-70.72
2003-03-12,1.5,0.18562469962787187,0,0,0.45372661719934054,-14.79,-70.72
2003-03-13,3.5,0.1199916371802372,0,0,0.4700380314323801,-14.79,-70.72
2003-03-14,3.5,-0.07069473558016304,0,1,0.517666326857162,-14.79,-70.72
2003-03-15,3.0,-0.1437501546338309,0,1,0.5358757815090682,-14.79,-70.72
2003-03-16,1.0,-0.3270120160784713,0,1,0.5810321772152273,-14.79,-70.72
2003-03-17,6.0,-0.47392073113417243,0,1,0.6163113200612499,-14.79,-70.72
2003-03-18,1.5,-0.35558537438363436,0,1,0.5879713591886331,-14.79,-70.72
2003-03-19,5.5,-0.520552610492059,0,1,0.6272769760466089,-14.79,-70.72
2003-03-20,5.0,-0.47516024195938256,0,1,0.6166043869758036,-14.79,-70.72
2003-03-21,5.5,-0.825325718828986,0,1,0.6953656714917024,-14.79,-70.72
2003-03-22,5.0,-0.9691566097290689,0,1,0.7249513603058519,-14.79,-70.72
2003-03-23,5.0,-1.3428910775719087,0,1,0.7929649760639521,-14.79,-70.72
2003-03-24,4.5,-1.2387283978383725,0,1,0.7753425959507525,-14.79,-70.72
2003-03-25,1.5,-1.4640911153095328,0,1,0.8121576028528472,-14.79,-70.72
2003-03-26,4.5,-1.7383349867266644,0,1,0.8504754543334154,-14.79,-70.72
2003-03-27,0.0,-1.3822191829756392,1,1,0.7993471742860556,-14.79,-70.72
2003-03-28,3.0,-1.5059934325571813,0,1,0.8184666745487965,-14.79,-70.72
2003-03-29,5.5,-1.996792837797399,0,1,0.880459935063022,-14.79,-70.72
2003-03-30,4.0,-2.0867686864106503,0,1,0.8896104980900035,-14.79,-70.72
2003-03-31,4.0,-2.3607863151011284,0,1,0.913787771314846,-14.79,-70.72
2003-04-01,2.0,-2.7684650842718175,0,1,0.9409477565280046,-14.79,-70.72
2003-04-02,5.5,-3.1143522245524826,0,1,0.9574808934136223,-14.79,-70.72
2003-04-03,3.5,-2.904803845854307,0,1,0.9480833979166984,-14.79,-70.72
2003-04-04,4.5,-3.01017528135618,0,1,0.9530317009375646,-14.79,-70.72
2003-04-05,2.0,-3.1974638374079727,0,1,0.9607387252934008,-14.79,-70.72
2003-04-06,5.5,-3.485621950814607,0,1,0.9702758899445924,-14.79,-70.72
2003-04-07,4.5,-3.9378738415088206,0,1,0.9808829746227391,-14.79,-70.72
2003-04-08,2.5,-3.7767435625414536,0,1,0.9776154097120952,-14.79,-70.72
2003-04-09,-1.5,-4.449420502843416,1,1,0.9884496332950677,-14.79,-70.72
2003-04-10,0.5,-4.563880029604652,0,1,0.9896859439001046,-14.79,-70.72
2003-04-11,4.5,-4.697680719744934,0,1,0.9909659617912665,-14.79,-70.72
2003-04-12,0.5,-5.272072191297492,0,1,0.9948932496970686,-14.79,-70.72
2003-04-13,1.5,-5.2592866454256155,0,1,0.9948278777908449,-14.79,-70.72
2003-04-14,0.5,-4.967138936917655,0,1,0.9930851074187914,-14.79,-70.72
2003-04-15,3.0,-5.466121968127806,0,1,0.9957902021628153,-14.79,-70.72
2003-04-16,0.5,-5.1548096240703565,0,1,0.9942615412264765,-14.79,-70.72
2003-04-17,1.0,-5.316158991263242,0,1,0.9951124227675676,-14.79,-70.72
2003-04-18,-3.0,-5.416606514069995,1,1,0.9955774502038672,-14.79,-70.72
2003-04-19,-4.5,-5.444629945931846,1,1,0.9956991391647436,-14.79,-70.72
2003-04-20,0.0,-5.912046946904855,1,1,0.9973006652667146,-14.79,-70.72
2003-04-21,-4.0,-6.093607043250696,1,1,0.9977478315057814,-14.79,-70.72
2003-04-22,-1.0,-6.224690659778599,1,1,0.9980239762064977,-14.79,-70.72
2003-04-23,-1.5,-6.381002312208342,1,1,0.9983094380740425,-14.79,-70.72
2003-04-24,4.0,-6.574293859201349,0,1,0.998606154321953,-14.79,-70.72
2003-04-25,-1.5,-6.231812688229814,1,1,0.9980379719936147,-14.79,-70.72
2003-04-26,0.0,-6.817982475269303,1,1,0.9989072696462307,-14.79,-70.72
2003-04-27,1.5,-6.87583032611788,0,1,0.9989686248122889,-14.79,-70.72
2003-04-28,-2.5,-7.117940940234537,1,1,0.9991902225051712,-14.79,-70.72
2003-04-29,-4.0,-7.604865076001573,1,1,0.9995022252908884,-14.79,-70.72
2003-04-30,-3.5,-7.773001034394319,1,1,0.9995792290330914,-14.79,-70.72
2003-05-01,-3.5,-7.809102704005259,1,1,0.9995941425806086,-14.79,-70.72
2003-05-02,-3.5,-7.922675493948855,1,1,0.9996376999636136,-14.79,-70.72
2003-05-03,-3.0,-8.277298326812026,1,1,0.999745841512146,-14.79,-70.72
2003-05-04,-3.0,-8.728105417164713,1,1,0.9998380572002553,-14.79,-70.72
2003-05-05,-5.5,-9.554148615484136,1,1,0.9999290985390927,-14.79,-70.72
2003-05-06,-3.5,-9.120931420884789,1,1,0.9998906591802951,-14.79,-70.72
2003-05-07,0.0,-8.687778276768922,1,1,0.9998313941637129,-14.79,-70.72
2003-05-08,-1.0,-8.668758002314785,1,1,0.9998281570981719,-14.79,-70.72
2003-05-09,-5.0,-8.877416440392004,1,1,0.999860515341098,-14.79,-70.72
2003-05-10,-5.5,-9.314006431917761,1,1,0.9999098554964736,-14.79,-70.72
2003-05-11,-5.5,-8.693616045481596,1,1,0.9998323754136571,-14.79,-70.72
2003-05-12,-6.0,-8.721885280520302,1,1,0.9998370469192706,-14.79,-70.72
2003-05-13,0.0,-8.485349893740828,1,1,0.9997935714775155,-14.79,-70.72
2003-05-14,-4.0,-8.6905673486364,1,1,0.9998318636833745,-14.79,-70.72
2003-05-15,-1.0,-8.97662153858673,1,1,0.9998736870322301,-14.79,-70.72
2003-05-16,1.5,-9.004720282321959,0,1,0.9998771864373633,-14.79,-70.72
2003-05-17,1.5,-8.692715275714708,0,1,0.9998322243798171,-14.79,-70.72
2003-05-18,1.0,-8.715005391953717,0,1,0.9998359221394376,-14.79,-70.72
2003-05-19,-4.0,-9.34961973020755,1,1,0.999913009072375,-14.79,-70.72
2003-05-20,2.5,-8.984896646135171,0,1,0.999874727842335,-14.79,-70.72
2003-05-21,-4.5,-9.703025679656044,1,1,0.999938905381717,-14.79,-70.72
2003-05-22,-8.0,-9.77583470487771,1,1,0.9999431953012503,-14.79,-70.72
2003-05-23,-7.0,-9.235861371740256,1,1,0.9999025293106474,-14.79,-70.72
2003-05-24,-4.0,-9.704690039109568,1,1,0.9999390069743538,-14.79,-70.72
2003-05-25,-7.5,-9.582016865219416,1,1,0.9999310470259049,-14.79,-70.72
2003-05-26,-9.0,-9.946923345505153,1,1,0.9999521275903791,-14.79,-70.72
2003-05-27,-11.0,-9.845850533495732,1,1,0.9999470362848463,-14.79,-70.72
2003-05-28,-10.5,-9.534210765588323,1,1,0.9999276708332562,-14.79,-70.72
2003-05-29,-7.5,-10.20218894174025,1,1,0.9999629123315388,-14.79,-70.72
2003-05-30,-4.5,-10.491942788845233,1,1,0.9999722415579959,-14.79,-70.72
2003-05-31,-8.5,-10.303428059466537,1,1,0.9999664831270876,-14.79,-70.72
2003-06-01,-8.0,-9.872482021253944,1,1,0.9999484280993312,-14.79,-70.72
2003-06-02,-9.0,-10.013471567504448,1,1,0.9999552095835039,-14.79,-70.72
2003-06-03,-9.0,-10.456508376196041,1,1,0.9999712403483146,-14.79,-70.72
2003-06-04,-6.5,-10.93831225474468,1,1,0.9999822358827303,-14.79,-70.72
2003-06-05,-14.5,-9.91196665205862,1,1,0.9999504246205073,-14.79,-70.72
2003-06-06,-12.0,-10.109825384905662,1,1,0.9999593237454468,-14.79,-70.72
2003-06-07,-9.5,-10.290488698289732,1,1,0.9999660466370273,-14.79,-70.72
2003-06-08,-8.0,-10.47588142210784,1,1,0.9999717921325227,-14.79,-70.72
2003-06-09,-8.5,-10.654421931710617,1,1,0.9999764042873002,-14.79,-70.72
2003-06-10,-8.5,-10.737754481218037,1,1,0.9999782908383488,-14.79,-70.72
2003-06-11,-11.0,-10.898214374568438,1,1,0.9999815091189871,-14.79,-70.72
2003-06-12,-9.5,-11.102587577580106,1,1,0.9999849269571415,-14.79,-70.72
2003-06-13,-11.5,-10.631127333370827,1,1,0.9999758481961113,-14.79,-70.72
2003-06-14,-10.5,-10.434427202567989,1,1,0.9999705982571493,-14.79,-70.72
2003-06-15,-11.5,-10.47537083857478,1,1,0.9999717777267793,-14.79,-70.72
2003-06-16,-11.5,-10.542408583555579,1,1,0.9999736076134139,-14.79,-70.72
2003-06-17,-11.5,-10.459363039750848,1,1,0.9999713223280217,-14.79,-70.72
2003-06-18,-12.5,-11.02967855419747,1,1,0.9999837869610719,-14.79,-70.72
2003-06-19,-9.5,-11.115384373037111,1,1,0.9999851186120178,-14.79,-70.72
2003-06-20,-0.5,-11.316038148002143,1,1,0.9999878240799615,-14.79,-70.72
2003-06-21,-7.5,-11.12950734876581,1,1,0.9999853273012899,-14.79,-70.72
2003-06-22,-11.5,-11.453102792729272,1,1,0.9999893836300071,-14.79,-70.72
2003-06-23,-13.0,-11.124398778836248,1,1,0.9999852521541038,-14.79,-70.72
2003-06-24,-12.0,-10.989882482405193,1,1,0.9999831287463842,-14.79,-70.72
2003-06-25,-12.0,-11.119141705382114,1,1,0.9999851744205979,-14.79,-70.72
2003-06-26,-11.5,-11.280643170226579,1,1,0.9999873854012645,-14.79,-70.72
2003-06-27,-12.0,-10.992369991177027,1,1,0.9999831706609161,-14.79,-70.72
2003-06-28,-13.5,-11.034943083844162,1,1,0.9999838720894425,-14.79,-70.72
2003-06-29,-10.0,-10.540064985827724,1,1,0.9999735456893788,-14.79,-70.72
2003-06-30,-10.5,-11.672468406720673,1,1,0.9999914747391073,-14.79,-70.72
2003-07-01,-11.5,-12.281230810970948,1,1,0.999995362037706,-14.79,-70.72
2003-07-02,-13.0,-11.546754374680987,1,1,0.9999903327245593,-14.79,-70.72
2003-07-03,-10.5,-10.898115806896886,1,1,0.9999815072963278,-14.79,-70.72
2003-07-04,-10.5,-11.342754780703308,1,1,0.9999881450687264,-14.79,-70.72
2003-07-05,-10.0,-11.284826364848481,1,1,0.9999874380597061,-14.79,-70.72
2003-07-06,-14.5,-11.204778767912131,1,1,0.9999863911790585,-14.79,-70.72
2003-07-07,-15.0,-11.265226132841992,1,1,0.9999871894171504,-14.79,-70.72
2003-07-08,-14.5,-11.402245127476466,1,1,0.9999888297470292,-14.79,-70.72
2003-07-09,-12.5,-11.061640972179191,1,1,0.9999842969669338,-14.79,-70.72
2003-07-10,-10.5,-11.198887611329948,1,1,0.9999863107718477,-14.79,-70.72
2003-07-11,-11.0,-11.439984870267008,1,1,0.9999892434493575,-14.79,-70.72
2003-07-12,-10.5,-11.419212624704656,1,1,0.999989017677322,-14.79,-70.72
2003-07-13,-9.0,-11.194483074102521,1,1,0.9999862503449832,-14.79,-70.72
2003-07-14,-9.0,-11.012456652151212,1,1,0.9999835053281428,-14.79,-70.72
2003-07-15,-11.5,-10.880879448310637,1,1,0.9999811857926362,-14.79,-70.72
2003-07-16,-11.5,-11.241827659314467,1,1,0.9999868861387079,-14.79,-70.72
2003-07-17,-9.5,-10.654543062463723,1,1,0.9999764071452263,-14.79,-70.72
2003-07-18,-9.5,-10.151859804225534,1,1,0.99996099804586,-14.79,-70.72
2003-07-19,-10.0,-10.33067454452729,1,1,0.9999673839859302,-14.79,-70.72
2003-07-20,-11.0,-10.744998540545886,1,1,0.9999784475291903,-14.79,-70.72
2003-07-21,-9.0,-10.55291160841482,1,1,0.9999738833554691,-14.79,-70.72
2003-07-22,-10.5,-10.603361551114492,1,1,0.9999751682227231,-14.79,-70.72
2003-07-23,-12.0,-10.098320400764258,1,1,0.9999588530827475,-14.79,-70.72
2003-07-24,-9.5,-10.07512846197079,1,1,0.999957887694809,-14.79,-70.72
2003-07-25,-8.0,-9.363135671372639,1,1,0.9999141768263031,-14.79,-70.72
2003-07-26,-2.0,-9.29286649230835,1,1,0.9999079297390866,-14.79,-70.72
2003-07-27,-5.5,-9.477567340861855,1,1,0.9999234559287211,-14.79,-70.72
2003-07-28,-9.0,-9.865827749732382,1,1,0.9999480837994553,-14.79,-70.72
2003-07-29,-8.5,-9.490698651347577,1,1,0.9999244544067444,-14.79,-70.72
2003-07-30,-9.0,-9.719575592264892,1,1,0.9999399081111217,-14.79,-70.72
2003-07-31,-6.5,-8.881097275984061,1,1,0.9998610277462259,-14.79,-70.72
2003-08-01,-7.0,-8.624771831823667,1,1,0.9998204310707668,-14.79,-70.72
2003-08-02,-7.5,-8.253368206775304,1,1,0.9997396877153679,-14.79,-70.72
2003-08-03,-6.0,-8.160352366300403,1,1,0.9997143199521441,-14.79,-70.72
2003-08-04,-8.5,-8.547572360659053,1,1,0.999806022106683,-14.79,-70.72
2003-08-05,-10.0,-8.379032713374663,1,1,0.9997704207607452,-14.79,-70.72
2003-08-06,-8.5,-8.237671516049947,1,1,0.9997355705258227,-14.79,-70.72
2003-08-07,-6.5,-8.209079492805412,1,1,0.9997279029154651,-14.79,-70.72
2003-08-08,-7.0,-8.397635640873482,1,1,0.9997746511732293,-14.79,-70.72
2003-08-09,1.5,-8.293129520595627,0,1,0.99974983246372,-14.79,-70.72
2003-08-10,-0.5,-7.646663485360774,1,1,0.9995225929164676,-14.79,-70.72
2003-08-11,-6.5,-7.515219475673511,1,1,0.9994555661212731,-14.79,-70.72
2003-08-12,-8.5,-7.5807270180346435,1,1,0.9994900699905838,-14.79,-70.72
2003-08-13,-8.5,-6.849715451527224,1,1,0.9989413646940881,-14.79,-70.72
2003-08-14,-8.0,-6.270061188864387,1,1,0.9981114605262841,-14.79,-70.72
2003-08-15,-12.5,-5.924375493508797,1,1,0.9973336516527962,-14.79,-70.72
2003-08-16,-11.0,-5.9815271238666785,1,1,0.9974813919946379,-14.79,-70.72
2003-08-17,-12.0,-5.918969580081768,1,1,0.9973192373188907,-14.79,-70.72
2003-08-18,-12.0,-6.369495371379983,1,1,0.9982899059829995,-14.79,-70.72
2003-08-19,-12.0,-5.725584935445204,1,1,0.9967491574609468,-14.79,-70.72
2003-08-20,-11.5,-6.177071586349685,1,1,0.9979278031063651,-14.79,-70.72
2003-08-21,-10.0,-6.141125130242767,1,1,0.9978521228943241,-14.79,-70.72
2003-08-22,-10.0,-5.55375934011387,1,1,0.9961420708544706,-14.79,-70.72
2003-08-23,-6.5,-4.9033610010197926,1,1,0.9926330772227242,-14.79,-70.72
2003-08-24,-5.0,-5.216759241390585,1,1,0.9946043891481148,-14.79,-70.72
2003-08-25,-5.0,-4.945748153084922,1,1,0.9929366551258814,-14.79,-70.72
2003-08-26,1.0,-5.037495932552385,0,1,0.9935518689035439,-14.79,-70.72
2003-08-27,1.0,-5.049588521410363,0,1,0.9936288801451949,-14.79,-70.72
2003-08-28,-2.5,-4.776584348454815,1,1,0.9916456572402018,-14.79,-70.72
2003-08-29,-9.5,-4.608148852502424,1,1,0.990128167064759,-14.79,-70.72
2003-08-30,-9.0,-5.122969328455888,1,1,0.994076986677426,-14.79,-70.72
2003-08-31,-5.0,-4.752108144540122,1,1,0.991440423502188,-14.79,-70.72
2003-09-01,-4.0,-5.308544444339236,1,1,0.9950752480094861,-14.79,-70.72
2003-09-02,-7.0,-5.202945829730882,1,1,0.9945297507430559,-14.79,-70.72
2003-09-03,-6.0,-4.795964778833746,1,1,0.99180469500237,-14.79,-70.72
2003-09-04,-3.5,-4.809637909827006,1,1,0.9919150880929949,-14.79,-70.72
2003-09-05,-1.5,-5.00152201052428,1,1,0.9933172598945907,-14.79,-70.72
2003-09-06,-2.0,-4.939099063138384,1,1,0.9928898688658301,-14.79,-70.72
2003-09-07,-6.5,-5.14127199201466,1,1,0.9941837827715738,-14.79,-70.72
2003-09-08,-9.0,-4.505030894391006,1,1,0.9890675899489676,-14.79,-70.72
2003-09-09,-11.0,-4.381206331187028,1,1,0.9876443148091614,-14.79,-70.72
2003-09-10,-3.5,-4.857436025472368,1,1,0.9922895318466662,-14.79,-70.72
2003-09-11,2.0,-4.159458072853563,0,1,0.9846240920888439,-14.79,-70.72
2003-09-12,-1.5,-4.600354490571448,1,1,0.9900516902381852,-14.79,-70.72
2003-09-13,-3.0,-5.01501347339674,1,1,0.9934062238636774,-14.79,-70.72
2003-09-14,-2.0,-4.921097551387257,1,1,0.9927616516257312,-14.79,-70.72
2003-09-15,-1.0,-4.174961917006692,1,1,0.9848570573134018,-14.79,-70.72
2003-09-16,-4.5,-4.285229604827648,1,1,0.9864165903960551,-14.79,-70.72
2003-09-17,-6.5,-3.8298654738746283,1,1,0.9787488793916325,-14.79,-70.72
2003-09-18,-10.0,-4.249230416332155,1,1,0.9859256980400855,-14.79,-70.72
2003-09-19,-8.0,-4.284023098546344,1,1,0.9864004150475552,-14.79,-70.72
2003-09-20,-5.5,-3.60120230885661,1,1,0.9734341160001131,-14.79,-70.72
2003-09-21,-5.0,-3.82912626310528,1,1,0.9787334987270272,-14.79,-70.72
2003-09-22,1.5,-3.269750635355327,0,1,0.963376374575012,-14.79,-70.72
2003-09-23,3.5,-2.9653019200846287,0,1,0.95098173721793,-14.79,-70.72
2003-09-24,-1.5,-2.9316471570811315,1,1,0.9493888789759704,-14.79,-70.72
2003-09-25,-2.0,-2.886774423726897,1,1,0.9471887636549349,-14.79,-70.72
2003-09-26,-9.0,-3.5965540695422007,1,1,0.9733136469994796,-14.79,-70.72
2003-09-27,-10.0,-3.6339238292914082,1,1,0.9742673171643278,-14.79,-70.72
2003-09-28,-7.5,-3.4592350097629274,1,1,0.9695053581355683,-14.79,-70.72
2003-09-29,-3.0,-3.551421212722526,1,1,0.9721159761854026,-14.79,-70.72
2003-09-30,-3.5,-3.039335501463988,1,1,0.9543198701718051,-14.79,-70.72
2003-10-01,-1.5,-2.221365363504936,1,1,0.9021517879142898,-14.79,-70.72
2003-10-02,-2.5,-2.423172934559998,1,1,0.9185773731776025,-14.79,-70.72
2003-10-03,0.0,-2.8427979082522867,1,1,0.9449452012842606,-14.79,-70.72
2003-10-04,-0.5,-2.265778155590628,1,1,0.9060028641810093,-14.79,-70.72
2003-10-05,-4.0,-2.296721927125183,1,1,0.9086051862805357,-14.79,-70.72
2003-10-06,-5.0,-2.7045849709815863,1,1,0.9372966510913922,-14.79,-70.72
2003-10-07,-8.0,-1.9314406797082697,1,1,0.8734087955957611,-14.79,-70.72
2003-10-08,-8.0,-2.0371904534950573,1,1,0.884646872461721,-14.79,-70.72
2003-10-09,-7.0,-2.311636637992099,1,1,0.9098362058096843,-14.79,-70.72
2003-10-10,-5.0,-1.8030162514075574,1,1,0.8585157049060257,-14.79,-70.72
2003-10-11,-4.5,-1.896150447094783,1,1,0.8694552115048518,-14.79,-70.72
2003-10-12,1.0,-1.76184594121422,0,1,0.8534407005909357,-14.79,-70.72
2003-10-13,-2.5,-1.18460173048513,1,1,0.7657741981379683,-14.79,-70.72
2003-10-14,-7.5,-2.149508557743657,1,1,0.8956228445297401,-14.79,-70.72
2003-10-15,-11.5,-1.7331701725205662,1,1,0.8498174710533917,-14.79,-70.72
2003-10-16,-11.5,-1.9850170327223795,1,1,0.8792149654246301,-14.79,-70.72
2003-10-17,-6.0,-1.9850706211752718,1,1,0.8792206561888627,-14.79,-70.72
2003-10-18,-5.0,-2.008694637717877,1,1,0.8817069409750873,-14.79,-70.72
2003-10-19,-2.5,-1.4606089285338855,1,1,0.8116257911505247,-14.79,-70.72
2003-10-20,-2.0,-1.5190022304126742,1,1,0.8203915069563796,-14.79,-70.72
2003-10-21,-4.5,-2.0440833618893928,1,1,0.8853484088064109,-14.79,-70.72
2003-10-22,-3.0,-1.8518976026482328,1,1,0.864349749366345,-14.79,-70.72
2003-10-23,-3.0,-1.794208248156933,1,1,0.8574424454651045,-14.79,-70.72
2003-10-24,-3.0,-1.906548078264532,1,1,0.8706308455001167,-14.79,-70.72
2003-10-25,-4.0,-1.9982145030637593,1,1,0.8806094847557709,-14.79,-70.72
2003-10-26,-5.0,-2.927340575067066,1,1,0.9491815483473893,-14.79,-70.72
2003-10-27,-6.5,-2.223431870814542,1,1,0.9023340551175157,-14.79,-70.72
2003-10-28,2.5,-2.157822382000625,0,1,0.8963974897676548,-14.79,-70.72
2003-10-29,-4.5,-1.9255358434958298,1,1,0.87275448142685,-14.79,-70.72
2003-10-30,0.0,-1.5847996146119763,1,1,0.8298831868101396,-14.79,-70.72
2003-10-31,1.0,-1.6375110749100346,0,1,0.8371959843899149,-14.79,-70.72
2003-11-01,1.5,-1.7730055677982706,0,1,0.854831044697973,-14.79,-70.72
2003-11-02,2.0,-1.612950807891257,0,1,0.833820664331388,-14.79,-70.72
2003-11-03,1.0,-1.7971769218475866,0,1,0.8578049360755357,-14.79,-70.72
2003-11-04,-2.5,-1.783280988604862,1,1,0.85610152890813,-14.79,-70.72
2003-11-05,-6.5,-1.7592609427467507,1,1,0.8531170743337911,-14.79,-70.72
2003-11-06,-9.0,-1.7765019405125138,1,1,0.8552643887667567,-14.79,-70.72
2003-11-07,-5.0,-1.4281851626052449,1,1,0.8066183855728757,-14.79,-70.72
2003-11-08,-5.0,-1.6468643759369068,1,1,0.8384668114125297,-14.79,-70.72
2003-11-09,-3.5,-1.5308489468256345,1,1,0.822130491312057,-14.79,-70.72
2003-11-10,-0.5,-0.8980866383592976,1,1,0.7105561475727643,-14.79,-70.72
2003-11-11,-1.5,-1.4084582653389943,1,1,0.8035226577163026,-14.79,-70.72
2003-11-12,1.0,-1.5195083557496178,0,1,0.8204660720685765,-14.79,-70.72
2003-11-13,-1.5,-2.096064547005395,1,1,0.8905200847621308,-14.79,-70.72
2003-11-14,2.5,-1.456798549497003,0,1,0.8110425328518192,-14.79,-70.72
2003-11-15,-1.5,-0.9944147233016345,1,1,0.7299590304434176,-14.79,-70.72
2003-11-16,-1.0,-1.1616841259740358,1,1,0.7616385946150652,-14.79,-70.72
2003-11-17,-5.5,-0.923655973402008,1,1,0.7157864494580773,-14.79,-70.72
2003-11-18,-7.0,-0.6543284880967457,1,1,0.6579852135937347,-14.79,-70.72
2003-11-19,-3.0,-0.5160747033289108,1,1,0.6262294435188167,-14.79,-70.72
2003-11-20,-4.0,-0.7680003541360603,1,1,0.6830881715251116,-14.79,-70.72
2003-11-21,-7.5,-1.3712960838607944,1,1,0.7975894747073394,-14.79,-70.72
2003-11-22,-7.0,-1.1686092450956154,1,1,0.7628935382476342,-14.79,-70.72
2003-11-23,-4.0,-0.6896522223689194,1,1,0.6658895574211776,-14.79,-70.72
2003-11-24,-2.5,-0.8164785861463044,1,1,0.6934883308313036,-14.79,-70.72
2003-11-25,1.0,-1.0696175874559417,0,1,0.7445241847336174,-14.79,-70.72
2003-11-26,-0.5,-1.2289197891592378,1,1,0.7736294561886379,-14.79,-70.72
2003-11-27,3.0,-1.04434412447663,0,1,0.7396873377053326,-14.79,-70.72
2003-11-28,4.0,-0.8908230062110531,0,1,0.7090599829540792,-14.79,-70.72
2003-11-29,0.0,-0.8980903109569232,1,1,0.7105569029010427,-14.79,-70.72
2003-11-30,-1.5,-0.4777300781506999,1,1,0.617211722707475,-14.79,-70.72
2003-12-01,-1.0,-0.7259346651157896,1,1,0.673912529633901,-14.79,-70.72
2003-12-02,2.0,-0.4240109278542601,0,1,0.6044426301820013,-14.79,-70.72
2003-12-03,-5.0,-0.6674058177757467,1,1,0.660922035256598,-14.79,-70.72
2003-12-04,-3.0,-0.4057199938278666,1,1,0.6000611710132355,-14.79,-70.72
2003-12-05,-2.5,-0.48672120955029463,1,1,0.619333729501835,-14.79,-70.72
2003-12-06,-0.5,-0.16369191453838328,1,1,0.5408318450722875,-14.79,-70.72
2003-12-07,-1.0,-0.08875932796574704,1,1,0.5221752754309312,-14.79,-70.72
2003-12-08,1.5,-0.1871487522355193,0,1,0.5466511059002647,-14.79,-70.72
2003-12-09,-3.0,0.04978794456909652,1,0,0.48755558439386343,-14.79,-70.72
2003-12-10,3.5,0.37256880195946174,0,0,0.4079204545872776,-14.79,-70.72
2003-12-11,-2.0,0.1837470538045496,1,0,0.45419204849346567,-14.79,-70.72
2003-12-12,-2.5,0.3100111523195741,1,0,0.42311201671558474,-14.79,-70.72
2003-12-13,0.0,0.2816959907629384,1,0,0.43003803046674377,-14.79,-70.72
2003-12-14,2.0,0.5145788731329981,0,0,0.3741207457193414,-14.79,-70.72
2003-12-15,-2.0,0.7602626122163718,1,0,0.31858925297210827,-14.79,-70.72
2003-12-16,-0.5,0.6548452955292019,1,0,0.34189849321191035,-14.79,-70.72
2003-12-17,1.5,0.6587225964254575,0,0,0.3410266208924424,-14.79,-70.72
2003-12-18,3.5,0.6511336487676198,0,0,0.34273411765825273,-14.79,-70.72
2003-12-19,-0.5,0.3630950848632448,1,0,0.41021054019415043,-14.79,-70.72
2003-12-20,3.0,0.757639397535864,0,0,0.31915899781969886,-14.79,-70.72
2003-12-21,4.5,0.859550154172454,0,0,0.2974333399083554,-14.79,-70.72
2003-12-22,3.0,0.8653566798006169,0,0,0.2962213980308523,-14.79,-70.72
2003-12-23,1.0,0.8252213679115226,0,0,0.30465643384902524,-14.79,-70.72
2003-12-24,0.0,1.151140601808069,1,0,0.24028080914381447,-14.79,-70.72
2003-12-25,2.5,0.8715744619467163,0,0,0.2949267948652099,-14.79,-70.72
2003-12-26,1.5,1.1846774096086836,0,0,0.23421222801901773,-14.79,-70.72
2003-12-27,4.5,1.170052748423089,0,0,0.23684544988006104,-14.79,-70.72
2003-12-28,2.5,0.9465937842392576,0,0,0.27957035513965556,-14.79,-70.72
2003-12-29,2.5,1.0453807228025491,0,0,0.26011311490490635,-14.79,-70.72
2003-12-30,3.5,0.9194324411466823,0,0,0.2850735524402913,-14.79,-70.72
2003-12-31,3.0,0.739638266192566,0,0,0.32308325004944843,-14.79,-70.72
2004-01-01,5.0,1.0592456416145657,0,0,0.25745363995482073,-14.79,-70.72
2004-01-02,2.0,1.3332985725503352,0,0,0.20861426607693362,-14.79,-70.72
2004-01-03,5.5,1.4440181618969508,0,0,0.19092388426755721,-14.79,-70.72
2004-01-04,1.0,1.1658813642513008,0,0,0.23760025371355353,-14.79,-70.72
2004-01-05,3.5,1.1340001748893878,0,0,0.24342363850178927,-14.79,-70.72
2004-01-06,1.0,1.3902642340077618,0,0,0.1993655767450476,-14.79,-70.72
2004-01-07,4.5,1.3681913892720088,0,0,0.20291221187102912,-14.79,-70.72
2004-01-08,4.0,1.2689977456508723,0,0,0.21942886977943354,-14.79,-70.72
2004-01-09,4.0,0.9839798816857295,0,0,0.27210280231300915,-14.79,-70.72
2004-01-10,5.0,1.151621649814028,0,0,0.2401930067539625,-14.79,-70.72
2004-01-11,3.5,0.9175174222047167,0,0,0.2854640065691795,-14.79,-70.72
2004-01-12,0.5,0.9900354176760429,0,0,0.2709050820532817,-14.79,-70.72
2004-01-13,1.5,1.4062920495685756,0,0,0.1968195562944951,-14.79,-70.72
2004-01-14,3.5,1.2906498937577124,0,0,0.2157428298750063,-14.79,-70.72
2004-01-15,3.5,1.395350624987847,0,0,0.1985549337280891,-14.79,-70.72
2004-01-16,2.0,1.1811599479420378,0,0,0.23484369860935791,-14.79,-70.72
2004-01-17,2.0,1.4812699049976574,0,0,0.18523568426591766,-14.79,-70.72
2004-01-18,2.0,1.5378776884239853,0,0,0.17684400825336752,-14.79,-70.72
2004-01-19,2.5,1.3679579468122869,0,0,0.20294997120365363,-14.79,-70.72
2004-01-20,4.0,1.4649387968079397,0,0,0.18771311108408517,-14.79,-70.72
2004-01-21,3.0,1.657143417092299,0,0,0.1601458320045564,-14.79,-70.72
2004-01-22,3.0,1.6949168540802386,0,0,0.15513031982579195,-14.79,-70.72
2004-01-23,3.0,1.3799830313005952,0,0,0.20101172501183326,-14.79,-70.72
2004-01-24,4.5,1.2684173004215564,0,0,0.21952830453672664,-14.79,-70.72
2004-01-25,4.5,1.2660157388551827,0,0,0.21994005474069325,-14.79,-70.72
2004-01-26,3.0,1.5081292924768404,0,0,0.18121619740001865,-14.79,-70.72
2004-01-27,2.0,1.4636691689607426,0,0,0.1879067767612513,-14.79,-70.72
2004-01-28,0.5,0.9021969390007092,0,0,0.2885992350510918,-14.79,-70.72
2004-01-29,0.5,0.9669781521090615,0,0,0.2754832301566494,-14.79,-70.72
2004-01-30,1.0,0.9740063609562348,0,0,0.27408267012967985,-14.79,-70.72
2004-01-31,1.5,1.2406640941692268,0,0,0.224320411682998,-14.79,-70.72
2004-02-01,-0.5,1.1086100621951607,1,0,0.24813010673151242,-14.79,-70.72
2004-02-02,4.0,1.6093601617044113,0,0,0.16667746565899455,-14.79,-70.72
2004-02-03,3.5,1.89542620834112,0,0,0.13062701365307589,-14.79,-70.72
2004-02-04,3.0,1.6242648372965336,0,0,0.16461753651932773,-14.79,-70.72
2004-02-05,4.0,1.7976296725061465,0,0,0.14213984832435864,-14.79,-70.72
2004-02-06,5.0,1.7236180514612478,0,0,0.15140572253976267,-14.79,-70.72
2004-02-07,5.5,1.8520022308158097,0,0,0.13563798352606574,-14.79,-70.72
2004-02-08,4.0,2.0081984461526963,0,0,0.11834482151422694,-14.79,-70.72
2004-02-09,5.0,1.859059643938492,0,0,0.13481269576083454,-14.79,-70.72
2004-02-10,0.0,2.094189309336463,1,0,0.10966287370821055,-14.79,-70.72
2004-02-11,4.0,2.230377443796871,0,0,0.0970555583749955,-14.79,-70.72
2004-02-12,6.0,1.7013738315914413,0,0,0.15428591994684532,-14.79,-70.72
2004-02-13,4.0,2.052398640478734,0,0,0.11381023628812227,-14.79,-70.72
2004-02-14,2.0,1.7273953418820867,0,0,0.15092104736798967,-14.79,-70.72
2004-02-15,2.5,1.8180284841185737,0,0,0.1396706074382487,-14.79,-70.72
2004-02-16,5.0,1.840927267745914,0,0,0.13694166315876016,-14.79,-70.72
2004-02-17,2.5,1.7120657586917902,0,0,0.1528959693071397,-14.79,-70.72
2004-02-18,1.0,2.105619090460677,0,0,0.10855187377896988,-14.79,-70.72
2004-02-19,2.0,1.521720864992444,0,0,0.1792082530560576,-14.79,-70.72
2004-02-20,-1.0,1.5589949195748565,1,0,0.17379091682592412,-14.79,-70.72
2004-02-21,4.0,1.5136631813221166,0,0,0.18039654425249366,-14.79,-70.72
2004-02-22,-1.5,1.3408843599294435,1,0,0.20736466351106372,-14.79,-70.72
2004-02-23,-1.5,1.2685819622223118,1,0,0.219500093406617,-14.79,-70.72
2004-02-24,0.5,1.2133379394284125,0,0,0.22911097397062896,-14.79,-70.72
2004-02-25,2.0,1.0797892186651943,0,0,0.25354590714550895,-14.79,-70.72
2004-02-26,0.0,0.9771017000430797,1,0,0.2734672481053943,-14.79,-70.72
2004-02-27,0.5,1.1795077868618433,0,0,0.23514070900962689,-14.79,-70.72
2004-02-28,0.0,1.0046193409844415,1,0,0.2680341737621786,-14.79,-70.72
2004-02-29,0.0,1.2996580103448787,1,0,0.21422257888264692,-14.79,-70.72
2004-03-01,-1.0,1.3533653226227687,1,0,0.205320727317005,-14.79,-70.72
2004-03-02,-0.5,0.9484314552676381,1,0,0.27920037837302086,-14.79,-70.72
2004-03-03,1.5,0.9978757590536134,0,0,0.26935927742582705,-14.79,-70.72
2004-03-04,3.5,0.8888547641993627,0,0,0.29134622042665603,-14.79,-70.72
2004-03-05,-0.5,0.6010598817622839,1,0,0.35410124698150575,-14.79,-70.72
2004-03-06,0.0,0.5014026262412807,1,0,0.3772111030863905,-14.79,-70.72
2004-03-07,1.5,0.5338395694000022,0,0,0.3696218155214776,-14.79,-70.72
2004-03-08,2.5,0.5911958317752779,0,0,0.3563605220322812,-14.79,-70.72
2004-03-09,3.5,0.595307779938195,0,0,0.35541793199581045,-14.79,-70.72
2004-03-10,-1.5,0.322198924353013,1,0,0.4201399468106327,-14.79,-70.72
2004-03-11,3.0,0.18562469962787187,0,0,0.45372661719934054,-14.79,-70.72
2004-03-12,2.5,0.1199916371802372,0,0,0.4700380314323801,-14.79,-70.72
2004-03-13,0.0,-0.07069473558016304,1,1,0.517666326857162,-14.79,-70.72
2004-03-14,1.5,-0.1437501546338309,0,1,0.5358757815090682,-14.79,-70.72
2004-03-15,2.5,-0.3270120160784713,0,1,0.5810321772152273,-14.79,-70.72
2004-03-16,2.0,-0.47392073113417243,0,1,0.6163113200612499,-14.79,-70.72
2004-03-17,0.0,-0.35558537438363436,1,1,0.5879713591886331,-14.79,-70.72
2004-03-18,-1.5,-0.520552610492059,1,1,0.6272769760466089,-14.79,-70.72
2004-03-19,1.0,-0.47516024195938256,0,1,0.6166043869758036,-14.79,-70.72
2004-03-20,0.0,-0.825325718828986,1,1,0.6953656714917024,-14.79,-70.72
2004-03-21,0.0,-0.9691566097290689,1,1,0.7249513603058519,-14.79,-70.72
2004-03-22,2.5,-1.3428910775719087,0,1,0.7929649760639521,-14.79,-70.72
2004-03-23,1.0,-1.2387283978383725,0,1,0.7753425959507525,-14.79,-70.72
2004-03-24,2.5,-1.4640911153095328,0,1,0.8121576028528472,-14.79,-70.72
2004-03-25,3.0,-1.7383349867266644,0,1,0.8504754543334154,-14.79,-70.72
2004-03-26,1.0,-1.3822191829756392,0,1,0.7993471742860556,-14.79,-70.72
2004-03-27,0.0,-1.5059934325571813,1,1,0.8184666745487965,-14.79,-70.72
2004-03-28,1.5,-1.996792837797399,0,1,0.880459935063022,-14.79,-70.72
2004-03-29,-0.5,-2.0867686864106503,1,1,0.8896104980900035,-14.79,-70.72
2004-03-30,3.0,-2.3607863151011284,0,1,0.913787771314846,-14.79,-70.72
2004-03-31,3.5,-2.7684650842718175,0,1,0.9409477565280046,-14.79,-70.72
2004-04-01,1.5,-3.1143522245524826,0,1,0.9574808934136223,-14.79,-70.72
2004-04-02,2.0,-2.904803845854307,0,1,0.9480833979166984,-14.79,-70.72
2004-04-03,-0.5,-3.01017528135618,1,1,0.9530317009375646,-14.79,-70.72
2004-04-04,-0.5,-3.1974638374079727,1,1,0.9607387252934008,-14.79,-70.72
2004-04-05,2.5,-3.485621950814607,0,1,0.9702758899445924,-14.79,-70.72
2004-04-06,-2.0,-3.9378738415088206,1,1,0.9808829746227391,-14.79,-70.72
2004-04-07,-1.0,-3.7767435625414536,1,1,0.9776154097120952,-14.79,-70.72
2004-04-08,-2.5,-4.449420502843416,1,1,0.9884496332950677,-14.79,-70.72
2004-04-09,1.5,-4.563880029604652,0,1,0.9896859439001046,-14.79,-70.72
2004-04-10,-0.5,-4.697680719744934,1,1,0.9909659617912665,-14.79,-70.72
2004-04-11,-4.0,-5.272072191297492,1,1,0.9948932496970686,-14.79,-70.72
2004-04-12,-3.5,-5.2592866454256155,1,1,0.9948278777908449,-14.79,-70.72
2004-04-13,-5.0,-4.967138936917655,1,1,0.9930851074187914,-14.79,-70.72
2004-04-14,-4.5,-5.466121968127806,1,1,0.9957902021628153,-14.79,-70.72
2004-04-15,-3.0,-5.1548096240703565,1,1,0.9942615412264765,-14.79,-70.72
2004-04-16,-5.0,-5.316158991263242,1,1,0.9951124227675676,-14.79,-70.72
2004-04-17,2.5,-5.416606514069995,0,1,0.9955774502038672,-14.79,-70.72
2004-04-18,2.5,-5.444629945931846,0,1,0.9956991391647436,-14.79,-70.72
2004-04-19,2.0,-5.912046946904855,0,1,0.9973006652667146,-14.79,-70.72
2004-04-20,-3.5,-6.093607043250696,1,1,0.9977478315057814,-14.79,-70.72
2004-04-21,-2.5,-6.224690659778599,1,1,0.9980239762064977,-14.79,-70.72
2004-04-22,-5.0,-6.381002312208342,1,1,0.9983094380740425,-14.79,-70.72
2004-04-23,-4.5,-6.574293859201349,1,1,0.998606154321953,-14.79,-70.72
2004-04-24,0.0,-6.231812688229814,1,1,0.9980379719936147,-14.79,-70.72
2004-04-25,2.5,-6.817982475269303,0,1,0.9989072696462307,-14.79,-70.72
2004-04-26,-4.0,-6.87583032611788,1,1,0.9989686248122889,-14.79,-70.72
2004-04-27,-4.0,-7.117940940234537,1,1,0.9991902225051712,-14.79,-70.72
2004-04-28,-4.5,-7.604865076001573,1,1,0.9995022252908884,-14.79,-70.72
2004-04-29,-5.0,-7.773001034394319,1,1,0.9995792290330914,-14.79,-70.72
2004-04-30,0.0,-7.809102704005259,1,1,0.9995941425806086,-14.79,-70.72
2004-05-01,-2.0,-7.922675493948855,1,1,0.9996376999636136,-14.79,-70.72
2004-05-02,1.5,-8.277298326812026,0,1,0.999745841512146,-14.79,-70.72
2004-05-03,-1.5,-8.728105417164713,1,1,0.9998380572002553,-14.79,-70.72
2004-05-04,0.0,-9.554148615484136,1,1,0.9999290985390927,-14.79,-70.72
2004-05-05,-6.0,-9.120931420884789,1,1,0.9998906591802951,-14.79,-70.72
2004-05-06,-8.5,-8.687778276768922,1,1,0.9998313941637129,-14.79,-70.72
2004-05-07,-8.0,-8.668758002314785,1,1,0.9998281570981719,-14.79,-70.72
2004-05-08,-6.0,-8.877416440392004,1,1,0.999860515341098,-14.79,-70.72
2004-05-09,-7.0,-9.314006431917761,1,1,0.9999098554964736,-14.79,-70.72
2004-05-10,-8.5,-8.693616045481596,1,1,0.9998323754136571,-14.79,-70.72
2004-05-11,-6.0,-8.721885280520302,1,1,0.9998370469192706,-14.79,-70.72
2004-05-12,-9.0,-8.485349893740828,1,1,0.9997935714775155,-14.79,-70.72
2004-05-13,-14.5,-8.6905673486364,1,1,0.9998318636833745,-14.79,-70.72
2004-05-14,-13.0,-8.97662153858673,1,1,0.9998736870322301,-14.79,-70.72
2004-05-15,-11.0,-9.004720282321959,1,1,0.9998771864373633,-14.79,-70.72
2004-05-16,-10.0,-8.692715275714708,1,1,0.9998322243798171,-14.79,-70.72
2004-05-17,-10.5,-8.715005391953717,1,1,0.9998359221394376,-14.79,-70.72
2004-05-18,-10.5,-9.34961973020755,1,1,0.999913009072375,-14.79,-70.72
2004-05-19,-11.5,-8.984896646135171,1,1,0.999874727842335,-14.79,-70.72
2004-05-20,-9.0,-9.703025679656044,1,1,0.999938905381717,-14.79,-70.72
2004-05-21,-9.0,-9.77583470487771,1,1,0.9999431953012503,-14.79,-70.72
2004-05-22,-10.5,-9.235861371740256,1,1,0.9999025293106474,-14.79,-70.72
2004-05-23,-10.0,-9.704690039109568,1,1,0.9999390069743538,-14.79,-70.72
2004-05-24,-8.5,-9.582016865219416,1,1,0.9999310470259049,-14.79,-70.72
2004-05-25,-3.5,-9.946923345505153,1,1,0.9999521275903791,-14.79,-70.72
2004-05-26,-8.5,-9.845850533495732,1,1,0.9999470362848463,-14.79,-70.72
2004-05-27,-10.0,-9.534210765588323,1,1,0.9999276708332562,-14.79,-70.72
2004-05-28,-14.5,-10.20218894174025,1,1,0.9999629123315388,-14.79,-70.72
2004-05-29,-15.0,-10.491942788845233,1,1,0.9999722415579959,-14.79,-70.72
2004-05-30,-11.5,-10.303428059466537,1,1,0.9999664831270876,-14.79,-70.72
2004-05-31,-17.0,-9.872482021253944,1,1,0.9999484280993312,-14.79,-70.72
2004-06-01,-13.0,-10.013471567504448,1,1,0.9999552095835039,-14.79,-70.72
2004-06-02,-13.5,-10.456508376196041,1,1,0.9999712403483146,-14.79,-70.72
2004-06-03,-13.5,-10.93831225474468,1,1,0.9999822358827303,-14.79,-70.72
2004-06-04,-11.5,-9.91196665205862,1,1,0.9999504246205073,-14.79,-70.72
2004-06-05,-13.5,-10.109825384905662,1,1,0.9999593237454468,-14.79,-70.72
2004-06-06,-12.5,-10.290488698289732,1,1,0.9999660466370273,-14.79,-70.72
2004-06-07,-10.0,-10.47588142210784,1,1,0.9999717921325227,-14.79,-70.72
2004-06-08,-3.5,-10.654421931710617,1,1,0.9999764042873002,-14.79,-70.72
2004-06-09,-5.5,-10.737754481218037,1,1,0.9999782908383488,-14.79,-70.72
2004-06-10,-10.0,-10.898214374568438,1,1,0.9999815091189871,-14.79,-70.72
2004-06-11,-11.5,-11.102587577580106,1,1,0.9999849269571415,-14.79,-70.72
2004-06-12,-9.5,-10.631127333370827,1,1,0.9999758481961113,-14.79,-70.72
2004-06-13,-5.5,-10.434427202567989,1,1,0.9999705982571493,-14.79,-70.72
2004-06-14,-7.5,-10.47537083857478,1,1,0.9999717777267793,-14.79,-70.72
2004-06-15,-10.0,-10.542408583555579,1,1,0.9999736076134139,-14.79,-70.72
2004-06-16,-7.5,-10.459363039750848,1,1,0.9999713223280217,-14.79,-70.72
2004-06-17,-11.5,-11.02967855419747,1,1,0.9999837869610719,-14.79,-70.72
2004-06-18,-12.0,-11.115384373037111,1,1,0.9999851186120178,-14.79,-70.72
2004-06-19,-12.0,-11.316038148002143,1,1,0.9999878240799615,-14.79,-70.72
2004-06-20,-11.0,-11.12950734876581,1,1,0.9999853273012899,-14.79,-70.72
2004-06-21,-13.0,-11.453102792729272,1,1,0.9999893836300071,-14.79,-70.72
2004-06-22,-11.0,-11.124398778836248,1,1,0.9999852521541038,-14.79,-70.72
2004-06-23,-9.0,-10.989882482405193,1,1,0.9999831287463842,-14.79,-70.72
2004-06-24,-1.5,-11.119141705382114,1,1,0.9999851744205979,-14.79,-70.72
2004-06-25,-11.0,-11.280643170226579,1,1,0.9999873854012645,-14.79,-70.72
2004-06-26,-10.5,-10.992369991177027,1,1,0.9999831706609161,-14.79,-70.72
2004-06-27,-2.5,-11.034943083844162,1,1,0.9999838720894425,-14.79,-70.72
2004-06-28,-10.0,-10.540064985827724,1,1,0.9999735456893788,-14.79,-70.72
2004-06-29,-8.5,-11.672468406720673,1,1,0.9999914747391073,-14.79,-70.72
2004-06-30,-10.0,-12.281230810970948,1,1,0.999995362037706,-14.79,-70.72
2004-07-01,-9.0,-11.546754374680987,1,1,0.9999903327245593,-14.79,-70.72
2004-07-02,-1.0,-10.898115806896886,1,1,0.9999815072963278,-14.79,-70.72
2004-07-03,0.0,-11.342754780703308,1,1,0.9999881450687264,-14.79,-70.72
2004-07-04,-4.5,-11.284826364848481,1,1,0.9999874380597061,-14.79,-70.72
2004-07-05,-8.5,-11.204778767912131,1,1,0.9999863911790585,-14.79,-70.72
2004-07-06,-6.5,-11.265226132841992,1,1,0.9999871894171504,-14.79,-70.72
2004-07-07,-10.0,-11.402245127476466,1,1,0.9999888297470292,-14.79,-70.72
2004-07-08,-17.5,-11.061640972179191,1,1,0.9999842969669338,-14.79,-70.72
2004-07-09,-15.5,-11.198887611329948,1,1,0.9999863107718477,-14.79,-70.72
2004-07-10,-15.0,-11.439984870267008,1,1,0.9999892434493575,-14.79,-70.72
2004-07-11,-8.5,-11.419212624704656,1,1,0.999989017677322,-14.79,-70.72
2004-07-12,-10.5,-11.194483074102521,1,1,0.9999862503449832,-14.79,-70.72
2004-07-13,-16.5,-11.012456652151212,1,1,0.9999835053281428,-14.79,-70.72
2004-07-14,-14.5,-10.880879448310637,1,1,0.9999811857926362,-14.79,-70.72
2004-07-15,-13.5,-11.241827659314467,1,1,0.9999868861387079,-14.79,-70.72
2004-07-16,-12.0,-10.654543062463723,1,1,0.9999764071452263,-14.79,-70.72
2004-07-17,-5.0,-10.151859804225534,1,1,0.99996099804586,-14.79,-70.72
2004-07-18,-7.5,-10.33067454452729,1,1,0.9999673839859302,-14.79,-70.72
2004-07-19,-18.5,-10.744998540545886,1,1,0.9999784475291903,-14.79,-70.72
2004-07-20,-15.5,-10.55291160841482,1,1,0.9999738833554691,-14.79,-70.72
2004-07-21,-12.5,-10.603361551114492,1,1,0.9999751682227231,-14.79,-70.72
2004-07-22,-15.5,-10.098320400764258,1,1,0.9999588530827475,-14.79,-70.72
2004-07-23,-13.0,-10.07512846197079,1,1,0.999957887694809,-14.79,-70.72
2004-07-24,-11.5,-9.363135671372639,1,1,0.9999141768263031,-14.79,-70.72
2004-07-25,-10.5,-9.29286649230835,1,1,0.9999079297390866,-14.79,-70.72
2004-07-26,-12.0,-9.477567340861855,1,1,0.9999234559287211,-14.79,-70.72
2004-07-27,-5.0,-9.865827749732382,1,1,0.9999480837994553,-14.79,-70.72
2004-07-28,-7.0,-9.490698651347577,1,1,0.9999244544067444,-14.79,-70.72
2004-07-29,-4.0,-9.719575592264892,1,1,0.9999399081111217,-14.79,-70.72
2004-07-30,-4.5,-8.881097275984061,1,1,0.9998610277462259,-14.79,-70.72
2004-07-31,-6.5,-8.624771831823667,1,1,0.9998204310707668,-14.79,-70.72
2004-08-01,-8.0,-8.253368206775304,1,1,0.9997396877153679,-14.79,-70.72
2004-08-02,-7.5,-8.160352366300403,1,1,0.9997143199521441,-14.79,-70.72
2004-08-03,-6.5,-8.547572360659053,1,1,0.999806022106683,-14.79,-70.72
2004-08-04,-8.5,-8.379032713374663,1,1,0.9997704207607452,-14.79,-70.72
2004-08-05,-10.0,-8.237671516049947,1,1,0.9997355705258227,-14.79,-70.72
2004-08-06,-14.0,-8.209079492805412,1,1,0.9997279029154651,-14.79,-70.72
2004-08-07,-8.0,-8.397635640873482,1,1,0.9997746511732293,-14.79,-70.72
2004-08-08,-7.0,-8.293129520595627,1,1,0.99974983246372,-14.79,-70.72
2004-08-09,-9.0,-7.646663485360774,1,1,0.9995225929164676,-14.79,-70.72
2004-08-10,-7.0,-7.515219475673511,1,1,0.9994555661212731,-14.79,-70.72
2004-08-11,-6.5,-7.5807270180346435,1,1,0.9994900699905838,-14.79,-70.72
2004-08-12,-10.0,-6.849715451527224,1,1,0.9989413646940881,-14.79,-70.72
2004-08-13,-9.5,-6.270061188864387,1,1,0.9981114605262841,-14.79,-70.72
2004-08-14,-10.5,-5.924375493508797,1,1,0.9973336516527962,-14.79,-70.72
2004-08-15,-10.0,-5.9815271238666785,1,1,0.9974813919946379,-14.79,-70.72
2004-08-16,-8.0,-5.918969580081768,1,1,0.9973192373188907,-14.79,-70.72
2004-08-17,-8.0,-6.369495371379983,1,1,0.9982899059829995,-14.79,-70.72
2004-08-18,0.0,-5.725584935445204,1,1,0.9967491574609468,-14.79,-70.72
2004-08-19,-3.0,-6.177071586349685,1,1,0.9979278031063651,-14.79,-70.72
2004-08-20,-5.5,-6.141125130242767,1,1,0.9978521228943241,-14.79,-70.72
2004-08-21,-2.0,-5.55375934011387,1,1,0.9961420708544706,-14.79,-70.72
2004-08-22,-1.0,-4.9033610010197926,1,1,0.9926330772227242,-14.79,-70.72
2004-08-23,-2.0,-5.216759241390585,1,1,0.9946043891481148,-14.79,-70.72
2004-08-24,2.5,-4.945748153084922,0,1,0.9929366551258814,-14.79,-70.72
2004-08-25,0.0,-5.037495932552385,1,1,0.9935518689035439,-14.79,-70.72
2004-08-26,-4.5,-5.049588521410363,1,1,0.9936288801451949,-14.79,-70.72
2004-08-27,-10.5,-4.776584348454815,1,1,0.9916456572402018,-14.79,-70.72
2004-08-28,-7.5,-4.608148852502424,1,1,0.990128167064759,-14.79,-70.72
2004-08-29,-4.5,-5.122969328455888,1,1,0.994076986677426,-14.79,-70.72
2004-08-30,-2.0,-4.752108144540122,1,1,0.991440423502188,-14.79,-70.72
2004-08-31,0.0,-5.308544444339236,1,1,0.9950752480094861,-14.79,-70.72
2004-09-01,-5.0,-5.202945829730882,1,1,0.9945297507430559,-14.79,-70.72
2004-09-02,-6.0,-4.795964778833746,1,1,0.99180469500237,-14.79,-70.72
2004-09-03,-4.0,-4.809637909827006,1,1,0.9919150880929949,-14.79,-70.72
2004-09-04,-4.0,-5.00152201052428,1,1,0.9933172598945907,-14.79,-70.72
2004-09-05,-6.0,-4.939099063138384,1,1,0.9928898688658301,-14.79,-70.72
2004-09-06,-5.0,-5.14127199201466,1,1,0.9941837827715738,-14.79,-70.72
2004-09-07,-4.5,-4.505030894391006,1,1,0.9890675899489676,-14.79,-70.72
2004-09-08,0.0,-4.381206331187028,1,1,0.9876443148091614,-14.79,-70.72
2004-09-09,-0.5,-4.857436025472368,1,1,0.9922895318466662,-14.79,-70.72
2004-09-10,0.0,-4.159458072853563,1,1,0.9846240920888439,-14.79,-70.72
2004-09-11,-2.0,-4.600354490571448,1,1,0.9900516902381852,-14.79,-70.72
2004-09-12,-1.5,-5.01501347339674,1,1,0.9934062238636774,-14.79,-70.72
2004-09-13,-4.0,-4.921097551387257,1,1,0.9927616516257312,-14.79,-70.72
2004-09-14,-5.0,-4.174961917006692,1,1,0.9848570573134018,-14.79,-70.72
2004-09-15,-6.0,-4.285229604827648,1,1,0.9864165903960551,-14.79,-70.72
2004-09-16,-4.5,-3.8298654738746283,1,1,0.9787488793916325,-14.79,-70.72
2004-09-17,-8.0,-4.249230416332155,1,1,0.9859256980400855,-14.79,-70.72
2004-09-18,-7.0,-4.284023098546344,1,1,0.9864004150475552,-14.79,-70.72
2004-09-19,-6.5,-3.60120230885661,1,1,0.9734341160001131,-14.79,-70.72
2004-09-20,-5.5,-3.82912626310528,1,1,0.9787334987270272,-14.79,-70.72
2004-09-21,1.5,-3.269750635355327,0,1,0.963376374575012,-14.79,-70.72
2004-09-22,1.5,-2.9653019200846287,0,1,0.95098173721793,-14.79,-70.72
2004-09-23,-1.5,-2.9316471570811315,1,1,0.9493888789759704,-14.79,-70.72
2004-09-24,0.0,-2.886774423726897,1,1,0.9471887636549349,-14.79,-70.72
2004-09-25,-3.0,-3.5965540695422007,1,1,0.9733136469994796,-14.79,-70.72
2004-09-26,1.0,-3.6339238292914082,0,1,0.9742673171643278,-14.79,-70.72
2004-09-27,2.0,-3.4592350097629274,0,1,0.9695053581355683,-14.79,-70.72
2004-09-28,1.0,-3.551421212722526,0,1,0.9721159761854026,-14.79,-70.72
2004-09-29,1.0,-3.039335501463988,0,1,0.9543198701718051,-14.79,-70.72
2004-09-30,1.0,-2.221365363504936,0,1,0.9021517879142898,-14.79,-70.72
2004-10-01,1.5,-2.423172934559998,0,1,0.9185773731776025,-14.79,-70.72
2004-10-02,-3.0,-2.8427979082522867,1,1,0.9449452012842606,-14.79,-70.72
2004-10-03,-5.0,-2.265778155590628,1,1,0.9060028641810093,-14.79,-70.72
2004-10-04,-3.0,-2.296721927125183,1,1,0.9086051862805357,-14.79,-70.72
2004-10-05,1.5,-2.7045849709815863,0,1,0.9372966510913922,-14.79,-70.72
2004-10-06,1.5,-1.9314406797082697,0,1,0.8734087955957611,-14.79,-70.72
2004-10-07,3.5,-2.0371904534950573,0,1,0.884646872461721,-14.79,-70.72
2004-10-08,0.0,-2.311636637992099,1,1,0.9098362058096843,-14.79,-70.72
2004-10-09,0.0,-1.8030162514075574,1,1,0.8585157049060257,-14.79,-70.72
2004-10-10,2.0,-1.896150447094783,0,1,0.8694552115048518,-14.79,-70.72
2004-10-11,2.0,-1.76184594121422,0,1,0.8534407005909357,-14.79,-70.72
2004-10-12,1.5,-1.18460173048513,0,1,0.7657741981379683,-14.79,-70.72
2004-10-13,0.0,-2.149508557743657,1,1,0.8956228445297401,-14.79,-70.72
2004-10-14,3.0,-1.7331701725205662,0,1,0.8498174710533917,-14.79,-70.72
2004-10-15,3.0,-1.9850170327223795,0,1,0.8792149654246301,-14.79,-70.72
2004-10-16,0.0,-1.9850706211752718,1,1,0.8792206561888627,-14.79,-70.72
2004-10-17,3.0,-2.008694637717877,0,1,0.8817069409750873,-14.79,-70.72
2004-10-18,-3.5,-1.4606089285338855,1,1,0.8116257911505247,-14.79,-70.72
2004-10-19,1.0,-1.5190022304126742,0,1,0.8203915069563796,-14.79,-70.72
2004-10-20,5.0,-2.0440833618893928,0,1,0.8853484088064109,-14.79,-70.72
2004-10-21,5.0,-1.8518976026482328,0,1,0.864349749366345,-14.79,-70.72
2004-10-22,1.5,-1.794208248156933,0,1,0.8574424454651045,-14.79,-70.72
2004-10-23,-1.5,-1.906548078264532,1,1,0.8706308455001167,-14.79,-70.72
2004-10-24,-4.0,-1.9982145030637593,1,1,0.8806094847557709,-14.79,-70.72
2004-10-25,-2.5,-2.927340575067066,1,1,0.9491815483473893,-14.79,-70.72
2004-10-26,-5.0,-2.223431870814542,1,1,0.9023340551175157,-14.79,-70.72
2004-10-27,-7.0,-2.157822382000625,1,1,0.8963974897676548,-14.79,-70.72
2004-10-28,1.0,-1.9255358434958298,0,1,0.87275448142685,-14.79,-70.72
2004-10-29,-7.0,-1.5847996146119763,1,1,0.8298831868101396,-14.79,-70.72
2004-10-30,-7.0,-1.6375110749100346,1,1,0.8371959843899149,-14.79,-70.72
2004-10-31,2.0,-1.7730055677982706,0,1,0.854831044697973,-14.79,-70.72
2004-11-01,-0.5,-1.612950807891257,1,1,0.833820664331388,-14.79,-70.72
2004-11-02,3.0,-1.7971769218475866,0,1,0.8578049360755357,-14.79,-70.72
2004-11-03,-1.5,-1.783280988604862,1,1,0.85610152890813,-14.79,-70.72
2004-11-04,-1.0,-1.7592609427467507,1,1,0.8531170743337911,-14.79,-70.72
2004-11-05,2.0,-1.7765019405125138,0,1,0.8552643887667567,-14.79,-70.72
2004-11-06,1.5,-1.4281851626052449,0,1,0.8066183855728757,-14.79,-70.72
2004-11-07,1.5,-1.6468643759369068,0,1,0.8384668114125297,-14.79,-70.72
2004-11-08,5.0,-1.5308489468256345,0,1,0.822130491312057,-14.79,-70.72
2004-11-09,2.0,-0.8980866383592976,0,1,0.7105561475727643,-14.79,-70.72
2004-11-10,5.0,-1.4084582653389943,0,1,0.8035226577163026,-14.79,-70.72
2004-11-11,-4.0,-1.5195083557496178,1,1,0.8204660720685765,-14.79,-70.72
2004-11-12,1.0,-2.096064547005395,0,1,0.8905200847621308,-14.79,-70.72
2004-11-13,0.5,-1.456798549497003,0,1,0.8110425328518192,-14.79,-70.72
2004-11-14,0.0,-0.9944147233016345,1,1,0.7299590304434176,-14.79,-70.72
2004-11-15,2.5,-1.1616841259740358,0,1,0.7616385946150652,-14.79,-70.72
2004-11-16,2.0,-0.923655973402008,0,1,0.7157864494580773,-14.79,-70.72
2004-11-17,-2.0,-0.6543284880967457,1,1,0.6579852135937347,-14.79,-70.72
2004-11-18,-0.5,-0.5160747033289108,1,1,0.6262294435188167,-14.79,-70.72
2004-11-19,-2.5,-0.7680003541360603,1,1,0.6830881715251116,-14.79,-70.72
2004-11-20,-0.5,-1.3712960838607944,1,1,0.7975894747073394,-14.79,-70.72
2004-11-21,1.5,-1.1686092450956154,0,1,0.7628935382476342,-14.79,-70.72
2004-11-22,0.5,-0.6896522223689194,0,1,0.6658895574211776,-14.79,-70.72
2004-11-23,1.0,-0.8164785861463044,0,1,0.6934883308313036,-14.79,-70.72
2004-11-24,0.0,-1.0696175874559417,1,1,0.7445241847336174,-14.79,-70.72
2004-11-25,3.5,-1.2289197891592378,0,1,0.7736294561886379,-14.79,-70.72
2004-11-26,-3.0,-1.04434412447663,1,1,0.7396873377053326,-14.79,-70.72
2004-11-27,-2.5,-0.8908230062110531,1,1,0.7090599829540792,-14.79,-70.72
2004-11-28,-0.5,-0.8980903109569232,1,1,0.7105569029010427,-14.79,-70.72
2004-11-29,-1.0,-0.4777300781506999,1,1,0.617211722707475,-14.79,-70.72
2004-11-30,0.0,-0.7259346651157896,1,1,0.673912529633901,-14.79,-70.72
2004-12-01,4.0,-0.4240109278542601,0,1,0.6044426301820013,-14.79,-70.72
2004-12-02,-2.0,-0.6674058177757467,1,1,0.660922035256598,-14.79,-70.72
2004-12-03,-2.0,-0.4057199938278666,1,1,0.6000611710132355,-14.79,-70.72
2004-12-04,2.0,-0.48672120955029463,0,1,0.619333729501835,-14.79,-70.72
2004-12-05,3.0,-0.16369191453838328,0,1,0.5408318450722875,-14.79,-70.72
2004-12-06,-1.0,-0.08875932796574704,1,1,0.5221752754309312,-14.79,-70.72
2004-12-07,-1.5,-0.1871487522355193,1,1,0.5466511059002647,-14.79,-70.72
2004-12-08,-1.0,0.04978794456909652,1,0,0.48755558439386343,-14.79,-70.72
2004-12-09,3.0,0.37256880195946174,0,0,0.4079204545872776,-14.79,-70.72
2004-12-10,5.0,0.1837470538045496,0,0,0.45419204849346567,-14.79,-70.72
2004-12-11,1.5,0.3100111523195741,0,0,0.42311201671558474,-14.79,-70.72
2004-12-12,4.5,0.2816959907629384,0,0,0.43003803046674377,-14.79,-70.72
2004-12-13,0.0,0.5145788731329981,1,0,0.3741207457193414,-14.79,-70.72
2004-12-14,3.0,0.7602626122163718,0,0,0.31858925297210827,-14.79,-70.72
2004-12-15,1.5,0.6548452955292019,0,0,0.34189849321191035,-14.79,-70.72
2004-12-16,2.5,0.6587225964254575,0,0,0.3410266208924424,-14.79,-70.72
2004-12-17,4.0,0.6511336487676198,0,0,0.34273411765825273,-14.79,-70.72
2004-12-18,5.0,0.3630950848632448,0,0,0.41021054019415043,-14.79,-70.72
2004-12-19,2.5,0.757639397535864,0,0,0.31915899781969886,-14.79,-70.72
2004-12-20,3.0,0.859550154172454,0,0,0.2974333399083554,-14.79,-70.72
2004-12-21,4.5,0.8653566798006169,0,0,0.2962213980308523,-14.79,-70.72
2004-12-22,0.5,0.8252213679115226,0,0,0.30465643384902524,-14.79,-70.72
2004-12-23,2.5,1.151140601808069,0,0,0.24028080914381447,-14.79,-70.72
2004-12-24,-1.5,0.8715744619467163,1,0,0.2949267948652099,-14.79,-70.72
2004-12-25,-2.0,1.1846774096086836,1,0,0.23421222801901773,-14.79,-70.72
2004-12-26,2.5,1.170052748423089,0,0,0.23684544988006104,-14.79,-70.72
2004-12-27,-3.0,0.9465937842392576,1,0,0.27957035513965556,-14.79,-70.72
2004-12-28,2.0,1.0453807228025491,0,0,0.26011311490490635,-14.79,-70.72
2004-12-29,0.0,0.9194324411466823,1,0,0.2850735524402913,-14.79,-70.72
2004-12-30,4.0,0.739638266192566,0,0,0.32308325004944843,-14.79,-70.72
2004-12-31,3.0,1.0592456416145657,0,0,0.25745363995482073,-14.79,-70.72
2005-01-01,1.5,1.3332985725503352,0,0,0.20861426607693362,-14.79,-70.72
2005-01-02,5.5,1.4440181618969508,0,0,0.19092388426755721,-14.79,-70.72
2005-01-03,6.0,1.1658813642513008,0,0,0.23760025371355353,-14.79,-70.72
2005-01-04,1.5,1.1340001748893878,0,0,0.24342363850178927,-14.79,-70.72
2005-01-05,-2.0,1.3902642340077618,1,0,0.1993655767450476,-14.79,-70.72
2005-01-06,-2.0,1.3681913892720088,1,0,0.20291221187102912,-14.79,-70.72
2005-01-07,0.0,1.2689977456508723,1,0,0.21942886977943354,-14.79,-70.72
2005-01-08,4.0,0.9839798816857295,0,0,0.27210280231300915,-14.79,-70.72
2005-01-09,2.0,1.151621649814028,0,0,0.2401930067539625,-14.79,-70.72
2005-01-10,5.0,0.9175174222047167,0,0,0.2854640065691795,-14.79,-70.72
2005-01-11,4.5,0.9900354176760429,0,0,0.2709050820532817,-14.79,-70.72
2005-01-12,5.5,1.4062920495685756,0,0,0.1968195562944951,-14.79,-70.72
2005-01-13,5.5,1.2906498937577124,0,0,0.2157428298750063,-14.79,-70.72
2005-01-14,5.0,1.395350624987847,0,0,0.1985549337280891,-14.79,-70.72
2005-01-15,3.5,1.1811599479420378,0,0,0.23484369860935791,-14.79,-70.72
2005-01-16,3.0,1.4812699049976574,0,0,0.18523568426591766,-14.79,-70.72
2005-01-17,4.0,1.5378776884239853,0,0,0.17684400825336752,-14.79,-70.72
2005-01-18,2.5,1.3679579468122869,0,0,0.20294997120365363,-14.79,-70.72
2005-01-19,1.5,1.4649387968079397,0,0,0.18771311108408517,-14.79,-70.72
2005-01-20,1.5,1.657143417092299,0,0,0.1601458320045564,-14.79,-70.72
2005-01-21,3.5,1.6949168540802386,0,0,0.15513031982579195,-14.79,-70.72
2005-01-22,-2.0,1.3799830313005952,1,0,0.20101172501183326,-14.79,-70.72
2005-01-23,-1.0,1.2684173004215564,1,0,0.21952830453672664,-14.79,-70.72
2005-01-24,1.0,1.2660157388551827,0,0,0.21994005474069325,-14.79,-70.72
2005-01-25,2.0,1.5081292924768404,0,0,0.18121619740001865,-14.79,-70.72
2005-01-26,3.5,1.4636691689607426,0,0,0.1879067767612513,-14.79,-70.72
2005-01-27,1.5,0.9021969390007092,0,0,0.2885992350510918,-14.79,-70.72
2005-01-28,1.5,0.9669781521090615,0,0,0.2754832301566494,-14.79,-70.72
2005-01-29,0.5,0.9740063609562348,0,0,0.27408267012967985,-14.79,-70.72
2005-01-30,0.0,1.2406640941692268,1,0,0.224320411682998,-14.79,-70.72
2005-01-31,1.0,1.1086100621951607,0,0,0.24813010673151242,-14.79,-70.72
2005-02-01,2.0,1.6093601617044113,0,0,0.16667746565899455,-14.79,-70.72
2005-02-02,4.0,1.89542620834112,0,0,0.13062701365307589,-14.79,-70.72
2005-02-03,5.5,1.6242648372965336,0,0,0.16461753651932773,-14.79,-70.72
2005-02-04,4.0,1.7976296725061465,0,0,0.14213984832435864,-14.79,-70.72
2005-02-05,1.5,1.7236180514612478,0,0,0.15140572253976267,-14.79,-70.72
2005-02-06,5.0,1.8520022308158097,0,0,0.13563798352606574,-14.79,-70.72
2005-02-07,4.5,2.0081984461526963,0,0,0.11834482151422694,-14.79,-70.72
2005-02-08,3.5,1.859059643938492,0,0,0.13481269576083454,-14.79,-70.72
2005-02-09,3.0,2.094189309336463,0,0,0.10966287370821055,-14.79,-70.72
2005-02-10,4.5,2.230377443796871,0,0,0.0970555583749955,-14.79,-70.72
2005-02-11,4.0,1.7013738315914413,0,0,0.15428591994684532,-14.79,-70.72
2005-02-12,0.5,2.052398640478734,0,0,0.11381023628812227,-14.79,-70.72
2005-02-13,0.0,1.7273953418820867,1,0,0.15092104736798967,-14.79,-70.72
2005-02-14,3.5,1.8180284841185737,0,0,0.1396706074382487,-14.79,-70.72
2005-02-15,3.0,1.840927267745914,0,0,0.13694166315876016,-14.79,-70.72
2005-02-16,3.0,1.7120657586917902,0,0,0.1528959693071397,-14.79,-70.72
2005-02-17,4.5,2.105619090460677,0,0,0.10855187377896988,-14.79,-70.72
2005-02-18,4.0,1.521720864992444,0,0,0.1792082530560576,-14.79,-70.72
2005-02-19,3.5,1.5589949195748565,0,0,0.17379091682592412,-14.79,-70.72
2005-02-20,4.0,1.5136631813221166,0,0,0.18039654425249366,-14.79,-70.72
2005-02-21,3.5,1.3408843599294435,0,0,0.20736466351106372,-14.79,-70.72
2005-02-22,6.0,1.2685819622223118,0,0,0.219500093406617,-14.79,-70.72
2005-02-23,5.0,1.2133379394284125,0,0,0.22911097397062896,-14.79,-70.72
2005-02-24,4.0,1.0797892186651943,0,0,0.25354590714550895,-14.79,-70.72
2005-02-25,4.5,0.9771017000430797,0,0,0.2734672481053943,-14.79,-70.72
2005-02-26,5.0,1.1795077868618433,0,0,0.23514070900962689,-14.79,-70.72
2005-02-27,5.5,1.0046193409844415,0,0,0.2680341737621786,-14.79,-70.72
2005-02-28,1.0,1.2996580103448787,0,0,0.21422257888264692,-14.79,-70.72
2005-03-01,4.5,1.3533653226227687,0,0,0.205320727317005,-14.79,-70.72
2005-03-02,2.5,0.9484314552676381,0,0,0.27920037837302086,-14.79,-70.72
2005-03-03,6.5,0.9978757590536134,0,0,0.26935927742582705,-14.79,-70.72
2005-03-04,1.0,0.8888547641993627,0,0,0.29134622042665603,-14.79,-70.72
2005-03-05,-2.0,0.6010598817622839,1,0,0.35410124698150575,-14.79,-70.72
2005-03-06,0.0,0.5014026262412807,1,0,0.3772111030863905,-14.79,-70.72
2005-03-07,1.0,0.5338395694000022,0,0,0.3696218155214776,-14.79,-70.72
2005-03-08,1.0,0.5911958317752779,0,0,0.3563605220322812,-14.79,-70.72
2005-03-09,4.5,0.595307779938195,0,0,0.35541793199581045,-14.79,-70.72
2005-03-10,2.0,0.322198924353013,0,0,0.4201399468106327,-14.79,-70.72
2005-03-11,3.5,0.18562469962787187,0,0,0.45372661719934054,-14.79,-70.72
2005-03-12,5.0,0.1199916371802372,0,0,0.4700380314323801,-14.79,-70.72
2005-03-13,6.0,-0.07069473558016304,0,1,0.517666326857162,-14.79,-70.72
2005-03-14,3.5,-0.1437501546338309,0,1,0.5358757815090682,-14.79,-70.72
2005-03-15,2.0,-0.3270120160784713,0,1,0.5810321772152273,-14.79,-70.72
2005-03-16,-1.0,-0.47392073113417243,1,1,0.6163113200612499,-14.79,-70.72
2005-03-17,-1.0,-0.35558537438363436,1,1,0.5879713591886331,-14.79,-70.72
2005-03-18,-1.0,-0.520552610492059,1,1,0.6272769760466089,-14.79,-70.72
2005-03-19,1.0,-0.47516024195938256,0,1,0.6166043869758036,-14.79,-70.72
2005-03-20,-0.5,-0.825325718828986,1,1,0.6953656714917024,-14.79,-70.72
2005-03-21,1.5,-0.9691566097290689,0,1,0.7249513603058519,-14.79,-70.72
2005-03-22,5.0,-1.3428910775719087,0,1,0.7929649760639521,-14.79,-70.72
2005-03-23,4.5,-1.2387283978383725,0,1,0.7753425959507525,-14.79,-70.72
2005-03-24,5.0,-1.4640911153095328,0,1,0.8121576028528472,-14.79,-70.72
2005-03-25,3.5,-1.7383349867266644,0,1,0.8504754543334154,-14.79,-70.72
2005-03-26,3.0,-1.3822191829756392,0,1,0.7993471742860556,-14.79,-70.72
2005-03-27,1.5,-1.5059934325571813,0,1,0.8184666745487965,-14.79,-70.72
2005-03-28,1.5,-1.996792837797399,0,1,0.880459935063022,-14.79,-70.72
2005-03-29,4.5,-2.0867686864106503,0,1,0.8896104980900035,-14.79,-70.72
2005-03-30,5.5,-2.3607863151011284,0,1,0.913787771314846,-14.79,-70.72
2005-03-31,0.0,-2.7684650842718175,1,1,0.9409477565280046,-14.79,-70.72
2005-04-01,4.0,-3.1143522245524826,0,1,0.9574808934136223,-14.79,-70.72
2005-04-02,4.5,-2.904803845854307,0,1,0.9480833979166984,-14.79,-70.72
2005-04-03,3.5,-3.01017528135618,0,1,0.9530317009375646,-14.79,-70.72
2005-04-04,4.5,-3.1974638374079727,0,1,0.9607387252934008,-14.79,-70.72
2005-04-05,0.0,-3.485621950814607,1,1,0.9702758899445924,-14.79,-70.72
2005-04-06,4.0,-3.9378738415088206,0,1,0.9808829746227391,-14.79,-70.72
2005-04-07,4.0,-3.7767435625414536,0,1,0.9776154097120952,-14.79,-70.72
2005-04-08,2.5,-4.449420502843416,0,1,0.9884496332950677,-14.79,-70.72
2005-04-09,3.5,-4.563880029604652,0,1,0.9896859439001046,-14.79,-70.72
2005-04-10,1.0,-4.697680719744934,0,1,0.9909659617912665,-14.79,-70.72
2005-04-11,0.5,-5.272072191297492,0,1,0.9948932496970686,-14.79,-70.72
2005-04-12,0.5,-5.2592866454256155,0,1,0.9948278777908449,-14.79,-70.72
2005-04-13,3.5,-4.967138936917655,0,1,0.9930851074187914,-14.79,-70.72
2005-04-14,1.0,-5.466121968127806,0,1,0.9957902021628153,-14.79,-70.72
2005-04-15,0.0,-5.1548096240703565,1,1,0.9942615412264765,-14.79,-70.72
2005-04-16,3.5,-5.316158991263242,0,1,0.9951124227675676,-14.79,-70.72
2005-04-17,1.0,-5.416606514069995,0,1,0.9955774502038672,-14.79,-70.72
2005-04-18,-2.5,-5.444629945931846,1,1,0.9956991391647436,-14.79,-70.72
2005-04-19,-5.5,-5.912046946904855,1,1,0.9973006652667146,-14.79,-70.72
2005-04-20,-5.5,-6.093607043250696,1,1,0.9977478315057814,-14.79,-70.72
2005-04-21,1.5,-6.224690659778599,0,1,0.9980239762064977,-14.79,-70.72
2005-04-22,4.5,-6.381002312208342,0,1,0.9983094380740425,-14.79,-70.72
2005-04-23,-0.5,-6.574293859201349,1,1,0.998606154321953,-14.79,-70.72
2005-04-24,-2.0,-6.231812688229814,1,1,0.9980379719936147,-14.79,-70.72
2005-04-25,0.0,-6.817982475269303,1,1,0.9989072696462307,-14.79,-70.72
2005-04-26,-3.5,-6.87583032611788,1,1,0.9989686248122889,-14.79,-70.72
2005-04-27,-4.0,-7.117940940234537,1,1,0.9991902225051712,-14.79,-70.72
2005-04-28,3.5,-7.604865076001573,0,1,0.9995022252908884,-14.79,-70.72
2005-04-29,-7.5,-7.773001034394319,1,1,0.9995792290330914,-14.79,-70.72
2005-04-30,-4.5,-7.809102704005259,1,1,0.9995941425806086,-14.79,-70.72
2005-05-01,-2.5,-7.922675493948855,1,1,0.9996376999636136,-14.79,-70.72
2005-05-02,-4.5,-8.277298326812026,1,1,0.999745841512146,-14.79,-70.72
2005-05-03,-4.0,-8.728105417164713,1,1,0.9998380572002553,-14.79,-70.72
2005-05-04,-3.5,-9.554148615484136,1,1,0.9999290985390927,-14.79,-70.72
2005-05-05,-6.0,-9.120931420884789,1,1,0.9998906591802951,-14.79,-70.72
2005-05-06,-4.0,-8.687778276768922,1,1,0.9998313941637129,-14.79,-70.72
2005-05-07,-6.0,-8.668758002314785,1,1,0.9998281570981719,-14.79,-70.72
2005-05-08,-10.0,-8.877416440392004,1,1,0.999860515341098,-14.79,-70.72
2005-05-09,-10.5,-9.314006431917761,1,1,0.9999098554964736,-14.79,-70.72
2005-05-10,-11.0,-8.693616045481596,1,1,0.9998323754136571,-14.79,-70.72
2005-05-11,-8.5,-8.721885280520302,1,1,0.9998370469192706,-14.79,-70.72
2005-05-12,-8.0,-8.485349893740828,1,1,0.9997935714775155,-14.79,-70.72
2005-05-13,-5.0,-8.6905673486364,1,1,0.9998318636833745,-14.79,-70.72
2005-05-14,-7.5,-8.97662153858673,1,1,0.9998736870322301,-14.79,-70.72
2005-05-15,-6.0,-9.004720282321959,1,1,0.9998771864373633,-14.79,-70.72
2005-05-16,-5.0,-8.692715275714708,1,1,0.9998322243798171,-14.79,-70.72
2005-05-17,-3.0,-8.715005391953717,1,1,0.9998359221394376,-14.79,-70.72
2005-05-18,-4.0,-9.34961973020755,1,1,0.999913009072375,-14.79,-70.72
2005-05-19,-7.5,-8.984896646135171,1,1,0.999874727842335,-14.79,-70.72
2005-05-20,-6.0,-9.703025679656044,1,1,0.999938905381717,-14.79,-70.72
2005-05-21,-6.5,-9.77583470487771,1,1,0.9999431953012503,-14.79,-70.72
2005-05-22,-3.5,-9.235861371740256,1,1,0.9999025293106474,-14.79,-70.72
2005-05-23,-12.0,-9.704690039109568,1,1,0.9999390069743538,-14.79,-70.72
2005-05-24,-11.5,-9.582016865219416,1,1,0.9999310470259049,-14.79,-70.72
2005-05-25,-15.5,-9.946923345505153,1,1,0.9999521275903791,-14.79,-70.72
2005-05-26,-12.5,-9.845850533495732,1,1,0.9999470362848463,-14.79,-70.72
2005-05-27,-13.0,-9.534210765588323,1,1,0.9999276708332562,-14.79,-70.72
2005-05-28,-12.5,-10.20218894174025,1,1,0.9999629123315388,-14.79,-70.72
2005-05-29,-12.5,-10.491942788845233,1,1,0.9999722415579959,-14.79,-70.72
2005-05-30,-12.0,-10.303428059466537,1,1,0.9999664831270876,-14.79,-70.72
2005-05-31,-10.0,-9.872482021253944,1,1,0.9999484280993312,-14.79,-70.72
2005-06-01,-12.0,-10.013471567504448,1,1,0.9999552095835039,-14.79,-70.72
2005-06-02,-14.5,-10.456508376196041,1,1,0.9999712403483146,-14.79,-70.72
2005-06-03,-15.0,-10.93831225474468,1,1,0.9999822358827303,-14.79,-70.72
2005-06-04,-12.5,-9.91196665205862,1,1,0.9999504246205073,-14.79,-70.72
2005-06-05,-12.0,-10.109825384905662,1,1,0.9999593237454468,-14.79,-70.72
2005-06-06,-9.5,-10.290488698289732,1,1,0.9999660466370273,-14.79,-70.72
2005-06-07,-11.0,-10.47588142210784,1,1,0.9999717921325227,-14.79,-70.72
2005-06-08,-12.5,-10.654421931710617,1,1,0.9999764042873002,-14.79,-70.72
2005-06-09,-9.5,-10.737754481218037,1,1,0.9999782908383488,-14.79,-70.72
2005-06-10,-10.5,-10.898214374568438,1,1,0.9999815091189871,-14.79,-70.72
2005-06-11,-13.5,-11.102587577580106,1,1,0.9999849269571415,-14.79,-70.72
2005-06-12,-13.5,-10.631127333370827,1,1,0.9999758481961113,-14.79,-70.72
2005-06-13,-13.0,-10.434427202567989,1,1,0.9999705982571493,-14.79,-70.72
2005-06-14,-14.0,-10.47537083857478,1,1,0.9999717777267793,-14.79,-70.72
2005-06-15,-11.0,-10.542408583555579,1,1,0.9999736076134139,-14.79,-70.72
2005-06-16,-10.0,-10.459363039750848,1,1,0.9999713223280217,-14.79,-70.72
2005-06-17,-13.5,-11.02967855419747,1,1,0.9999837869610719,-14.79,-70.72
2005-06-18,-10.0,-11.115384373037111,1,1,0.9999851186120178,-14.79,-70.72
2005-06-19,-14.0,-11.316038148002143,1,1,0.9999878240799615,-14.79,-70.72
2005-06-20,-13.5,-11.12950734876581,1,1,0.9999853273012899,-14.79,-70.72
2005-06-21,-12.0,-11.453102792729272,1,1,0.9999893836300071,-14.79,-70.72
2005-06-22,-11.5,-11.124398778836248,1,1,0.9999852521541038,-14.79,-70.72
2005-06-23,-9.5,-10.989882482405193,1,1,0.9999831287463842,-14.79,-70.72
2005-06-24,-10.0,-11.119141705382114,1,1,0.9999851744205979,-14.79,-70.72
2005-06-25,-7.5,-11.280643170226579,1,1,0.9999873854012645,-14.79,-70.72
2005-06-26,-10.0,-10.992369991177027,1,1,0.9999831706609161,-14.79,-70.72
2005-06-27,-17.5,-11.034943083844162,1,1,0.9999838720894425,-14.79,-70.72
2005-06-28,-13.5,-10.540064985827724,1,1,0.9999735456893788,-14.79,-70.72
2005-06-29,-14.0,-11.672468406720673,1,1,0.9999914747391073,-14.79,-70.72
2005-06-30,-13.0,-12.281230810970948,1,1,0.999995362037706,-14.79,-70.72
2005-07-01,-11.5,-11.546754374680987,1,1,0.9999903327245593,-14.79,-70.72
2005-07-02,-6.5,-10.898115806896886,1,1,0.9999815072963278,-14.79,-70.72
2005-07-03,-9.0,-11.342754780703308,1,1,0.9999881450687264,-14.79,-70.72
2005-07-04,-9.5,-11.284826364848481,1,1,0.9999874380597061,-14.79,-70.72
2005-07-05,-10.0,-11.204778767912131,1,1,0.9999863911790585,-14.79,-70.72
2005-07-06,-8.5,-11.265226132841992,1,1,0.9999871894171504,-14.79,-70.72
2005-07-07,-7.0,-11.402245127476466,1,1,0.9999888297470292,-14.79,-70.72
2005-07-08,-8.5,-11.061640972179191,1,1,0.9999842969669338,-14.79,-70.72
2005-07-09,-9.0,-11.198887611329948,1,1,0.9999863107718477,-14.79,-70.72
2005-07-10,-10.0,-11.439984870267008,1,1,0.9999892434493575,-14.79,-70.72
2005-07-11,-14.5,-11.419212624704656,1,1,0.999989017677322,-14.79,-70.72
2005-07-12,-13.5,-11.194483074102521,1,1,0.9999862503449832,-14.79,-70.72
2005-07-13,-13.0,-11.012456652151212,1,1,0.9999835053281428,-14.79,-70.72
2005-07-14,-12.0,-10.880879448310637,1,1,0.9999811857926362,-14.79,-70.72
2005-07-15,-9.0,-11.241827659314467,1,1,0.9999868861387079,-14.79,-70.72
2005-07-16,-10.5,-10.654543062463723,1,1,0.9999764071452263,-14.79,-70.72
2005-07-17,-11.0,-10.151859804225534,1,1,0.99996099804586,-14.79,-70.72
2005-07-18,-6.5,-10.33067454452729,1,1,0.9999673839859302,-14.79,-70.72
2005-07-19,-5.5,-10.744998540545886,1,1,0.9999784475291903,-14.79,-70.72
2005-07-20,1.5,-10.55291160841482,0,1,0.9999738833554691,-14.79,-70.72
2005-07-21,-3.0,-10.603361551114492,1,1,0.9999751682227231,-14.79,-70.72
2005-07-22,-4.0,-10.098320400764258,1,1,0.9999588530827475,-14.79,-70.72
2005-07-23,-6.0,-10.07512846197079,1,1,0.999957887694809,-14.79,-70.72
2005-07-24,-10.0,-9.363135671372639,1,1,0.9999141768263031,-14.79,-70.72
2005-07-25,-11.5,-9.29286649230835,1,1,0.9999079297390866,-14.79,-70.72
2005-07-26,-10.5,-9.477567340861855,1,1,0.9999234559287211,-14.79,-70.72
2005-07-27,-7.0,-9.865827749732382,1,1,0.9999480837994553,-14.79,-70.72
2005-07-28,-8.0,-9.490698651347577,1,1,0.9999244544067444,-14.79,-70.72
2005-07-29,-9.5,-9.719575592264892,1,1,0.9999399081111217,-14.79,-70.72
2005-07-30,-9.5,-8.881097275984061,1,1,0.9998610277462259,-14.79,-70.72
2005-07-31,-10.5,-8.624771831823667,1,1,0.9998204310707668,-14.79,-70.72
2005-08-01,-10.0,-8.253368206775304,1,1,0.9997396877153679,-14.79,-70.72
2005-08-02,-10.5,-8.160352366300403,1,1,0.9997143199521441,-14.79,-70.72
2005-08-03,-13.0,-8.547572360659053,1,1,0.999806022106683,-14.79,-70.72
2005-08-04,-10.5,-8.379032713374663,1,1,0.9997704207607452,-14.79,-70.72
2005-08-05,-11.0,-8.237671516049947,1,1,0.9997355705258227,-14.79,-70.72
2005-08-06,-8.5,-8.209079492805412,1,1,0.9997279029154651,-14.79,-70.72
2005-08-07,-0.5,-8.397635640873482,1,1,0.9997746511732293,-14.79,-70.72
2005-08-08,-6.5,-8.293129520595627,1,1,0.99974983246372,-14.79,-70.72
2005-08-09,-7.5,-7.646663485360774,1,1,0.9995225929164676,-14.79,-70.72
2005-08-10,-8.5,-7.515219475673511,1,1,0.9994555661212731,-14.79,-70.72
2005-08-11,-9.0,-7.5807270180346435,1,1,0.9994900699905838,-14.79,-70.72
2005-08-12,-10.5,-6.849715451527224,1,1,0.9989413646940881,-14.79,-70.72
2005-08-13,-11.0,-6.270061188864387,1,1,0.9981114605262841,-14.79,-70.72
2005-08-14,-11.5,-5.924375493508797,1,1,0.9973336516527962,-14.79,-70.72
2005-08-15,-14.5,-5.9815271238666785,1,1,0.9974813919946379,-14.79,-70.72
2005-08-16,-11.0,-5.918969580081768,1,1,0.9973192373188907,-14.79,-70.72
2005-08-17,-12.5,-6.369495371379983,1,1,0.9982899059829995,-14.79,-70.72
2005-08-18,-10.5,-5.725584935445204,1,1,0.9967491574609468,-14.79,-70.72
2005-08-19,-8.0,-6.177071586349685,1,1,0.9979278031063651,-14.79,-70.72
2005-08-20,-3.0,-6.141125130242767,1,1,0.9978521228943241,-14.79,-70.72
2005-08-21,-6.0,-5.55375934011387,1,1,0.9961420708544706,-14.79,-70.72
2005-08-22,-5.0,-4.9033610010197926,1,1,0.9926330772227242,-14.79,-70.72
2005-08-23,-12.0,-5.216759241390585,1,1,0.9946043891481148,-14.79,-70.72
2005-08-24,-7.5,-4.945748153084922,1,1,0.9929366551258814,-14.79,-70.72
2005-08-25,-5.5,-5.037495932552385,1,1,0.9935518689035439,-14.79,-70.72
2005-08-26,-7.5,-5.049588521410363,1,1,0.9936288801451949,-14.79,-70.72
2005-08-27,-8.0,-4.776584348454815,1,1,0.9916456572402018,-14.79,-70.72
2005-08-28,-11.5,-4.608148852502424,1,1,0.990128167064759,-14.79,-70.72
2005-08-29,-14.0,-5.122969328455888,1,1,0.994076986677426,-14.79,-70.72
2005-08-30,-7.5,-4.752108144540122,1,1,0.991440423502188,-14.79,-70.72
2005-08-31,-7.0,-5.308544444339236,1,1,0.9950752480094861,-14.79,-70.72
2005-09-01,-7.5,-5.202945829730882,1,1,0.9945297507430559,-14.79,-70.72
2005-09-02,-6.5,-4.795964778833746,1,1,0.99180469500237,-14.79,-70.72
2005-09-03,-3.5,-4.809637909827006,1,1,0.9919150880929949,-14.79,-70.72
2005-09-04,-13.0,-5.00152201052428,1,1,0.9933172598945907,-14.79,-70.72
2005-09-05,-13.0,-4.939099063138384,1,1,0.9928898688658301,-14.79,-70.72
2005-09-06,-7.0,-5.14127199201466,1,1,0.9941837827715738,-14.79,-70.72
2005-09-07,-6.0,-4.505030894391006,1,1,0.9890675899489676,-14.79,-70.72
2005-09-08,1.5,-4.381206331187028,0,1,0.9876443148091614,-14.79,-70.72
2005-09-09,1.0,-4.857436025472368,0,1,0.9922895318466662,-14.79,-70.72
2005-09-10,-3.5,-4.159458072853563,1,1,0.9846240920888439,-14.79,-70.72
2005-09-11,-5.0,-4.600354490571448,1,1,0.9900516902381852,-14.79,-70.72
2005-09-12,-1.5,-5.01501347339674,1,1,0.9934062238636774,-14.79,-70.72
2005-09-13,0.0,-4.921097551387257,1,1,0.9927616516257312,-14.79,-70.72
2005-09-14,0.0,-4.174961917006692,1,1,0.9848570573134018,-14.79,-70.72
2005-09-15,-3.5,-4.285229604827648,1,1,0.9864165903960551,-14.79,-70.72
2005-09-16,-1.5,-3.8298654738746283,1,1,0.9787488793916325,-14.79,-70.72
2005-09-17,0.0,-4.249230416332155,1,1,0.9859256980400855,-14.79,-70.72
2005-09-18,0.5,-4.284023098546344,0,1,0.9864004150475552,-14.79,-70.72
2005-09-19,-5.0,-3.60120230885661,1,1,0.9734341160001131,-14.79,-70.72
2005-09-20,-7.0,-3.82912626310528,1,1,0.9787334987270272,-14.79,-70.72
2005-09-21,-5.0,-3.269750635355327,1,1,0.963376374575012,-14.79,-70.72
2005-09-22,-4.5,-2.9653019200846287,1,1,0.95098173721793,-14.79,-70.72
2005-09-23,-3.5,-2.9316471570811315,1,1,0.9493888789759704,-14.79,-70.72
2005-09-24,-0.5,-2.886774423726897,1,1,0.9471887636549349,-14.79,-70.72
2005-09-25,-7.5,-3.5965540695422007,1,1,0.9733136469994796,-14.79,-70.72
2005-09-26,-6.0,-3.6339238292914082,1,1,0.9742673171643278,-14.79,-70.72
2005-09-27,-7.5,-3.4592350097629274,1,1,0.9695053581355683,-14.79,-70.72
2005-09-28,-4.0,-3.551421212722526,1,1,0.9721159761854026,-14.79,-70.72
2005-09-29,-3.0,-3.039335501463988,1,1,0.9543198701718051,-14.79,-70.72
2005-09-30,1.0,-2.221365363504936,0,1,0.9021517879142898,-14.79,-70.72
2005-10-01,-5.0,-2.423172934559998,1,1,0.9185773731776025,-14.79,-70.72
2005-10-02,-0.5,-2.8427979082522867,1,1,0.9449452012842606,-14.79,-70.72
2005-10-03,1.0,-2.265778155590628,0,1,0.9060028641810093,-14.79,-70.72
2005-10-04,1.5,-2.296721927125183,0,1,0.9086051862805357,-14.79,-70.72
2005-10-05,2.0,-2.7045849709815863,0,1,0.9372966510913922,-14.79,-70.72
2005-10-06,-5.0,-1.9314406797082697,1,1,0.8734087955957611,-14.79,-70.72
2005-10-07,4.0,-2.0371904534950573,0,1,0.884646872461721,-14.79,-70.72
2005-10-08,3.5,-2.311636637992099,0,1,0.9098362058096843,-14.79,-70.72
2005-10-09,4.5,-1.8030162514075574,0,1,0.8585157049060257,-14.79,-70.72
2005-10-10,0.0,-1.896150447094783,1,1,0.8694552115048518,-14.79,-70.72
2005-10-11,2.0,-1.76184594121422,0,1,0.8534407005909357,-14.79,-70.72
2005-10-12,1.0,-1.18460173048513,0,1,0.7657741981379683,-14.79,-70.72
2005-10-13,-1.0,-2.149508557743657,1,1,0.8956228445297401,-14.79,-70.72
2005-10-14,-1.5,-1.7331701725205662,1,1,0.8498174710533917,-14.79,-70.72
2005-10-15,2.0,-1.9850170327223795,0,1,0.8792149654246301,-14.79,-70.72
2005-10-16,5.0,-1.9850706211752718,0,1,0.8792206561888627,-14.79,-70.72
2005-10-17,4.0,-2.008694637717877,0,1,0.8817069409750873,-14.79,-70.72
2005-10-18,2.0,-1.4606089285338855,0,1,0.8116257911505247,-14.79,-70.72
2005-10-19,2.5,-1.5190022304126742,0,1,0.8203915069563796,-14.79,-70.72
2005-10-20,-1.0,-2.0440833618893928,1,1,0.8853484088064109,-14.79,-70.72
2005-10-21,-2.0,-1.8518976026482328,1,1,0.864349749366345,-14.79,-70.72
2005-10-22,5.0,-1.794208248156933,0,1,0.8574424454651045,-14.79,-70.72
2005-10-23,3.0,-1.906548078264532,0,1,0.8706308455001167,-14.79,-70.72
2005-10-24,3.0,-1.9982145030637593,0,1,0.8806094847557709,-14.79,-70.72
2005-10-25,2.0,-2.927340575067066,0,1,0.9491815483473893,-14.79,-70.72
2005-10-26,1.0,-2.223431870814542,0,1,0.9023340551175157,-14.79,-70.72
2005-10-27,1.0,-2.157822382000625,0,1,0.8963974897676548,-14.79,-70.72
2005-10-28,3.0,-1.9255358434958298,0,1,0.87275448142685,-14.79,-70.72
2005-10-29,0.5,-1.5847996146119763,0,1,0.8298831868101396,-14.79,-70.72
2005-10-30,-2.5,-1.6375110749100346,1,1,0.8371959843899149,-14.79,-70.72
2005-10-31,-1.0,-1.7730055677982706,1,1,0.854831044697973,-14.79,-70.72
2005-11-01,-4.0,-1.612950807891257,1,1,0.833820664331388,-14.79,-70.72
2005-11-02,-3.0,-1.7971769218475866,1,1,0.8578049360755357,-14.79,-70.72
2005-11-03,-1.0,-1.783280988604862,1,1,0.85610152890813,-14.79,-70.72
2005-11-04,0.0,-1.7592609427467507,1,1,0.8531170743337911,-14.79,-70.72
2005-11-05,-4.0,-1.7765019405125138,1,1,0.8552643887667567,-14.79,-70.72
2005-11-06,-2.0,-1.4281851626052449,1,1,0.8066183855728757,-14.79,-70.72
2005-11-07,-1.0,-1.6468643759369068,1,1,0.8384668114125297,-14.79,-70.72
2005-11-08,-1.0,-1.5308489468256345,1,1,0.822130491312057,-14.79,-70.72
2005-11-09,3.5,-0.8980866383592976,0,1,0.7105561475727643,-14.79,-70.72
2005-11-10,5.0,-1.4084582653389943,0,1,0.8035226577163026,-14.79,-70.72
2005-11-11,5.5,-1.5195083557496178,0,1,0.8204660720685765,-14.79,-70.72
2005-11-12,2.5,-2.096064547005395,0,1,0.8905200847621308,-14.79,-70.72
2005-11-13,0.5,-1.456798549497003,0,1,0.8110425328518192,-14.79,-70.72
2005-11-14,1.5,-0.9944147233016345,0,1,0.7299590304434176,-14.79,-70.72
2005-11-15,0.0,-1.1616841259740358,1,1,0.7616385946150652,-14.79,-70.72
2005-11-16,2.0,-0.923655973402008,0,1,0.7157864494580773,-14.79,-70.72
2005-11-17,1.0,-0.6543284880967457,0,1,0.6579852135937347,-14.79,-70.72
2005-11-18,3.5,-0.5160747033289108,0,1,0.6262294435188167,-14.79,-70.72
2005-11-19,6.5,-0.7680003541360603,0,1,0.6830881715251116,-14.79,-70.72
2005-11-20,4.0,-1.3712960838607944,0,1,0.7975894747073394,-14.79,-70.72
2005-11-21,2.0,-1.1686092450956154,0,1,0.7628935382476342,-14.79,-70.72
2005-11-22,4.0,-0.6896522223689194,0,1,0.6658895574211776,-14.79,-70.72
2005-11-23,1.5,-0.8164785861463044,0,1,0.6934883308313036,-14.79,-70.72
2005-11-24,0.5,-1.0696175874559417,0,1,0.7445241847336174,-14.79,-70.72
2005-11-25,0.5,-1.2289197891592378,0,1,0.7736294561886379,-14.79,-70.72
2005-11-26,4.5,-1.04434412447663,0,1,0.7396873377053326,-14.79,-70.72
2005-11-27,2.5,-0.8908230062110531,0,1,0.7090599829540792,-14.79,-70.72
2005-11-28,-3.5,-0.8980903109569232,1,1,0.7105569029010427,-14.79,-70.72
2005-11-29,-1.5,-0.4777300781506999,1,1,0.617211722707475,-14.79,-70.72
2005-11-30,-0.5,-0.7259346651157896,1,1,0.673912529633901,-14.79,-70.72
2005-12-01,3.0,-0.4240109278542601,0,1,0.6044426301820013,-14.79,-70.72
2005-12-02,3.0,-0.6674058177757467,0,1,0.660922035256598,-14.79,-70.72
2005-12-03,4.5,-0.4057199938278666,0,1,0.6000611710132355,-14.79,-70.72
2005-12-04,5.0,-0.48672120955029463,0,1,0.619333729501835,-14.79,-70.72
2005-12-05,3.0,-0.16369191453838328,0,1,0.5408318450722875,-14.79,-70.72
2005-12-06,0.0,-0.08875932796574704,1,1,0.5221752754309312,-14.79,-70.72
2005-12-07,3.0,-0.1871487522355193,0,1,0.5466511059002647,-14.79,-70.72
2005-12-08,-2.5,0.04978794456909652,1,0,0.48755558439386343,-14.79,-70.72
2005-12-09,2.0,0.37256880195946174,0,0,0.4079204545872776,-14.79,-70.72
2005-12-10,-0.5,0.1837470538045496,1,0,0.45419204849346567,-14.79,-70.72
2005-12-11,6.0,0.3100111523195741,0,0,0.42311201671558474,-14.79,-70.72
2005-12-12,3.5,0.2816959907629384,0,0,0.43003803046674377,-14.79,-70.72
2005-12-13,-1.5,0.5145788731329981,1,0,0.3741207457193414,-14.79,-70.72
2005-12-14,2.0,0.7602626122163718,0,0,0.31858925297210827,-14.79,-70.72
2005-12-15,2.5,0.6548452955292019,0,0,0.34189849321191035,-14.79,-70.72
2005-12-16,3.0,0.6587225964254575,0,0,0.3410266208924424,-14.79,-70.72
2005-12-17,2.5,0.6511336487676198,0,0,0.34273411765825273,-14.79,-70.72
2005-12-18,3.5,0.3630950848632448,0,0,0.41021054019415043,-14.79,-70.72
2005-12-19,3.0,0.757639397535864,0,0,0.31915899781969886,-14.79,-70.72
2005-12-20,0.5,0.859550154172454,0,0,0.2974333399083554,-14.79,-70.72
2005-12-21,1.5,0.8653566798006169,0,0,0.2962213980308523,-14.79,-70.72
2005-12-22,-1.5,0.8252213679115226,1,0,0.30465643384902524,-14.79,-70.72
2005-12-23,-3.0,1.151140601808069,1,0,0.24028080914381447,-14.79,-70.72
2005-12-24,3.0,0.8715744619467163,0,0,0.2949267948652099,-14.79,-70.72
2005-12-25,2.5,1.1846774096086836,0,0,0.23421222801901773,-14.79,-70.72
2005-12-26,3.5,1.170052748423089,0,0,0.23684544988006104,-14.79,-70.72
2005-12-27,2.5,0.9465937842392576,0,0,0.27957035513965556,-14.79,-70.72
2005-12-28,5.0,1.0453807228025491,0,0,0.26011311490490635,-14.79,-70.72
2005-12-29,4.5,0.9194324411466823,0,0,0.2850735524402913,-14.79,-70.72
2005-12-30,3.5,0.739638266192566,0,0,0.32308325004944843,-14.79,-70.72
2005-12-31,3.5,1.0592456416145657,0,0,0.25745363995482073,-14.79,-70.72
2006-01-01,2.5,1.3332985725503352,0,0,0.20861426607693362,-14.79,-70.72
2006-01-02,2.0,1.4440181618969508,0,0,0.19092388426755721,-14.79,-70.72
2006-01-03,4.0,1.1658813642513008,0,0,0.23760025371355353,-14.79,-70.72
2006-01-04,4.0,1.1340001748893878,0,0,0.24342363850178927,-14.79,-70.72
2006-01-05,3.0,1.3902642340077618,0,0,0.1993655767450476,-14.79,-70.72
2006-01-06,-1.0,1.3681913892720088,1,0,0.20291221187102912,-14.79,-70.72
2006-01-07,-4.0,1.2689977456508723,1,0,0.21942886977943354,-14.79,-70.72
2006-01-08,-2.5,0.9839798816857295,1,0,0.27210280231300915,-14.79,-70.72
2006-01-09,0.0,1.151621649814028,1,0,0.2401930067539625,-14.79,-70.72
2006-01-10,1.0,0.9175174222047167,0,0,0.2854640065691795,-14.79,-70.72
2006-01-11,0.0,0.9900354176760429,1,0,0.2709050820532817,-14.79,-70.72
2006-01-12,4.0,1.4062920495685756,0,0,0.1968195562944951,-14.79,-70.72
2006-01-13,0.5,1.2906498937577124,0,0,0.2157428298750063,-14.79,-70.72
2006-01-14,4.0,1.395350624987847,0,0,0.1985549337280891,-14.79,-70.72
2006-01-15,4.0,1.1811599479420378,0,0,0.23484369860935791,-14.79,-70.72
2006-01-16,2.5,1.4812699049976574,0,0,0.18523568426591766,-14.79,-70.72
2006-01-17,3.5,1.5378776884239853,0,0,0.17684400825336752,-14.79,-70.72
2006-01-18,2.5,1.3679579468122869,0,0,0.20294997120365363,-14.79,-70.72
2006-01-19,4.5,1.4649387968079397,0,0,0.18771311108408517,-14.79,-70.72
2006-01-20,3.0,1.657143417092299,0,0,0.1601458320045564,-14.79,-70.72
2006-01-21,5.0,1.6949168540802386,0,0,0.15513031982579195,-14.79,-70.72
2006-01-22,5.0,1.3799830313005952,0,0,0.20101172501183326,-14.79,-70.72
2006-01-23,5.0,1.2684173004215564,0,0,0.21952830453672664,-14.79,-70.72
2006-01-24,5.0,1.2660157388551827,0,0,0.21994005474069325,-14.79,-70.72
2006-01-25,3.0,1.5081292924768404,0,0,0.18121619740001865,-14.79,-70.72
2006-01-26,5.0,1.4636691689607426,0,0,0.1879067767612513,-14.79,-70.72
2006-01-27,3.0,0.9021969390007092,0,0,0.2885992350510918,-14.79,-70.72
2006-01-28,4.0,0.9669781521090615,0,0,0.2754832301566494,-14.79,-70.72
2006-01-29,5.0,0.9740063609562348,0,0,0.27408267012967985,-14.79,-70.72
2006-01-30,4.0,1.2406640941692268,0,0,0.224320411682998,-14.79,-70.72
2006-01-31,4.5,1.1086100621951607,0,0,0.24813010673151242,-14.79,-70.72
2006-02-01,4.0,1.6093601617044113,0,0,0.16667746565899455,-14.79,-70.72
2006-02-02,4.5,1.89542620834112,0,0,0.13062701365307589,-14.79,-70.72
2006-02-03,4.0,1.6242648372965336,0,0,0.16461753651932773,-14.79,-70.72
2006-02-04,3.5,1.7976296725061465,0,0,0.14213984832435864,-14.79,-70.72
2006-02-05,2.0,1.7236180514612478,0,0,0.15140572253976267,-14.79,-70.72
2006-02-06,3.0,1.8520022308158097,0,0,0.13563798352606574,-14.79,-70.72
2006-02-07,4.0,2.0081984461526963,0,0,0.11834482151422694,-14.79,-70.72
2006-02-08,3.5,1.859059643938492,0,0,0.13481269576083454,-14.79,-70.72
2006-02-09,3.5,2.094189309336463,0,0,0.10966287370821055,-14.79,-70.72
2006-02-10,5.0,2.230377443796871,0,0,0.0970555583749955,-14.79,-70.72
2006-02-11,5.0,1.7013738315914413,0,0,0.15428591994684532,-14.79,-70.72
2006-02-12,4.0,2.052398640478734,0,0,0.11381023628812227,-14.79,-70.72
2006-02-13,0.0,1.7273953418820867,1,0,0.15092104736798967,-14.79,-70.72
2006-02-14,1.0,1.8180284841185737,0,0,0.1396706074382487,-14.79,-70.72
2006-02-15,-1.0,1.840927267745914,1,0,0.13694166315876016,-14.79,-70.72
2006-02-16,0.5,1.7120657586917902,0,0,0.1528959693071397,-14.79,-70.72
2006-02-17,2.0,2.105619090460677,0,0,0.10855187377896988,-14.79,-70.72
2006-02-18,1.5,1.521720864992444,0,0,0.1792082530560576,-14.79,-70.72
2006-02-19,2.0,1.5589949195748565,0,0,0.17379091682592412,-14.79,-70.72
2006-02-20,1.0,1.5136631813221166,0,0,0.18039654425249366,-14.79,-70.72
2006-02-21,5.0,1.3408843599294435,0,0,0.20736466351106372,-14.79,-70.72
2006-02-22,0.0,1.2685819622223118,1,0,0.219500093406617,-14.79,-70.72
2006-02-23,2.0,1.2133379394284125,0,0,0.22911097397062896,-14.79,-70.72
2006-02-24,1.5,1.0797892186651943,0,0,0.25354590714550895,-14.79,-70.72
2006-02-25,2.0,0.9771017000430797,0,0,0.2734672481053943,-14.79,-70.72
2006-02-26,-0.5,1.1795077868618433,1,0,0.23514070900962689,-14.79,-70.72
2006-02-27,-0.5,1.0046193409844415,1,0,0.2680341737621786,-14.79,-70.72
2006-02-28,3.5,1.2996580103448787,0,0,0.21422257888264692,-14.79,-70.72
2006-03-01,3.5,1.3533653226227687,0,0,0.205320727317005,-14.79,-70.72
2006-03-02,3.5,0.9484314552676381,0,0,0.27920037837302086,-14.79,-70.72
2006-03-03,3.5,0.9978757590536134,0,0,0.26935927742582705,-14.79,-70.72
2006-03-04,3.5,0.8888547641993627,0,0,0.29134622042665603,-14.79,-70.72
2006-03-05,3.5,0.6010598817622839,0,0,0.35410124698150575,-14.79,-70.72
2006-03-06,3.5,0.5014026262412807,0,0,0.3772111030863905,-14.79,-70.72
2006-03-07,3.5,0.5338395694000022,0,0,0.3696218155214776,-14.79,-70.72
2006-03-08,3.5,0.5911958317752779,0,0,0.3563605220322812,-14.79,-70.72
2006-03-09,3.5,0.595307779938195,0,0,0.35541793199581045,-14.79,-70.72
2006-03-10,3.5,0.322198924353013,0,0,0.4201399468106327,-14.79,-70.72
2006-03-11,3.5,0.18562469962787187,0,0,0.45372661719934054,-14.79,-70.72
2006-03-12,3.5,0.1199916371802372,0,0,0.4700380314323801,-14.79,-70.72
2006-03-13,3.5,-0.07069473558016304,0,1,0.517666326857162,-14.79,-70.72
2006-03-14,3.5,-0.1437501546338309,0,1,0.5358757815090682,-14.79,-70.72
2006-03-15,3.5,-0.3270120160784713,0,1,0.5810321772152273,-14.79,-70.72
2006-03-16,3.5,-0.47392073113417243,0,1,0.6163113200612499,-14.79,-70.72
2006-03-17,3.5,-0.35558537438363436,0,1,0.5879713591886331,-14.79,-70.72
2006-03-18,3.5,-0.520552610492059,0,1,0.6272769760466089,-14.79,-70.72
2006-03-19,3.5,-0.47516024195938256,0,1,0.6166043869758036,-14.79,-70.72
2006-03-20,3.5,-0.825325718828986,0,1,0.6953656714917024,-14.79,-70.72
2006-03-21,3.5,-0.9691566097290689,0,1,0.7249513603058519,-14.79,-70.72
2006-03-22,3.5,-1.3428910775719087,0,1,0.7929649760639521,-14.79,-70.72
2006-03-23,3.5,-1.2387283978383725,0,1,0.7753425959507525,-14.79,-70.72
2006-03-24,3.5,-1.4640911153095328,0,1,0.8121576028528472,-14.79,-70.72
2006-03-25,3.5,-1.7383349867266644,0,1,0.8504754543334154,-14.79,-70.72
2006-03-26,3.5,-1.3822191829756392,0,1,0.7993471742860556,-14.79,-70.72
2006-03-27,3.5,-1.5059934325571813,0,1,0.8184666745487965,-14.79,-70.72
2006-03-28,3.5,-1.996792837797399,0,1,0.880459935063022,-14.79,-70.72
2006-03-29,3.5,-2.0867686864106503,0,1,0.8896104980900035,-14.79,-70.72
2006-03-30,3.5,-2.3607863151011284,0,1,0.913787771314846,-14.79,-70.72
2006-03-31,3.5,-2.7684650842718175,0,1,0.9409477565280046,-14.79,-70.72
2006-04-01,6.0,-3.1143522245524826,0,1,0.9574808934136223,-14.79,-70.72
2006-04-02,5.0,-2.904803845854307,0,1,0.9480833979166984,-14.79,-70.72
2006-04-03,3.5,-3.01017528135618,0,1,0.9530317009375646,-14.79,-70.72
2006-04-04,4.0,-3.1974638374079727,0,1,0.9607387252934008,-14.79,-70.72
2006-04-05,5.0,-3.485621950814607,0,1,0.9702758899445924,-14.79,-70.72
2006-04-06,4.5,-3.9378738415088206,0,1,0.9808829746227391,-14.79,-70.72
2006-04-07,4.0,-3.7767435625414536,0,1,0.9776154097120952,-14.79,-70.72
2006-04-08,0.0,-4.449420502843416,1,1,0.9884496332950677,-14.79,-70.72
2006-04-09,-1.0,-4.563880029604652,1,1,0.9896859439001046,-14.79,-70.72
2006-04-10,-0.5,-4.697680719744934,1,1,0.9909659617912665,-14.79,-70.72
2006-04-11,-2.0,-5.272072191297492,1,1,0.9948932496970686,-14.79,-70.72
2006-04-12,0.0,-5.2592866454256155,1,1,0.9948278777908449,-14.79,-70.72
2006-04-13,2.0,-4.967138936917655,0,1,0.9930851074187914,-14.79,-70.72
2006-04-14,3.5,-5.466121968127806,0,1,0.9957902021628153,-14.79,-70.72
2006-04-15,4.0,-5.1548096240703565,0,1,0.9942615412264765,-14.79,-70.72
2006-04-16,3.0,-5.316158991263242,0,1,0.9951124227675676,-14.79,-70.72
2006-04-17,0.0,-5.416606514069995,1,1,0.9955774502038672,-14.79,-70.72
2006-04-18,-1.0,-5.444629945931846,1,1,0.9956991391647436,-14.79,-70.72
2006-04-19,-3.5,-5.912046946904855,1,1,0.9973006652667146,-14.79,-70.72
2006-04-20,-2.5,-6.093607043250696,1,1,0.9977478315057814,-14.79,-70.72
2006-04-21,-4.0,-6.224690659778599,1,1,0.9980239762064977,-14.79,-70.72
2006-04-22,-5.5,-6.381002312208342,1,1,0.9983094380740425,-14.79,-70.72
2006-04-23,-7.5,-6.574293859201349,1,1,0.998606154321953,-14.79,-70.72
2006-04-24,-5.0,-6.231812688229814,1,1,0.9980379719936147,-14.79,-70.72
2006-04-25,0.0,-6.817982475269303,1,1,0.9989072696462307,-14.79,-70.72
2006-04-26,-4.0,-6.87583032611788,1,1,0.9989686248122889,-14.79,-70.72
2006-04-27,-3.0,-7.117940940234537,1,1,0.9991902225051712,-14.79,-70.72
2006-04-28,6.0,-7.604865076001573,0,1,0.9995022252908884,-14.79,-70.72
2006-04-29,-1.5,-7.773001034394319,1,1,0.9995792290330914,-14.79,-70.72
2006-04-30,-1.0,-7.809102704005259,1,1,0.9995941425806086,-14.79,-70.72
2006-05-01,1.5,-7.922675493948855,0,1,0.9996376999636136,-14.79,-70.72
2006-05-02,-7.0,-8.277298326812026,1,1,0.999745841512146,-14.79,-70.72
2006-05-03,-7.5,-8.728105417164713,1,1,0.9998380572002553,-14.79,-70.72
2006-05-04,-4.0,-9.554148615484136,1,1,0.9999290985390927,-14.79,-70.72
2006-05-05,-2.0,-9.120931420884789,1,1,0.9998906591802951,-14.79,-70.72
2006-05-06,-7.0,-8.687778276768922,1,1,0.9998313941637129,-14.79,-70.72
2006-05-07,-8.5,-8.668758002314785,1,1,0.9998281570981719,-14.79,-70.72
2006-05-08,-9.0,-8.877416440392004,1,1,0.999860515341098,-14.79,-70.72
2006-05-09,-7.0,-9.314006431917761,1,1,0.9999098554964736,-14.79,-70.72
2006-05-10,-8.5,-8.693616045481596,1,1,0.9998323754136571,-14.79,-70.72
2006-05-11,-9.5,-8.721885280520302,1,1,0.9998370469192706,-14.79,-70.72
2006-05-12,-8.0,-8.485349893740828,1,1,0.9997935714775155,-14.79,-70.72
2006-05-13,-8.0,-8.6905673486364,1,1,0.9998318636833745,-14.79,-70.72
2006-05-14,-7.0,-8.97662153858673,1,1,0.9998736870322301,-14.79,-70.72
2006-05-15,-7.5,-9.004720282321959,1,1,0.9998771864373633,-14.79,-70.72
2006-05-16,-8.5,-8.692715275714708,1,1,0.9998322243798171,-14.79,-70.72
2006-05-17,-8.0,-8.715005391953717,1,1,0.9998359221394376,-14.79,-70.72
2006-05-18,-9.0,-9.34961973020755,1,1,0.999913009072375,-14.79,-70.72
2006-05-19,-13.0,-8.984896646135171,1,1,0.999874727842335,-14.79,-70.72
2006-05-20,-13.0,-9.703025679656044,1,1,0.999938905381717,-14.79,-70.72
2006-05-21,-14.0,-9.77583470487771,1,1,0.9999431953012503,-14.79,-70.72
2006-05-22,-12.5,-9.235861371740256,1,1,0.9999025293106474,-14.79,-70.72
2006-05-23,-13.0,-9.704690039109568,1,1,0.9999390069743538,-14.79,-70.72
2006-05-24,-13.5,-9.582016865219416,1,1,0.9999310470259049,-14.79,-70.72
2006-05-25,-11.0,-9.946923345505153,1,1,0.9999521275903791,-14.79,-70.72
2006-05-26,-12.5,-9.845850533495732,1,1,0.9999470362848463,-14.79,-70.72
2006-05-27,-14.5,-9.534210765588323,1,1,0.9999276708332562,-14.79,-70.72
2006-05-28,-13.0,-10.20218894174025,1,1,0.9999629123315388,-14.79,-70.72
2006-05-29,-14.0,-10.491942788845233,1,1,0.9999722415579959,-14.79,-70.72
2006-05-30,-10.5,-10.303428059466537,1,1,0.9999664831270876,-14.79,-70.72
2006-05-31,-10.5,-9.872482021253944,1,1,0.9999484280993312,-14.79,-70.72
2006-06-01,3.0,-10.013471567504448,0,1,0.9999552095835039,-14.79,-70.72
2006-06-02,-5.5,-10.456508376196041,1,1,0.9999712403483146,-14.79,-70.72
2006-06-03,-6.0,-10.93831225474468,1,1,0.9999822358827303,-14.79,-70.72
2006-06-04,-10.2,-9.91196665205862,1,1,0.9999504246205073,-14.79,-70.72
2006-06-05,-13.0,-10.109825384905662,1,1,0.9999593237454468,-14.79,-70.72
2006-06-06,-14.5,-10.290488698289732,1,1,0.9999660466370273,-14.79,-70.72
2006-06-07,-9.0,-10.47588142210784,1,1,0.9999717921325227,-14.79,-70.72
2006-06-08,-4.0,-10.654421931710617,1,1,0.9999764042873002,-14.79,-70.72
2006-06-09,-5.5,-10.737754481218037,1,1,0.9999782908383488,-14.79,-70.72
2006-06-10,-5.0,-10.898214374568438,1,1,0.9999815091189871,-14.79,-70.72
2006-06-11,-9.5,-11.102587577580106,1,1,0.9999849269571415,-14.79,-70.72
2006-06-12,-6.0,-10.631127333370827,1,1,0.9999758481961113,-14.79,-70.72
2006-06-13,-8.0,-10.434427202567989,1,1,0.9999705982571493,-14.79,-70.72
2006-06-14,-9.0,-10.47537083857478,1,1,0.9999717777267793,-14.79,-70.72
2006-06-15,-12.0,-10.542408583555579,1,1,0.9999736076134139,-14.79,-70.72
2006-06-16,-12.5,-10.459363039750848,1,1,0.9999713223280217,-14.79,-70.72
2006-06-17,-13.0,-11.02967855419747,1,1,0.9999837869610719,-14.79,-70.72
2006-06-18,-16.5,-11.115384373037111,1,1,0.9999851186120178,-14.79,-70.72
2006-06-19,-13.5,-11.316038148002143,1,1,0.9999878240799615,-14.79,-70.72
2006-06-20,-11.5,-11.12950734876581,1,1,0.9999853273012899,-14.79,-70.72
2006-06-21,-10.5,-11.453102792729272,1,1,0.9999893836300071,-14.79,-70.72
2006-06-22,-4.5,-11.124398778836248,1,1,0.9999852521541038,-14.79,-70.72
2006-06-23,-5.0,-10.989882482405193,1,1,0.9999831287463842,-14.79,-70.72
2006-06-24,-0.5,-11.119141705382114,1,1,0.9999851744205979,-14.79,-70.72
2006-06-25,-9.5,-11.280643170226579,1,1,0.9999873854012645,-14.79,-70.72
2006-06-26,-11.5,-10.992369991177027,1,1,0.9999831706609161,-14.79,-70.72
2006-06-27,-8.5,-11.034943083844162,1,1,0.9999838720894425,-14.79,-70.72
2006-06-28,-11.0,-10.540064985827724,1,1,0.9999735456893788,-14.79,-70.72
2006-06-29,-9.0,-11.672468406720673,1,1,0.9999914747391073,-14.79,-70.72
2006-06-30,-10.0,-12.281230810970948,1,1,0.999995362037706,-14.79,-70.72
2006-07-01,-11.5,-11.546754374680987,1,1,0.9999903327245593,-14.79,-70.72
2006-07-02,-14.0,-10.898115806896886,1,1,0.9999815072963278,-14.79,-70.72
2006-07-03,-13.5,-11.342754780703308,1,1,0.9999881450687264,-14.79,-70.72
2006-07-04,-15.5,-11.284826364848481,1,1,0.9999874380597061,-14.79,-70.72
2006-07-05,-17.0,-11.204778767912131,1,1,0.9999863911790585,-14.79,-70.72
2006-07-06,-15.0,-11.265226132841992,1,1,0.9999871894171504,-14.79,-70.72
2006-07-07,-14.0,-11.402245127476466,1,1,0.9999888297470292,-14.79,-70.72
2006-07-08,-12.0,-11.061640972179191,1,1,0.9999842969669338,-14.79,-70.72
2006-07-09,-14.5,-11.198887611329948,1,1,0.9999863107718477,-14.79,-70.72
2006-07-10,-11.0,-11.439984870267008,1,1,0.9999892434493575,-14.79,-70.72
2006-07-11,-10.0,-11.419212624704656,1,1,0.999989017677322,-14.79,-70.72
2006-07-12,-14.0,-11.194483074102521,1,1,0.9999862503449832,-14.79,-70.72
2006-07-13,-15.0,-11.012456652151212,1,1,0.9999835053281428,-14.79,-70.72
2006-07-14,-11.5,-10.880879448310637,1,1,0.9999811857926362,-14.79,-70.72
2006-07-15,-10.0,-11.241827659314467,1,1,0.9999868861387079,-14.79,-70.72
2006-07-16,-9.0,-10.654543062463723,1,1,0.9999764071452263,-14.79,-70.72
2006-07-17,-10.0,-10.151859804225534,1,1,0.99996099804586,-14.79,-70.72
2006-07-18,-14.0,-10.33067454452729,1,1,0.9999673839859302,-14.79,-70.72
2006-07-19,-12.0,-10.744998540545886,1,1,0.9999784475291903,-14.79,-70.72
2006-07-20,-15.5,-10.55291160841482,1,1,0.9999738833554691,-14.79,-70.72
2006-07-21,-18.5,-10.603361551114492,1,1,0.9999751682227231,-14.79,-70.72
2006-07-22,-15.0,-10.098320400764258,1,1,0.9999588530827475,-14.79,-70.72
2006-07-23,-13.0,-10.07512846197079,1,1,0.999957887694809,-14.79,-70.72
2006-07-24,-10.0,-9.363135671372639,1,1,0.9999141768263031,-14.79,-70.72
2006-07-25,-10.0,-9.29286649230835,1,1,0.9999079297390866,-14.79,-70.72
2006-07-26,-10.0,-9.477567340861855,1,1,0.9999234559287211,-14.79,-70.72
2006-07-27,-10.0,-9.865827749732382,1,1,0.9999480837994553,-14.79,-70.72
2006-07-28,-1.0,-9.490698651347577,1,1,0.9999244544067444,-14.79,-70.72
2006-07-29,-5.0,-9.719575592264892,1,1,0.9999399081111217,-14.79,-70.72
2006-07-30,-6.0,-8.881097275984061,1,1,0.9998610277462259,-14.79,-70.72
2006-07-31,-7.5,-8.624771831823667,1,1,0.9998204310707668,-14.79,-70.72
2006-08-01,-6.5,-8.253368206775304,1,1,0.9997396877153679,-14.79,-70.72
2006-08-02,-5.5,-8.160352366300403,1,1,0.9997143199521441,-14.79,-70.72
2006-08-03,-9.0,-8.547572360659053,1,1,0.999806022106683,-14.79,-70.72
2006-08-04,-10.0,-8.379032713374663,1,1,0.9997704207607452,-14.79,-70.72
2006-08-05,-10.0,-8.237671516049947,1,1,0.9997355705258227,-14.79,-70.72
2006-08-06,-8.5,-8.209079492805412,1,1,0.9997279029154651,-14.79,-70.72
2006-08-07,-7.5,-8.397635640873482,1,1,0.9997746511732293,-14.79,-70.72
2006-08-08,-8.0,-8.293129520595627,1,1,0.99974983246372,-14.79,-70.72
2006-08-09,-10.0,-7.646663485360774,1,1,0.9995225929164676,-14.79,-70.72
2006-08-10,-10.0,-7.515219475673511,1,1,0.9994555661212731,-14.79,-70.72
2006-08-11,2.0,-7.5807270180346435,0,1,0.9994900699905838,-14.79,-70.72
2006-08-12,-6.0,-6.849715451527224,1,1,0.9989413646940881,-14.79,-70.72
2006-08-13,-5.5,-6.270061188864387,1,1,0.9981114605262841,-14.79,-70.72
2006-08-14,-7.0,-5.924375493508797,1,1,0.9973336516527962,-14.79,-70.72
2006-08-15,-7.5,-5.9815271238666785,1,1,0.9974813919946379,-14.79,-70.72
2006-08-16,-5.0,-5.918969580081768,1,1,0.9973192373188907,-14.79,-70.72
2006-08-17,-6.5,-6.369495371379983,1,1,0.9982899059829995,-14.79,-70.72
2006-08-18,-9.5,-5.725584935445204,1,1,0.9967491574609468,-14.79,-70.72
2006-08-19,-5.0,-6.177071586349685,1,1,0.9979278031063651,-14.79,-70.72
2006-08-20,-4.0,-6.141125130242767,1,1,0.9978521228943241,-14.79,-70.72
2006-08-21,2.0,-5.55375934011387,0,1,0.9961420708544706,-14.79,-70.72
2006-08-22,-3.0,-4.9033610010197926,1,1,0.9926330772227242,-14.79,-70.72
2006-08-23,-2.0,-5.216759241390585,1,1,0.9946043891481148,-14.79,-70.72
2006-08-24,-3.5,-4.945748153084922,1,1,0.9929366551258814,-14.79,-70.72
2006-08-25,-9.5,-5.037495932552385,1,1,0.9935518689035439,-14.79,-70.72
2006-08-26,-12.0,-5.049588521410363,1,1,0.9936288801451949,-14.79,-70.72
2006-08-27,-8.5,-4.776584348454815,1,1,0.9916456572402018,-14.79,-70.72
2006-08-28,-6.5,-4.608148852502424,1,1,0.990128167064759,-14.79,-70.72
2006-08-29,-0.5,-5.122969328455888,1,1,0.994076986677426,-14.79,-70.72
2006-08-30,-6.5,-4.752108144540122,1,1,0.991440423502188,-14.79,-70.72
2006-08-31,-7.5,-5.308544444339236,1,1,0.9950752480094861,-14.79,-70.72
2006-09-01,-12.0,-5.202945829730882,1,1,0.9945297507430559,-14.79,-70.72
2006-09-02,-14.0,-4.795964778833746,1,1,0.99180469500237,-14.79,-70.72
2006-09-03,-9.0,-4.809637909827006,1,1,0.9919150880929949,-14.79,-70.72
2006-09-04,-11.5,-5.00152201052428,1,1,0.9933172598945907,-14.79,-70.72
2006-09-05,-7.0,-4.939099063138384,1,1,0.9928898688658301,-14.79,-70.72
2006-09-06,-7.5,-5.14127199201466,1,1,0.9941837827715738,-14.79,-70.72
2006-09-07,-3.5,-4.505030894391006,1,1,0.9890675899489676,-14.79,-70.72
2006-09-08,-6.0,-4.381206331187028,1,1,0.9876443148091614,-14.79,-70.72
2006-09-09,-16.0,-4.857436025472368,1,1,0.9922895318466662,-14.79,-70.72
2006-09-10,-12.0,-4.159458072853563,1,1,0.9846240920888439,-14.79,-70.72
2006-09-11,-12.0,-4.600354490571448,1,1,0.9900516902381852,-14.79,-70.72
2006-09-12,-9.0,-5.01501347339674,1,1,0.9934062238636774,-14.79,-70.72
2006-09-13,-6.0,-4.921097551387257,1,1,0.9927616516257312,-14.79,-70.72
2006-09-14,-6.0,-4.174961917006692,1,1,0.9848570573134018,-14.79,-70.72
2006-09-15,-1.0,-4.285229604827648,1,1,0.9864165903960551,-14.79,-70.72
2006-09-16,3.5,-3.8298654738746283,0,1,0.9787488793916325,-14.79,-70.72
2006-09-17,-1.0,-4.249230416332155,1,1,0.9859256980400855,-14.79,-70.72
2006-09-18,-4.0,-4.284023098546344,1,1,0.9864004150475552,-14.79,-70.72
2006-09-19,-4.5,-3.60120230885661,1,1,0.9734341160001131,-14.79,-70.72
2006-09-20,0.0,-3.82912626310528,1,1,0.9787334987270272,-14.79,-70.72
2006-09-21,-5.0,-3.269750635355327,1,1,0.963376374575012,-14.79,-70.72
2006-09-22,-8.0,-2.9653019200846287,1,1,0.95098173721793,-14.79,-70.72
2006-09-23,-8.5,-2.9316471570811315,1,1,0.9493888789759704,-14.79,-70.72
2006-09-24,-6.0,-2.886774423726897,1,1,0.9471887636549349,-14.79,-70.72
2006-09-25,3.0,-3.5965540695422007,0,1,0.9733136469994796,-14.79,-70.72
2006-09-26,0.0,-3.6339238292914082,1,1,0.9742673171643278,-14.79,-70.72
2006-09-27,1.0,-3.4592350097629274,0,1,0.9695053581355683,-14.79,-70.72
2006-09-28,-1.0,-3.551421212722526,1,1,0.9721159761854026,-14.79,-70.72
2006-09-29,0.0,-3.039335501463988,1,1,0.9543198701718051,-14.79,-70.72
2006-09-30,-4.5,-2.221365363504936,1,1,0.9021517879142898,-14.79,-70.72
2006-10-01,-7.5,-2.423172934559998,1,1,0.9185773731776025,-14.79,-70.72
2006-10-02,-1.5,-2.8427979082522867,1,1,0.9449452012842606,-14.79,-70.72
2006-10-03,0.5,-2.265778155590628,0,1,0.9060028641810093,-14.79,-70.72
2006-10-04,-9.0,-2.296721927125183,1,1,0.9086051862805357,-14.79,-70.72
2006-10-05,-6.5,-2.7045849709815863,1,1,0.9372966510913922,-14.79,-70.72
2006-10-06,1.0,-1.9314406797082697,0,1,0.8734087955957611,-14.79,-70.72
2006-10-07,-4.5,-2.0371904534950573,1,1,0.884646872461721,-14.79,-70.72
2006-10-08,2.5,-2.311636637992099,0,1,0.9098362058096843,-14.79,-70.72
2006-10-09,-3.5,-1.8030162514075574,1,1,0.8585157049060257,-14.79,-70.72
2006-10-10,1.5,-1.896150447094783,0,1,0.8694552115048518,-14.79,-70.72
2006-10-11,-0.5,-1.76184594121422,1,1,0.8534407005909357,-14.79,-70.72
2006-10-12,3.5,-1.18460173048513,0,1,0.7657741981379683,-14.79,-70.72
2006-10-13,-6.5,-2.149508557743657,1,1,0.8956228445297401,-14.79,-70.72
2006-10-14,-4.0,-1.7331701725205662,1,1,0.8498174710533917,-14.79,-70.72
2006-10-15,-7.5,-1.9850170327223795,1,1,0.8792149654246301,-14.79,-70.72
2006-10-16,-1.5,-1.9850706211752718,1,1,0.8792206561888627,-14.79,-70.72
2006-10-17,1.0,-2.008694637717877,0,1,0.8817069409750873,-14.79,-70.72
2006-10-18,-0.5,-1.4606089285338855,1,1,0.8116257911505247,-14.79,-70.72
2006-10-19,-4.5,-1.5190022304126742,1,1,0.8203915069563796,-14.79,-70.72
2006-10-20,0.5,-2.0440833618893928,0,1,0.8853484088064109,-14.79,-70.72
2006-10-21,2.0,-1.8518976026482328,0,1,0.864349749366345,-14.79,-70.72
2006-10-22,2.5,-1.794208248156933,0,1,0.8574424454651045,-14.79,-70.72
2006-10-23,2.0,-1.906548078264532,0,1,0.8706308455001167,-14.79,-70.72
2006-10-24,1.5,-1.9982145030637593,0,1,0.8806094847557709,-14.79,-70.72
2006-10-25,-2.5,-2.927340575067066,1,1,0.9491815483473893,-14.79,-70.72
2006-10-26,-2.5,-2.223431870814542,1,1,0.9023340551175157,-14.79,-70.72
2006-10-27,1.0,-2.157822382000625,0,1,0.8963974897676548,-14.79,-70.72
2006-10-28,2.0,-1.9255358434958298,0,1,0.87275448142685,-14.79,-70.72
2006-10-29,0.0,-1.5847996146119763,1,1,0.8298831868101396,-14.79,-70.72
2006-10-30,3.5,-1.6375110749100346,0,1,0.8371959843899149,-14.79,-70.72
2006-10-31,1.5,-1.7730055677982706,0,1,0.854831044697973,-14.79,-70.72
2006-11-01,0.0,-1.612950807891257,1,1,0.833820664331388,-14.79,-70.72
2006-11-02,0.0,-1.7971769218475866,1,1,0.8578049360755357,-14.79,-70.72
2006-11-03,0.5,-1.783280988604862,0,1,0.85610152890813,-14.79,-70.72
2006-11-04,4.5,-1.7592609427467507,0,1,0.8531170743337911,-14.79,-70.72
2006-11-05,3.0,-1.7765019405125138,0,1,0.8552643887667567,-14.79,-70.72
2006-11-06,0.5,-1.4281851626052449,0,1,0.8066183855728757,-14.79,-70.72
2006-11-07,4.0,-1.6468643759369068,0,1,0.8384668114125297,-14.79,-70.72
2006-11-08,1.5,-1.5308489468256345,0,1,0.822130491312057,-14.79,-70.72
2006-11-09,1.0,-0.8980866383592976,0,1,0.7105561475727643,-14.79,-70.72
2006-11-10,0.0,-1.4084582653389943,1,1,0.8035226577163026,-14.79,-70.72
2006-11-11,0.5,-1.5195083557496178,0,1,0.8204660720685765,-14.79,-70.72
2006-11-12,-1.0,-2.096064547005395,1,1,0.8905200847621308,-14.79,-70.72
2006-11-13,-3.0,-1.456798549497003,1,1,0.8110425328518192,-14.79,-70.72
2006-11-14,-5.0,-0.9944147233016345,1,1,0.7299590304434176,-14.79,-70.72
2006-11-15,-4.0,-1.1616841259740358,1,1,0.7616385946150652,-14.79,-70.72
2006-11-16,-2.5,-0.923655973402008,1,1,0.7157864494580773,-14.79,-70.72
2006-11-17,4.5,-0.6543284880967457,0,1,0.6579852135937347,-14.79,-70.72
2006-11-18,1.5,-0.5160747033289108,0,1,0.6262294435188167,-14.79,-70.72
2006-11-19,-2.5,-0.7680003541360603,1,1,0.6830881715251116,-14.79,-70.72
2006-11-20,2.0,-1.3712960838607944,0,1,0.7975894747073394,-14.79,-70.72
2006-11-21,-1.0,-1.1686092450956154,1,1,0.7628935382476342,-14.79,-70.72
2006-11-22,0.0,-0.6896522223689194,1,1,0.6658895574211776,-14.79,-70.72
2006-11-23,3.5,-0.8164785861463044,0,1,0.6934883308313036,-14.79,-70.72
2006-11-24,4.0,-1.0696175874559417,0,1,0.7445241847336174,-14.79,-70.72
2006-11-25,-1.5,-1.2289197891592378,1,1,0.7736294561886379,-14.79,-70.72
2006-11-26,2.5,-1.04434412447663,0,1,0.7396873377053326,-14.79,-70.72
2006-11-27,0.0,-0.8908230062110531,1,1,0.7090599829540792,-14.79,-70.72
2006-11-28,1.5,-0.8980903109569232,0,1,0.7105569029010427,-14.79,-70.72
2006-11-29,-2.0,-0.4777300781506999,1,1,0.617211722707475,-14.79,-70.72
2006-11-30,4.0,-0.7259346651157896,0,1,0.673912529633901,-14.79,-70.72
2006-12-01,2.0,-0.4240109278542601,0,1,0.6044426301820013,-14.79,-70.72
2006-12-02,-2.5,-0.6674058177757467,1,1,0.660922035256598,-14.79,-70.72
2006-12-03,-2.0,-0.4057199938278666,1,1,0.6000611710132355,-14.79,-70.72
2006-12-04,-0.5,-0.48672120955029463,1,1,0.619333729501835,-14.79,-70.72
2006-12-05,-3.0,-0.16369191453838328,1,1,0.5408318450722875,-14.79,-70.72
2006-12-06,-2.0,-0.08875932796574704,1,1,0.5221752754309312,-14.79,-70.72
2006-12-07,2.0,-0.1871487522355193,0,1,0.5466511059002647,-14.79,-70.72
2006-12-08,0.5,0.04978794456909652,0,0,0.48755558439386343,-14.79,-70.72
2006-12-09,0.0,0.37256880195946174,1,0,0.4079204545872776,-14.79,-70.72
2006-12-10,-0.5,0.1837470538045496,1,0,0.45419204849346567,-14.79,-70.72
2006-12-11,-2.0,0.3100111523195741,1,0,0.42311201671558474,-14.79,-70.72
2006-12-12,0.0,0.2816959907629384,1,0,0.43003803046674377,-14.79,-70.72
2006-12-13,-2.0,0.5145788731329981,1,0,0.3741207457193414,-14.79,-70.72
2006-12-14,-2.0,0.7602626122163718,1,0,0.31858925297210827,-14.79,-70.72
2006-12-15,-1.0,0.6548452955292019,1,0,0.34189849321191035,-14.79,-70.72
2006-12-16,1.5,0.6587225964254575,0,0,0.3410266208924424,-14.79,-70.72
2006-12-17,2.0,0.6511336487676198,0,0,0.34273411765825273,-14.79,-70.72
2006-12-18,5.0,0.3630950848632448,0,0,0.41021054019415043,-14.79,-70.72
2006-12-19,5.0,0.757639397535864,0,0,0.31915899781969886,-14.79,-70.72
2006-12-20,3.5,0.859550154172454,0,0,0.2974333399083554,-14.79,-70.72
2006-12-21,7.0,0.8653566798006169,0,0,0.2962213980308523,-14.79,-70.72
2006-12-22,4.0,0.8252213679115226,0,0,0.30465643384902524,-14.79,-70.72
2006-12-23,1.0,1.151140601808069,0,0,0.24028080914381447,-14.79,-70.72
2006-12-24,0.5,0.8715744619467163,0,0,0.2949267948652099,-14.79,-70.72
2006-12-25,2.0,1.1846774096086836,0,0,0.23421222801901773,-14.79,-70.72
2006-12-26,1.5,1.170052748423089,0,0,0.23684544988006104,-14.79,-70.72
2006-12-27,4.5,0.9465937842392576,0,0,0.27957035513965556,-14.79,-70.72
2006-12-28,3.0,1.0453807228025491,0,0,0.26011311490490635,-14.79,-70.72
2006-12-29,2.5,0.9194324411466823,0,0,0.2850735524402913,-14.79,-70.72
2006-12-30,0.0,0.739638266192566,1,0,0.32308325004944843,-14.79,-70.72
2006-12-31,4.0,1.0592456416145657,0,0,0.25745363995482073,-14.79,-70.72
2007-01-01,1.0,1.3332985725503352,0,0,0.20861426607693362,-14.79,-70.72
2007-01-02,5.0,1.4440181618969508,0,0,0.19092388426755721,-14.79,-70.72
2007-01-03,5.5,1.1658813642513008,0,0,0.23760025371355353,-14.79,-70.72
2007-01-04,3.5,1.1340001748893878,0,0,0.24342363850178927,-14.79,-70.72
2007-01-05,4.0,1.3902642340077618,0,0,0.1993655767450476,-14.79,-70.72
2007-01-06,6.0,1.3681913892720088,0,0,0.20291221187102912,-14.79,-70.72
2007-01-07,3.0,1.2689977456508723,0,0,0.21942886977943354,-14.79,-70.72
2007-01-08,6.5,0.9839798816857295,0,0,0.27210280231300915,-14.79,-70.72
2007-01-09,4.5,1.151621649814028,0,0,0.2401930067539625,-14.79,-70.72
2007-01-10,5.0,0.9175174222047167,0,0,0.2854640065691795,-14.79,-70.72
2007-01-11,2.5,0.9900354176760429,0,0,0.2709050820532817,-14.79,-70.72
2007-01-12,3.5,1.4062920495685756,0,0,0.1968195562944951,-14.79,-70.72
2007-01-13,5.0,1.2906498937577124,0,0,0.2157428298750063,-14.79,-70.72
2007-01-14,3.5,1.395350624987847,0,0,0.1985549337280891,-14.79,-70.72
2007-01-15,1.5,1.1811599479420378,0,0,0.23484369860935791,-14.79,-70.72
2007-01-16,5.5,1.4812699049976574,0,0,0.18523568426591766,-14.79,-70.72
2007-01-17,2.5,1.5378776884239853,0,0,0.17684400825336752,-14.79,-70.72
2007-01-18,1.0,1.3679579468122869,0,0,0.20294997120365363,-14.79,-70.72
2007-01-19,-0.5,1.4649387968079397,1,0,0.18771311108408517,-14.79,-70.72
2007-01-20,1.0,1.657143417092299,0,0,0.1601458320045564,-14.79,-70.72
2007-01-21,-0.5,1.6949168540802386,1,0,0.15513031982579195,-14.79,-70.72
2007-01-22,1.5,1.3799830313005952,0,0,0.20101172501183326,-14.79,-70.72
2007-01-23,3.0,1.2684173004215564,0,0,0.21952830453672664,-14.79,-70.72
2007-01-24,3.0,1.2660157388551827,0,0,0.21994005474069325,-14.79,-70.72
2007-01-25,-1.0,1.5081292924768404,1,0,0.18121619740001865,-14.79,-70.72
2007-01-26,1.0,1.4636691689607426,0,0,0.1879067767612513,-14.79,-70.72
2007-01-27,-0.5,0.9021969390007092,1,0,0.2885992350510918,-14.79,-70.72
2007-01-28,-0.5,0.9669781521090615,1,0,0.2754832301566494,-14.79,-70.72
2007-01-29,0.0,0.9740063609562348,1,0,0.27408267012967985,-14.79,-70.72
2007-01-30,2.0,1.2406640941692268,0,0,0.224320411682998,-14.79,-70.72
2007-01-31,2.5,1.1086100621951607,0,0,0.24813010673151242,-14.79,-70.72
2007-02-01,3.0,1.6093601617044113,0,0,0.16667746565899455,-14.79,-70.72
2007-02-02,0.0,1.89542620834112,1,0,0.13062701365307589,-14.79,-70.72
2007-02-03,2.5,1.6242648372965336,0,0,0.16461753651932773,-14.79,-70.72
2007-02-04,3.0,1.7976296725061465,0,0,0.14213984832435864,-14.79,-70.72
2007-02-05,2.0,1.7236180514612478,0,0,0.15140572253976267,-14.79,-70.72
2007-02-06,3.0,1.8520022308158097,0,0,0.13563798352606574,-14.79,-70.72
2007-02-07,1.5,2.0081984461526963,0,0,0.11834482151422694,-14.79,-70.72
2007-02-08,2.5,1.859059643938492,0,0,0.13481269576083454,-14.79,-70.72
2007-02-09,4.0,2.094189309336463,0,0,0.10966287370821055,-14.79,-70.72
2007-02-10,5.0,2.230377443796871,0,0,0.0970555583749955,-14.79,-70.72
2007-02-11,4.5,1.7013738315914413,0,0,0.15428591994684532,-14.79,-70.72
2007-02-12,1.0,2.052398640478734,0,0,0.11381023628812227,-14.79,-70.72
2007-02-13,3.0,1.7273953418820867,0,0,0.15092104736798967,-14.79,-70.72
2007-02-14,2.0,1.8180284841185737,0,0,0.1396706074382487,-14.79,-70.72
2007-02-15,1.5,1.840927267745914,0,0,0.13694166315876016,-14.79,-70.72
2007-02-16,2.0,1.7120657586917902,0,0,0.1528959693071397,-14.79,-70.72
2007-02-17,0.5,2.105619090460677,0,0,0.10855187377896988,-14.79,-70.72
2007-02-18,4.0,1.521720864992444,0,0,0.1792082530560576,-14.79,-70.72
2007-02-19,6.0,1.5589949195748565,0,0,0.17379091682592412,-14.79,-70.72
2007-02-20,6.5,1.5136631813221166,0,0,0.18039654425249366,-14.79,-70.72
2007-02-21,6.0,1.3408843599294435,0,0,0.20736466351106372,-14.79,-70.72
2007-02-22,1.5,1.2685819622223118,0,0,0.219500093406617,-14.79,-70.72
2007-02-23,2.0,1.2133379394284125,0,0,0.22911097397062896,-14.79,-70.72
2007-02-24,4.0,1.0797892186651943,0,0,0.25354590714550895,-14.79,-70.72
2007-02-25,6.0,0.9771017000430797,0,0,0.2734672481053943,-14.79,-70.72
2007-02-26,4.0,1.1795077868618433,0,0,0.23514070900962689,-14.79,-70.72
2007-02-27,0.0,1.0046193409844415,1,0,0.2680341737621786,-14.79,-70.72
2007-02-28,3.0,1.2996580103448787,0,0,0.21422257888264692,-14.79,-70.72
2007-03-01,4.5,1.3533653226227687,0,0,0.205320727317005,-14.79,-70.72
2007-03-02,2.0,0.9484314552676381,0,0,0.27920037837302086,-14.79,-70.72
2007-03-03,3.5,0.9978757590536134,0,0,0.26935927742582705,-14.79,-70.72
2007-03-04,3.0,0.8888547641993627,0,0,0.29134622042665603,-14.79,-70.72
2007-03-05,5.0,0.6010598817622839,0,0,0.35410124698150575,-14.79,-70.72
2007-03-06,3.5,0.5014026262412807,0,0,0.3772111030863905,-14.79,-70.72
2007-03-07,5.0,0.5338395694000022,0,0,0.3696218155214776,-14.79,-70.72
2007-03-08,4.5,0.5911958317752779,0,0,0.3563605220322812,-14.79,-70.72
2007-03-09,3.5,0.595307779938195,0,0,0.35541793199581045,-14.79,-70.72
2007-03-10,2.0,0.322198924353013,0,0,0.4201399468106327,-14.79,-70.72
2007-03-11,1.5,0.18562469962787187,0,0,0.45372661719934054,-14.79,-70.72
2007-03-12,4.5,0.1199916371802372,0,0,0.4700380314323801,-14.79,-70.72
2007-03-13,0.5,-0.07069473558016304,0,1,0.517666326857162,-14.79,-70.72
2007-03-14,3.0,-0.1437501546338309,0,1,0.5358757815090682,-14.79,-70.72
2007-03-15,1.0,-0.3270120160784713,0,1,0.5810321772152273,-14.79,-70.72
2007-03-16,5.5,-0.47392073113417243,0,1,0.6163113200612499,-14.79,-70.72
2007-03-17,3.0,-0.35558537438363436,0,1,0.5879713591886331,-14.79,-70.72
2007-03-18,5.0,-0.520552610492059,0,1,0.6272769760466089,-14.79,-70.72
2007-03-19,1.0,-0.47516024195938256,0,1,0.6166043869758036,-14.79,-70.72
2007-03-20,0.5,-0.825325718828986,0,1,0.6953656714917024,-14.79,-70.72
2007-03-21,4.0,-0.9691566097290689,0,1,0.7249513603058519,-14.79,-70.72
2007-03-22,3.0,-1.3428910775719087,0,1,0.7929649760639521,-14.79,-70.72
2007-03-23,1.0,-1.2387283978383725,0,1,0.7753425959507525,-14.79,-70.72
2007-03-24,5.0,-1.4640911153095328,0,1,0.8121576028528472,-14.79,-70.72
2007-03-25,3.5,-1.7383349867266644,0,1,0.8504754543334154,-14.79,-70.72
2007-03-26,4.0,-1.3822191829756392,0,1,0.7993471742860556,-14.79,-70.72
2007-03-27,4.0,-1.5059934325571813,0,1,0.8184666745487965,-14.79,-70.72
2007-03-28,0.0,-1.996792837797399,1,1,0.880459935063022,-14.79,-70.72
2007-03-29,4.0,-2.0867686864106503,0,1,0.8896104980900035,-14.79,-70.72
2007-03-30,3.0,-2.3607863151011284,0,1,0.913787771314846,-14.79,-70.72
2007-03-31,0.5,-2.7684650842718175,0,1,0.9409477565280046,-14.79,-70.72
2007-04-01,2.5,-3.1143522245524826,0,1,0.9574808934136223,-14.79,-70.72
2007-04-02,3.5,-2.904803845854307,0,1,0.9480833979166984,-14.79,-70.72
2007-04-03,3.0,-3.01017528135618,0,1,0.9530317009375646,-14.79,-70.72
2007-04-04,3.5,-3.1974638374079727,0,1,0.9607387252934008,-14.79,-70.72
2007-04-05,5.0,-3.485621950814607,0,1,0.9702758899445924,-14.79,-70.72
2007-04-06,4.0,-3.9378738415088206,0,1,0.9808829746227391,-14.79,-70.72
2007-04-07,4.5,-3.7767435625414536,0,1,0.9776154097120952,-14.79,-70.72
2007-04-08,2.0,-4.449420502843416,0,1,0.9884496332950677,-14.79,-70.72
2007-04-09,3.5,-4.563880029604652,0,1,0.9896859439001046,-14.79,-70.72
2007-04-10,1.5,-4.697680719744934,0,1,0.9909659617912665,-14.79,-70.72
2007-04-11,2.5,-5.272072191297492,0,1,0.9948932496970686,-14.79,-70.72
2007-04-12,3.5,-5.2592866454256155,0,1,0.9948278777908449,-14.79,-70.72
2007-04-13,-1.0,-4.967138936917655,1,1,0.9930851074187914,-14.79,-70.72
2007-04-14,-2.5,-5.466121968127806,1,1,0.9957902021628153,-14.79,-70.72
2007-04-15,-3.0,-5.1548096240703565,1,1,0.9942615412264765,-14.79,-70.72
2007-04-16,-0.5,-5.316158991263242,1,1,0.9951124227675676,-14.79,-70.72
2007-04-17,-2.5,-5.416606514069995,1,1,0.9955774502038672,-14.79,-70.72
2007-04-18,-3.5,-5.444629945931846,1,1,0.9956991391647436,-14.79,-70.72
2007-04-19,-3.0,-5.912046946904855,1,1,0.9973006652667146,-14.79,-70.72
2007-04-20,-1.5,-6.093607043250696,1,1,0.9977478315057814,-14.79,-70.72
2007-04-21,-2.5,-6.224690659778599,1,1,0.9980239762064977,-14.79,-70.72
2007-04-22,-1.0,-6.381002312208342,1,1,0.9983094380740425,-14.79,-70.72
2007-04-23,3.0,-6.574293859201349,0,1,0.998606154321953,-14.79,-70.72
2007-04-24,2.5,-6.231812688229814,0,1,0.9980379719936147,-14.79,-70.72
2007-04-25,4.0,-6.817982475269303,0,1,0.9989072696462307,-14.79,-70.72
2007-04-26,1.5,-6.87583032611788,0,1,0.9989686248122889,-14.79,-70.72
2007-04-27,4.5,-7.117940940234537,0,1,0.9991902225051712,-14.79,-70.72
2007-04-28,4.0,-7.604865076001573,0,1,0.9995022252908884,-14.79,-70.72
2007-04-29,3.5,-7.773001034394319,0,1,0.9995792290330914,-14.79,-70.72
2007-04-30,2.0,-7.809102704005259,0,1,0.9995941425806086,-14.79,-70.72
2007-05-01,-1.0,-7.922675493948855,1,1,0.9996376999636136,-14.79,-70.72
2007-05-02,-2.0,-8.277298326812026,1,1,0.999745841512146,-14.79,-70.72
2007-05-03,-2.0,-8.728105417164713,1,1,0.9998380572002553,-14.79,-70.72
2007-05-04,3.0,-9.554148615484136,0,1,0.9999290985390927,-14.79,-70.72
2007-05-05,1.5,-9.120931420884789,0,1,0.9998906591802951,-14.79,-70.72
2007-05-06,-1.5,-8.687778276768922,1,1,0.9998313941637129,-14.79,-70.72
2007-05-07,-1.0,-8.668758002314785,1,1,0.9998281570981719,-14.79,-70.72
2007-05-08,2.0,-8.877416440392004,0,1,0.999860515341098,-14.79,-70.72
2007-05-09,4.0,-9.314006431917761,0,1,0.9999098554964736,-14.79,-70.72
2007-05-10,0.0,-8.693616045481596,1,1,0.9998323754136571,-14.79,-70.72
2007-05-11,-2.0,-8.721885280520302,1,1,0.9998370469192706,-14.79,-70.72
2007-05-12,-2.0,-8.485349893740828,1,1,0.9997935714775155,-14.79,-70.72
2007-05-13,-1.5,-8.6905673486364,1,1,0.9998318636833745,-14.79,-70.72
2007-05-14,4.0,-8.97662153858673,0,1,0.9998736870322301,-14.79,-70.72
2007-05-15,-4.0,-9.004720282321959,1,1,0.9998771864373633,-14.79,-70.72
2007-05-16,-5.0,-8.692715275714708,1,1,0.9998322243798171,-14.79,-70.72
2007-05-17,-4.0,-8.715005391953717,1,1,0.9998359221394376,-14.79,-70.72
2007-05-18,-8.0,-9.34961973020755,1,1,0.999913009072375,-14.79,-70.72
2007-05-19,-6.0,-8.984896646135171,1,1,0.999874727842335,-14.79,-70.72
2007-05-20,-5.0,-9.703025679656044,1,1,0.999938905381717,-14.79,-70.72
2007-05-21,-9.5,-9.77583470487771,1,1,0.9999431953012503,-14.79,-70.72
2007-05-22,-9.0,-9.235861371740256,1,1,0.9999025293106474,-14.79,-70.72
2007-05-23,-11.5,-9.704690039109568,1,1,0.9999390069743538,-14.79,-70.72
2007-05-24,-6.5,-9.582016865219416,1,1,0.9999310470259049,-14.79,-70.72
2007-05-25,-6.0,-9.946923345505153,1,1,0.9999521275903791,-14.79,-70.72
2007-05-26,-9.5,-9.845850533495732,1,1,0.9999470362848463,-14.79,-70.72
2007-05-27,-10.0,-9.534210765588323,1,1,0.9999276708332562,-14.79,-70.72
2007-05-28,-7.5,-10.20218894174025,1,1,0.9999629123315388,-14.79,-70.72
2007-05-29,-7.0,-10.491942788845233,1,1,0.9999722415579959,-14.79,-70.72
2007-05-30,-7.5,-10.303428059466537,1,1,0.9999664831270876,-14.79,-70.72
2007-05-31,-9.0,-9.872482021253944,1,1,0.9999484280993312,-14.79,-70.72
2007-06-01,-9.0,-10.013471567504448,1,1,0.9999552095835039,-14.79,-70.72
2007-06-02,-7.5,-10.456508376196041,1,1,0.9999712403483146,-14.79,-70.72
2007-06-03,-7.0,-10.93831225474468,1,1,0.9999822358827303,-14.79,-70.72
2007-06-04,-7.0,-9.91196665205862,1,1,0.9999504246205073,-14.79,-70.72
2007-06-05,-9.0,-10.109825384905662,1,1,0.9999593237454468,-14.79,-70.72
2007-06-06,-6.0,-10.290488698289732,1,1,0.9999660466370273,-14.79,-70.72
2007-06-07,-6.5,-10.47588142210784,1,1,0.9999717921325227,-14.79,-70.72
2007-06-08,-12.0,-10.654421931710617,1,1,0.9999764042873002,-14.79,-70.72
2007-06-09,-12.0,-10.737754481218037,1,1,0.9999782908383488,-14.79,-70.72
2007-06-10,-11.5,-10.898214374568438,1,1,0.9999815091189871,-14.79,-70.72
2007-06-11,-13.0,-11.102587577580106,1,1,0.9999849269571415,-14.79,-70.72
2007-06-12,-9.5,-10.631127333370827,1,1,0.9999758481961113,-14.79,-70.72
2007-06-13,-9.0,-10.434427202567989,1,1,0.9999705982571493,-14.79,-70.72
2007-06-14,-9.0,-10.47537083857478,1,1,0.9999717777267793,-14.79,-70.72
2007-06-15,-10.0,-10.542408583555579,1,1,0.9999736076134139,-14.79,-70.72
2007-06-16,-11.5,-10.459363039750848,1,1,0.9999713223280217,-14.79,-70.72
2007-06-17,-11.0,-11.02967855419747,1,1,0.9999837869610719,-14.79,-70.72
2007-06-18,-9.0,-11.115384373037111,1,1,0.9999851186120178,-14.79,-70.72
2007-06-19,-9.5,-11.316038148002143,1,1,0.9999878240799615,-14.79,-70.72
2007-06-20,-7.0,-11.12950734876581,1,1,0.9999853273012899,-14.79,-70.72
2007-06-21,-6.0,-11.453102792729272,1,1,0.9999893836300071,-14.79,-70.72
2007-06-22,-7.5,-11.124398778836248,1,1,0.9999852521541038,-14.79,-70.72
2007-06-23,-7.0,-10.989882482405193,1,1,0.9999831287463842,-14.79,-70.72
2007-06-24,-7.0,-11.119141705382114,1,1,0.9999851744205979,-14.79,-70.72
2007-06-25,-4.0,-11.280643170226579,1,1,0.9999873854012645,-14.79,-70.72
2007-06-26,-8.0,-10.992369991177027,1,1,0.9999831706609161,-14.79,-70.72
2007-06-27,-10.0,-11.034943083844162,1,1,0.9999838720894425,-14.79,-70.72
2007-06-28,-11.0,-10.540064985827724,1,1,0.9999735456893788,-14.79,-70.72
2007-06-29,-11.0,-11.672468406720673,1,1,0.9999914747391073,-14.79,-70.72
2007-06-30,-10.0,-12.281230810970948,1,1,0.999995362037706,-14.79,-70.72
2007-07-01,-11.0,-11.546754374680987,1,1,0.9999903327245593,-14.79,-70.72
2007-07-02,-13.5,-10.898115806896886,1,1,0.9999815072963278,-14.79,-70.72
2007-07-03,-17.0,-11.342754780703308,1,1,0.9999881450687264,-14.79,-70.72
2007-07-04,-14.0,-11.284826364848481,1,1,0.9999874380597061,-14.79,-70.72
2007-07-05,-14.5,-11.204778767912131,1,1,0.9999863911790585,-14.79,-70.72
2007-07-06,-13.0,-11.265226132841992,1,1,0.9999871894171504,-14.79,-70.72
2007-07-07,-10.0,-11.402245127476466,1,1,0.9999888297470292,-14.79,-70.72
2007-07-08,-8.0,-11.061640972179191,1,1,0.9999842969669338,-14.79,-70.72
2007-07-09,-2.0,-11.198887611329948,1,1,0.9999863107718477,-14.79,-70.72
2007-07-10,-3.0,-11.439984870267008,1,1,0.9999892434493575,-14.79,-70.72
2007-07-11,-1.5,-11.419212624704656,1,1,0.999989017677322,-14.79,-70.72
2007-07-12,-6.5,-11.194483074102521,1,1,0.9999862503449832,-14.79,-70.72
2007-07-13,-7.0,-11.012456652151212,1,1,0.9999835053281428,-14.79,-70.72
2007-07-14,-6.5,-10.880879448310637,1,1,0.9999811857926362,-14.79,-70.72
2007-07-15,-6.5,-11.241827659314467,1,1,0.9999868861387079,-14.79,-70.72
2007-07-16,-7.0,-10.654543062463723,1,1,0.9999764071452263,-14.79,-70.72
2007-07-17,-10.0,-10.151859804225534,1,1,0.99996099804586,-14.79,-70.72
2007-07-18,-10.5,-10.33067454452729,1,1,0.9999673839859302,-14.79,-70.72
2007-07-19,-8.0,-10.744998540545886,1,1,0.9999784475291903,-14.79,-70.72
2007-07-20,-5.0,-10.55291160841482,1,1,0.9999738833554691,-14.79,-70.72
2007-07-21,-8.0,-10.603361551114492,1,1,0.9999751682227231,-14.79,-70.72
2007-07-22,-8.0,-10.098320400764258,1,1,0.9999588530827475,-14.79,-70.72
2007-07-23,-10.5,-10.07512846197079,1,1,0.999957887694809,-14.79,-70.72
2007-07-24,-11.5,-9.363135671372639,1,1,0.9999141768263031,-14.79,-70.72
2007-07-25,-13.5,-9.29286649230835,1,1,0.9999079297390866,-14.79,-70.72
2007-07-26,-10.5,-9.477567340861855,1,1,0.9999234559287211,-14.79,-70.72
2007-07-27,-10.0,-9.865827749732382,1,1,0.9999480837994553,-14.79,-70.72
2007-07-28,-9.0,-9.490698651347577,1,1,0.9999244544067444,-14.79,-70.72
2007-07-29,-8.0,-9.719575592264892,1,1,0.9999399081111217,-14.79,-70.72
2007-07-30,-9.0,-8.881097275984061,1,1,0.9998610277462259,-14.79,-70.72
2007-07-31,-8.5,-8.624771831823667,1,1,0.9998204310707668,-14.79,-70.72
2007-08-01,-10.0,-8.253368206775304,1,1,0.9997396877153679,-14.79,-70.72
2007-08-02,-10.5,-8.160352366300403,1,1,0.9997143199521441,-14.79,-70.72
2007-08-03,-8.0,-8.547572360659053,1,1,0.999806022106683,-14.79,-70.72
2007-08-04,-9.0,-8.379032713374663,1,1,0.9997704207607452,-14.79,-70.72
2007-08-05,-8.0,-8.237671516049947,1,1,0.9997355705258227,-14.79,-70.72
2007-08-06,-8.0,-8.209079492805412,1,1,0.9997279029154651,-14.79,-70.72
2007-08-07,-9.0,-8.397635640873482,1,1,0.9997746511732293,-14.79,-70.72
2007-08-08,-9.0,-8.293129520595627,1,1,0.99974983246372,-14.79,-70.72
2007-08-09,-8.5,-7.646663485360774,1,1,0.9995225929164676,-14.79,-70.72
2007-08-10,-9.5,-7.515219475673511,1,1,0.9994555661212731,-14.79,-70.72
2007-08-11,-12.0,-7.5807270180346435,1,1,0.9994900699905838,-14.79,-70.72
2007-08-12,-10.5,-6.849715451527224,1,1,0.9989413646940881,-14.79,-70.72
2007-08-13,-11.5,-6.270061188864387,1,1,0.9981114605262841,-14.79,-70.72
2007-08-14,-11.5,-5.924375493508797,1,1,0.9973336516527962,-14.79,-70.72
2007-08-15,-12.0,-5.9815271238666785,1,1,0.9974813919946379,-14.79,-70.72
2007-08-16,-9.5,-5.918969580081768,1,1,0.9973192373188907,-14.79,-70.72
2007-08-17,-10.0,-6.369495371379983,1,1,0.9982899059829995,-14.79,-70.72
2007-08-18,-8.0,-5.725584935445204,1,1,0.9967491574609468,-14.79,-70.72
2007-08-19,-10.0,-6.177071586349685,1,1,0.9979278031063651,-14.79,-70.72
2007-08-20,-8.0,-6.141125130242767,1,1,0.9978521228943241,-14.79,-70.72
2007-08-21,-7.5,-5.55375934011387,1,1,0.9961420708544706,-14.79,-70.72
2007-08-22,-8.5,-4.9033610010197926,1,1,0.9926330772227242,-14.79,-70.72
2007-08-23,-6.5,-5.216759241390585,1,1,0.9946043891481148,-14.79,-70.72
2007-08-24,-8.0,-4.945748153084922,1,1,0.9929366551258814,-14.79,-70.72
2007-08-25,-10.0,-5.037495932552385,1,1,0.9935518689035439,-14.79,-70.72
2007-08-26,-11.0,-5.049588521410363,1,1,0.9936288801451949,-14.79,-70.72
2007-08-27,-2.5,-4.776584348454815,1,1,0.9916456572402018,-14.79,-70.72
2007-08-28,1.0,-4.608148852502424,0,1,0.990128167064759,-14.79,-70.72
2007-08-29,-8.0,-5.122969328455888,1,1,0.994076986677426,-14.79,-70.72
2007-08-30,-1.0,-4.752108144540122,1,1,0.991440423502188,-14.79,-70.72
2007-08-31,-1.5,-5.308544444339236,1,1,0.9950752480094861,-14.79,-70.72
2007-09-01,-2.0,-5.202945829730882,1,1,0.9945297507430559,-14.79,-70.72
2007-09-02,0.0,-4.795964778833746,1,1,0.99180469500237,-14.79,-70.72
2007-09-03,-6.0,-4.809637909827006,1,1,0.9919150880929949,-14.79,-70.72
2007-09-04,-4.5,-5.00152201052428,1,1,0.9933172598945907,-14.79,-70.72
2007-09-05,-5.0,-4.939099063138384,1,1,0.9928898688658301,-14.79,-70.72
2007-09-06,0.0,-5.14127199201466,1,1,0.9941837827715738,-14.79,-70.72
2007-09-07,3.0,-4.505030894391006,0,1,0.9890675899489676,-14.79,-70.72
2007-09-08,1.0,-4.381206331187028,0,1,0.9876443148091614,-14.79,-70.72
2007-09-09,0.0,-4.857436025472368,1,1,0.9922895318466662,-14.79,-70.72
2007-09-10,0.0,-4.159458072853563,1,1,0.9846240920888439,-14.79,-70.72
2007-09-11,0.0,-4.600354490571448,1,1,0.9900516902381852,-14.79,-70.72
2007-09-12,-1.5,-5.01501347339674,1,1,0.9934062238636774,-14.79,-70.72
2007-09-13,-6.0,-4.921097551387257,1,1,0.9927616516257312,-14.79,-70.72
2007-09-14,-7.0,-4.174961917006692,1,1,0.9848570573134018,-14.79,-70.72
2007-09-15,-2.0,-4.285229604827648,1,1,0.9864165903960551,-14.79,-70.72
2007-09-16,0.5,-3.8298654738746283,0,1,0.9787488793916325,-14.79,-70.72
2007-09-17,-2.0,-4.249230416332155,1,1,0.9859256980400855,-14.79,-70.72
2007-09-18,-3.0,-4.284023098546344,1,1,0.9864004150475552,-14.79,-70.72
2007-09-19,2.0,-3.60120230885661,0,1,0.9734341160001131,-14.79,-70.72
2007-09-20,0.0,-3.82912626310528,1,1,0.9787334987270272,-14.79,-70.72
2007-09-21,-4.0,-3.269750635355327,1,1,0.963376374575012,-14.79,-70.72
2007-09-22,-2.0,-2.9653019200846287,1,1,0.95098173721793,-14.79,-70.72
2007-09-23,0.0,-2.9316471570811315,1,1,0.9493888789759704,-14.79,-70.72
2007-09-24,-2.5,-2.886774423726897,1,1,0.9471887636549349,-14.79,-70.72
2007-09-25,2.5,-3.5965540695422007,0,1,0.9733136469994796,-14.79,-70.72
2007-09-26,-1.0,-3.6339238292914082,1,1,0.9742673171643278,-14.79,-70.72
2007-09-27,2.5,-3.4592350097629274,0,1,0.9695053581355683,-14.79,-70.72
2007-09-28,1.0,-3.551421212722526,0,1,0.9721159761854026,-14.79,-70.72
2007-09-29,-2.5,-3.039335501463988,1,1,0.9543198701718051,-14.79,-70.72
2007-09-30,-3.5,-2.221365363504936,1,1,0.9021517879142898,-14.79,-70.72
2007-10-01,-5.0,-2.423172934559998,1,1,0.9185773731776025,-14.79,-70.72
2007-10-02,-4.0,-2.8427979082522867,1,1,0.9449452012842606,-14.79,-70.72
2007-10-03,-7.0,-2.265778155590628,1,1,0.9060028641810093,-14.79,-70.72
2007-10-04,-5.0,-2.296721927125183,1,1,0.9086051862805357,-14.79,-70.72
2007-10-05,-2.0,-2.7045849709815863,1,1,0.9372966510913922,-14.79,-70.72
2007-10-06,-4.0,-1.9314406797082697,1,1,0.8734087955957611,-14.79,-70.72
2007-10-07,-0.5,-2.0371904534950573,1,1,0.884646872461721,-14.79,-70.72
2007-10-08,2.0,-2.311636637992099,0,1,0.9098362058096843,-14.79,-70.72
2007-10-09,-4.0,-1.8030162514075574,1,1,0.8585157049060257,-14.79,-70.72
2007-10-10,-2.5,-1.896150447094783,1,1,0.8694552115048518,-14.79,-70.72
2007-10-11,1.5,-1.76184594121422,0,1,0.8534407005909357,-14.79,-70.72
2007-10-12,-6.0,-1.18460173048513,1,1,0.7657741981379683,-14.79,-70.72
2007-10-13,-5.0,-2.149508557743657,1,1,0.8956228445297401,-14.79,-70.72
2007-10-14,-2.0,-1.7331701725205662,1,1,0.8498174710533917,-14.79,-70.72
2007-10-15,-1.5,-1.9850170327223795,1,1,0.8792149654246301,-14.79,-70.72
2007-10-16,-3.5,-1.9850706211752718,1,1,0.8792206561888627,-14.79,-70.72
2007-10-17,3.5,-2.008694637717877,0,1,0.8817069409750873,-14.79,-70.72
2007-10-18,0.0,-1.4606089285338855,1,1,0.8116257911505247,-14.79,-70.72
2007-10-19,-3.5,-1.5190022304126742,1,1,0.8203915069563796,-14.79,-70.72
2007-10-20,-5.5,-2.0440833618893928,1,1,0.8853484088064109,-14.79,-70.72
2007-10-21,-5.0,-1.8518976026482328,1,1,0.864349749366345,-14.79,-70.72
2007-10-22,0.0,-1.794208248156933,1,1,0.8574424454651045,-14.79,-70.72
2007-10-23,-1.0,-1.906548078264532,1,1,0.8706308455001167,-14.79,-70.72
2007-10-24,2.0,-1.9982145030637593,0,1,0.8806094847557709,-14.79,-70.72
2007-10-25,-8.5,-2.927340575067066,1,1,0.9491815483473893,-14.79,-70.72
2007-10-26,-6.0,-2.223431870814542,1,1,0.9023340551175157,-14.79,-70.72
2007-10-27,-5.0,-2.157822382000625,1,1,0.8963974897676548,-14.79,-70.72
2007-10-28,0.5,-1.9255358434958298,0,1,0.87275448142685,-14.79,-70.72
2007-10-29,3.0,-1.5847996146119763,0,1,0.8298831868101396,-14.79,-70.72
2007-10-30,3.0,-1.6375110749100346,0,1,0.8371959843899149,-14.79,-70.72
2007-10-31,-2.5,-1.7730055677982706,1,1,0.854831044697973,-14.79,-70.72
2007-11-01,3.0,-1.612950807891257,0,1,0.833820664331388,-14.79,-70.72
2007-11-02,-5.0,-1.7971769218475866,1,1,0.8578049360755357,-14.79,-70.72
2007-11-03,-2.0,-1.783280988604862,1,1,0.85610152890813,-14.79,-70.72
2007-11-04,-6.0,-1.7592609427467507,1,1,0.8531170743337911,-14.79,-70.72
2007-11-05,-1.5,-1.7765019405125138,1,1,0.8552643887667567,-14.79,-70.72
2007-11-06,-4.5,-1.4281851626052449,1,1,0.8066183855728757,-14.79,-70.72
2007-11-07,-3.0,-1.6468643759369068,1,1,0.8384668114125297,-14.79,-70.72
2007-11-08,-5.0,-1.5308489468256345,1,1,0.822130491312057,-14.79,-70.72
2007-11-09,-9.0,-0.8980866383592976,1,1,0.7105561475727643,-14.79,-70.72
2007-11-10,-10.0,-1.4084582653389943,1,1,0.8035226577163026,-14.79,-70.72
2007-11-11,-11.0,-1.5195083557496178,1,1,0.8204660720685765,-14.79,-70.72
2007-11-12,-4.5,-2.096064547005395,1,1,0.8905200847621308,-14.79,-70.72
2007-11-13,-6.0,-1.456798549497003,1,1,0.8110425328518192,-14.79,-70.72
2007-11-14,-3.5,-0.9944147233016345,1,1,0.7299590304434176,-14.79,-70.72
2007-11-15,2.0,-1.1616841259740358,0,1,0.7616385946150652,-14.79,-70.72
2007-11-16,-1.5,-0.923655973402008,1,1,0.7157864494580773,-14.79,-70.72
2007-11-17,0.5,-0.6543284880967457,0,1,0.6579852135937347,-14.79,-70.72
2007-11-18,0.0,-0.5160747033289108,1,1,0.6262294435188167,-14.79,-70.72
2007-11-19,3.5,-0.7680003541360603,0,1,0.6830881715251116,-14.79,-70.72
2007-11-20,2.0,-1.3712960838607944,0,1,0.7975894747073394,-14.79,-70.72
2007-11-21,-1.0,-1.1686092450956154,1,1,0.7628935382476342,-14.79,-70.72
2007-11-22,2.0,-0.6896522223689194,0,1,0.6658895574211776,-14.79,-70.72
2007-11-23,1.0,-0.8164785861463044,0,1,0.6934883308313036,-14.79,-70.72
2007-11-24,1.5,-1.0696175874559417,0,1,0.7445241847336174,-14.79,-70.72
2007-11-25,1.0,-1.2289197891592378,0,1,0.7736294561886379,-14.79,-70.72
2007-11-26,0.0,-1.04434412447663,1,1,0.7396873377053326,-14.79,-70.72
2007-11-27,0.5,-0.8908230062110531,0,1,0.7090599829540792,-14.79,-70.72
2007-11-28,-2.0,-0.8980903109569232,1,1,0.7105569029010427,-14.79,-70.72
2007-11-29,0.0,-0.4777300781506999,1,1,0.617211722707475,-14.79,-70.72
2007-11-30,2.0,-0.7259346651157896,0,1,0.673912529633901,-14.79,-70.72
2007-12-01,2.0,-0.4240109278542601,0,1,0.6044426301820013,-14.79,-70.72
2007-12-02,1.5,-0.6674058177757467,0,1,0.660922035256598,-14.79,-70.72
2007-12-03,0.5,-0.4057199938278666,0,1,0.6000611710132355,-14.79,-70.72
2007-12-04,-2.0,-0.48672120955029463,1,1,0.619333729501835,-14.79,-70.72
2007-12-05,-6.0,-0.16369191453838328,1,1,0.5408318450722875,-14.79,-70.72
2007-12-06,-4.5,-0.08875932796574704,1,1,0.5221752754309312,-14.79,-70.72
2007-12-07,-5.0,-0.1871487522355193,1,1,0.5466511059002647,-14.79,-70.72
2007-12-08,1.0,0.04978794456909652,0,0,0.48755558439386343,-14.79,-70.72
2007-12-09,0.0,0.37256880195946174,1,0,0.4079204545872776,-14.79,-70.72
2007-12-10,-6.0,0.1837470538045496,1,0,0.45419204849346567,-14.79,-70.72
2007-12-11,-5.0,0.3100111523195741,1,0,0.42311201671558474,-14.79,-70.72
2007-12-12,-2.5,0.2816959907629384,1,0,0.43003803046674377,-14.79,-70.72
2007-12-13,-1.0,0.5145788731329981,1,0,0.3741207457193414,-14.79,-70.72
2007-12-14,0.0,0.7602626122163718,1,0,0.31858925297210827,-14.79,-70.72
2007-12-15,-1.0,0.6548452955292019,1,0,0.34189849321191035,-14.79,-70.72
2007-12-16,0.0,0.6587225964254575,1,0,0.3410266208924424,-14.79,-70.72
2007-12-17,3.0,0.6511336487676198,0,0,0.34273411765825273,-14.79,-70.72
2007-12-18,4.0,0.3630950848632448,0,0,0.41021054019415043,-14.79,-70.72
2007-12-19,4.0,0.757639397535864,0,0,0.31915899781969886,-14.79,-70.72
2007-12-20,3.5,0.859550154172454,0,0,0.2974333399083554,-14.79,-70.72
2007-12-21,0.0,0.8653566798006169,1,0,0.2962213980308523,-14.79,-70.72
2007-12-22,1.0,0.8252213679115226,0,0,0.30465643384902524,-14.79,-70.72
2007-12-23,-0.5,1.151140601808069,1,0,0.24028080914381447,-14.79,-70.72
2007-12-24,-1.0,0.8715744619467163,1,0,0.2949267948652099,-14.79,-70.72
2007-12-25,2.0,1.1846774096086836,0,0,0.23421222801901773,-14.79,-70.72
2007-12-26,-2.0,1.170052748423089,1,0,0.23684544988006104,-14.79,-70.72
2007-12-27,-1.0,0.9465937842392576,1,0,0.27957035513965556,-14.79,-70.72
2007-12-28,-1.0,1.0453807228025491,1,0,0.26011311490490635,-14.79,-70.72
2007-12-29,1.0,0.9194324411466823,0,0,0.2850735524402913,-14.79,-70.72
2007-12-30,3.0,0.739638266192566,0,0,0.32308325004944843,-14.79,-70.72
2007-12-31,3.5,1.0592456416145657,0,0,0.25745363995482073,-14.79,-70.72
2008-01-01,1.0,1.3332985725503352,0,0,0.20861426607693362,-14.79,-70.72
2008-01-02,1.5,1.4440181618969508,0,0,0.19092388426755721,-14.79,-70.72
2008-01-03,-2.0,1.1658813642513008,1,0,0.23760025371355353,-14.79,-70.72
2008-01-04,2.0,1.1340001748893878,0,0,0.24342363850178927,-14.79,-70.72
2008-01-05,-1.5,1.3902642340077618,1,0,0.1993655767450476,-14.79,-70.72
2008-01-06,4.0,1.3681913892720088,0,0,0.20291221187102912,-14.79,-70.72
2008-01-07,2.5,1.2689977456508723,0,0,0.21942886977943354,-14.79,-70.72
2008-01-08,3.0,0.9839798816857295,0,0,0.27210280231300915,-14.79,-70.72
2008-01-09,1.0,1.151621649814028,0,0,0.2401930067539625,-14.79,-70.72
2008-01-10,3.0,0.9175174222047167,0,0,0.2854640065691795,-14.79,-70.72
2008-01-11,3.0,0.9900354176760429,0,0,0.2709050820532817,-14.79,-70.72
2008-01-12,3.5,1.4062920495685756,0,0,0.1968195562944951,-14.79,-70.72
2008-01-13,3.0,1.2906498937577124,0,0,0.2157428298750063,-14.79,-70.72
2008-01-14,2.5,1.395350624987847,0,0,0.1985549337280891,-14.79,-70.72
2008-01-15,3.0,1.1811599479420378,0,0,0.23484369860935791,-14.79,-70.72
2008-01-16,0.0,1.4812699049976574,1,0,0.18523568426591766,-14.79,-70.72
2008-01-17,0.0,1.5378776884239853,1,0,0.17684400825336752,-14.79,-70.72
2008-01-18,0.0,1.3679579468122869,1,0,0.20294997120365363,-14.79,-70.72
2008-01-19,4.0,1.4649387968079397,0,0,0.18771311108408517,-14.79,-70.72
2008-01-20,2.0,1.657143417092299,0,0,0.1601458320045564,-14.79,-70.72
2008-01-21,1.0,1.6949168540802386,0,0,0.15513031982579195,-14.79,-70.72
2008-01-22,3.5,1.3799830313005952,0,0,0.20101172501183326,-14.79,-70.72
2008-01-23,3.0,1.2684173004215564,0,0,0.21952830453672664,-14.79,-70.72
2008-01-24,3.0,1.2660157388551827,0,0,0.21994005474069325,-14.79,-70.72
2008-01-25,3.5,1.5081292924768404,0,0,0.18121619740001865,-14.79,-70.72
2008-01-26,3.5,1.4636691689607426,0,0,0.1879067767612513,-14.79,-70.72
2008-01-27,1.0,0.9021969390007092,0,0,0.2885992350510918,-14.79,-70.72
2008-01-28,3.5,0.9669781521090615,0,0,0.2754832301566494,-14.79,-70.72
2008-01-29,3.5,0.9740063609562348,0,0,0.27408267012967985,-14.79,-70.72
2008-01-30,3.5,1.2406640941692268,0,0,0.224320411682998,-14.79,-70.72
2008-01-31,5.5,1.1086100621951607,0,0,0.24813010673151242,-14.79,-70.72
2008-02-01,3.5,1.6093601617044113,0,0,0.16667746565899455,-14.79,-70.72
2008-02-02,1.5,1.89542620834112,0,0,0.13062701365307589,-14.79,-70.72
2008-02-03,4.5,1.6242648372965336,0,0,0.16461753651932773,-14.79,-70.72
2008-02-04,3.0,1.7976296725061465,0,0,0.14213984832435864,-14.79,-70.72
2008-02-05,3.0,1.7236180514612478,0,0,0.15140572253976267,-14.79,-70.72
2008-02-06,-1.0,1.8520022308158097,1,0,0.13563798352606574,-14.79,-70.72
2008-02-07,2.0,2.0081984461526963,0,0,0.11834482151422694,-14.79,-70.72
2008-02-08,0.0,1.859059643938492,1,0,0.13481269576083454,-14.79,-70.72
2008-02-09,1.0,2.094189309336463,0,0,0.10966287370821055,-14.79,-70.72
2008-02-10,4.0,2.230377443796871,0,0,0.0970555583749955,-14.79,-70.72
2008-02-11,1.0,1.7013738315914413,0,0,0.15428591994684532,-14.79,-70.72
2008-02-12,3.0,2.052398640478734,0,0,0.11381023628812227,-14.79,-70.72
2008-02-13,1.0,1.7273953418820867,0,0,0.15092104736798967,-14.79,-70.72
2008-02-14,4.0,1.8180284841185737,0,0,0.1396706074382487,-14.79,-70.72
2008-02-15,4.0,1.840927267745914,0,0,0.13694166315876016,-14.79,-70.72
2008-02-16,1.5,1.7120657586917902,0,0,0.1528959693071397,-14.79,-70.72
2008-02-17,1.0,2.105619090460677,0,0,0.10855187377896988,-14.79,-70.72
2008-02-18,6.0,1.521720864992444,0,0,0.1792082530560576,-14.79,-70.72
2008-02-19,2.0,1.5589949195748565,0,0,0.17379091682592412,-14.79,-70.72
2008-02-20,5.0,1.5136631813221166,0,0,0.18039654425249366,-14.79,-70.72
2008-02-21,5.0,1.3408843599294435,0,0,0.20736466351106372,-14.79,-70.72
2008-02-22,4.5,1.2685819622223118,0,0,0.219500093406617,-14.79,-70.72
2008-02-23,2.0,1.2133379394284125,0,0,0.22911097397062896,-14.79,-70.72
2008-02-24,0.0,1.0797892186651943,1,0,0.25354590714550895,-14.79,-70.72
2008-02-25,2.0,0.9771017000430797,0,0,0.2734672481053943,-14.79,-70.72
2008-02-26,3.5,1.1795077868618433,0,0,0.23514070900962689,-14.79,-70.72
2008-02-27,4.0,1.0046193409844415,0,0,0.2680341737621786,-14.79,-70.72
2008-02-28,4.0,1.2996580103448787,0,0,0.21422257888264692,-14.79,-70.72
2008-02-29,5.0,1.3533653226227687,0,0,0.205320727317005,-14.79,-70.72
2008-03-01,2.0,0.9484314552676381,0,0,0.27920037837302086,-14.79,-70.72
2008-03-02,3.0,0.9978757590536134,0,0,0.26935927742582705,-14.79,-70.72
2008-03-03,0.5,0.8888547641993627,0,0,0.29134622042665603,-14.79,-70.72
2008-03-04,4.0,0.6010598817622839,0,0,0.35410124698150575,-14.79,-70.72
2008-03-05,5.0,0.5014026262412807,0,0,0.3772111030863905,-14.79,-70.72
2008-03-06,-1.0,0.5338395694000022,1,0,0.3696218155214776,-14.79,-70.72
2008-03-07,1.0,0.5911958317752779,0,0,0.3563605220322812,-14.79,-70.72
2008-03-08,3.0,0.595307779938195,0,0,0.35541793199581045,-14.79,-70.72
2008-03-09,5.0,0.322198924353013,0,0,0.4201399468106327,-14.79,-70.72
2008-03-10,3.5,0.18562469962787187,0,0,0.45372661719934054,-14.79,-70.72
2008-03-11,3.5,0.1199916371802372,0,0,0.4700380314323801,-14.79,-70.72
2008-03-12,5.0,-0.07069473558016304,0,1,0.517666326857162,-14.79,-70.72
2008-03-13,1.0,-0.1437501546338309,0,1,0.5358757815090682,-14.79,-70.72
2008-03-14,2.5,-0.3270120160784713,0,1,0.5810321772152273,-14.79,-70.72
2008-03-15,2.0,-0.47392073113417243,0,1,0.6163113200612499,-14.79,-70.72
2008-03-16,0.0,-0.35558537438363436,1,1,0.5879713591886331,-14.79,-70.72
2008-03-17,-4.0,-0.520552610492059,1,1,0.6272769760466089,-14.79,-70.72
2008-03-18,-5.0,-0.47516024195938256,1,1,0.6166043869758036,-14.79,-70.72
2008-03-19,-2.0,-0.825325718828986,1,1,0.6953656714917024,-14.79,-70.72
2008-03-20,-4.0,-0.9691566097290689,1,1,0.7249513603058519,-14.79,-70.72
2008-03-21,-4.5,-1.3428910775719087,1,1,0.7929649760639521,-14.79,-70.72
2008-03-22,-3.0,-1.2387283978383725,1,1,0.7753425959507525,-14.79,-70.72
2008-03-23,3.0,-1.4640911153095328,0,1,0.8121576028528472,-14.79,-70.72
2008-03-24,4.5,-1.7383349867266644,0,1,0.8504754543334154,-14.79,-70.72
2008-03-25,3.5,-1.3822191829756392,0,1,0.7993471742860556,-14.79,-70.72
2008-03-26,0.0,-1.5059934325571813,1,1,0.8184666745487965,-14.79,-70.72
2008-03-27,-2.5,-1.996792837797399,1,1,0.880459935063022,-14.79,-70.72
2008-03-28,-3.0,-2.0867686864106503,1,1,0.8896104980900035,-14.79,-70.72
2008-03-29,0.5,-2.3607863151011284,0,1,0.913787771314846,-14.79,-70.72
2008-03-30,1.0,-2.7684650842718175,0,1,0.9409477565280046,-14.79,-70.72
2008-03-31,1.5,-3.1143522245524826,0,1,0.9574808934136223,-14.79,-70.72
2008-04-01,-1.5,-2.904803845854307,1,1,0.9480833979166984,-14.79,-70.72
2008-04-02,-3.5,-3.01017528135618,1,1,0.9530317009375646,-14.79,-70.72
2008-04-03,5.0,-3.1974638374079727,0,1,0.9607387252934008,-14.79,-70.72
2008-04-04,2.5,-3.485621950814607,0,1,0.9702758899445924,-14.79,-70.72
2008-04-05,-4.0,-3.9378738415088206,1,1,0.9808829746227391,-14.79,-70.72
2008-04-06,1.0,-3.7767435625414536,0,1,0.9776154097120952,-14.79,-70.72
2008-04-07,-9.5,-4.449420502843416,1,1,0.9884496332950677,-14.79,-70.72
2008-04-08,-2.5,-4.563880029604652,1,1,0.9896859439001046,-14.79,-70.72
2008-04-09,-0.5,-4.697680719744934,1,1,0.9909659617912665,-14.79,-70.72
2008-04-10,-2.5,-5.272072191297492,1,1,0.9948932496970686,-14.79,-70.72
2008-04-11,0.0,-5.2592866454256155,1,1,0.9948278777908449,-14.79,-70.72
2008-04-12,-2.0,-4.967138936917655,1,1,0.9930851074187914,-14.79,-70.72
2008-04-13,4.0,-5.466121968127806,0,1,0.9957902021628153,-14.79,-70.72
2008-04-14,3.0,-5.1548096240703565,0,1,0.9942615412264765,-14.79,-70.72
2008-04-15,3.0,-5.316158991263242,0,1,0.9951124227675676,-14.79,-70.72
2008-04-16,2.0,-5.416606514069995,0,1,0.9955774502038672,-14.79,-70.72
2008-04-17,3.0,-5.444629945931846,0,1,0.9956991391647436,-14.79,-70.72
2008-04-18,1.5,-5.912046946904855,0,1,0.9973006652667146,-14.79,-70.72
2008-04-19,0.0,-6.093607043250696,1,1,0.9977478315057814,-14.79,-70.72
2008-04-20,2.0,-6.224690659778599,0,1,0.9980239762064977,-14.79,-70.72
2008-04-21,1.0,-6.381002312208342,0,1,0.9983094380740425,-14.79,-70.72
2008-04-22,-3.0,-6.574293859201349,1,1,0.998606154321953,-14.79,-70.72
2008-04-23,-2.0,-6.231812688229814,1,1,0.9980379719936147,-14.79,-70.72
2008-04-24,-3.5,-6.817982475269303,1,1,0.9989072696462307,-14.79,-70.72
2008-04-25,0.0,-6.87583032611788,1,1,0.9989686248122889,-14.79,-70.72
2008-04-26,-5.5,-7.117940940234537,1,1,0.9991902225051712,-14.79,-70.72
2008-04-27,-2.0,-7.604865076001573,1,1,0.9995022252908884,-14.79,-70.72
2008-04-28,-3.5,-7.773001034394319,1,1,0.9995792290330914,-14.79,-70.72
2008-04-29,-2.0,-7.809102704005259,1,1,0.9995941425806086,-14.79,-70.72
2008-04-30,-6.5,-7.922675493948855,1,1,0.9996376999636136,-14.79,-70.72
2008-05-01,-9.0,-8.277298326812026,1,1,0.999745841512146,-14.79,-70.72
2008-05-02,-10.5,-8.728105417164713,1,1,0.9998380572002553,-14.79,-70.72
2008-05-03,-8.5,-9.554148615484136,1,1,0.9999290985390927,-14.79,-70.72
2008-05-04,-12.0,-9.120931420884789,1,1,0.9998906591802951,-14.79,-70.72
2008-05-05,-12.5,-8.687778276768922,1,1,0.9998313941637129,-14.79,-70.72
2008-05-06,-10.0,-8.668758002314785,1,1,0.9998281570981719,-14.79,-70.72
2008-05-07,-8.5,-8.877416440392004,1,1,0.999860515341098,-14.79,-70.72
2008-05-08,-9.0,-9.314006431917761,1,1,0.9999098554964736,-14.79,-70.72
2008-05-09,-10.0,-8.693616045481596,1,1,0.9998323754136571,-14.79,-70.72
2008-05-10,-4.0,-8.721885280520302,1,1,0.9998370469192706,-14.79,-70.72
2008-05-11,-3.0,-8.485349893740828,1,1,0.9997935714775155,-14.79,-70.72
2008-05-12,-1.0,-8.6905673486364,1,1,0.9998318636833745,-14.79,-70.72
2008-05-13,-3.0,-8.97662153858673,1,1,0.9998736870322301,-14.79,-70.72
2008-05-14,-10.0,-9.004720282321959,1,1,0.9998771864373633,-14.79,-70.72
2008-05-15,-12.0,-8.692715275714708,1,1,0.9998322243798171,-14.79,-70.72
2008-05-16,-11.0,-8.715005391953717,1,1,0.9998359221394376,-14.79,-70.72
2008-05-17,-10.5,-9.34961973020755,1,1,0.999913009072375,-14.79,-70.72
2008-05-18,-12.0,-8.984896646135171,1,1,0.999874727842335,-14.79,-70.72
2008-05-19,-13.5,-9.703025679656044,1,1,0.999938905381717,-14.79,-70.72
2008-05-20,-12.0,-9.77583470487771,1,1,0.9999431953012503,-14.79,-70.72
2008-05-21,-13.0,-9.235861371740256,1,1,0.9999025293106474,-14.79,-70.72
2008-05-22,-14.5,-9.704690039109568,1,1,0.9999390069743538,-14.79,-70.72
2008-05-23,-13.0,-9.582016865219416,1,1,0.9999310470259049,-14.79,-70.72
2008-05-24,-14.0,-9.946923345505153,1,1,0.9999521275903791,-14.79,-70.72
2008-05-25,-11.0,-9.845850533495732,1,1,0.9999470362848463,-14.79,-70.72
2008-05-26,-9.0,-9.534210765588323,1,1,0.9999276708332562,-14.79,-70.72
2008-05-27,-13.5,-10.20218894174025,1,1,0.9999629123315388,-14.79,-70.72
2008-05-28,-12.0,-10.491942788845233,1,1,0.9999722415579959,-14.79,-70.72
2008-05-29,-15.0,-10.303428059466537,1,1,0.9999664831270876,-14.79,-70.72
2008-05-30,-12.5,-9.872482021253944,1,1,0.9999484280993312,-14.79,-70.72
2008-05-31,-10.0,-10.013471567504448,1,1,0.9999552095835039,-14.79,-70.72
2008-06-01,-11.0,-10.456508376196041,1,1,0.9999712403483146,-14.79,-70.72
2008-06-02,-10.0,-10.93831225474468,1,1,0.9999822358827303,-14.79,-70.72
2008-06-03,-12.0,-9.91196665205862,1,1,0.9999504246205073,-14.79,-70.72
2008-06-04,-14.5,-10.109825384905662,1,1,0.9999593237454468,-14.79,-70.72
2008-06-05,-14.0,-10.290488698289732,1,1,0.9999660466370273,-14.79,-70.72
2008-06-06,-13.0,-10.47588142210784,1,1,0.9999717921325227,-14.79,-70.72
2008-06-07,-14.0,-10.654421931710617,1,1,0.9999764042873002,-14.79,-70.72
2008-06-08,-13.0,-10.737754481218037,1,1,0.9999782908383488,-14.79,-70.72
2008-06-09,-13.5,-10.898214374568438,1,1,0.9999815091189871,-14.79,-70.72
2008-06-10,-12.0,-11.102587577580106,1,1,0.9999849269571415,-14.79,-70.72
2008-06-11,0.0,-10.631127333370827,1,1,0.9999758481961113,-14.79,-70.72
2008-06-12,-3.0,-10.434427202567989,1,1,0.9999705982571493,-14.79,-70.72
2008-06-13,-13.0,-10.47537083857478,1,1,0.9999717777267793,-14.79,-70.72
2008-06-14,-11.0,-10.542408583555579,1,1,0.9999736076134139,-14.79,-70.72
2008-06-15,-7.0,-10.459363039750848,1,1,0.9999713223280217,-14.79,-70.72
2008-06-16,-6.5,-11.02967855419747,1,1,0.9999837869610719,-14.79,-70.72
2008-06-17,-7.0,-11.115384373037111,1,1,0.9999851186120178,-14.79,-70.72
2008-06-18,-9.0,-11.316038148002143,1,1,0.9999878240799615,-14.79,-70.72
2008-06-19,-9.5,-11.12950734876581,1,1,0.9999853273012899,-14.79,-70.72
2008-06-20,-10.0,-11.453102792729272,1,1,0.9999893836300071,-14.79,-70.72
2008-06-21,-11.0,-11.124398778836248,1,1,0.9999852521541038,-14.79,-70.72
2008-06-22,-9.0,-10.989882482405193,1,1,0.9999831287463842,-14.79,-70.72
2008-06-23,-10.0,-11.119141705382114,1,1,0.9999851744205979,-14.79,-70.72
2008-06-24,-12.0,-11.280643170226579,1,1,0.9999873854012645,-14.79,-70.72
2008-06-25,-10.0,-10.992369991177027,1,1,0.9999831706609161,-14.79,-70.72
2008-06-26,-10.0,-11.034943083844162,1,1,0.9999838720894425,-14.79,-70.72
2008-06-27,-11.0,-10.540064985827724,1,1,0.9999735456893788,-14.79,-70.72
2008-06-28,-11.0,-11.672468406720673,1,1,0.9999914747391073,-14.79,-70.72
2008-06-29,-11.0,-12.281230810970948,1,1,0.999995362037706,-14.79,-70.72
2008-06-30,-11.0,-11.546754374680987,1,1,0.9999903327245593,-14.79,-70.72
2008-07-01,-12.0,-10.898115806896886,1,1,0.9999815072963278,-14.79,-70.72
2008-07-02,-14.5,-11.342754780703308,1,1,0.9999881450687264,-14.79,-70.72
2008-07-03,-14.5,-11.284826364848481,1,1,0.9999874380597061,-14.79,-70.72
2008-07-04,-14.0,-11.204778767912131,1,1,0.9999863911790585,-14.79,-70.72
2008-07-05,-14.5,-11.265226132841992,1,1,0.9999871894171504,-14.79,-70.72
2008-07-06,-14.5,-11.402245127476466,1,1,0.9999888297470292,-14.79,-70.72
2008-07-07,-11.5,-11.061640972179191,1,1,0.9999842969669338,-14.79,-70.72
2008-07-08,-11.0,-11.198887611329948,1,1,0.9999863107718477,-14.79,-70.72
2008-07-09,-11.0,-11.439984870267008,1,1,0.9999892434493575,-14.79,-70.72
2008-07-10,-10.0,-11.419212624704656,1,1,0.999989017677322,-14.79,-70.72
2008-07-11,-10.0,-11.194483074102521,1,1,0.9999862503449832,-14.79,-70.72
2008-07-12,-11.5,-11.012456652151212,1,1,0.9999835053281428,-14.79,-70.72
2008-07-13,-11.0,-10.880879448310637,1,1,0.9999811857926362,-14.79,-70.72
2008-07-14,-10.5,-11.241827659314467,1,1,0.9999868861387079,-14.79,-70.72
2008-07-15,-9.5,-10.654543062463723,1,1,0.9999764071452263,-14.79,-70.72
2008-07-16,-8.0,-10.151859804225534,1,1,0.99996099804586,-14.79,-70.72
2008-07-17,-8.0,-10.33067454452729,1,1,0.9999673839859302,-14.79,-70.72
2008-07-18,-9.5,-10.744998540545886,1,1,0.9999784475291903,-14.79,-70.72
2008-07-19,-10.0,-10.55291160841482,1,1,0.9999738833554691,-14.79,-70.72
2008-07-20,-8.0,-10.603361551114492,1,1,0.9999751682227231,-14.79,-70.72
2008-07-21,-10.5,-10.098320400764258,1,1,0.9999588530827475,-14.79,-70.72
2008-07-22,-16.0,-10.07512846197079,1,1,0.999957887694809,-14.79,-70.72
2008-07-23,-12.0,-9.363135671372639,1,1,0.9999141768263031,-14.79,-70.72
2008-07-24,-13.5,-9.29286649230835,1,1,0.9999079297390866,-14.79,-70.72
2008-07-25,-9.0,-9.477567340861855,1,1,0.9999234559287211,-14.79,-70.72
2008-07-26,-9.5,-9.865827749732382,1,1,0.9999480837994553,-14.79,-70.72
2008-07-27,-8.0,-9.490698651347577,1,1,0.9999244544067444,-14.79,-70.72
2008-07-28,-8.0,-9.719575592264892,1,1,0.9999399081111217,-14.79,-70.72
2008-07-29,-6.5,-8.881097275984061,1,1,0.9998610277462259,-14.79,-70.72
2008-07-30,-5.0,-8.624771831823667,1,1,0.9998204310707668,-14.79,-70.72
2008-07-31,-11.5,-8.253368206775304,1,1,0.9997396877153679,-14.79,-70.72
2008-08-01,-10.5,-8.160352366300403,1,1,0.9997143199521441,-14.79,-70.72
2008-08-02,-8.5,-8.547572360659053,1,1,0.999806022106683,-14.79,-70.72
2008-08-03,-16.0,-8.379032713374663,1,1,0.9997704207607452,-14.79,-70.72
2008-08-04,-10.0,-8.237671516049947,1,1,0.9997355705258227,-14.79,-70.72
2008-08-05,-8.5,-8.209079492805412,1,1,0.9997279029154651,-14.79,-70.72
2008-08-06,-1.0,-8.397635640873482,1,1,0.9997746511732293,-14.79,-70.72
2008-08-07,1.0,-8.293129520595627,0,1,0.99974983246372,-14.79,-70.72
2008-08-08,2.0,-7.646663485360774,0,1,0.9995225929164676,-14.79,-70.72
2008-08-09,2.0,-7.515219475673511,0,1,0.9994555661212731,-14.79,-70.72
2008-08-10,-6.0,-7.5807270180346435,1,1,0.9994900699905838,-14.79,-70.72
2008-08-11,-9.0,-6.849715451527224,1,1,0.9989413646940881,-14.79,-70.72
2008-08-12,-10.5,-6.270061188864387,1,1,0.9981114605262841,-14.79,-70.72
2008-08-13,-8.0,-5.924375493508797,1,1,0.9973336516527962,-14.79,-70.72
2008-08-14,-13.0,-5.9815271238666785,1,1,0.9974813919946379,-14.79,-70.72
2008-08-15,-12.0,-5.918969580081768,1,1,0.9973192373188907,-14.79,-70.72
2008-08-16,-14.0,-6.369495371379983,1,1,0.9982899059829995,-14.79,-70.72
2008-08-17,-14.0,-5.725584935445204,1,1,0.9967491574609468,-14.79,-70.72
2008-08-18,-9.0,-6.177071586349685,1,1,0.9979278031063651,-14.79,-70.72
2008-08-19,-9.0,-6.141125130242767,1,1,0.9978521228943241,-14.79,-70.72
2008-08-20,-8.0,-5.55375934011387,1,1,0.9961420708544706,-14.79,-70.72
2008-08-21,-7.0,-4.9033610010197926,1,1,0.9926330772227242,-14.79,-70.72
2008-08-22,-5.0,-5.216759241390585,1,1,0.9946043891481148,-14.79,-70.72
2008-08-23,-6.5,-4.945748153084922,1,1,0.9929366551258814,-14.79,-70.72
2008-08-24,-8.0,-5.037495932552385,1,1,0.9935518689035439,-14.79,-70.72
2008-08-25,-9.0,-5.049588521410363,1,1,0.9936288801451949,-14.79,-70.72
2008-08-26,-8.0,-4.776584348454815,1,1,0.9916456572402018,-14.79,-70.72
2008-08-27,-8.0,-4.608148852502424,1,1,0.990128167064759,-14.79,-70.72
2008-08-28,-8.0,-5.122969328455888,1,1,0.994076986677426,-14.79,-70.72
2008-08-29,-6.0,-4.752108144540122,1,1,0.991440423502188,-14.79,-70.72
2008-08-30,-10.0,-5.308544444339236,1,1,0.9950752480094861,-14.79,-70.72
2008-08-31,-10.5,-5.202945829730882,1,1,0.9945297507430559,-14.79,-70.72
2008-09-01,10.0,-4.795964778833746,0,1,0.99180469500237,-14.79,-70.72
2008-09-02,-10.0,-4.809637909827006,1,1,0.9919150880929949,-14.79,-70.72
2008-09-03,-10.0,-5.00152201052428,1,1,0.9933172598945907,-14.79,-70.72
2008-09-04,-4.5,-4.939099063138384,1,1,0.9928898688658301,-14.79,-70.72
2008-09-05,-7.5,-5.14127199201466,1,1,0.9941837827715738,-14.79,-70.72
2008-09-06,-9.5,-4.505030894391006,1,1,0.9890675899489676,-14.79,-70.72
2008-09-07,-7.0,-4.381206331187028,1,1,0.9876443148091614,-14.79,-70.72
2008-09-08,-6.0,-4.857436025472368,1,1,0.9922895318466662,-14.79,-70.72
2008-09-09,-6.2,-4.159458072853563,1,1,0.9846240920888439,-14.79,-70.72
2008-09-10,-5.0,-4.600354490571448,1,1,0.9900516902381852,-14.79,-70.72
2008-09-11,-4.0,-5.01501347339674,1,1,0.9934062238636774,-14.79,-70.72
2008-09-12,-5.5,-4.921097551387257,1,1,0.9927616516257312,-14.79,-70.72
2008-09-13,-8.0,-4.174961917006692,1,1,0.9848570573134018,-14.79,-70.72
2008-09-14,-7.5,-4.285229604827648,1,1,0.9864165903960551,-14.79,-70.72
2008-09-15,-3.0,-3.8298654738746283,1,1,0.9787488793916325,-14.79,-70.72
2008-09-16,-6.0,-4.249230416332155,1,1,0.9859256980400855,-14.79,-70.72
2008-09-17,-10.0,-4.284023098546344,1,1,0.9864004150475552,-14.79,-70.72
2008-09-18,-10.5,-3.60120230885661,1,1,0.9734341160001131,-14.79,-70.72
2008-09-19,-6.0,-3.82912626310528,1,1,0.9787334987270272,-14.79,-70.72
2008-09-20,-6.5,-3.269750635355327,1,1,0.963376374575012,-14.79,-70.72
2008-09-21,-3.5,-2.9653019200846287,1,1,0.95098173721793,-14.79,-70.72
2008-09-22,-7.0,-2.9316471570811315,1,1,0.9493888789759704,-14.79,-70.72
2008-09-23,-5.5,-2.886774423726897,1,1,0.9471887636549349,-14.79,-70.72
2008-09-24,-8.0,-3.5965540695422007,1,1,0.9733136469994796,-14.79,-70.72
2008-09-25,-3.5,-3.6339238292914082,1,1,0.9742673171643278,-14.79,-70.72
2008-09-26,-5.0,-3.4592350097629274,1,1,0.9695053581355683,-14.79,-70.72
2008-09-27,-1.0,-3.551421212722526,1,1,0.9721159761854026,-14.79,-70.72
2008-09-28,1.0,-3.039335501463988,0,1,0.9543198701718051,-14.79,-70.72
2008-09-29,-5.0,-2.221365363504936,1,1,0.9021517879142898,-14.79,-70.72
2008-09-30,-1.0,-2.423172934559998,1,1,0.9185773731776025,-14.79,-70.72
2008-10-01,3.5,-2.8427979082522867,0,1,0.9449452012842606,-14.79,-70.72
2008-10-02,-2.5,-2.265778155590628,1,1,0.9060028641810093,-14.79,-70.72
2008-10-03,-1.0,-2.296721927125183,1,1,0.9086051862805357,-14.79,-70.72
2008-10-04,-3.0,-2.7045849709815863,1,1,0.9372966510913922,-14.79,-70.72
2008-10-05,-4.0,-1.9314406797082697,1,1,0.8734087955957611,-14.79,-70.72
2008-10-06,-2.5,-2.0371904534950573,1,1,0.884646872461721,-14.79,-70.72
2008-10-07,2.0,-2.311636637992099,0,1,0.9098362058096843,-14.79,-70.72
2008-10-08,1.5,-1.8030162514075574,0,1,0.8585157049060257,-14.79,-70.72
2008-10-09,1.0,-1.896150447094783,0,1,0.8694552115048518,-14.79,-70.72
2008-10-10,-3.5,-1.76184594121422,1,1,0.8534407005909357,-14.79,-70.72
2008-10-11,-5.5,-1.18460173048513,1,1,0.7657741981379683,-14.79,-70.72
2008-10-12,-5.0,-2.149508557743657,1,1,0.8956228445297401,-14.79,-70.72
2008-10-13,-4.0,-1.7331701725205662,1,1,0.8498174710533917,-14.79,-70.72
2008-10-14,3.0,-1.9850170327223795,0,1,0.8792149654246301,-14.79,-70.72
2008-10-15,1.0,-1.9850706211752718,0,1,0.8792206561888627,-14.79,-70.72
2008-10-16,1.0,-2.008694637717877,0,1,0.8817069409750873,-14.79,-70.72
2008-10-17,1.0,-1.4606089285338855,0,1,0.8116257911505247,-14.79,-70.72
2008-10-18,4.0,-1.5190022304126742,0,1,0.8203915069563796,-14.79,-70.72
2008-10-19,-1.5,-2.0440833618893928,1,1,0.8853484088064109,-14.79,-70.72
2008-10-20,-5.5,-1.8518976026482328,1,1,0.864349749366345,-14.79,-70.72
2008-10-21,-2.5,-1.794208248156933,1,1,0.8574424454651045,-14.79,-70.72
2008-10-22,-1.5,-1.906548078264532,1,1,0.8706308455001167,-14.79,-70.72
2008-10-23,1.5,-1.9982145030637593,0,1,0.8806094847557709,-14.79,-70.72
2008-10-24,1.0,-2.927340575067066,0,1,0.9491815483473893,-14.79,-70.72
2008-10-25,1.0,-2.223431870814542,0,1,0.9023340551175157,-14.79,-70.72
2008-10-26,-5.0,-2.157822382000625,1,1,0.8963974897676548,-14.79,-70.72
2008-10-27,-2.0,-1.9255358434958298,1,1,0.87275448142685,-14.79,-70.72
2008-10-28,1.0,-1.5847996146119763,0,1,0.8298831868101396,-14.79,-70.72
2008-10-29,1.0,-1.6375110749100346,0,1,0.8371959843899149,-14.79,-70.72
2008-10-30,-1.0,-1.7730055677982706,1,1,0.854831044697973,-14.79,-70.72
2008-10-31,-2.5,-1.612950807891257,1,1,0.833820664331388,-14.79,-70.72
2008-11-01,-3.0,-1.7971769218475866,1,1,0.8578049360755357,-14.79,-70.72
2008-11-02,-2.0,-1.783280988604862,1,1,0.85610152890813,-14.79,-70.72
2008-11-03,-2.5,-1.7592609427467507,1,1,0.8531170743337911,-14.79,-70.72
2008-11-04,-3.0,-1.7765019405125138,1,1,0.8552643887667567,-14.79,-70.72
2008-11-05,-2.5,-1.4281851626052449,1,1,0.8066183855728757,-14.79,-70.72
2008-11-06,-4.5,-1.6468643759369068,1,1,0.8384668114125297,-14.79,-70.72
2008-11-07,-4.5,-1.5308489468256345,1,1,0.822130491312057,-14.79,-70.72
2008-11-08,-5.0,-0.8980866383592976,1,1,0.7105561475727643,-14.79,-70.72
2008-11-09,-7.5,-1.4084582653389943,1,1,0.8035226577163026,-14.79,-70.72
2008-11-10,-5.0,-1.5195083557496178,1,1,0.8204660720685765,-14.79,-70.72
2008-11-11,-2.0,-2.096064547005395,1,1,0.8905200847621308,-14.79,-70.72
2008-11-12,-6.0,-1.456798549497003,1,1,0.8110425328518192,-14.79,-70.72
2008-11-13,-4.0,-0.9944147233016345,1,1,0.7299590304434176,-14.79,-70.72
2008-11-14,0.0,-1.1616841259740358,1,1,0.7616385946150652,-14.79,-70.72
2008-11-15,1.0,-0.923655973402008,0,1,0.7157864494580773,-14.79,-70.72
2008-11-16,2.0,-0.6543284880967457,0,1,0.6579852135937347,-14.79,-70.72
2008-11-17,-3.0,-0.5160747033289108,1,1,0.6262294435188167,-14.79,-70.72
2008-11-18,-3.5,-0.7680003541360603,1,1,0.6830881715251116,-14.79,-70.72
2008-11-19,0.0,-1.3712960838607944,1,1,0.7975894747073394,-14.79,-70.72
2008-11-20,-4.5,-1.1686092450956154,1,1,0.7628935382476342,-14.79,-70.72
2008-11-21,2.5,-0.6896522223689194,0,1,0.6658895574211776,-14.79,-70.72
2008-11-22,-1.0,-0.8164785861463044,1,1,0.6934883308313036,-14.79,-70.72
2008-11-23,-3.5,-1.0696175874559417,1,1,0.7445241847336174,-14.79,-70.72
2008-11-24,-3.0,-1.2289197891592378,1,1,0.7736294561886379,-14.79,-70.72
2008-11-25,-1.5,-1.04434412447663,1,1,0.7396873377053326,-14.79,-70.72
2008-11-26,-4.0,-0.8908230062110531,1,1,0.7090599829540792,-14.79,-70.72
2008-11-27,-4.0,-0.8980903109569232,1,1,0.7105569029010427,-14.79,-70.72
2008-11-28,-3.5,-0.4777300781506999,1,1,0.617211722707475,-14.79,-70.72
2008-11-29,-1.0,-0.7259346651157896,1,1,0.673912529633901,-14.79,-70.72
2008-11-30,-1.0,-0.4240109278542601,1,1,0.6044426301820013,-14.79,-70.72
2008-12-01,2.0,-0.6674058177757467,0,1,0.660922035256598,-14.79,-70.72
2008-12-02,-1.0,-0.4057199938278666,1,1,0.6000611710132355,-14.79,-70.72
2008-12-03,-1.0,-0.48672120955029463,1,1,0.619333729501835,-14.79,-70.72
2008-12-04,-7.0,-0.16369191453838328,1,1,0.5408318450722875,-14.79,-70.72
2008-12-05,-6.0,-0.08875932796574704,1,1,0.5221752754309312,-14.79,-70.72
2008-12-06,-2.0,-0.1871487522355193,1,1,0.5466511059002647,-14.79,-70.72
2008-12-07,-2.0,0.04978794456909652,1,0,0.48755558439386343,-14.79,-70.72
2008-12-08,-3.0,0.37256880195946174,1,0,0.4079204545872776,-14.79,-70.72
2008-12-09,-2.0,0.1837470538045496,1,0,0.45419204849346567,-14.79,-70.72
2008-12-10,1.0,0.3100111523195741,0,0,0.42311201671558474,-14.79,-70.72
2008-12-11,3.0,0.2816959907629384,0,0,0.43003803046674377,-14.79,-70.72
2008-12-12,1.0,0.5145788731329981,0,0,0.3741207457193414,-14.79,-70.72
2008-12-13,-1.0,0.7602626122163718,1,0,0.31858925297210827,-14.79,-70.72
2008-12-14,4.0,0.6548452955292019,0,0,0.34189849321191035,-14.79,-70.72
2008-12-15,3.0,0.6587225964254575,0,0,0.3410266208924424,-14.79,-70.72
2008-12-16,1.5,0.6511336487676198,0,0,0.34273411765825273,-14.79,-70.72
2008-12-17,3.0,0.3630950848632448,0,0,0.41021054019415043,-14.79,-70.72
2008-12-18,3.5,0.757639397535864,0,0,0.31915899781969886,-14.79,-70.72
2008-12-19,3.0,0.859550154172454,0,0,0.2974333399083554,-14.79,-70.72
2008-12-20,3.0,0.8653566798006169,0,0,0.2962213980308523,-14.79,-70.72
2008-12-21,2.0,0.8252213679115226,0,0,0.30465643384902524,-14.79,-70.72
2008-12-22,2.0,1.151140601808069,0,0,0.24028080914381447,-14.79,-70.72
2008-12-23,2.0,0.8715744619467163,0,0,0.2949267948652099,-14.79,-70.72
2008-12-24,3.5,1.1846774096086836,0,0,0.23421222801901773,-14.79,-70.72
2008-12-25,3.0,1.170052748423089,0,0,0.23684544988006104,-14.79,-70.72
2008-12-26,4.0,0.9465937842392576,0,0,0.27957035513965556,-14.79,-70.72
2008-12-27,2.5,1.0453807228025491,0,0,0.26011311490490635,-14.79,-70.72
2008-12-28,0.0,0.9194324411466823,1,0,0.2850735524402913,-14.79,-70.72
2008-12-29,-1.0,0.739638266192566,1,0,0.32308325004944843,-14.79,-70.72
2008-12-30,2.0,1.0592456416145657,0,0,0.25745363995482073,-14.79,-70.72
2008-12-31,3.5,1.3332985725503352,0,0,0.20861426607693362,-14.79,-70.72
2009-01-01,2.0,1.4440181618969508,0,0,0.19092388426755721,-14.79,-70.72
2009-01-02,4.0,1.1658813642513008,0,0,0.23760025371355353,-14.79,-70.72
2009-01-03,5.0,1.1340001748893878,0,0,0.24342363850178927,-14.79,-70.72
2009-01-04,2.0,1.3902642340077618,0,0,0.1993655767450476,-14.79,-70.72
2009-01-05,-2.0,1.3681913892720088,1,0,0.20291221187102912,-14.79,-70.72
2009-01-06,-2.5,1.2689977456508723,1,0,0.21942886977943354,-14.79,-70.72
2009-01-07,-3.0,0.9839798816857295,1,0,0.27210280231300915,-14.79,-70.72
2009-01-08,0.0,1.151621649814028,1,0,0.2401930067539625,-14.79,-70.72
2009-01-09,0.0,0.9175174222047167,1,0,0.2854640065691795,-14.79,-70.72
2009-01-10,3.0,0.9900354176760429,0,0,0.2709050820532817,-14.79,-70.72
2009-01-11,3.0,1.4062920495685756,0,0,0.1968195562944951,-14.79,-70.72
2009-01-12,2.0,1.2906498937577124,0,0,0.2157428298750063,-14.79,-70.72
2009-01-13,1.0,1.395350624987847,0,0,0.1985549337280891,-14.79,-70.72
2009-01-14,4.5,1.1811599479420378,0,0,0.23484369860935791,-14.79,-70.72
2009-01-15,3.5,1.4812699049976574,0,0,0.18523568426591766,-14.79,-70.72
2009-01-16,2.0,1.5378776884239853,0,0,0.17684400825336752,-14.79,-70.72
2009-01-17,2.0,1.3679579468122869,0,0,0.20294997120365363,-14.79,-70.72
2009-01-18,1.0,1.4649387968079397,0,0,0.18771311108408517,-14.79,-70.72
2009-01-19,2.5,1.657143417092299,0,0,0.1601458320045564,-14.79,-70.72
2009-01-20,-1.0,1.6949168540802386,1,0,0.15513031982579195,-14.79,-70.72
2009-01-21,4.5,1.3799830313005952,0,0,0.20101172501183326,-14.79,-70.72
2009-01-22,1.0,1.2684173004215564,0,0,0.21952830453672664,-14.79,-70.72
2009-01-23,4.0,1.2660157388551827,0,0,0.21994005474069325,-14.79,-70.72
2009-01-24,2.0,1.5081292924768404,0,0,0.18121619740001865,-14.79,-70.72
2009-01-25,-1.0,1.4636691689607426,1,0,0.1879067767612513,-14.79,-70.72
2009-01-26,2.0,0.9021969390007092,0,0,0.2885992350510918,-14.79,-70.72
2009-01-27,2.0,0.9669781521090615,0,0,0.2754832301566494,-14.79,-70.72
2009-01-28,1.0,0.9740063609562348,0,0,0.27408267012967985,-14.79,-70.72
2009-01-29,3.0,1.2406640941692268,0,0,0.224320411682998,-14.79,-70.72
2009-01-30,-1.0,1.1086100621951607,1,0,0.24813010673151242,-14.79,-70.72
2009-01-31,-3.5,1.6093601617044113,1,0,0.16667746565899455,-14.79,-70.72
2009-02-01,-4.0,1.89542620834112,1,0,0.13062701365307589,-14.79,-70.72
2009-02-02,3.0,1.6242648372965336,0,0,0.16461753651932773,-14.79,-70.72
2009-02-03,2.0,1.7976296725061465,0,0,0.14213984832435864,-14.79,-70.72
2009-02-04,-1.0,1.7236180514612478,1,0,0.15140572253976267,-14.79,-70.72
2009-02-05,2.0,1.8520022308158097,0,0,0.13563798352606574,-14.79,-70.72
2009-02-06,3.0,2.0081984461526963,0,0,0.11834482151422694,-14.79,-70.72
2009-02-07,1.0,1.859059643938492,0,0,0.13481269576083454,-14.79,-70.72
2009-02-08,3.0,2.094189309336463,0,0,0.10966287370821055,-14.79,-70.72
2009-02-09,5.0,2.230377443796871,0,0,0.0970555583749955,-14.79,-70.72
2009-02-10,4.0,1.7013738315914413,0,0,0.15428591994684532,-14.79,-70.72
2009-02-11,5.0,2.052398640478734,0,0,0.11381023628812227,-14.79,-70.72
2009-02-12,4.5,1.7273953418820867,0,0,0.15092104736798967,-14.79,-70.72
2009-02-13,2.5,1.8180284841185737,0,0,0.1396706074382487,-14.79,-70.72
2009-02-14,3.0,1.840927267745914,0,0,0.13694166315876016,-14.79,-70.72
2009-02-15,4.0,1.7120657586917902,0,0,0.1528959693071397,-14.79,-70.72
2009-02-16,-4.0,2.105619090460677,1,0,0.10855187377896988,-14.79,-70.72
2009-02-17,1.5,1.521720864992444,0,0,0.1792082530560576,-14.79,-70.72
2009-02-18,2.0,1.5589949195748565,0,0,0.17379091682592412,-14.79,-70.72
2009-02-19,5.0,1.5136631813221166,0,0,0.18039654425249366,-14.79,-70.72
2009-02-20,5.0,1.3408843599294435,0,0,0.20736466351106372,-14.79,-70.72
2009-02-21,4.5,1.2685819622223118,0,0,0.219500093406617,-14.79,-70.72
2009-02-22,0.0,1.2133379394284125,1,0,0.22911097397062896,-14.79,-70.72
2009-02-23,0.0,1.0797892186651943,1,0,0.25354590714550895,-14.79,-70.72
2009-02-24,4.0,0.9771017000430797,0,0,0.2734672481053943,-14.79,-70.72
2009-02-25,4.0,1.1795077868618433,0,0,0.23514070900962689,-14.79,-70.72
2009-02-26,3.5,1.0046193409844415,0,0,0.2680341737621786,-14.79,-70.72
2009-02-27,4.0,1.2996580103448787,0,0,0.21422257888264692,-14.79,-70.72
2009-02-28,4.0,1.3533653226227687,0,0,0.205320727317005,-14.79,-70.72
2009-03-01,3.5,0.9484314552676381,0,0,0.27920037837302086,-14.79,-70.72
2009-03-02,0.0,0.9978757590536134,1,0,0.26935927742582705,-14.79,-70.72
2009-03-03,4.0,0.8888547641993627,0,0,0.29134622042665603,-14.79,-70.72
2009-03-04,2.5,0.6010598817622839,0,0,0.35410124698150575,-14.79,-70.72
2009-03-05,5.0,0.5014026262412807,0,0,0.3772111030863905,-14.79,-70.72
2009-03-06,5.0,0.5338395694000022,0,0,0.3696218155214776,-14.79,-70.72
2009-03-07,2.5,0.5911958317752779,0,0,0.3563605220322812,-14.79,-70.72
2009-03-08,4.0,0.595307779938195,0,0,0.35541793199581045,-14.79,-70.72
2009-03-09,0.0,0.322198924353013,1,0,0.4201399468106327,-14.79,-70.72
2009-03-10,2.0,0.18562469962787187,0,0,0.45372661719934054,-14.79,-70.72
2009-03-11,-2.0,0.1199916371802372,1,0,0.4700380314323801,-14.79,-70.72
2009-03-12,0.0,-0.07069473558016304,1,1,0.517666326857162,-14.79,-70.72
2009-03-13,-3.0,-0.1437501546338309,1,1,0.5358757815090682,-14.79,-70.72
2009-03-14,3.0,-0.3270120160784713,0,1,0.5810321772152273,-14.79,-70.72
2009-03-15,2.5,-0.47392073113417243,0,1,0.6163113200612499,-14.79,-70.72
2009-03-16,-5.0,-0.35558537438363436,1,1,0.5879713591886331,-14.79,-70.72
2009-03-17,-5.0,-0.520552610492059,1,1,0.6272769760466089,-14.79,-70.72
2009-03-18,-2.5,-0.47516024195938256,1,1,0.6166043869758036,-14.79,-70.72
2009-03-19,0.0,-0.825325718828986,1,1,0.6953656714917024,-14.79,-70.72
2009-03-20,-1.0,-0.9691566097290689,1,1,0.7249513603058519,-14.79,-70.72
2009-03-21,4.0,-1.3428910775719087,0,1,0.7929649760639521,-14.79,-70.72
2009-03-22,3.0,-1.2387283978383725,0,1,0.7753425959507525,-14.79,-70.72
2009-03-23,3.0,-1.4640911153095328,0,1,0.8121576028528472,-14.79,-70.72
2009-03-24,2.0,-1.7383349867266644,0,1,0.8504754543334154,-14.79,-70.72
2009-03-25,2.0,-1.3822191829756392,0,1,0.7993471742860556,-14.79,-70.72
2009-03-26,3.0,-1.5059934325571813,0,1,0.8184666745487965,-14.79,-70.72
2009-03-27,-2.0,-1.996792837797399,1,1,0.880459935063022,-14.79,-70.72
2009-03-28,0.0,-2.0867686864106503,1,1,0.8896104980900035,-14.79,-70.72
2009-03-29,3.0,-2.3607863151011284,0,1,0.913787771314846,-14.79,-70.72
2009-03-30,-3.0,-2.7684650842718175,1,1,0.9409477565280046,-14.79,-70.72
2009-03-31,-2.5,-3.1143522245524826,1,1,0.9574808934136223,-14.79,-70.72
2009-04-01,-2.5,-2.904803845854307,1,1,0.9480833979166984,-14.79,-70.72
2009-04-02,-1.0,-3.01017528135618,1,1,0.9530317009375646,-14.79,-70.72
2009-04-03,-3.0,-3.1974638374079727,1,1,0.9607387252934008,-14.79,-70.72
2009-04-04,-3.5,-3.485621950814607,1,1,0.9702758899445924,-14.79,-70.72
2009-04-05,-3.5,-3.9378738415088206,1,1,0.9808829746227391,-14.79,-70.72
2009-04-06,-2.0,-3.7767435625414536,1,1,0.9776154097120952,-14.79,-70.72
2009-04-07,1.5,-4.449420502843416,0,1,0.9884496332950677,-14.79,-70.72
2009-04-08,1.0,-4.563880029604652,0,1,0.9896859439001046,-14.79,-70.72
2009-04-09,2.5,-4.697680719744934,0,1,0.9909659617912665,-14.79,-70.72
2009-04-10,1.0,-5.272072191297492,0,1,0.9948932496970686,-14.79,-70.72
2009-04-11,3.5,-5.2592866454256155,0,1,0.9948278777908449,-14.79,-70.72
2009-04-12,3.5,-4.967138936917655,0,1,0.9930851074187914,-14.79,-70.72
2009-04-13,2.5,-5.466121968127806,0,1,0.9957902021628153,-14.79,-70.72
2009-04-14,-2.0,-5.1548096240703565,1,1,0.9942615412264765,-14.79,-70.72
2009-04-15,0.0,-5.316158991263242,1,1,0.9951124227675676,-14.79,-70.72
2009-04-16,1.0,-5.416606514069995,0,1,0.9955774502038672,-14.79,-70.72
2009-04-17,-3.0,-5.444629945931846,1,1,0.9956991391647436,-14.79,-70.72
2009-04-18,-5.5,-5.912046946904855,1,1,0.9973006652667146,-14.79,-70.72
2009-04-19,-5.0,-6.093607043250696,1,1,0.9977478315057814,-14.79,-70.72
2009-04-20,-6.0,-6.224690659778599,1,1,0.9980239762064977,-14.79,-70.72
2009-04-21,3.0,-6.381002312208342,0,1,0.9983094380740425,-14.79,-70.72
2009-04-22,0.0,-6.574293859201349,1,1,0.998606154321953,-14.79,-70.72
2009-04-23,1.0,-6.231812688229814,0,1,0.9980379719936147,-14.79,-70.72
2009-04-24,-5.0,-6.817982475269303,1,1,0.9989072696462307,-14.79,-70.72
2009-04-25,-4.5,-6.87583032611788,1,1,0.9989686248122889,-14.79,-70.72
2009-04-26,-5.5,-7.117940940234537,1,1,0.9991902225051712,-14.79,-70.72
2009-04-27,-4.0,-7.604865076001573,1,1,0.9995022252908884,-14.79,-70.72
2009-04-28,-9.0,-7.773001034394319,1,1,0.9995792290330914,-14.79,-70.72
2009-04-29,-8.0,-7.809102704005259,1,1,0.9995941425806086,-14.79,-70.72
2009-04-30,-6.5,-7.922675493948855,1,1,0.9996376999636136,-14.79,-70.72
2009-05-01,-3.0,-8.277298326812026,1,1,0.999745841512146,-14.79,-70.72
2009-05-02,-1.5,-8.728105417164713,1,1,0.9998380572002553,-14.79,-70.72
2009-05-03,-5.0,-9.554148615484136,1,1,0.9999290985390927,-14.79,-70.72
2009-05-04,-6.0,-9.120931420884789,1,1,0.9998906591802951,-14.79,-70.72
2009-05-05,-7.0,-8.687778276768922,1,1,0.9998313941637129,-14.79,-70.72
2009-05-06,-6.5,-8.668758002314785,1,1,0.9998281570981719,-14.79,-70.72
2009-05-07,-7.0,-8.877416440392004,1,1,0.999860515341098,-14.79,-70.72
2009-05-08,-9.0,-9.314006431917761,1,1,0.9999098554964736,-14.79,-70.72
2009-05-09,-5.0,-8.693616045481596,1,1,0.9998323754136571,-14.79,-70.72
2009-05-10,-7.5,-8.721885280520302,1,1,0.9998370469192706,-14.79,-70.72
2009-05-11,-2.0,-8.485349893740828,1,1,0.9997935714775155,-14.79,-70.72
2009-05-12,-6.0,-8.6905673486364,1,1,0.9998318636833745,-14.79,-70.72
2009-05-13,-5.0,-8.97662153858673,1,1,0.9998736870322301,-14.79,-70.72
2009-05-14,-7.0,-9.004720282321959,1,1,0.9998771864373633,-14.79,-70.72
2009-05-15,-6.0,-8.692715275714708,1,1,0.9998322243798171,-14.79,-70.72
2009-05-16,-13.0,-8.715005391953717,1,1,0.9998359221394376,-14.79,-70.72
2009-05-17,-11.0,-9.34961973020755,1,1,0.999913009072375,-14.79,-70.72
2009-05-18,-9.0,-8.984896646135171,1,1,0.999874727842335,-14.79,-70.72
2009-05-19,-9.0,-9.703025679656044,1,1,0.999938905381717,-14.79,-70.72
2009-05-20,-6.0,-9.77583470487771,1,1,0.9999431953012503,-14.79,-70.72
2009-05-21,-4.5,-9.235861371740256,1,1,0.9999025293106474,-14.79,-70.72
2009-05-22,-4.0,-9.704690039109568,1,1,0.9999390069743538,-14.79,-70.72
2009-05-23,-5.0,-9.582016865219416,1,1,0.9999310470259049,-14.79,-70.72
2009-05-24,-6.0,-9.946923345505153,1,1,0.9999521275903791,-14.79,-70.72
2009-05-25,-8.0,-9.845850533495732,1,1,0.9999470362848463,-14.79,-70.72
2009-05-26,-8.0,-9.534210765588323,1,1,0.9999276708332562,-14.79,-70.72
2009-05-27,-5.0,-10.20218894174025,1,1,0.9999629123315388,-14.79,-70.72
2009-05-28,-5.0,-10.491942788845233,1,1,0.9999722415579959,-14.79,-70.72
2009-05-29,-2.0,-10.303428059466537,1,1,0.9999664831270876,-14.79,-70.72
2009-05-30,-9.0,-9.872482021253944,1,1,0.9999484280993312,-14.79,-70.72
2009-05-31,-12.0,-10.013471567504448,1,1,0.9999552095835039,-14.79,-70.72
2009-06-01,-13.0,-10.456508376196041,1,1,0.9999712403483146,-14.79,-70.72
2009-06-02,-14.0,-10.93831225474468,1,1,0.9999822358827303,-14.79,-70.72
2009-06-03,-16.0,-9.91196665205862,1,1,0.9999504246205073,-14.79,-70.72
2009-06-04,-16.5,-10.109825384905662,1,1,0.9999593237454468,-14.79,-70.72
2009-06-05,-15.0,-10.290488698289732,1,1,0.9999660466370273,-14.79,-70.72
2009-06-06,-12.0,-10.47588142210784,1,1,0.9999717921325227,-14.79,-70.72
2009-06-07,-12.0,-10.654421931710617,1,1,0.9999764042873002,-14.79,-70.72
2009-06-08,-12.0,-10.737754481218037,1,1,0.9999782908383488,-14.79,-70.72
2009-06-09,-14.0,-10.898214374568438,1,1,0.9999815091189871,-14.79,-70.72
2009-06-10,-14.0,-11.102587577580106,1,1,0.9999849269571415,-14.79,-70.72
2009-06-11,-15.0,-10.631127333370827,1,1,0.9999758481961113,-14.79,-70.72
2009-06-12,-10.0,-10.434427202567989,1,1,0.9999705982571493,-14.79,-70.72
2009-06-13,-11.5,-10.47537083857478,1,1,0.9999717777267793,-14.79,-70.72
2009-06-14,-8.0,-10.542408583555579,1,1,0.9999736076134139,-14.79,-70.72
2009-06-15,-14.0,-10.459363039750848,1,1,0.9999713223280217,-14.79,-70.72
2009-06-16,-15.0,-11.02967855419747,1,1,0.9999837869610719,-14.79,-70.72
2009-06-17,-13.5,-11.115384373037111,1,1,0.9999851186120178,-14.79,-70.72
2009-06-18,-14.0,-11.316038148002143,1,1,0.9999878240799615,-14.79,-70.72
2009-06-19,-11.5,-11.12950734876581,1,1,0.9999853273012899,-14.79,-70.72
2009-06-20,-10.0,-11.453102792729272,1,1,0.9999893836300071,-14.79,-70.72
2009-06-21,-11.0,-11.124398778836248,1,1,0.9999852521541038,-14.79,-70.72
2009-06-22,-11.0,-10.989882482405193,1,1,0.9999831287463842,-14.79,-70.72
2009-06-23,-10.0,-11.119141705382114,1,1,0.9999851744205979,-14.79,-70.72
2009-06-24,0.0,-11.280643170226579,1,1,0.9999873854012645,-14.79,-70.72
2009-06-25,-10.0,-10.992369991177027,1,1,0.9999831706609161,-14.79,-70.72
2009-06-26,-13.5,-11.034943083844162,1,1,0.9999838720894425,-14.79,-70.72
2009-06-27,-13.5,-10.540064985827724,1,1,0.9999735456893788,-14.79,-70.72
2009-06-28,-13.0,-11.672468406720673,1,1,0.9999914747391073,-14.79,-70.72
2009-06-29,-15.5,-12.281230810970948,1,1,0.999995362037706,-14.79,-70.72
2009-06-30,-14.5,-11.546754374680987,1,1,0.9999903327245593,-14.79,-70.72
2009-07-01,-11.0,-10.898115806896886,1,1,0.9999815072963278,-14.79,-70.72
2009-07-02,-12.0,-11.342754780703308,1,1,0.9999881450687264,-14.79,-70.72
2009-07-03,-11.0,-11.284826364848481,1,1,0.9999874380597061,-14.79,-70.72
2009-07-04,-12.5,-11.204778767912131,1,1,0.9999863911790585,-14.79,-70.72
2009-07-05,-13.0,-11.265226132841992,1,1,0.9999871894171504,-14.79,-70.72
2009-07-06,-14.0,-11.402245127476466,1,1,0.9999888297470292,-14.79,-70.72
2009-07-07,-10.0,-11.061640972179191,1,1,0.9999842969669338,-14.79,-70.72
2009-07-08,-11.5,-11.198887611329948,1,1,0.9999863107718477,-14.79,-70.72
2009-07-09,-11.0,-11.439984870267008,1,1,0.9999892434493575,-14.79,-70.72
2009-07-10,-8.0,-11.419212624704656,1,1,0.999989017677322,-14.79,-70.72
2009-07-11,-10.0,-11.194483074102521,1,1,0.9999862503449832,-14.79,-70.72
2009-07-12,-4.0,-11.012456652151212,1,1,0.9999835053281428,-14.79,-70.72
2009-07-13,-8.0,-10.880879448310637,1,1,0.9999811857926362,-14.79,-70.72
2009-07-14,-7.0,-11.241827659314467,1,1,0.9999868861387079,-14.79,-70.72
2009-07-15,-8.5,-10.654543062463723,1,1,0.9999764071452263,-14.79,-70.72
2009-07-16,-8.0,-10.151859804225534,1,1,0.99996099804586,-14.79,-70.72
2009-07-17,-8.5,-10.33067454452729,1,1,0.9999673839859302,-14.79,-70.72
2009-07-18,-11.0,-10.744998540545886,1,1,0.9999784475291903,-14.79,-70.72
2009-07-19,-10.0,-10.55291160841482,1,1,0.9999738833554691,-14.79,-70.72
2009-07-20,-2.0,-10.603361551114492,1,1,0.9999751682227231,-14.79,-70.72
2009-07-21,-7.0,-10.098320400764258,1,1,0.9999588530827475,-14.79,-70.72
2009-07-22,-17.5,-10.07512846197079,1,1,0.999957887694809,-14.79,-70.72
2009-07-23,-14.5,-9.363135671372639,1,1,0.9999141768263031,-14.79,-70.72
2009-07-24,-3.0,-9.29286649230835,1,1,0.9999079297390866,-14.79,-70.72
2009-07-25,-5.0,-9.477567340861855,1,1,0.9999234559287211,-14.79,-70.72
2009-07-26,-8.5,-9.865827749732382,1,1,0.9999480837994553,-14.79,-70.72
2009-07-27,-7.0,-9.490698651347577,1,1,0.9999244544067444,-14.79,-70.72
2009-07-28,-13.0,-9.719575592264892,1,1,0.9999399081111217,-14.79,-70.72
2009-07-29,-11.0,-8.881097275984061,1,1,0.9998610277462259,-14.79,-70.72
2009-07-30,-8.5,-8.624771831823667,1,1,0.9998204310707668,-14.79,-70.72
2009-07-31,-11.0,-8.253368206775304,1,1,0.9997396877153679,-14.79,-70.72
2009-08-01,-8.0,-8.160352366300403,1,1,0.9997143199521441,-14.79,-70.72
2009-08-02,-11.0,-8.547572360659053,1,1,0.999806022106683,-14.79,-70.72
2009-08-03,-9.0,-8.379032713374663,1,1,0.9997704207607452,-14.79,-70.72
2009-08-04,-8.5,-8.237671516049947,1,1,0.9997355705258227,-14.79,-70.72
2009-08-05,-9.0,-8.209079492805412,1,1,0.9997279029154651,-14.79,-70.72
2009-08-06,-9.5,-8.397635640873482,1,1,0.9997746511732293,-14.79,-70.72
2009-08-07,-5.5,-8.293129520595627,1,1,0.99974983246372,-14.79,-70.72
2009-08-08,-6.5,-7.646663485360774,1,1,0.9995225929164676,-14.79,-70.72
2009-08-09,-11.0,-7.515219475673511,1,1,0.9994555661212731,-14.79,-70.72
2009-08-10,-12.0,-7.5807270180346435,1,1,0.9994900699905838,-14.79,-70.72
2009-08-11,-5.0,-6.849715451527224,1,1,0.9989413646940881,-14.79,-70.72
2009-08-12,-6.0,-6.270061188864387,1,1,0.9981114605262841,-14.79,-70.72
2009-08-13,-5.5,-5.924375493508797,1,1,0.9973336516527962,-14.79,-70.72
2009-08-14,-7.0,-5.9815271238666785,1,1,0.9974813919946379,-14.79,-70.72
2009-08-15,-8.0,-5.918969580081768,1,1,0.9973192373188907,-14.79,-70.72
2009-08-16,-13.5,-6.369495371379983,1,1,0.9982899059829995,-14.79,-70.72
2009-08-17,-16.5,-5.725584935445204,1,1,0.9967491574609468,-14.79,-70.72
2009-08-18,-12.0,-6.177071586349685,1,1,0.9979278031063651,-14.79,-70.72
2009-08-19,-12.5,-6.141125130242767,1,1,0.9978521228943241,-14.79,-70.72
2009-08-20,-13.5,-5.55375934011387,1,1,0.9961420708544706,-14.79,-70.72
2009-08-21,-11.0,-4.9033610010197926,1,1,0.9926330772227242,-14.79,-70.72
2009-08-22,-12.5,-5.216759241390585,1,1,0.9946043891481148,-14.79,-70.72
2009-08-23,-14.0,-4.945748153084922,1,1,0.9929366551258814,-14.79,-70.72
2009-08-24,-12.0,-5.037495932552385,1,1,0.9935518689035439,-14.79,-70.72
2009-08-25,-7.5,-5.049588521410363,1,1,0.9936288801451949,-14.79,-70.72
2009-08-26,-5.0,-4.776584348454815,1,1,0.9916456572402018,-14.79,-70.72
2009-08-27,-7.5,-4.608148852502424,1,1,0.990128167064759,-14.79,-70.72
2009-08-28,-8.0,-5.122969328455888,1,1,0.994076986677426,-14.79,-70.72
2009-08-29,-5.5,-4.752108144540122,1,1,0.991440423502188,-14.79,-70.72
2009-08-30,-3.5,-5.308544444339236,1,1,0.9950752480094861,-14.79,-70.72
2009-08-31,-5.5,-5.202945829730882,1,1,0.9945297507430559,-14.79,-70.72
2009-09-01,-3.5,-4.795964778833746,1,1,0.99180469500237,-14.79,-70.72
2009-09-02,0.0,-4.809637909827006,1,1,0.9919150880929949,-14.79,-70.72
2009-09-03,0.0,-5.00152201052428,1,1,0.9933172598945907,-14.79,-70.72
2009-09-04,-8.0,-4.939099063138384,1,1,0.9928898688658301,-14.79,-70.72
2009-09-05,-13.5,-5.14127199201466,1,1,0.9941837827715738,-14.79,-70.72
2009-09-06,-13.0,-4.505030894391006,1,1,0.9890675899489676,-14.79,-70.72
2009-09-07,-12.5,-4.381206331187028,1,1,0.9876443148091614,-14.79,-70.72
2009-09-08,-14.0,-4.857436025472368,1,1,0.9922895318466662,-14.79,-70.72
2009-09-09,-8.0,-4.159458072853563,1,1,0.9846240920888439,-14.79,-70.72
2009-09-10,-2.0,-4.600354490571448,1,1,0.9900516902381852,-14.79,-70.72
2009-09-11,1.0,-5.01501347339674,0,1,0.9934062238636774,-14.79,-70.72
2009-09-12,0.0,-4.921097551387257,1,1,0.9927616516257312,-14.79,-70.72
2009-09-13,-3.0,-4.174961917006692,1,1,0.9848570573134018,-14.79,-70.72
2009-09-14,-2.0,-4.285229604827648,1,1,0.9864165903960551,-14.79,-70.72
2009-09-15,-0.5,-3.8298654738746283,1,1,0.9787488793916325,-14.79,-70.72
2009-09-16,-6.0,-4.249230416332155,1,1,0.9859256980400855,-14.79,-70.72
2009-09-17,5.0,-4.284023098546344,0,1,0.9864004150475552,-14.79,-70.72
2009-09-18,1.0,-3.60120230885661,0,1,0.9734341160001131,-14.79,-70.72
2009-09-19,2.0,-3.82912626310528,0,1,0.9787334987270272,-14.79,-70.72
2009-09-20,2.0,-3.269750635355327,0,1,0.963376374575012,-14.79,-70.72
2009-09-21,3.0,-2.9653019200846287,0,1,0.95098173721793,-14.79,-70.72
2009-09-22,-3.5,-2.9316471570811315,1,1,0.9493888789759704,-14.79,-70.72
2009-09-23,-9.0,-2.886774423726897,1,1,0.9471887636549349,-14.79,-70.72
2009-09-24,2.0,-3.5965540695422007,0,1,0.9733136469994796,-14.79,-70.72
2009-09-25,-2.0,-3.6339238292914082,1,1,0.9742673171643278,-14.79,-70.72
2009-09-26,1.5,-3.4592350097629274,0,1,0.9695053581355683,-14.79,-70.72
2009-09-27,0.0,-3.551421212722526,1,1,0.9721159761854026,-14.79,-70.72
2009-09-28,4.5,-3.039335501463988,0,1,0.9543198701718051,-14.79,-70.72
2009-09-29,3.0,-2.221365363504936,0,1,0.9021517879142898,-14.79,-70.72
2009-09-30,0.0,-2.423172934559998,1,1,0.9185773731776025,-14.79,-70.72
2009-10-01,5.0,-2.8427979082522867,0,1,0.9449452012842606,-14.79,-70.72
2009-10-02,-2.0,-2.265778155590628,1,1,0.9060028641810093,-14.79,-70.72
2009-10-03,-7.0,-2.296721927125183,1,1,0.9086051862805357,-14.79,-70.72
2009-10-04,-5.0,-2.7045849709815863,1,1,0.9372966510913922,-14.79,-70.72
2009-10-05,-5.0,-1.9314406797082697,1,1,0.8734087955957611,-14.79,-70.72
2009-10-06,-5.0,-2.0371904534950573,1,1,0.884646872461721,-14.79,-70.72
2009-10-07,-6.0,-2.311636637992099,1,1,0.9098362058096843,-14.79,-70.72
2009-10-08,-5.0,-1.8030162514075574,1,1,0.8585157049060257,-14.79,-70.72
2009-10-09,-4.0,-1.896150447094783,1,1,0.8694552115048518,-14.79,-70.72
2009-10-10,-5.0,-1.76184594121422,1,1,0.8534407005909357,-14.79,-70.72
2009-10-11,-4.0,-1.18460173048513,1,1,0.7657741981379683,-14.79,-70.72
2009-10-12,-2.0,-2.149508557743657,1,1,0.8956228445297401,-14.79,-70.72
2009-10-13,-2.0,-1.7331701725205662,1,1,0.8498174710533917,-14.79,-70.72
2009-10-14,-4.0,-1.9850170327223795,1,1,0.8792149654246301,-14.79,-70.72
2009-10-15,-1.5,-1.9850706211752718,1,1,0.8792206561888627,-14.79,-70.72
2009-10-16,-1.0,-2.008694637717877,1,1,0.8817069409750873,-14.79,-70.72
2009-10-17,2.5,-1.4606089285338855,0,1,0.8116257911505247,-14.79,-70.72
2009-10-18,-2.0,-1.5190022304126742,1,1,0.8203915069563796,-14.79,-70.72
2009-10-19,2.0,-2.0440833618893928,0,1,0.8853484088064109,-14.79,-70.72
2009-10-20,2.0,-1.8518976026482328,0,1,0.864349749366345,-14.79,-70.72
2009-10-21,-2.0,-1.794208248156933,1,1,0.8574424454651045,-14.79,-70.72
2009-10-22,-1.0,-1.906548078264532,1,1,0.8706308455001167,-14.79,-70.72
2009-10-23,3.0,-1.9982145030637593,0,1,0.8806094847557709,-14.79,-70.72
2009-10-24,1.5,-2.927340575067066,0,1,0.9491815483473893,-14.79,-70.72
2009-10-25,2.5,-2.223431870814542,0,1,0.9023340551175157,-14.79,-70.72
2009-10-26,4.0,-2.157822382000625,0,1,0.8963974897676548,-14.79,-70.72
2009-10-27,3.0,-1.9255358434958298,0,1,0.87275448142685,-14.79,-70.72
2009-10-28,-1.0,-1.5847996146119763,1,1,0.8298831868101396,-14.79,-70.72
2009-10-29,-2.5,-1.6375110749100346,1,1,0.8371959843899149,-14.79,-70.72
2009-10-30,-4.5,-1.7730055677982706,1,1,0.854831044697973,-14.79,-70.72
2009-10-31,-4.5,-1.612950807891257,1,1,0.833820664331388,-14.79,-70.72
2009-11-01,-4.0,-1.7971769218475866,1,1,0.8578049360755357,-14.79,-70.72
2009-11-02,-4.0,-1.783280988604862,1,1,0.85610152890813,-14.79,-70.72
2009-11-03,-2.0,-1.7592609427467507,1,1,0.8531170743337911,-14.79,-70.72
2009-11-04,-3.0,-1.7765019405125138,1,1,0.8552643887667567,-14.79,-70.72
2009-11-05,2.0,-1.4281851626052449,0,1,0.8066183855728757,-14.79,-70.72
2009-11-06,2.5,-1.6468643759369068,0,1,0.8384668114125297,-14.79,-70.72
2009-11-07,3.0,-1.5308489468256345,0,1,0.822130491312057,-14.79,-70.72
2009-11-08,-1.5,-0.8980866383592976,1,1,0.7105561475727643,-14.79,-70.72
2009-11-09,-1.5,-1.4084582653389943,1,1,0.8035226577163026,-14.79,-70.72
2009-11-10,1.0,-1.5195083557496178,0,1,0.8204660720685765,-14.79,-70.72
2009-11-11,2.0,-2.096064547005395,0,1,0.8905200847621308,-14.79,-70.72
2009-11-12,4.0,-1.456798549497003,0,1,0.8110425328518192,-14.79,-70.72
2009-11-13,4.5,-0.9944147233016345,0,1,0.7299590304434176,-14.79,-70.72
2009-11-14,5.0,-1.1616841259740358,0,1,0.7616385946150652,-14.79,-70.72
2009-11-15,4.0,-0.923655973402008,0,1,0.7157864494580773,-14.79,-70.72
2009-11-16,4.0,-0.6543284880967457,0,1,0.6579852135937347,-14.79,-70.72
2009-11-17,5.5,-0.5160747033289108,0,1,0.6262294435188167,-14.79,-70.72
2009-11-18,5.0,-0.7680003541360603,0,1,0.6830881715251116,-14.79,-70.72
2009-11-19,6.0,-1.3712960838607944,0,1,0.7975894747073394,-14.79,-70.72
2009-11-20,6.0,-1.1686092450956154,0,1,0.7628935382476342,-14.79,-70.72
2009-11-21,7.5,-0.6896522223689194,0,1,0.6658895574211776,-14.79,-70.72
2009-11-22,3.5,-0.8164785861463044,0,1,0.6934883308313036,-14.79,-70.72
2009-11-23,6.5,-1.0696175874559417,0,1,0.7445241847336174,-14.79,-70.72
2009-11-24,4.0,-1.2289197891592378,0,1,0.7736294561886379,-14.79,-70.72
2009-11-25,3.0,-1.04434412447663,0,1,0.7396873377053326,-14.79,-70.72
2009-11-26,1.0,-0.8908230062110531,0,1,0.7090599829540792,-14.79,-70.72
2009-11-27,3.0,-0.8980903109569232,0,1,0.7105569029010427,-14.79,-70.72
2009-11-28,5.0,-0.4777300781506999,0,1,0.617211722707475,-14.79,-70.72
2009-11-29,3.5,-0.7259346651157896,0,1,0.673912529633901,-14.79,-70.72
2009-11-30,3.5,-0.4240109278542601,0,1,0.6044426301820013,-14.79,-70.72
2009-12-01,5.0,-0.6674058177757467,0,1,0.660922035256598,-14.79,-70.72
2009-12-02,4.0,-0.4057199938278666,0,1,0.6000611710132355,-14.79,-70.72
2009-12-03,6.0,-0.48672120955029463,0,1,0.619333729501835,-14.79,-70.72
2009-12-04,-1.0,-0.16369191453838328,1,1,0.5408318450722875,-14.79,-70.72
2009-12-05,2.0,-0.08875932796574704,0,1,0.5221752754309312,-14.79,-70.72
2009-12-06,3.0,-0.1871487522355193,0,1,0.5466511059002647,-14.79,-70.72
2009-12-07,2.5,0.04978794456909652,0,0,0.48755558439386343,-14.79,-70.72
2009-12-08,1.0,0.37256880195946174,0,0,0.4079204545872776,-14.79,-70.72
2009-12-09,5.0,0.1837470538045496,0,0,0.45419204849346567,-14.79,-70.72
2009-12-10,4.0,0.3100111523195741,0,0,0.42311201671558474,-14.79,-70.72
2009-12-11,2.0,0.2816959907629384,0,0,0.43003803046674377,-14.79,-70.72
2009-12-12,-1.0,0.5145788731329981,1,0,0.3741207457193414,-14.79,-70.72
2009-12-13,3.0,0.7602626122163718,0,0,0.31858925297210827,-14.79,-70.72
2009-12-14,-2.0,0.6548452955292019,1,0,0.34189849321191035,-14.79,-70.72
2009-12-15,-3.0,0.6587225964254575,1,0,0.3410266208924424,-14.79,-70.72
2009-12-16,0.0,0.6511336487676198,1,0,0.34273411765825273,-14.79,-70.72
2009-12-17,0.0,0.3630950848632448,1,0,0.41021054019415043,-14.79,-70.72
2009-12-18,-1.0,0.757639397535864,1,0,0.31915899781969886,-14.79,-70.72
2009-12-19,2.5,0.859550154172454,0,0,0.2974333399083554,-14.79,-70.72
2009-12-20,4.0,0.8653566798006169,0,0,0.2962213980308523,-14.79,-70.72
2009-12-21,4.0,0.8252213679115226,0,0,0.30465643384902524,-14.79,-70.72
2009-12-22,2.5,1.151140601808069,0,0,0.24028080914381447,-14.79,-70.72
2009-12-23,4.0,0.8715744619467163,0,0,0.2949267948652099,-14.79,-70.72
2009-12-24,3.5,1.1846774096086836,0,0,0.23421222801901773,-14.79,-70.72
2009-12-25,5.0,1.170052748423089,0,0,0.23684544988006104,-14.79,-70.72
2009-12-26,2.5,0.9465937842392576,0,0,0.27957035513965556,-14.79,-70.72
2009-12-27,4.0,1.0453807228025491,0,0,0.26011311490490635,-14.79,-70.72
2009-12-28,3.5,0.9194324411466823,0,0,0.2850735524402913,-14.79,-70.72
2009-12-29,2.0,0.739638266192566,0,0,0.32308325004944843,-14.79,-70.72
2009-12-30,3.5,1.0592456416145657,0,0,0.25745363995482073,-14.79,-70.72
2009-12-31,4.0,1.3332985725503352,0,0,0.20861426607693362,-14.79,-70.72
2010-01-01,1.0,1.4440181618969508,0,0,0.19092388426755721,-14.79,-70.72
2010-01-02,2.0,1.1658813642513008,0,0,0.23760025371355353,-14.79,-70.72
2010-01-03,4.0,1.1340001748893878,0,0,0.24342363850178927,-14.79,-70.72
2010-01-04,2.5,1.3902642340077618,0,0,0.1993655767450476,-14.79,-70.72
2010-01-05,3.5,1.3681913892720088,0,0,0.20291221187102912,-14.79,-70.72
2010-01-06,4.5,1.2689977456508723,0,0,0.21942886977943354,-14.79,-70.72
2010-01-07,0.0,0.9839798816857295,1,0,0.27210280231300915,-14.79,-70.72
2010-01-08,4.0,1.151621649814028,0,0,0.2401930067539625,-14.79,-70.72
2010-01-09,4.5,0.9175174222047167,0,0,0.2854640065691795,-14.79,-70.72
2010-01-10,4.0,0.9900354176760429,0,0,0.2709050820532817,-14.79,-70.72
2010-01-11,5.5,1.4062920495685756,0,0,0.1968195562944951,-14.79,-70.72
2010-01-12,5.0,1.2906498937577124,0,0,0.2157428298750063,-14.79,-70.72
2010-01-13,2.0,1.395350624987847,0,0,0.1985549337280891,-14.79,-70.72
2010-01-14,2.0,1.1811599479420378,0,0,0.23484369860935791,-14.79,-70.72
2010-01-15,3.5,1.4812699049976574,0,0,0.18523568426591766,-14.79,-70.72
2010-01-16,5.5,1.5378776884239853,0,0,0.17684400825336752,-14.79,-70.72
2010-01-17,5.5,1.3679579468122869,0,0,0.20294997120365363,-14.79,-70.72
2010-01-18,6.0,1.4649387968079397,0,0,0.18771311108408517,-14.79,-70.72
2010-01-19,5.0,1.657143417092299,0,0,0.1601458320045564,-14.79,-70.72
2010-01-20,6.0,1.6949168540802386,0,0,0.15513031982579195,-14.79,-70.72
2010-01-21,6.5,1.3799830313005952,0,0,0.20101172501183326,-14.79,-70.72
2010-01-22,2.5,1.2684173004215564,0,0,0.21952830453672664,-14.79,-70.72
2010-01-23,0.0,1.2660157388551827,1,0,0.21994005474069325,-14.79,-70.72
2010-01-24,4.5,1.5081292924768404,0,0,0.18121619740001865,-14.79,-70.72
2010-01-25,0.0,1.4636691689607426,1,0,0.1879067767612513,-14.79,-70.72
2010-01-26,2.5,0.9021969390007092,0,0,0.2885992350510918,-14.79,-70.72
2010-01-27,4.5,0.9669781521090615,0,0,0.2754832301566494,-14.79,-70.72
2010-01-28,3.5,0.9740063609562348,0,0,0.27408267012967985,-14.79,-70.72
2010-01-29,3.0,1.2406640941692268,0,0,0.224320411682998,-14.79,-70.72
2010-01-30,0.0,1.1086100621951607,1,0,0.24813010673151242,-14.79,-70.72
2010-01-31,4.5,1.6093601617044113,0,0,0.16667746565899455,-14.79,-70.72
2010-02-01,7.0,1.89542620834112,0,0,0.13062701365307589,-14.79,-70.72
2010-02-02,5.5,1.6242648372965336,0,0,0.16461753651932773,-14.79,-70.72
2010-02-03,5.0,1.7976296725061465,0,0,0.14213984832435864,-14.79,-70.72
2010-02-04,4.5,1.7236180514612478,0,0,0.15140572253976267,-14.79,-70.72
2010-02-05,5.0,1.8520022308158097,0,0,0.13563798352606574,-14.79,-70.72
2010-02-06,4.0,2.0081984461526963,0,0,0.11834482151422694,-14.79,-70.72
2010-02-07,1.0,1.859059643938492,0,0,0.13481269576083454,-14.79,-70.72
2010-02-08,1.0,2.094189309336463,0,0,0.10966287370821055,-14.79,-70.72
2010-02-09,5.0,2.230377443796871,0,0,0.0970555583749955,-14.79,-70.72
2010-02-10,1.0,1.7013738315914413,0,0,0.15428591994684532,-14.79,-70.72
2010-02-11,4.5,2.052398640478734,0,0,0.11381023628812227,-14.79,-70.72
2010-02-12,3.0,1.7273953418820867,0,0,0.15092104736798967,-14.79,-70.72
2010-02-13,3.0,1.8180284841185737,0,0,0.1396706074382487,-14.79,-70.72
2010-02-14,3.0,1.840927267745914,0,0,0.13694166315876016,-14.79,-70.72
2010-02-15,1.5,1.7120657586917902,0,0,0.1528959693071397,-14.79,-70.72
2010-02-16,2.0,2.105619090460677,0,0,0.10855187377896988,-14.79,-70.72
2010-02-17,2.0,1.521720864992444,0,0,0.1792082530560576,-14.79,-70.72
2010-02-18,3.5,1.5589949195748565,0,0,0.17379091682592412,-14.79,-70.72
2010-02-19,3.0,1.5136631813221166,0,0,0.18039654425249366,-14.79,-70.72
2010-02-20,4.5,1.3408843599294435,0,0,0.20736466351106372,-14.79,-70.72
2010-02-21,3.5,1.2685819622223118,0,0,0.219500093406617,-14.79,-70.72
2010-02-22,4.0,1.2133379394284125,0,0,0.22911097397062896,-14.79,-70.72
2010-02-23,6.0,1.0797892186651943,0,0,0.25354590714550895,-14.79,-70.72
2010-02-24,3.0,0.9771017000430797,0,0,0.2734672481053943,-14.79,-70.72
2010-02-25,3.0,1.1795077868618433,0,0,0.23514070900962689,-14.79,-70.72
2010-02-26,5.5,1.0046193409844415,0,0,0.2680341737621786,-14.79,-70.72
2010-02-27,4.5,1.2996580103448787,0,0,0.21422257888264692,-14.79,-70.72
2010-02-28,4.5,1.3533653226227687,0,0,0.205320727317005,-14.79,-70.72
2010-03-01,5.0,0.9484314552676381,0,0,0.27920037837302086,-14.79,-70.72
2010-03-02,3.5,0.9978757590536134,0,0,0.26935927742582705,-14.79,-70.72
2010-03-03,4.5,0.8888547641993627,0,0,0.29134622042665603,-14.79,-70.72
2010-03-04,3.0,0.6010598817622839,0,0,0.35410124698150575,-14.79,-70.72
2010-03-05,5.5,0.5014026262412807,0,0,0.3772111030863905,-14.79,-70.72
2010-03-06,4.5,0.5338395694000022,0,0,0.3696218155214776,-14.79,-70.72
2010-03-07,-1.0,0.5911958317752779,1,0,0.3563605220322812,-14.79,-70.72
2010-03-08,-2.0,0.595307779938195,1,0,0.35541793199581045,-14.79,-70.72
2010-03-09,0.0,0.322198924353013,1,0,0.4201399468106327,-14.79,-70.72
2010-03-10,0.0,0.18562469962787187,1,0,0.45372661719934054,-14.79,-70.72
2010-03-11,2.0,0.1199916371802372,0,0,0.4700380314323801,-14.79,-70.72
2010-03-12,5.0,-0.07069473558016304,0,1,0.517666326857162,-14.79,-70.72
2010-03-13,5.0,-0.1437501546338309,0,1,0.5358757815090682,-14.79,-70.72
2010-03-14,2.0,-0.3270120160784713,0,1,0.5810321772152273,-14.79,-70.72
2010-03-15,-1.0,-0.47392073113417243,1,1,0.6163113200612499,-14.79,-70.72
2010-03-16,5.5,-0.35558537438363436,0,1,0.5879713591886331,-14.79,-70.72
2010-03-17,2.5,-0.520552610492059,0,1,0.6272769760466089,-14.79,-70.72
2010-03-18,3.0,-0.47516024195938256,0,1,0.6166043869758036,-14.79,-70.72
2010-03-19,0.0,-0.825325718828986,1,1,0.6953656714917024,-14.79,-70.72
2010-03-20,2.5,-0.9691566097290689,0,1,0.7249513603058519,-14.79,-70.72
2010-03-21,0.0,-1.3428910775719087,1,1,0.7929649760639521,-14.79,-70.72
2010-03-22,1.5,-1.2387283978383725,0,1,0.7753425959507525,-14.79,-70.72
2010-03-23,-2.5,-1.4640911153095328,1,1,0.8121576028528472,-14.79,-70.72
2010-03-24,1.0,-1.7383349867266644,0,1,0.8504754543334154,-14.79,-70.72
2010-03-25,2.0,-1.3822191829756392,0,1,0.7993471742860556,-14.79,-70.72
2010-03-26,2.0,-1.5059934325571813,0,1,0.8184666745487965,-14.79,-70.72
2010-03-27,4.0,-1.996792837797399,0,1,0.880459935063022,-14.79,-70.72
2010-03-28,1.5,-2.0867686864106503,0,1,0.8896104980900035,-14.79,-70.72
2010-03-29,5.0,-2.3607863151011284,0,1,0.913787771314846,-14.79,-70.72
2010-03-30,3.0,-2.7684650842718175,0,1,0.9409477565280046,-14.79,-70.72
2010-03-31,4.5,-3.1143522245524826,0,1,0.9574808934136223,-14.79,-70.72
2010-04-01,3.0,-2.904803845854307,0,1,0.9480833979166984,-14.79,-70.72
2010-04-02,-1.5,-3.01017528135618,1,1,0.9530317009375646,-14.79,-70.72
2010-04-03,-1.0,-3.1974638374079727,1,1,0.9607387252934008,-14.79,-70.72
2010-04-04,2.0,-3.485621950814607,0,1,0.9702758899445924,-14.79,-70.72
2010-04-05,1.0,-3.9378738415088206,0,1,0.9808829746227391,-14.79,-70.72
2010-04-06,5.0,-3.7767435625414536,0,1,0.9776154097120952,-14.79,-70.72
2010-04-07,3.0,-4.449420502843416,0,1,0.9884496332950677,-14.79,-70.72
2010-04-08,2.0,-4.563880029604652,0,1,0.9896859439001046,-14.79,-70.72
2010-04-09,2.0,-4.697680719744934,0,1,0.9909659617912665,-14.79,-70.72
2010-04-10,0.0,-5.272072191297492,1,1,0.9948932496970686,-14.79,-70.72
2010-04-11,1.0,-5.2592866454256155,0,1,0.9948278777908449,-14.79,-70.72
2010-04-12,-2.0,-4.967138936917655,1,1,0.9930851074187914,-14.79,-70.72
2010-04-13,-2.0,-5.466121968127806,1,1,0.9957902021628153,-14.79,-70.72
2010-04-14,-2.0,-5.1548096240703565,1,1,0.9942615412264765,-14.79,-70.72
2010-04-15,2.5,-5.316158991263242,0,1,0.9951124227675676,-14.79,-70.72
2010-04-16,0.5,-5.416606514069995,0,1,0.9955774502038672,-14.79,-70.72
2010-04-17,0.0,-5.444629945931846,1,1,0.9956991391647436,-14.79,-70.72
2010-04-18,-1.0,-5.912046946904855,1,1,0.9973006652667146,-14.79,-70.72
2010-04-19,5.5,-6.093607043250696,0,1,0.9977478315057814,-14.79,-70.72
2010-04-20,-1.0,-6.224690659778599,1,1,0.9980239762064977,-14.79,-70.72
2010-04-21,-2.0,-6.381002312208342,1,1,0.9983094380740425,-14.79,-70.72
2010-04-22,-2.0,-6.574293859201349,1,1,0.998606154321953,-14.79,-70.72
2010-04-23,3.5,-6.231812688229814,0,1,0.9980379719936147,-14.79,-70.72
2010-04-24,1.0,-6.817982475269303,0,1,0.9989072696462307,-14.79,-70.72
2010-04-25,-2.5,-6.87583032611788,1,1,0.9989686248122889,-14.79,-70.72
2010-04-26,-6.5,-7.117940940234537,1,1,0.9991902225051712,-14.79,-70.72
2010-04-27,-4.0,-7.604865076001573,1,1,0.9995022252908884,-14.79,-70.72
2010-04-28,-5.5,-7.773001034394319,1,1,0.9995792290330914,-14.79,-70.72
2010-04-29,-2.5,-7.809102704005259,1,1,0.9995941425806086,-14.79,-70.72
2010-04-30,3.0,-7.922675493948855,0,1,0.9996376999636136,-14.79,-70.72
2010-05-01,-4.0,-8.277298326812026,1,1,0.999745841512146,-14.79,-70.72
2010-05-02,-4.0,-8.728105417164713,1,1,0.9998380572002553,-14.79,-70.72
2010-05-03,-9.0,-9.554148615484136,1,1,0.9999290985390927,-14.79,-70.72
2010-05-04,-7.0,-9.120931420884789,1,1,0.9998906591802951,-14.79,-70.72
2010-05-05,-8.0,-8.687778276768922,1,1,0.9998313941637129,-14.79,-70.72
2010-05-06,-7.0,-8.668758002314785,1,1,0.9998281570981719,-14.79,-70.72
2010-05-07,-7.0,-8.877416440392004,1,1,0.999860515341098,-14.79,-70.72
2010-05-08,-5.0,-9.314006431917761,1,1,0.9999098554964736,-14.79,-70.72
2010-05-09,-6.0,-8.693616045481596,1,1,0.9998323754136571,-14.79,-70.72
2010-05-10,-7.0,-8.721885280520302,1,1,0.9998370469192706,-14.79,-70.72
2010-05-11,-10.0,-8.485349893740828,1,1,0.9997935714775155,-14.79,-70.72
2010-05-12,-10.0,-8.6905673486364,1,1,0.9998318636833745,-14.79,-70.72
2010-05-13,-8.0,-8.97662153858673,1,1,0.9998736870322301,-14.79,-70.72
2010-05-14,-9.0,-9.004720282321959,1,1,0.9998771864373633,-14.79,-70.72
2010-05-15,-9.0,-8.692715275714708,1,1,0.9998322243798171,-14.79,-70.72
2010-05-16,-6.5,-8.715005391953717,1,1,0.9998359221394376,-14.79,-70.72
2010-05-17,-6.0,-9.34961973020755,1,1,0.999913009072375,-14.79,-70.72
2010-05-18,-7.0,-8.984896646135171,1,1,0.999874727842335,-14.79,-70.72
2010-05-19,-4.5,-9.703025679656044,1,1,0.999938905381717,-14.79,-70.72
2010-05-20,-2.0,-9.77583470487771,1,1,0.9999431953012503,-14.79,-70.72
2010-05-21,2.0,-9.235861371740256,0,1,0.9999025293106474,-14.79,-70.72
2010-05-22,-2.5,-9.704690039109568,1,1,0.9999390069743538,-14.79,-70.72
2010-05-23,-8.0,-9.582016865219416,1,1,0.9999310470259049,-14.79,-70.72
2010-05-24,-6.0,-9.946923345505153,1,1,0.9999521275903791,-14.79,-70.72
2010-05-25,-4.0,-9.845850533495732,1,1,0.9999470362848463,-14.79,-70.72
2010-05-26,-1.0,-9.534210765588323,1,1,0.9999276708332562,-14.79,-70.72
2010-05-27,4.0,-10.20218894174025,0,1,0.9999629123315388,-14.79,-70.72
2010-05-28,3.0,-10.491942788845233,0,1,0.9999722415579959,-14.79,-70.72
2010-05-29,-2.0,-10.303428059466537,1,1,0.9999664831270876,-14.79,-70.72
2010-05-30,-3.0,-9.872482021253944,1,1,0.9999484280993312,-14.79,-70.72
2010-05-31,-4.0,-10.013471567504448,1,1,0.9999552095835039,-14.79,-70.72
2010-06-01,-5.0,-10.456508376196041,1,1,0.9999712403483146,-14.79,-70.72
2010-06-02,-7.0,-10.93831225474468,1,1,0.9999822358827303,-14.79,-70.72
2010-06-03,-6.5,-9.91196665205862,1,1,0.9999504246205073,-14.79,-70.72
2010-06-04,-5.5,-10.109825384905662,1,1,0.9999593237454468,-14.79,-70.72
2010-06-05,-3.5,-10.290488698289732,1,1,0.9999660466370273,-14.79,-70.72
2010-06-06,-5.0,-10.47588142210784,1,1,0.9999717921325227,-14.79,-70.72
2010-06-07,-7.0,-10.654421931710617,1,1,0.9999764042873002,-14.79,-70.72
2010-06-08,-6.0,-10.737754481218037,1,1,0.9999782908383488,-14.79,-70.72
2010-06-09,-8.0,-10.898214374568438,1,1,0.9999815091189871,-14.79,-70.72
2010-06-10,-7.0,-11.102587577580106,1,1,0.9999849269571415,-14.79,-70.72
2010-06-11,-9.0,-10.631127333370827,1,1,0.9999758481961113,-14.79,-70.72
2010-06-12,-10.0,-10.434427202567989,1,1,0.9999705982571493,-14.79,-70.72
2010-06-13,-11.0,-10.47537083857478,1,1,0.9999717777267793,-14.79,-70.72
2010-06-14,-10.0,-10.542408583555579,1,1,0.9999736076134139,-14.79,-70.72
2010-06-15,-10.0,-10.459363039750848,1,1,0.9999713223280217,-14.79,-70.72
2010-06-16,-6.0,-11.02967855419747,1,1,0.9999837869610719,-14.79,-70.72
2010-06-17,-9.5,-11.115384373037111,1,1,0.9999851186120178,-14.79,-70.72
2010-06-18,-5.0,-11.316038148002143,1,1,0.9999878240799615,-14.79,-70.72
2010-06-19,-5.0,-11.12950734876581,1,1,0.9999853273012899,-14.79,-70.72
2010-06-20,-5.0,-11.453102792729272,1,1,0.9999893836300071,-14.79,-70.72
2010-06-21,-6.0,-11.124398778836248,1,1,0.9999852521541038,-14.79,-70.72
2010-06-22,-9.0,-10.989882482405193,1,1,0.9999831287463842,-14.79,-70.72
2010-06-23,-9.0,-11.119141705382114,1,1,0.9999851744205979,-14.79,-70.72
2010-06-24,-9.5,-11.280643170226579,1,1,0.9999873854012645,-14.79,-70.72
2010-06-25,-10.0,-10.992369991177027,1,1,0.9999831706609161,-14.79,-70.72
2010-06-26,-10.0,-11.034943083844162,1,1,0.9999838720894425,-14.79,-70.72
2010-06-27,-10.0,-10.540064985827724,1,1,0.9999735456893788,-14.79,-70.72
2010-06-28,-8.0,-11.672468406720673,1,1,0.9999914747391073,-14.79,-70.72
2010-06-29,-10.0,-12.281230810970948,1,1,0.999995362037706,-14.79,-70.72
2010-06-30,-8.5,-11.546754374680987,1,1,0.9999903327245593,-14.79,-70.72
2010-07-01,-8.5,-10.898115806896886,1,1,0.9999815072963278,-14.79,-70.72
2010-07-02,-9.0,-11.342754780703308,1,1,0.9999881450687264,-14.79,-70.72
2010-07-03,-9.5,-11.284826364848481,1,1,0.9999874380597061,-14.79,-70.72
2010-07-04,-9.0,-11.204778767912131,1,1,0.9999863911790585,-14.79,-70.72
2010-07-05,-7.0,-11.265226132841992,1,1,0.9999871894171504,-14.79,-70.72
2010-07-06,-8.0,-11.402245127476466,1,1,0.9999888297470292,-14.79,-70.72
2010-07-07,-11.0,-11.061640972179191,1,1,0.9999842969669338,-14.79,-70.72
2010-07-08,-10.5,-11.198887611329948,1,1,0.9999863107718477,-14.79,-70.72
2010-07-09,-11.0,-11.439984870267008,1,1,0.9999892434493575,-14.79,-70.72
2010-07-10,-10.5,-11.419212624704656,1,1,0.999989017677322,-14.79,-70.72
2010-07-11,-14.5,-11.194483074102521,1,1,0.9999862503449832,-14.79,-70.72
2010-07-12,-17.5,-11.012456652151212,1,1,0.9999835053281428,-14.79,-70.72
2010-07-13,-9.5,-10.880879448310637,1,1,0.9999811857926362,-14.79,-70.72
2010-07-14,-15.0,-11.241827659314467,1,1,0.9999868861387079,-14.79,-70.72
2010-07-15,-11.0,-10.654543062463723,1,1,0.9999764071452263,-14.79,-70.72
2010-07-16,-11.5,-10.151859804225534,1,1,0.99996099804586,-14.79,-70.72
2010-07-17,2.0,-10.33067454452729,0,1,0.9999673839859302,-14.79,-70.72
2010-07-18,-9.0,-10.744998540545886,1,1,0.9999784475291903,-14.79,-70.72
2010-07-19,-8.5,-10.55291160841482,1,1,0.9999738833554691,-14.79,-70.72
2010-07-20,-14.5,-10.603361551114492,1,1,0.9999751682227231,-14.79,-70.72
2010-07-21,-13.5,-10.098320400764258,1,1,0.9999588530827475,-14.79,-70.72
2010-07-22,-15.5,-10.07512846197079,1,1,0.999957887694809,-14.79,-70.72
2010-07-23,-15.0,-9.363135671372639,1,1,0.9999141768263031,-14.79,-70.72
2010-07-24,-11.5,-9.29286649230835,1,1,0.9999079297390866,-14.79,-70.72
2010-07-25,-14.0,-9.477567340861855,1,1,0.9999234559287211,-14.79,-70.72
2010-07-26,-12.0,-9.865827749732382,1,1,0.9999480837994553,-14.79,-70.72
2010-07-27,-10.0,-9.490698651347577,1,1,0.9999244544067444,-14.79,-70.72
2010-07-28,-10.5,-9.719575592264892,1,1,0.9999399081111217,-14.79,-70.72
2010-07-29,-10.0,-8.881097275984061,1,1,0.9998610277462259,-14.79,-70.72
2010-07-30,-7.5,-8.624771831823667,1,1,0.9998204310707668,-14.79,-70.72
2010-07-31,-8.0,-8.253368206775304,1,1,0.9997396877153679,-14.79,-70.72
2010-08-01,-12.0,-8.160352366300403,1,1,0.9997143199521441,-14.79,-70.72
2010-08-02,-10.0,-8.547572360659053,1,1,0.999806022106683,-14.79,-70.72
2010-08-03,-8.0,-8.379032713374663,1,1,0.9997704207607452,-14.79,-70.72
2010-08-04,-10.0,-8.237671516049947,1,1,0.9997355705258227,-14.79,-70.72
2010-08-05,-9.0,-8.209079492805412,1,1,0.9997279029154651,-14.79,-70.72
2010-08-06,-13.5,-8.397635640873482,1,1,0.9997746511732293,-14.79,-70.72
2010-08-07,-9.5,-8.293129520595627,1,1,0.99974983246372,-14.79,-70.72
2010-08-08,-14.0,-7.646663485360774,1,1,0.9995225929164676,-14.79,-70.72
2010-08-09,-15.0,-7.515219475673511,1,1,0.9994555661212731,-14.79,-70.72
2010-08-10,13.0,-7.5807270180346435,0,1,0.9994900699905838,-14.79,-70.72
2010-08-11,-7.0,-6.849715451527224,1,1,0.9989413646940881,-14.79,-70.72
2010-08-12,-9.0,-6.270061188864387,1,1,0.9981114605262841,-14.79,-70.72
2010-08-13,-10.5,-5.924375493508797,1,1,0.9973336516527962,-14.79,-70.72
2010-08-14,-10.0,-5.9815271238666785,1,1,0.9974813919946379,-14.79,-70.72
2010-08-15,-10.0,-5.918969580081768,1,1,0.9973192373188907,-14.79,-70.72
2010-08-16,-8.5,-6.369495371379983,1,1,0.9982899059829995,-14.79,-70.72
2010-08-17,-11.5,-5.725584935445204,1,1,0.9967491574609468,-14.79,-70.72
2010-08-18,-12.5,-6.177071586349685,1,1,0.9979278031063651,-14.79,-70.72
2010-08-19,-12.0,-6.141125130242767,1,1,0.9978521228943241,-14.79,-70.72
2010-08-20,-13.0,-5.55375934011387,1,1,0.9961420708544706,-14.79,-70.72
2010-08-21,-10.5,-4.9033610010197926,1,1,0.9926330772227242,-14.79,-70.72
2010-08-22,-8.5,-5.216759241390585,1,1,0.9946043891481148,-14.79,-70.72
2010-08-23,-8.0,-4.945748153084922,1,1,0.9929366551258814,-14.79,-70.72
2010-08-24,-8.0,-5.037495932552385,1,1,0.9935518689035439,-14.79,-70.72
2010-08-25,-7.5,-5.049588521410363,1,1,0.9936288801451949,-14.79,-70.72
2010-08-26,-8.0,-4.776584348454815,1,1,0.9916456572402018,-14.79,-70.72
2010-08-27,-7.5,-4.608148852502424,1,1,0.990128167064759,-14.79,-70.72
2010-08-28,-7.5,-5.122969328455888,1,1,0.994076986677426,-14.79,-70.72
2010-08-29,-5.0,-4.752108144540122,1,1,0.991440423502188,-14.79,-70.72
2010-08-30,-1.0,-5.308544444339236,1,1,0.9950752480094861,-14.79,-70.72
2010-08-31,2.0,-5.202945829730882,0,1,0.9945297507430559,-14.79,-70.72
2010-09-01,-2.5,-4.795964778833746,1,1,0.99180469500237,-14.79,-70.72
2010-09-02,-1.0,-4.809637909827006,1,1,0.9919150880929949,-14.79,-70.72
2010-09-03,-2.0,-5.00152201052428,1,1,0.9933172598945907,-14.79,-70.72
2010-09-04,1.5,-4.939099063138384,0,1,0.9928898688658301,-14.79,-70.72
2010-09-05,-4.5,-5.14127199201466,1,1,0.9941837827715738,-14.79,-70.72
2010-09-06,-5.5,-4.505030894391006,1,1,0.9890675899489676,-14.79,-70.72
2010-09-07,-1.5,-4.381206331187028,1,1,0.9876443148091614,-14.79,-70.72
2010-09-08,-5.0,-4.857436025472368,1,1,0.9922895318466662,-14.79,-70.72
2010-09-09,-8.0,-4.159458072853563,1,1,0.9846240920888439,-14.79,-70.72
2010-09-10,-7.0,-4.600354490571448,1,1,0.9900516902381852,-14.79,-70.72
2010-09-11,-6.0,-5.01501347339674,1,1,0.9934062238636774,-14.79,-70.72
2010-09-12,-2.5,-4.921097551387257,1,1,0.9927616516257312,-14.79,-70.72
2010-09-13,-7.0,-4.174961917006692,1,1,0.9848570573134018,-14.79,-70.72
2010-09-14,-11.0,-4.285229604827648,1,1,0.9864165903960551,-14.79,-70.72
2010-09-15,-6.0,-3.8298654738746283,1,1,0.9787488793916325,-14.79,-70.72
2010-09-16,-10.0,-4.249230416332155,1,1,0.9859256980400855,-14.79,-70.72
2010-09-17,-11.5,-4.284023098546344,1,1,0.9864004150475552,-14.79,-70.72
2010-09-18,-8.5,-3.60120230885661,1,1,0.9734341160001131,-14.79,-70.72
2010-09-19,-10.5,-3.82912626310528,1,1,0.9787334987270272,-14.79,-70.72
2010-09-20,-8.0,-3.269750635355327,1,1,0.963376374575012,-14.79,-70.72
2010-09-21,-2.0,-2.9653019200846287,1,1,0.95098173721793,-14.79,-70.72
2010-09-22,-1.5,-2.9316471570811315,1,1,0.9493888789759704,-14.79,-70.72
2010-09-23,-4.0,-2.886774423726897,1,1,0.9471887636549349,-14.79,-70.72
2010-09-24,-1.0,-3.5965540695422007,1,1,0.9733136469994796,-14.79,-70.72
2010-09-25,-2.0,-3.6339238292914082,1,1,0.9742673171643278,-14.79,-70.72
2010-09-26,-4.0,-3.4592350097629274,1,1,0.9695053581355683,-14.79,-70.72
2010-09-27,-6.0,-3.551421212722526,1,1,0.9721159761854026,-14.79,-70.72
2010-09-28,-10.0,-3.039335501463988,1,1,0.9543198701718051,-14.79,-70.72
2010-09-29,-8.5,-2.221365363504936,1,1,0.9021517879142898,-14.79,-70.72
2010-09-30,-4.0,-2.423172934559998,1,1,0.9185773731776025,-14.79,-70.72
2010-10-01,-1.0,-2.8427979082522867,1,1,0.9449452012842606,-14.79,-70.72
2010-10-02,1.0,-2.265778155590628,0,1,0.9060028641810093,-14.79,-70.72
2010-10-03,1.0,-2.296721927125183,0,1,0.9086051862805357,-14.79,-70.72
2010-10-04,-13.0,-2.7045849709815863,1,1,0.9372966510913922,-14.79,-70.72
2010-10-05,-6.5,-1.9314406797082697,1,1,0.8734087955957611,-14.79,-70.72
2010-10-06,-2.5,-2.0371904534950573,1,1,0.884646872461721,-14.79,-70.72
2010-10-07,-5.0,-2.311636637992099,1,1,0.9098362058096843,-14.79,-70.72
2010-10-08,-0.5,-1.8030162514075574,1,1,0.8585157049060257,-14.79,-70.72
2010-10-09,2.0,-1.896150447094783,0,1,0.8694552115048518,-14.79,-70.72
2010-10-10,0.0,-1.76184594121422,1,1,0.8534407005909357,-14.79,-70.72
2010-10-11,5.0,-1.18460173048513,0,1,0.7657741981379683,-14.79,-70.72
2010-10-12,3.0,-2.149508557743657,0,1,0.8956228445297401,-14.79,-70.72
2010-10-13,-3.0,-1.7331701725205662,1,1,0.8498174710533917,-14.79,-70.72
2010-10-14,-4.0,-1.9850170327223795,1,1,0.8792149654246301,-14.79,-70.72
2010-10-15,-4.0,-1.9850706211752718,1,1,0.8792206561888627,-14.79,-70.72
2010-10-16,0.0,-2.008694637717877,1,1,0.8817069409750873,-14.79,-70.72
2010-10-17,1.0,-1.4606089285338855,0,1,0.8116257911505247,-14.79,-70.72
2010-10-18,0.5,-1.5190022304126742,0,1,0.8203915069563796,-14.79,-70.72
2010-10-19,-2.0,-2.0440833618893928,1,1,0.8853484088064109,-14.79,-70.72
2010-10-20,0.0,-1.8518976026482328,1,1,0.864349749366345,-14.79,-70.72
2010-10-21,2.0,-1.794208248156933,0,1,0.8574424454651045,-14.79,-70.72
2010-10-22,-1.0,-1.906548078264532,1,1,0.8706308455001167,-14.79,-70.72
2010-10-23,-5.0,-1.9982145030637593,1,1,0.8806094847557709,-14.79,-70.72
2010-10-24,1.0,-2.927340575067066,0,1,0.9491815483473893,-14.79,-70.72
2010-10-25,-5.5,-2.223431870814542,1,1,0.9023340551175157,-14.79,-70.72
2010-10-26,-3.5,-2.157822382000625,1,1,0.8963974897676548,-14.79,-70.72
2010-10-27,0.0,-1.9255358434958298,1,1,0.87275448142685,-14.79,-70.72
2010-10-28,1.5,-1.5847996146119763,0,1,0.8298831868101396,-14.79,-70.72
2010-10-29,0.5,-1.6375110749100346,0,1,0.8371959843899149,-14.79,-70.72
2010-10-30,1.5,-1.7730055677982706,0,1,0.854831044697973,-14.79,-70.72
2010-10-31,2.0,-1.612950807891257,0,1,0.833820664331388,-14.79,-70.72
2010-11-01,2.0,-1.7971769218475866,0,1,0.8578049360755357,-14.79,-70.72
2010-11-02,-1.5,-1.783280988604862,1,1,0.85610152890813,-14.79,-70.72
2010-11-03,-2.0,-1.7592609427467507,1,1,0.8531170743337911,-14.79,-70.72
2010-11-04,-3.0,-1.7765019405125138,1,1,0.8552643887667567,-14.79,-70.72
2010-11-05,-9.0,-1.4281851626052449,1,1,0.8066183855728757,-14.79,-70.72
2010-11-06,-5.0,-1.6468643759369068,1,1,0.8384668114125297,-14.79,-70.72
2010-11-07,-4.0,-1.5308489468256345,1,1,0.822130491312057,-14.79,-70.72
2010-11-08,-1.0,-0.8980866383592976,1,1,0.7105561475727643,-14.79,-70.72
2010-11-09,-3.5,-1.4084582653389943,1,1,0.8035226577163026,-14.79,-70.72
2010-11-10,-0.5,-1.5195083557496178,1,1,0.8204660720685765,-14.79,-70.72
2010-11-11,2.0,-2.096064547005395,0,1,0.8905200847621308,-14.79,-70.72
2010-11-12,3.0,-1.456798549497003,0,1,0.8110425328518192,-14.79,-70.72
2010-11-13,2.5,-0.9944147233016345,0,1,0.7299590304434176,-14.79,-70.72
2010-11-14,0.0,-1.1616841259740358,1,1,0.7616385946150652,-14.79,-70.72
2010-11-15,-1.5,-0.923655973402008,1,1,0.7157864494580773,-14.79,-70.72
2010-11-16,-3.0,-0.6543284880967457,1,1,0.6579852135937347,-14.79,-70.72
2010-11-17,-7.0,-0.5160747033289108,1,1,0.6262294435188167,-14.79,-70.72
2010-11-18,-4.0,-0.7680003541360603,1,1,0.6830881715251116,-14.79,-70.72
2010-11-19,-3.0,-1.3712960838607944,1,1,0.7975894747073394,-14.79,-70.72
2010-11-20,-0.5,-1.1686092450956154,1,1,0.7628935382476342,-14.79,-70.72
2010-11-21,0.0,-0.6896522223689194,1,1,0.6658895574211776,-14.79,-70.72
2010-11-22,2.5,-0.8164785861463044,0,1,0.6934883308313036,-14.79,-70.72
2010-11-23,-0.5,-1.0696175874559417,1,1,0.7445241847336174,-14.79,-70.72
2010-11-24,0.0,-1.2289197891592378,1,1,0.7736294561886379,-14.79,-70.72
2010-11-25,2.0,-1.04434412447663,0,1,0.7396873377053326,-14.79,-70.72
2010-11-26,-0.5,-0.8908230062110531,1,1,0.7090599829540792,-14.79,-70.72
2010-11-27,4.0,-0.8980903109569232,0,1,0.7105569029010427,-14.79,-70.72
2010-11-28,3.5,-0.4777300781506999,0,1,0.617211722707475,-14.79,-70.72
2010-11-29,0.0,-0.7259346651157896,1,1,0.673912529633901,-14.79,-70.72
2010-11-30,1.0,-0.4240109278542601,0,1,0.6044426301820013,-14.79,-70.72
2010-12-01,-2.0,-0.6674058177757467,1,1,0.660922035256598,-14.79,-70.72
2010-12-02,0.0,-0.4057199938278666,1,1,0.6000611710132355,-14.79,-70.72
2010-12-03,-2.5,-0.48672120955029463,1,1,0.619333729501835,-14.79,-70.72
2010-12-04,-1.0,-0.16369191453838328,1,1,0.5408318450722875,-14.79,-70.72
2010-12-05,4.0,-0.08875932796574704,0,1,0.5221752754309312,-14.79,-70.72
2010-12-06,1.5,-0.1871487522355193,0,1,0.5466511059002647,-14.79,-70.72
2010-12-07,4.0,0.04978794456909652,0,0,0.48755558439386343,-14.79,-70.72
2010-12-08,2.5,0.37256880195946174,0,0,0.4079204545872776,-14.79,-70.72
2010-12-09,5.0,0.1837470538045496,0,0,0.45419204849346567,-14.79,-70.72
2010-12-10,3.5,0.3100111523195741,0,0,0.42311201671558474,-14.79,-70.72
2010-12-11,6.0,0.2816959907629384,0,0,0.43003803046674377,-14.79,-70.72
2010-12-12,5.0,0.5145788731329981,0,0,0.3741207457193414,-14.79,-70.72
2010-12-13,4.0,0.7602626122163718,0,0,0.31858925297210827,-14.79,-70.72
2010-12-14,-1.0,0.6548452955292019,1,0,0.34189849321191035,-14.79,-70.72
2010-12-15,-1.0,0.6587225964254575,1,0,0.3410266208924424,-14.79,-70.72
2010-12-16,0.0,0.6511336487676198,1,0,0.34273411765825273,-14.79,-70.72
2010-12-17,0.0,0.3630950848632448,1,0,0.41021054019415043,-14.79,-70.72
2010-12-18,0.0,0.757639397535864,1,0,0.31915899781969886,-14.79,-70.72
2010-12-19,-0.5,0.859550154172454,1,0,0.2974333399083554,-14.79,-70.72
2010-12-20,5.0,0.8653566798006169,0,0,0.2962213980308523,-14.79,-70.72
2010-12-21,5.0,0.8252213679115226,0,0,0.30465643384902524,-14.79,-70.72
2010-12-22,3.0,1.151140601808069,0,0,0.24028080914381447,-14.79,-70.72
2010-12-23,4.0,0.8715744619467163,0,0,0.2949267948652099,-14.79,-70.72
2010-12-24,5.0,1.1846774096086836,0,0,0.23421222801901773,-14.79,-70.72
2010-12-25,5.0,1.170052748423089,0,0,0.23684544988006104,-14.79,-70.72
2010-12-26,2.0,0.9465937842392576,0,0,0.27957035513965556,-14.79,-70.72
2010-12-27,5.0,1.0453807228025491,0,0,0.26011311490490635,-14.79,-70.72
2010-12-28,4.5,0.9194324411466823,0,0,0.2850735524402913,-14.79,-70.72
2010-12-29,4.0,0.739638266192566,0,0,0.32308325004944843,-14.79,-70.72
2010-12-30,4.5,1.0592456416145657,0,0,0.25745363995482073,-14.79,-70.72
2010-12-31,3.5,1.3332985725503352,0,0,0.20861426607693362,-14.79,-70.72
2011-01-01,2.5,1.4440181618969508,0,0,0.19092388426755721,-14.79,-70.72
2011-01-02,3.5,1.1658813642513008,0,0,0.23760025371355353,-14.79,-70.72
2011-01-03,2.0,1.1340001748893878,0,0,0.24342363850178927,-14.79,-70.72
2011-01-04,2.5,1.3902642340077618,0,0,0.1993655767450476,-14.79,-70.72
2011-01-05,0.0,1.3681913892720088,1,0,0.20291221187102912,-14.79,-70.72
2011-01-06,1.5,1.2689977456508723,0,0,0.21942886977943354,-14.79,-70.72
2011-01-07,1.0,0.9839798816857295,0,0,0.27210280231300915,-14.79,-70.72
2011-01-08,3.5,1.151621649814028,0,0,0.2401930067539625,-14.79,-70.72
2011-01-09,1.5,0.9175174222047167,0,0,0.2854640065691795,-14.79,-70.72
2011-01-10,3.5,0.9900354176760429,0,0,0.2709050820532817,-14.79,-70.72
2011-01-11,3.0,1.4062920495685756,0,0,0.1968195562944951,-14.79,-70.72
2011-01-12,4.0,1.2906498937577124,0,0,0.2157428298750063,-14.79,-70.72
2011-01-13,5.5,1.395350624987847,0,0,0.1985549337280891,-14.79,-70.72
2011-01-14,1.5,1.1811599479420378,0,0,0.23484369860935791,-14.79,-70.72
2011-01-15,1.0,1.4812699049976574,0,0,0.18523568426591766,-14.79,-70.72
2011-01-16,1.5,1.5378776884239853,0,0,0.17684400825336752,-14.79,-70.72
2011-01-17,-1.0,1.3679579468122869,1,0,0.20294997120365363,-14.79,-70.72
2011-01-18,1.0,1.4649387968079397,0,0,0.18771311108408517,-14.79,-70.72
2011-01-19,2.5,1.657143417092299,0,0,0.1601458320045564,-14.79,-70.72
2011-01-20,2.0,1.6949168540802386,0,0,0.15513031982579195,-14.79,-70.72
2011-01-21,4.5,1.3799830313005952,0,0,0.20101172501183326,-14.79,-70.72
2011-01-22,5.0,1.2684173004215564,0,0,0.21952830453672664,-14.79,-70.72
2011-01-23,4.0,1.2660157388551827,0,0,0.21994005474069325,-14.79,-70.72
2011-01-24,4.5,1.5081292924768404,0,0,0.18121619740001865,-14.79,-70.72
2011-01-25,3.5,1.4636691689607426,0,0,0.1879067767612513,-14.79,-70.72
2011-01-26,2.5,0.9021969390007092,0,0,0.2885992350510918,-14.79,-70.72
2011-01-27,2.0,0.9669781521090615,0,0,0.2754832301566494,-14.79,-70.72
2011-01-28,-1.0,0.9740063609562348,1,0,0.27408267012967985,-14.79,-70.72
2011-01-29,3.0,1.2406640941692268,0,0,0.224320411682998,-14.79,-70.72
2011-01-30,4.0,1.1086100621951607,0,0,0.24813010673151242,-14.79,-70.72
2011-01-31,2.0,1.6093601617044113,0,0,0.16667746565899455,-14.79,-70.72
2011-02-01,3.5,1.89542620834112,0,0,0.13062701365307589,-14.79,-70.72
2011-02-02,4.0,1.6242648372965336,0,0,0.16461753651932773,-14.79,-70.72
2011-02-03,4.5,1.7976296725061465,0,0,0.14213984832435864,-14.79,-70.72
2011-02-04,5.0,1.7236180514612478,0,0,0.15140572253976267,-14.79,-70.72
2011-02-05,4.0,1.8520022308158097,0,0,0.13563798352606574,-14.79,-70.72
2011-02-06,5.5,2.0081984461526963,0,0,0.11834482151422694,-14.79,-70.72
2011-02-07,4.5,1.859059643938492,0,0,0.13481269576083454,-14.79,-70.72
2011-02-08,4.5,2.094189309336463,0,0,0.10966287370821055,-14.79,-70.72
2011-02-09,4.0,2.230377443796871,0,0,0.0970555583749955,-14.79,-70.72
2011-02-10,4.0,1.7013738315914413,0,0,0.15428591994684532,-14.79,-70.72
2011-02-11,2.0,2.052398640478734,0,0,0.11381023628812227,-14.79,-70.72
2011-02-12,5.0,1.7273953418820867,0,0,0.15092104736798967,-14.79,-70.72
2011-02-13,3.5,1.8180284841185737,0,0,0.1396706074382487,-14.79,-70.72
2011-02-14,3.0,1.840927267745914,0,0,0.13694166315876016,-14.79,-70.72
2011-02-15,3.0,1.7120657586917902,0,0,0.1528959693071397,-14.79,-70.72
2011-02-16,3.5,2.105619090460677,0,0,0.10855187377896988,-14.79,-70.72
2011-02-17,5.5,1.521720864992444,0,0,0.1792082530560576,-14.79,-70.72
2011-02-18,4.0,1.5589949195748565,0,0,0.17379091682592412,-14.79,-70.72
2011-02-19,5.0,1.5136631813221166,0,0,0.18039654425249366,-14.79,-70.72
2011-02-20,5.0,1.3408843599294435,0,0,0.20736466351106372,-14.79,-70.72
2011-02-21,4.0,1.2685819622223118,0,0,0.219500093406617,-14.79,-70.72
2011-02-22,2.5,1.2133379394284125,0,0,0.22911097397062896,-14.79,-70.72
2011-02-23,4.0,1.0797892186651943,0,0,0.25354590714550895,-14.79,-70.72
2011-02-24,2.0,0.9771017000430797,0,0,0.2734672481053943,-14.79,-70.72
2011-02-25,3.0,1.1795077868618433,0,0,0.23514070900962689,-14.79,-70.72
2011-02-26,3.5,1.0046193409844415,0,0,0.2680341737621786,-14.79,-70.72
2011-02-27,5.0,1.2996580103448787,0,0,0.21422257888264692,-14.79,-70.72
2011-02-28,3.5,1.3533653226227687,0,0,0.205320727317005,-14.79,-70.72
2011-03-01,5.0,0.9484314552676381,0,0,0.27920037837302086,-14.79,-70.72
2011-03-02,5.0,0.9978757590536134,0,0,0.26935927742582705,-14.79,-70.72
2011-03-03,4.5,0.8888547641993627,0,0,0.29134622042665603,-14.79,-70.72
2011-03-04,4.0,0.6010598817622839,0,0,0.35410124698150575,-14.79,-70.72
2011-03-05,3.0,0.5014026262412807,0,0,0.3772111030863905,-14.79,-70.72
2011-03-06,3.5,0.5338395694000022,0,0,0.3696218155214776,-14.79,-70.72
2011-03-07,3.5,0.5911958317752779,0,0,0.3563605220322812,-14.79,-70.72
2011-03-08,5.5,0.595307779938195,0,0,0.35541793199581045,-14.79,-70.72
2011-03-09,5.0,0.322198924353013,0,0,0.4201399468106327,-14.79,-70.72
2011-03-10,4.5,0.18562469962787187,0,0,0.45372661719934054,-14.79,-70.72
2011-03-11,4.5,0.1199916371802372,0,0,0.4700380314323801,-14.79,-70.72
2011-03-12,1.0,-0.07069473558016304,0,1,0.517666326857162,-14.79,-70.72
2011-03-13,4.0,-0.1437501546338309,0,1,0.5358757815090682,-14.79,-70.72
2011-03-14,3.0,-0.3270120160784713,0,1,0.5810321772152273,-14.79,-70.72
2011-03-15,2.5,-0.47392073113417243,0,1,0.6163113200612499,-14.79,-70.72
2011-03-16,5.0,-0.35558537438363436,0,1,0.5879713591886331,-14.79,-70.72
2011-03-17,3.0,-0.520552610492059,0,1,0.6272769760466089,-14.79,-70.72
2011-03-18,2.5,-0.47516024195938256,0,1,0.6166043869758036,-14.79,-70.72
2011-03-19,3.5,-0.825325718828986,0,1,0.6953656714917024,-14.79,-70.72
2011-03-20,5.0,-0.9691566097290689,0,1,0.7249513603058519,-14.79,-70.72
2011-03-21,4.5,-1.3428910775719087,0,1,0.7929649760639521,-14.79,-70.72
2011-03-22,5.5,-1.2387283978383725,0,1,0.7753425959507525,-14.79,-70.72
2011-03-23,3.0,-1.4640911153095328,0,1,0.8121576028528472,-14.79,-70.72
2011-03-24,4.0,-1.7383349867266644,0,1,0.8504754543334154,-14.79,-70.72
2011-03-25,4.0,-1.3822191829756392,0,1,0.7993471742860556,-14.79,-70.72
2011-03-26,2.0,-1.5059934325571813,0,1,0.8184666745487965,-14.79,-70.72
2011-03-27,2.5,-1.996792837797399,0,1,0.880459935063022,-14.79,-70.72
2011-03-28,4.0,-2.0867686864106503,0,1,0.8896104980900035,-14.79,-70.72
2011-03-29,4.0,-2.3607863151011284,0,1,0.913787771314846,-14.79,-70.72
2011-03-30,2.5,-2.7684650842718175,0,1,0.9409477565280046,-14.79,-70.72
2011-03-31,4.0,-3.1143522245524826,0,1,0.9574808934136223,-14.79,-70.72
2011-04-01,4.0,-2.904803845854307,0,1,0.9480833979166984,-14.79,-70.72
2011-04-02,4.5,-3.01017528135618,0,1,0.9530317009375646,-14.79,-70.72
2011-04-03,2.0,-3.1974638374079727,0,1,0.9607387252934008,-14.79,-70.72
2011-04-04,0.0,-3.485621950814607,1,1,0.9702758899445924,-14.79,-70.72
2011-04-05,0.5,-3.9378738415088206,0,1,0.9808829746227391,-14.79,-70.72
2011-04-06,4.0,-3.7767435625414536,0,1,0.9776154097120952,-14.79,-70.72
2011-04-07,3.0,-4.449420502843416,0,1,0.9884496332950677,-14.79,-70.72
2011-04-08,4.5,-4.563880029604652,0,1,0.9896859439001046,-14.79,-70.72
2011-04-09,5.0,-4.697680719744934,0,1,0.9909659617912665,-14.79,-70.72
2011-04-10,2.0,-5.272072191297492,0,1,0.9948932496970686,-14.79,-70.72
2011-04-11,2.5,-5.2592866454256155,0,1,0.9948278777908449,-14.79,-70.72
2011-04-12,-1.0,-4.967138936917655,1,1,0.9930851074187914,-14.79,-70.72
2011-04-13,-1.0,-5.466121968127806,1,1,0.9957902021628153,-14.79,-70.72
2011-04-14,0.0,-5.1548096240703565,1,1,0.9942615412264765,-14.79,-70.72
2011-04-15,1.0,-5.316158991263242,0,1,0.9951124227675676,-14.79,-70.72
2011-04-16,1.5,-5.416606514069995,0,1,0.9955774502038672,-14.79,-70.72
2011-04-17,2.0,-5.444629945931846,0,1,0.9956991391647436,-14.79,-70.72
2011-04-18,2.0,-5.912046946904855,0,1,0.9973006652667146,-14.79,-70.72
2011-04-19,2.0,-6.093607043250696,0,1,0.9977478315057814,-14.79,-70.72
2011-04-20,0.0,-6.224690659778599,1,1,0.9980239762064977,-14.79,-70.72
2011-04-21,-1.0,-6.381002312208342,1,1,0.9983094380740425,-14.79,-70.72
2011-04-22,-2.0,-6.574293859201349,1,1,0.998606154321953,-14.79,-70.72
2011-04-23,-3.0,-6.231812688229814,1,1,0.9980379719936147,-14.79,-70.72
2011-04-24,-1.0,-6.817982475269303,1,1,0.9989072696462307,-14.79,-70.72
2011-04-25,-0.5,-6.87583032611788,1,1,0.9989686248122889,-14.79,-70.72
2011-04-26,-2.0,-7.117940940234537,1,1,0.9991902225051712,-14.79,-70.72
2011-04-27,-1.0,-7.604865076001573,1,1,0.9995022252908884,-14.79,-70.72
2011-04-28,-1.5,-7.773001034394319,1,1,0.9995792290330914,-14.79,-70.72
2011-04-29,-2.0,-7.809102704005259,1,1,0.9995941425806086,-14.79,-70.72
2011-04-30,-5.0,-7.922675493948855,1,1,0.9996376999636136,-14.79,-70.72
2011-05-01,-3.0,-8.277298326812026,1,1,0.999745841512146,-14.79,-70.72
2011-05-02,-1.5,-8.728105417164713,1,1,0.9998380572002553,-14.79,-70.72
2011-05-03,-2.0,-9.554148615484136,1,1,0.9999290985390927,-14.79,-70.72
2011-05-04,-2.0,-9.120931420884789,1,1,0.9998906591802951,-14.79,-70.72
2011-05-05,-4.5,-8.687778276768922,1,1,0.9998313941637129,-14.79,-70.72
2011-05-06,-7.0,-8.668758002314785,1,1,0.9998281570981719,-14.79,-70.72
2011-05-07,-8.0,-8.877416440392004,1,1,0.999860515341098,-14.79,-70.72
2011-05-08,-5.5,-9.314006431917761,1,1,0.9999098554964736,-14.79,-70.72
2011-05-09,-3.5,-8.693616045481596,1,1,0.9998323754136571,-14.79,-70.72
2011-05-10,3.0,-8.721885280520302,0,1,0.9998370469192706,-14.79,-70.72
2011-05-11,-3.5,-8.485349893740828,1,1,0.9997935714775155,-14.79,-70.72
2011-05-12,-3.0,-8.6905673486364,1,1,0.9998318636833745,-14.79,-70.72
2011-05-13,-4.0,-8.97662153858673,1,1,0.9998736870322301,-14.79,-70.72
2011-05-14,-5.0,-9.004720282321959,1,1,0.9998771864373633,-14.79,-70.72
2011-05-15,-7.0,-8.692715275714708,1,1,0.9998322243798171,-14.79,-70.72
2011-05-16,-5.5,-8.715005391953717,1,1,0.9998359221394376,-14.79,-70.72
2011-05-17,-4.0,-9.34961973020755,1,1,0.999913009072375,-14.79,-70.72
2011-05-18,-6.0,-8.984896646135171,1,1,0.999874727842335,-14.79,-70.72
2011-05-19,-7.5,-9.703025679656044,1,1,0.999938905381717,-14.79,-70.72
2011-05-20,-7.0,-9.77583470487771,1,1,0.9999431953012503,-14.79,-70.72
2011-05-21,-7.5,-9.235861371740256,1,1,0.9999025293106474,-14.79,-70.72
2011-05-22,-5.0,-9.704690039109568,1,1,0.9999390069743538,-14.79,-70.72
2011-05-23,-3.0,-9.582016865219416,1,1,0.9999310470259049,-14.79,-70.72
2011-05-24,-3.0,-9.946923345505153,1,1,0.9999521275903791,-14.79,-70.72
2011-05-25,-3.0,-9.845850533495732,1,1,0.9999470362848463,-14.79,-70.72
2011-05-26,-3.0,-9.534210765588323,1,1,0.9999276708332562,-14.79,-70.72
2011-05-27,-3.0,-10.20218894174025,1,1,0.9999629123315388,-14.79,-70.72
2011-05-28,-3.0,-10.491942788845233,1,1,0.9999722415579959,-14.79,-70.72
2011-05-29,-8.5,-10.303428059466537,1,1,0.9999664831270876,-14.79,-70.72
2011-05-30,-7.0,-9.872482021253944,1,1,0.9999484280993312,-14.79,-70.72
2011-05-31,-11.5,-10.013471567504448,1,1,0.9999552095835039,-14.79,-70.72
2011-06-01,-13.0,-10.456508376196041,1,1,0.9999712403483146,-14.79,-70.72
2011-06-02,-11.5,-10.93831225474468,1,1,0.9999822358827303,-14.79,-70.72
2011-06-03,-6.5,-9.91196665205862,1,1,0.9999504246205073,-14.79,-70.72
2011-06-04,-7.0,-10.109825384905662,1,1,0.9999593237454468,-14.79,-70.72
2011-06-05,-8.0,-10.290488698289732,1,1,0.9999660466370273,-14.79,-70.72
2011-06-06,-10.0,-10.47588142210784,1,1,0.9999717921325227,-14.79,-70.72
2011-06-07,-14.0,-10.654421931710617,1,1,0.9999764042873002,-14.79,-70.72
2011-06-08,-16.5,-10.737754481218037,1,1,0.9999782908383488,-14.79,-70.72
2011-06-09,-16.0,-10.898214374568438,1,1,0.9999815091189871,-14.79,-70.72
2011-06-10,-15.0,-11.102587577580106,1,1,0.9999849269571415,-14.79,-70.72
2011-06-11,-14.0,-10.631127333370827,1,1,0.9999758481961113,-14.79,-70.72
2011-06-12,-14.0,-10.434427202567989,1,1,0.9999705982571493,-14.79,-70.72
2011-06-13,-15.5,-10.47537083857478,1,1,0.9999717777267793,-14.79,-70.72
2011-06-14,-14.0,-10.542408583555579,1,1,0.9999736076134139,-14.79,-70.72
2011-06-15,-12.0,-10.459363039750848,1,1,0.9999713223280217,-14.79,-70.72
2011-06-16,-11.5,-11.02967855419747,1,1,0.9999837869610719,-14.79,-70.72
2011-06-17,-11.5,-11.115384373037111,1,1,0.9999851186120178,-14.79,-70.72
2011-06-18,-7.5,-11.316038148002143,1,1,0.9999878240799615,-14.79,-70.72
2011-06-19,-9.0,-11.12950734876581,1,1,0.9999853273012899,-14.79,-70.72
2011-06-20,-10.0,-11.453102792729272,1,1,0.9999893836300071,-14.79,-70.72
2011-06-21,-11.0,-11.124398778836248,1,1,0.9999852521541038,-14.79,-70.72
2011-06-22,-7.5,-10.989882482405193,1,1,0.9999831287463842,-14.79,-70.72
2011-06-23,-9.0,-11.119141705382114,1,1,0.9999851744205979,-14.79,-70.72
2011-06-24,-7.0,-11.280643170226579,1,1,0.9999873854012645,-14.79,-70.72
2011-06-25,-12.0,-10.992369991177027,1,1,0.9999831706609161,-14.79,-70.72
2011-06-26,-14.0,-11.034943083844162,1,1,0.9999838720894425,-14.79,-70.72
2011-06-27,-11.0,-10.540064985827724,1,1,0.9999735456893788,-14.79,-70.72
2011-06-28,-7.5,-11.672468406720673,1,1,0.9999914747391073,-14.79,-70.72
2011-06-29,-7.0,-12.281230810970948,1,1,0.999995362037706,-14.79,-70.72
2011-06-30,-4.5,-11.546754374680987,1,1,0.9999903327245593,-14.79,-70.72
2011-07-01,-4.0,-10.898115806896886,1,1,0.9999815072963278,-14.79,-70.72
2011-07-02,-4.0,-11.342754780703308,1,1,0.9999881450687264,-14.79,-70.72
2011-07-03,1.5,-11.284826364848481,0,1,0.9999874380597061,-14.79,-70.72
2011-07-04,-4.0,-11.204778767912131,1,1,0.9999863911790585,-14.79,-70.72
2011-07-05,-5.0,-11.265226132841992,1,1,0.9999871894171504,-14.79,-70.72
2011-07-06,-5.5,-11.402245127476466,1,1,0.9999888297470292,-14.79,-70.72
2011-07-07,-8.5,-11.061640972179191,1,1,0.9999842969669338,-14.79,-70.72
2011-07-08,-7.0,-11.198887611329948,1,1,0.9999863107718477,-14.79,-70.72
2011-07-09,-9.0,-11.439984870267008,1,1,0.9999892434493575,-14.79,-70.72
2011-07-10,-11.0,-11.419212624704656,1,1,0.999989017677322,-14.79,-70.72
2011-07-11,-9.0,-11.194483074102521,1,1,0.9999862503449832,-14.79,-70.72
2011-07-12,-11.0,-11.012456652151212,1,1,0.9999835053281428,-14.79,-70.72
2011-07-13,-10.0,-10.880879448310637,1,1,0.9999811857926362,-14.79,-70.72
2011-07-14,-10.0,-11.241827659314467,1,1,0.9999868861387079,-14.79,-70.72
2011-07-15,-8.0,-10.654543062463723,1,1,0.9999764071452263,-14.79,-70.72
2011-07-16,-11.5,-10.151859804225534,1,1,0.99996099804586,-14.79,-70.72
2011-07-17,-10.0,-10.33067454452729,1,1,0.9999673839859302,-14.79,-70.72
2011-07-18,-13.0,-10.744998540545886,1,1,0.9999784475291903,-14.79,-70.72
2011-07-19,-13.0,-10.55291160841482,1,1,0.9999738833554691,-14.79,-70.72
2011-07-20,-4.0,-10.603361551114492,1,1,0.9999751682227231,-14.79,-70.72
2011-07-21,-9.0,-10.098320400764258,1,1,0.9999588530827475,-14.79,-70.72
2011-07-22,-8.5,-10.07512846197079,1,1,0.999957887694809,-14.79,-70.72
2011-07-23,-8.0,-9.363135671372639,1,1,0.9999141768263031,-14.79,-70.72
2011-07-24,-8.5,-9.29286649230835,1,1,0.9999079297390866,-14.79,-70.72
2011-07-25,-12.0,-9.477567340861855,1,1,0.9999234559287211,-14.79,-70.72
2011-07-26,-9.5,-9.865827749732382,1,1,0.9999480837994553,-14.79,-70.72
2011-07-27,-8.5,-9.490698651347577,1,1,0.9999244544067444,-14.79,-70.72
2011-07-28,-12.0,-9.719575592264892,1,1,0.9999399081111217,-14.79,-70.72
2011-07-29,-12.5,-8.881097275984061,1,1,0.9998610277462259,-14.79,-70.72
2011-07-30,-16.0,-8.624771831823667,1,1,0.9998204310707668,-14.79,-70.72
2011-07-31,-11.5,-8.253368206775304,1,1,0.9997396877153679,-14.79,-70.72
2011-08-01,-11.5,-8.160352366300403,1,1,0.9997143199521441,-14.79,-70.72
2011-08-02,-13.5,-8.547572360659053,1,1,0.999806022106683,-14.79,-70.72
2011-08-03,-13.0,-8.379032713374663,1,1,0.9997704207607452,-14.79,-70.72
2011-08-04,-7.5,-8.237671516049947,1,1,0.9997355705258227,-14.79,-70.72
2011-08-05,1.5,-8.209079492805412,0,1,0.9997279029154651,-14.79,-70.72
2011-08-06,-7.0,-8.397635640873482,1,1,0.9997746511732293,-14.79,-70.72
2011-08-07,-10.0,-8.293129520595627,1,1,0.99974983246372,-14.79,-70.72
2011-08-08,-7.0,-7.646663485360774,1,1,0.9995225929164676,-14.79,-70.72
2011-08-09,-7.5,-7.515219475673511,1,1,0.9994555661212731,-14.79,-70.72
2011-08-10,-5.0,-7.5807270180346435,1,1,0.9994900699905838,-14.79,-70.72
2011-08-11,-8.0,-6.849715451527224,1,1,0.9989413646940881,-14.79,-70.72
2011-08-12,-9.0,-6.270061188864387,1,1,0.9981114605262841,-14.79,-70.72
2011-08-13,-7.0,-5.924375493508797,1,1,0.9973336516527962,-14.79,-70.72
2011-08-14,-10.0,-5.9815271238666785,1,1,0.9974813919946379,-14.79,-70.72
2011-08-15,-8.5,-5.918969580081768,1,1,0.9973192373188907,-14.79,-70.72
2011-08-16,-9.0,-6.369495371379983,1,1,0.9982899059829995,-14.79,-70.72
2011-08-17,-7.0,-5.725584935445204,1,1,0.9967491574609468,-14.79,-70.72
2011-08-18,-6.5,-6.177071586349685,1,1,0.9979278031063651,-14.79,-70.72
2011-08-19,-7.5,-6.141125130242767,1,1,0.9978521228943241,-14.79,-70.72
2011-08-20,-5.0,-5.55375934011387,1,1,0.9961420708544706,-14.79,-70.72
2011-08-21,-3.5,-4.9033610010197926,1,1,0.9926330772227242,-14.79,-70.72
2011-08-22,-6.5,-5.216759241390585,1,1,0.9946043891481148,-14.79,-70.72
2011-08-23,-10.0,-4.945748153084922,1,1,0.9929366551258814,-14.79,-70.72
2011-08-24,-7.0,-5.037495932552385,1,1,0.9935518689035439,-14.79,-70.72
2011-08-25,-6.0,-5.049588521410363,1,1,0.9936288801451949,-14.79,-70.72
2011-08-26,-6.5,-4.776584348454815,1,1,0.9916456572402018,-14.79,-70.72
2011-08-27,-7.0,-4.608148852502424,1,1,0.990128167064759,-14.79,-70.72
2011-08-28,-8.5,-5.122969328455888,1,1,0.994076986677426,-14.79,-70.72
2011-08-29,-4.5,-4.752108144540122,1,1,0.991440423502188,-14.79,-70.72
2011-08-30,-4.5,-5.308544444339236,1,1,0.9950752480094861,-14.79,-70.72
2011-08-31,-6.0,-5.202945829730882,1,1,0.9945297507430559,-14.79,-70.72
2011-09-01,-7.0,-4.795964778833746,1,1,0.99180469500237,-14.79,-70.72
2011-09-02,-9.5,-4.809637909827006,1,1,0.9919150880929949,-14.79,-70.72
2011-09-03,-10.0,-5.00152201052428,1,1,0.9933172598945907,-14.79,-70.72
2011-09-04,-7.0,-4.939099063138384,1,1,0.9928898688658301,-14.79,-70.72
2011-09-05,4.0,-5.14127199201466,0,1,0.9941837827715738,-14.79,-70.72
2011-09-06,-5.5,-4.505030894391006,1,1,0.9890675899489676,-14.79,-70.72
2011-09-07,-6.0,-4.381206331187028,1,1,0.9876443148091614,-14.79,-70.72
2011-09-08,-10.0,-4.857436025472368,1,1,0.9922895318466662,-14.79,-70.72
2011-09-09,-9.0,-4.159458072853563,1,1,0.9846240920888439,-14.79,-70.72
2011-09-10,-9.0,-4.600354490571448,1,1,0.9900516902381852,-14.79,-70.72
2011-09-11,-6.0,-5.01501347339674,1,1,0.9934062238636774,-14.79,-70.72
2011-09-12,1.0,-4.921097551387257,0,1,0.9927616516257312,-14.79,-70.72
2011-09-13,1.5,-4.174961917006692,0,1,0.9848570573134018,-14.79,-70.72
2011-09-14,3.0,-4.285229604827648,0,1,0.9864165903960551,-14.79,-70.72
2011-09-15,3.0,-3.8298654738746283,0,1,0.9787488793916325,-14.79,-70.72
2011-09-16,-1.5,-4.249230416332155,1,1,0.9859256980400855,-14.79,-70.72
2011-09-17,0.0,-4.284023098546344,1,1,0.9864004150475552,-14.79,-70.72
2011-09-18,2.0,-3.60120230885661,0,1,0.9734341160001131,-14.79,-70.72
2011-09-19,2.0,-3.82912626310528,0,1,0.9787334987270272,-14.79,-70.72
2011-09-20,1.0,-3.269750635355327,0,1,0.963376374575012,-14.79,-70.72
2011-09-21,1.5,-2.9653019200846287,0,1,0.95098173721793,-14.79,-70.72
2011-09-22,2.5,-2.9316471570811315,0,1,0.9493888789759704,-14.79,-70.72
2011-09-23,1.0,-2.886774423726897,0,1,0.9471887636549349,-14.79,-70.72
2011-09-24,-1.0,-3.5965540695422007,1,1,0.9733136469994796,-14.79,-70.72
2011-09-25,4.0,-3.6339238292914082,0,1,0.9742673171643278,-14.79,-70.72
2011-09-26,0.0,-3.4592350097629274,1,1,0.9695053581355683,-14.79,-70.72
2011-09-27,-1.5,-3.551421212722526,1,1,0.9721159761854026,-14.79,-70.72
2011-09-28,0.5,-3.039335501463988,0,1,0.9543198701718051,-14.79,-70.72
2011-09-29,-3.0,-2.221365363504936,1,1,0.9021517879142898,-14.79,-70.72
2011-09-30,-4.0,-2.423172934559998,1,1,0.9185773731776025,-14.79,-70.72
2011-10-01,-6.5,-2.8427979082522867,1,1,0.9449452012842606,-14.79,-70.72
2011-10-02,-8.0,-2.265778155590628,1,1,0.9060028641810093,-14.79,-70.72
2011-10-03,3.0,-2.296721927125183,0,1,0.9086051862805357,-14.79,-70.72
2011-10-04,0.0,-2.7045849709815863,1,1,0.9372966510913922,-14.79,-70.72
2011-10-05,3.0,-1.9314406797082697,0,1,0.8734087955957611,-14.79,-70.72
2011-10-06,2.5,-2.0371904534950573,0,1,0.884646872461721,-14.79,-70.72
2011-10-07,1.0,-2.311636637992099,0,1,0.9098362058096843,-14.79,-70.72
2011-10-08,3.0,-1.8030162514075574,0,1,0.8585157049060257,-14.79,-70.72
2011-10-09,2.0,-1.896150447094783,0,1,0.8694552115048518,-14.79,-70.72
2011-10-10,4.0,-1.76184594121422,0,1,0.8534407005909357,-14.79,-70.72
2011-10-11,3.0,-1.18460173048513,0,1,0.7657741981379683,-14.79,-70.72
2011-10-12,0.5,-2.149508557743657,0,1,0.8956228445297401,-14.79,-70.72
2011-10-13,-2.5,-1.7331701725205662,1,1,0.8498174710533917,-14.79,-70.72
2011-10-14,-3.0,-1.9850170327223795,1,1,0.8792149654246301,-14.79,-70.72
2011-10-15,-2.0,-1.9850706211752718,1,1,0.8792206561888627,-14.79,-70.72
2011-10-16,-3.0,-2.008694637717877,1,1,0.8817069409750873,-14.79,-70.72
2011-10-17,-4.0,-1.4606089285338855,1,1,0.8116257911505247,-14.79,-70.72
2011-10-18,-7.5,-1.5190022304126742,1,1,0.8203915069563796,-14.79,-70.72
2011-10-19,-8.0,-2.0440833618893928,1,1,0.8853484088064109,-14.79,-70.72
2011-10-20,1.0,-1.8518976026482328,0,1,0.864349749366345,-14.79,-70.72
2011-10-21,-8.0,-1.794208248156933,1,1,0.8574424454651045,-14.79,-70.72
2011-10-22,-8.5,-1.906548078264532,1,1,0.8706308455001167,-14.79,-70.72
2011-10-23,-4.5,-1.9982145030637593,1,1,0.8806094847557709,-14.79,-70.72
2011-10-24,-4.0,-2.927340575067066,1,1,0.9491815483473893,-14.79,-70.72
2011-10-25,-5.5,-2.223431870814542,1,1,0.9023340551175157,-14.79,-70.72
2011-10-26,-5.0,-2.157822382000625,1,1,0.8963974897676548,-14.79,-70.72
2011-10-27,-2.5,-1.9255358434958298,1,1,0.87275448142685,-14.79,-70.72
2011-10-28,-4.5,-1.5847996146119763,1,1,0.8298831868101396,-14.79,-70.72
2011-10-29,1.0,-1.6375110749100346,0,1,0.8371959843899149,-14.79,-70.72
2011-10-30,-3.0,-1.7730055677982706,1,1,0.854831044697973,-14.79,-70.72
2011-10-31,0.0,-1.612950807891257,1,1,0.833820664331388,-14.79,-70.72
2011-11-01,-3.0,-1.7971769218475866,1,1,0.8578049360755357,-14.79,-70.72
2011-11-02,1.0,-1.783280988604862,0,1,0.85610152890813,-14.79,-70.72
2011-11-03,1.5,-1.7592609427467507,0,1,0.8531170743337911,-14.79,-70.72
2011-11-04,-0.5,-1.7765019405125138,1,1,0.8552643887667567,-14.79,-70.72
2011-11-05,0.0,-1.4281851626052449,1,1,0.8066183855728757,-14.79,-70.72
2011-11-06,-6.0,-1.6468643759369068,1,1,0.8384668114125297,-14.79,-70.72
2011-11-07,-3.0,-1.5308489468256345,1,1,0.822130491312057,-14.79,-70.72
2011-11-08,-5.5,-0.8980866383592976,1,1,0.7105561475727643,-14.79,-70.72
2011-11-09,-3.5,-1.4084582653389943,1,1,0.8035226577163026,-14.79,-70.72
2011-11-10,-3.5,-1.5195083557496178,1,1,0.8204660720685765,-14.79,-70.72
2011-11-11,-2.5,-2.096064547005395,1,1,0.8905200847621308,-14.79,-70.72
2011-11-12,-1.0,-1.456798549497003,1,1,0.8110425328518192,-14.79,-70.72
2011-11-13,-5.0,-0.9944147233016345,1,1,0.7299590304434176,-14.79,-70.72
2011-11-14,-4.5,-1.1616841259740358,1,1,0.7616385946150652,-14.79,-70.72
2011-11-15,-6.5,-0.923655973402008,1,1,0.7157864494580773,-14.79,-70.72
2011-11-16,0.0,-0.6543284880967457,1,1,0.6579852135937347,-14.79,-70.72
2011-11-17,-4.0,-0.5160747033289108,1,1,0.6262294435188167,-14.79,-70.72
2011-11-18,1.0,-0.7680003541360603,0,1,0.6830881715251116,-14.79,-70.72
2011-11-19,3.0,-1.3712960838607944,0,1,0.7975894747073394,-14.79,-70.72
2011-11-20,3.5,-1.1686092450956154,0,1,0.7628935382476342,-14.79,-70.72
2011-11-21,2.5,-0.6896522223689194,0,1,0.6658895574211776,-14.79,-70.72
2011-11-22,2.0,-0.8164785861463044,0,1,0.6934883308313036,-14.79,-70.72
2011-11-23,1.5,-1.0696175874559417,0,1,0.7445241847336174,-14.79,-70.72
2011-11-24,-1.5,-1.2289197891592378,1,1,0.7736294561886379,-14.79,-70.72
2011-11-25,-2.0,-1.04434412447663,1,1,0.7396873377053326,-14.79,-70.72
2011-11-26,-1.5,-0.8908230062110531,1,1,0.7090599829540792,-14.79,-70.72
2011-11-27,1.5,-0.8980903109569232,0,1,0.7105569029010427,-14.79,-70.72
2011-11-28,-2.0,-0.4777300781506999,1,1,0.617211722707475,-14.79,-70.72
2011-11-29,-4.0,-0.7259346651157896,1,1,0.673912529633901,-14.79,-70.72
2011-11-30,-1.0,-0.4240109278542601,1,1,0.6044426301820013,-14.79,-70.72
2011-12-01,-5.5,-0.6674058177757467,1,1,0.660922035256598,-14.79,-70.72
2011-12-02,-2.5,-0.4057199938278666,1,1,0.6000611710132355,-14.79,-70.72
2011-12-03,-3.0,-0.48672120955029463,1,1,0.619333729501835,-14.79,-70.72
2011-12-04,-3.0,-0.16369191453838328,1,1,0.5408318450722875,-14.79,-70.72
2011-12-05,-5.0,-0.08875932796574704,1,1,0.5221752754309312,-14.79,-70.72
2011-12-06,0.0,-0.1871487522355193,1,1,0.5466511059002647,-14.79,-70.72
2011-12-07,-1.0,0.04978794456909652,1,0,0.48755558439386343,-14.79,-70.72
2011-12-08,-1.0,0.37256880195946174,1,0,0.4079204545872776,-14.79,-70.72
2011-12-09,3.0,0.1837470538045496,0,0,0.45419204849346567,-14.79,-70.72
2011-12-10,-1.0,0.3100111523195741,1,0,0.42311201671558474,-14.79,-70.72
2011-12-11,4.0,0.2816959907629384,0,0,0.43003803046674377,-14.79,-70.72
2011-12-12,-1.0,0.5145788731329981,1,0,0.3741207457193414,-14.79,-70.72
2011-12-13,3.5,0.7602626122163718,0,0,0.31858925297210827,-14.79,-70.72
2011-12-14,2.0,0.6548452955292019,0,0,0.34189849321191035,-14.79,-70.72
2011-12-15,4.0,0.6587225964254575,0,0,0.3410266208924424,-14.79,-70.72
2011-12-16,0.0,0.6511336487676198,1,0,0.34273411765825273,-14.79,-70.72
2011-12-17,1.5,0.3630950848632448,0,0,0.41021054019415043,-14.79,-70.72
2011-12-18,4.5,0.757639397535864,0,0,0.31915899781969886,-14.79,-70.72
2011-12-19,2.5,0.859550154172454,0,0,0.2974333399083554,-14.79,-70.72
2011-12-20,1.5,0.8653566798006169,0,0,0.2962213980308523,-14.79,-70.72
2011-12-21,3.0,0.8252213679115226,0,0,0.30465643384902524,-14.79,-70.72
2011-12-22,-0.5,1.151140601808069,1,0,0.24028080914381447,-14.79,-70.72
2011-12-23,4.0,0.8715744619467163,0,0,0.2949267948652099,-14.79,-70.72
2011-12-24,4.5,1.1846774096086836,0,0,0.23421222801901773,-14.79,-70.72
2011-12-25,2.5,1.170052748423089,0,0,0.23684544988006104,-14.79,-70.72
2011-12-26,2.5,0.9465937842392576,0,0,0.27957035513965556,-14.79,-70.72
2011-12-27,1.5,1.0453807228025491,0,0,0.26011311490490635,-14.79,-70.72
2011-12-28,4.5,0.9194324411466823,0,0,0.2850735524402913,-14.79,-70.72
2011-12-29,4.0,0.739638266192566,0,0,0.32308325004944843,-14.79,-70.72
2011-12-30,2.5,1.0592456416145657,0,0,0.25745363995482073,-14.79,-70.72
2011-12-31,4.0,1.3332985725503352,0,0,0.20861426607693362,-14.79,-70.72
2012-01-01,5.0,1.4440181618969508,0,0,0.19092388426755721,-14.79,-70.72
2012-01-02,4.5,1.1658813642513008,0,0,0.23760025371355353,-14.79,-70.72
2012-01-03,4.0,1.1340001748893878,0,0,0.24342363850178927,-14.79,-70.72
2012-01-04,1.0,1.3902642340077618,0,0,0.1993655767450476,-14.79,-70.72
2012-01-05,5.0,1.3681913892720088,0,0,0.20291221187102912,-14.79,-70.72
2012-01-06,4.0,1.2689977456508723,0,0,0.21942886977943354,-14.79,-70.72
2012-01-07,5.0,0.9839798816857295,0,0,0.27210280231300915,-14.79,-70.72
2012-01-08,5.0,1.151621649814028,0,0,0.2401930067539625,-14.79,-70.72
2012-01-09,4.5,0.9175174222047167,0,0,0.2854640065691795,-14.79,-70.72
2012-01-10,2.0,0.9900354176760429,0,0,0.2709050820532817,-14.79,-70.72
2012-01-11,1.0,1.4062920495685756,0,0,0.1968195562944951,-14.79,-70.72
2012-01-12,2.0,1.2906498937577124,0,0,0.2157428298750063,-14.79,-70.72
2012-01-13,2.0,1.395350624987847,0,0,0.1985549337280891,-14.79,-70.72
2012-01-14,5.0,1.1811599479420378,0,0,0.23484369860935791,-14.79,-70.72
2012-01-15,0.5,1.4812699049976574,0,0,0.18523568426591766,-14.79,-70.72
2012-01-16,-0.5,1.5378776884239853,1,0,0.17684400825336752,-14.79,-70.72
2012-01-17,-2.5,1.3679579468122869,1,0,0.20294997120365363,-14.79,-70.72
2012-01-18,0.0,1.4649387968079397,1,0,0.18771311108408517,-14.79,-70.72
2012-01-19,1.0,1.657143417092299,0,0,0.1601458320045564,-14.79,-70.72
2012-01-20,-0.5,1.6949168540802386,1,0,0.15513031982579195,-14.79,-70.72
2012-01-21,-1.0,1.3799830313005952,1,0,0.20101172501183326,-14.79,-70.72
2012-01-22,2.5,1.2684173004215564,0,0,0.21952830453672664,-14.79,-70.72
2012-01-23,3.0,1.2660157388551827,0,0,0.21994005474069325,-14.79,-70.72
2012-01-24,0.0,1.5081292924768404,1,0,0.18121619740001865,-14.79,-70.72
2012-01-25,4.0,1.4636691689607426,0,0,0.1879067767612513,-14.79,-70.72
2012-01-26,4.0,0.9021969390007092,0,0,0.2885992350510918,-14.79,-70.72
2012-01-27,5.0,0.9669781521090615,0,0,0.2754832301566494,-14.79,-70.72
2012-01-28,4.0,0.9740063609562348,0,0,0.27408267012967985,-14.79,-70.72
2012-01-29,5.0,1.2406640941692268,0,0,0.224320411682998,-14.79,-70.72
2012-01-30,3.5,1.1086100621951607,0,0,0.24813010673151242,-14.79,-70.72
2012-01-31,3.0,1.6093601617044113,0,0,0.16667746565899455,-14.79,-70.72
2012-02-01,1.5,1.89542620834112,0,0,0.13062701365307589,-14.79,-70.72
2012-02-02,3.5,1.6242648372965336,0,0,0.16461753651932773,-14.79,-70.72
2012-02-03,4.0,1.7976296725061465,0,0,0.14213984832435864,-14.79,-70.72
2012-02-04,5.5,1.7236180514612478,0,0,0.15140572253976267,-14.79,-70.72
2012-02-05,3.0,1.8520022308158097,0,0,0.13563798352606574,-14.79,-70.72
2012-02-06,5.0,2.0081984461526963,0,0,0.11834482151422694,-14.79,-70.72
2012-02-07,2.5,1.859059643938492,0,0,0.13481269576083454,-14.79,-70.72
2012-02-08,3.0,2.094189309336463,0,0,0.10966287370821055,-14.79,-70.72
2012-02-09,1.5,2.230377443796871,0,0,0.0970555583749955,-14.79,-70.72
2012-02-10,6.5,1.7013738315914413,0,0,0.15428591994684532,-14.79,-70.72
2012-02-11,6.0,2.052398640478734,0,0,0.11381023628812227,-14.79,-70.72
2012-02-12,6.0,1.7273953418820867,0,0,0.15092104736798967,-14.79,-70.72
2012-02-13,5.5,1.8180284841185737,0,0,0.1396706074382487,-14.79,-70.72
2012-02-14,5.5,1.840927267745914,0,0,0.13694166315876016,-14.79,-70.72
2012-02-15,4.0,1.7120657586917902,0,0,0.1528959693071397,-14.79,-70.72
2012-02-16,7.0,2.105619090460677,0,0,0.10855187377896988,-14.79,-70.72
2012-02-17,6.0,1.521720864992444,0,0,0.1792082530560576,-14.79,-70.72
2012-02-18,5.5,1.5589949195748565,0,0,0.17379091682592412,-14.79,-70.72
2012-02-19,3.5,1.5136631813221166,0,0,0.18039654425249366,-14.79,-70.72
2012-02-20,0.0,1.3408843599294435,1,0,0.20736466351106372,-14.79,-70.72
2012-02-21,4.0,1.2685819622223118,0,0,0.219500093406617,-14.79,-70.72
2012-02-22,3.5,1.2133379394284125,0,0,0.22911097397062896,-14.79,-70.72
2012-02-23,6.0,1.0797892186651943,0,0,0.25354590714550895,-14.79,-70.72
2012-02-24,5.0,0.9771017000430797,0,0,0.2734672481053943,-14.79,-70.72
2012-02-25,0.0,1.1795077868618433,1,0,0.23514070900962689,-14.79,-70.72
2012-02-26,1.0,1.0046193409844415,0,0,0.2680341737621786,-14.79,-70.72
2012-02-27,5.0,1.2996580103448787,0,0,0.21422257888264692,-14.79,-70.72
2012-02-28,2.5,1.3533653226227687,0,0,0.205320727317005,-14.79,-70.72
2012-02-29,3.0,0.9484314552676381,0,0,0.27920037837302086,-14.79,-70.72
2012-03-01,6.0,0.9978757590536134,0,0,0.26935927742582705,-14.79,-70.72
2012-03-02,6.5,0.8888547641993627,0,0,0.29134622042665603,-14.79,-70.72
2012-03-03,3.5,0.6010598817622839,0,0,0.35410124698150575,-14.79,-70.72
2012-03-04,5.5,0.5014026262412807,0,0,0.3772111030863905,-14.79,-70.72
2012-03-05,4.0,0.5338395694000022,0,0,0.3696218155214776,-14.79,-70.72
2012-03-06,5.5,0.5911958317752779,0,0,0.3563605220322812,-14.79,-70.72
2012-03-07,4.5,0.595307779938195,0,0,0.35541793199581045,-14.79,-70.72
2012-03-08,4.0,0.322198924353013,0,0,0.4201399468106327,-14.79,-70.72
2012-03-09,5.5,0.18562469962787187,0,0,0.45372661719934054,-14.79,-70.72
2012-03-10,3.0,0.1199916371802372,0,0,0.4700380314323801,-14.79,-70.72
2012-03-11,4.0,-0.07069473558016304,0,1,0.517666326857162,-14.79,-70.72
2012-03-12,3.5,-0.1437501546338309,0,1,0.5358757815090682,-14.79,-70.72
2012-03-13,3.5,-0.3270120160784713,0,1,0.5810321772152273,-14.79,-70.72
2012-03-14,1.0,-0.47392073113417243,0,1,0.6163113200612499,-14.79,-70.72
2012-03-15,6.0,-0.35558537438363436,0,1,0.5879713591886331,-14.79,-70.72
2012-03-16,5.0,-0.520552610492059,0,1,0.6272769760466089,-14.79,-70.72
2012-03-17,5.0,-0.47516024195938256,0,1,0.6166043869758036,-14.79,-70.72
2012-03-18,3.0,-0.825325718828986,0,1,0.6953656714917024,-14.79,-70.72
2012-03-19,1.0,-0.9691566097290689,0,1,0.7249513603058519,-14.79,-70.72
2012-03-20,2.0,-1.3428910775719087,0,1,0.7929649760639521,-14.79,-70.72
2012-03-21,0.0,-1.2387283978383725,1,1,0.7753425959507525,-14.79,-70.72
2012-03-22,0.0,-1.4640911153095328,1,1,0.8121576028528472,-14.79,-70.72
2012-03-23,0.0,-1.7383349867266644,1,1,0.8504754543334154,-14.79,-70.72
2012-03-24,3.0,-1.3822191829756392,0,1,0.7993471742860556,-14.79,-70.72
2012-03-25,1.0,-1.5059934325571813,0,1,0.8184666745487965,-14.79,-70.72
2012-03-26,2.5,-1.996792837797399,0,1,0.880459935063022,-14.79,-70.72
2012-03-27,4.5,-2.0867686864106503,0,1,0.8896104980900035,-14.79,-70.72
2012-03-28,4.0,-2.3607863151011284,0,1,0.913787771314846,-14.79,-70.72
2012-03-29,2.0,-2.7684650842718175,0,1,0.9409477565280046,-14.79,-70.72
2012-03-30,5.0,-3.1143522245524826,0,1,0.9574808934136223,-14.79,-70.72
2012-03-31,4.5,-2.904803845854307,0,1,0.9480833979166984,-14.79,-70.72
2012-04-01,3.5,-3.01017528135618,0,1,0.9530317009375646,-14.79,-70.72
2012-04-02,4.0,-3.1974638374079727,0,1,0.9607387252934008,-14.79,-70.72
2012-04-03,2.0,-3.485621950814607,0,1,0.9702758899445924,-14.79,-70.72
2012-04-04,5.5,-3.9378738415088206,0,1,0.9808829746227391,-14.79,-70.72
2012-04-05,1.0,-3.7767435625414536,0,1,0.9776154097120952,-14.79,-70.72
2012-04-06,5.5,-4.449420502843416,0,1,0.9884496332950677,-14.79,-70.72
2012-04-07,3.0,-4.563880029604652,0,1,0.9896859439001046,-14.79,-70.72
2012-04-08,1.0,-4.697680719744934,0,1,0.9909659617912665,-14.79,-70.72
2012-04-09,2.5,-5.272072191297492,0,1,0.9948932496970686,-14.79,-70.72
2012-04-10,3.5,-5.2592866454256155,0,1,0.9948278777908449,-14.79,-70.72
2012-04-11,5.0,-4.967138936917655,0,1,0.9930851074187914,-14.79,-70.72
2012-04-12,4.0,-5.466121968127806,0,1,0.9957902021628153,-14.79,-70.72
2012-04-13,5.5,-5.1548096240703565,0,1,0.9942615412264765,-14.79,-70.72
2012-04-14,5.0,-5.316158991263242,0,1,0.9951124227675676,-14.79,-70.72
2012-04-15,1.5,-5.416606514069995,0,1,0.9955774502038672,-14.79,-70.72
2012-04-16,3.0,-5.444629945931846,0,1,0.9956991391647436,-14.79,-70.72
2012-04-17,4.0,-5.912046946904855,0,1,0.9973006652667146,-14.79,-70.72
2012-04-18,6.5,-6.093607043250696,0,1,0.9977478315057814,-14.79,-70.72
2012-04-19,4.0,-6.224690659778599,0,1,0.9980239762064977,-14.79,-70.72
2012-04-20,3.5,-6.381002312208342,0,1,0.9983094380740425,-14.79,-70.72
2012-04-21,3.0,-6.574293859201349,0,1,0.998606154321953,-14.79,-70.72
2012-04-22,0.0,-6.231812688229814,1,1,0.9980379719936147,-14.79,-70.72
2012-04-23,3.0,-6.817982475269303,0,1,0.9989072696462307,-14.79,-70.72
2012-04-24,4.5,-6.87583032611788,0,1,0.9989686248122889,-14.79,-70.72
2012-04-25,3.0,-7.117940940234537,0,1,0.9991902225051712,-14.79,-70.72
2012-04-26,1.5,-7.604865076001573,0,1,0.9995022252908884,-14.79,-70.72
2012-04-27,1.0,-7.773001034394319,0,1,0.9995792290330914,-14.79,-70.72
2012-04-28,0.0,-7.809102704005259,1,1,0.9995941425806086,-14.79,-70.72
2012-04-29,-3.0,-7.922675493948855,1,1,0.9996376999636136,-14.79,-70.72
2012-04-30,-3.0,-8.277298326812026,1,1,0.999745841512146,-14.79,-70.72
2012-05-01,-2.5,-8.728105417164713,1,1,0.9998380572002553,-14.79,-70.72
2012-05-02,-1.0,-9.554148615484136,1,1,0.9999290985390927,-14.79,-70.72
2012-05-03,2.5,-9.120931420884789,0,1,0.9998906591802951,-14.79,-70.72
2012-05-04,-3.0,-8.687778276768922,1,1,0.9998313941637129,-14.79,-70.72
2012-05-05,-1.5,-8.668758002314785,1,1,0.9998281570981719,-14.79,-70.72
2012-05-06,-4.0,-8.877416440392004,1,1,0.999860515341098,-14.79,-70.72
2012-05-07,-4.5,-9.314006431917761,1,1,0.9999098554964736,-14.79,-70.72
2012-05-08,-5.0,-8.693616045481596,1,1,0.9998323754136571,-14.79,-70.72
2012-05-09,-4.5,-8.721885280520302,1,1,0.9998370469192706,-14.79,-70.72
2012-05-10,-3.5,-8.485349893740828,1,1,0.9997935714775155,-14.79,-70.72
2012-05-11,-4.0,-8.6905673486364,1,1,0.9998318636833745,-14.79,-70.72
2012-05-12,-3.0,-8.97662153858673,1,1,0.9998736870322301,-14.79,-70.72
2012-05-13,-3.0,-9.004720282321959,1,1,0.9998771864373633,-14.79,-70.72
2012-05-14,-7.0,-8.692715275714708,1,1,0.9998322243798171,-14.79,-70.72
2012-05-15,-7.0,-8.715005391953717,1,1,0.9998359221394376,-14.79,-70.72
2012-05-16,-8.5,-9.34961973020755,1,1,0.999913009072375,-14.79,-70.72
2012-05-17,-5.5,-8.984896646135171,1,1,0.999874727842335,-14.79,-70.72
2012-05-18,-5.5,-9.703025679656044,1,1,0.999938905381717,-14.79,-70.72
2012-05-19,-3.0,-9.77583470487771,1,1,0.9999431953012503,-14.79,-70.72
2012-05-20,-4.5,-9.235861371740256,1,1,0.9999025293106474,-14.79,-70.72
2012-05-21,-5.0,-9.704690039109568,1,1,0.9999390069743538,-14.79,-70.72
2012-05-22,-4.5,-9.582016865219416,1,1,0.9999310470259049,-14.79,-70.72
2012-05-23,-4.5,-9.946923345505153,1,1,0.9999521275903791,-14.79,-70.72
2012-05-24,-2.5,-9.845850533495732,1,1,0.9999470362848463,-14.79,-70.72
2012-05-25,-9.0,-9.534210765588323,1,1,0.9999276708332562,-14.79,-70.72
2012-05-26,-12.0,-10.20218894174025,1,1,0.9999629123315388,-14.79,-70.72
2012-05-27,-12.5,-10.491942788845233,1,1,0.9999722415579959,-14.79,-70.72
2012-05-28,-12.5,-10.303428059466537,1,1,0.9999664831270876,-14.79,-70.72
2012-05-29,-12.0,-9.872482021253944,1,1,0.9999484280993312,-14.79,-70.72
2012-05-30,-11.5,-10.013471567504448,1,1,0.9999552095835039,-14.79,-70.72
2012-05-31,-9.0,-10.456508376196041,1,1,0.9999712403483146,-14.79,-70.72
2012-06-01,-11.0,-10.93831225474468,1,1,0.9999822358827303,-14.79,-70.72
2012-06-02,-9.5,-9.91196665205862,1,1,0.9999504246205073,-14.79,-70.72
2012-06-03,-12.0,-10.109825384905662,1,1,0.9999593237454468,-14.79,-70.72
2012-06-04,-11.0,-10.290488698289732,1,1,0.9999660466370273,-14.79,-70.72
2012-06-05,-11.5,-10.47588142210784,1,1,0.9999717921325227,-14.79,-70.72
2012-06-06,-5.0,-10.654421931710617,1,1,0.9999764042873002,-14.79,-70.72
2012-06-07,-2.0,-10.737754481218037,1,1,0.9999782908383488,-14.79,-70.72
2012-06-08,-1.5,-10.898214374568438,1,1,0.9999815091189871,-14.79,-70.72
2012-06-09,-4.0,-11.102587577580106,1,1,0.9999849269571415,-14.79,-70.72
2012-06-10,-9.0,-10.631127333370827,1,1,0.9999758481961113,-14.79,-70.72
2012-06-11,-7.0,-10.434427202567989,1,1,0.9999705982571493,-14.79,-70.72
2012-06-12,-9.0,-10.47537083857478,1,1,0.9999717777267793,-14.79,-70.72
2012-06-13,-9.0,-10.542408583555579,1,1,0.9999736076134139,-14.79,-70.72
2012-06-14,-8.0,-10.459363039750848,1,1,0.9999713223280217,-14.79,-70.72
2012-06-15,-8.5,-11.02967855419747,1,1,0.9999837869610719,-14.79,-70.72
2012-06-16,-7.0,-11.115384373037111,1,1,0.9999851186120178,-14.79,-70.72
2012-06-17,-8.0,-11.316038148002143,1,1,0.9999878240799615,-14.79,-70.72
2012-06-18,-8.5,-11.12950734876581,1,1,0.9999853273012899,-14.79,-70.72
2012-06-19,-6.0,-11.453102792729272,1,1,0.9999893836300071,-14.79,-70.72
2012-06-20,-10.0,-11.124398778836248,1,1,0.9999852521541038,-14.79,-70.72
2012-06-21,-11.0,-10.989882482405193,1,1,0.9999831287463842,-14.79,-70.72
2012-06-22,-13.0,-11.119141705382114,1,1,0.9999851744205979,-14.79,-70.72
2012-06-23,-12.5,-11.280643170226579,1,1,0.9999873854012645,-14.79,-70.72
2012-06-24,-7.5,-10.992369991177027,1,1,0.9999831706609161,-14.79,-70.72
2012-06-25,-11.5,-11.034943083844162,1,1,0.9999838720894425,-14.79,-70.72
2012-06-26,-8.0,-10.540064985827724,1,1,0.9999735456893788,-14.79,-70.72
2012-06-27,-9.0,-11.672468406720673,1,1,0.9999914747391073,-14.79,-70.72
2012-06-28,-11.0,-12.281230810970948,1,1,0.999995362037706,-14.79,-70.72
2012-06-29,-12.5,-11.546754374680987,1,1,0.9999903327245593,-14.79,-70.72
2012-06-30,-13.5,-10.898115806896886,1,1,0.9999815072963278,-14.79,-70.72
2012-07-01,-12.5,-11.342754780703308,1,1,0.9999881450687264,-14.79,-70.72
2012-07-02,-11.0,-11.284826364848481,1,1,0.9999874380597061,-14.79,-70.72
2012-07-03,-11.5,-11.204778767912131,1,1,0.9999863911790585,-14.79,-70.72
2012-07-04,-10.0,-11.265226132841992,1,1,0.9999871894171504,-14.79,-70.72
2012-07-05,-8.0,-11.402245127476466,1,1,0.9999888297470292,-14.79,-70.72
2012-07-06,-5.5,-11.061640972179191,1,1,0.9999842969669338,-14.79,-70.72
2012-07-07,-7.5,-11.198887611329948,1,1,0.9999863107718477,-14.79,-70.72
2012-07-08,-3.0,-11.439984870267008,1,1,0.9999892434493575,-14.79,-70.72
2012-07-09,-9.0,-11.419212624704656,1,1,0.999989017677322,-14.79,-70.72
2012-07-10,-10.0,-11.194483074102521,1,1,0.9999862503449832,-14.79,-70.72
2012-07-11,-10.0,-11.012456652151212,1,1,0.9999835053281428,-14.79,-70.72
2012-07-12,-9.0,-10.880879448310637,1,1,0.9999811857926362,-14.79,-70.72
2012-07-13,-10.0,-11.241827659314467,1,1,0.9999868861387079,-14.79,-70.72
2012-07-14,-10.0,-10.654543062463723,1,1,0.9999764071452263,-14.79,-70.72
2012-07-15,-10.0,-10.151859804225534,1,1,0.99996099804586,-14.79,-70.72
2012-07-16,-11.0,-10.33067454452729,1,1,0.9999673839859302,-14.79,-70.72
2012-07-17,-15.0,-10.744998540545886,1,1,0.9999784475291903,-14.79,-70.72
2012-07-18,-14.0,-10.55291160841482,1,1,0.9999738833554691,-14.79,-70.72
2012-07-19,-12.0,-10.603361551114492,1,1,0.9999751682227231,-14.79,-70.72
2012-07-20,-15.0,-10.098320400764258,1,1,0.9999588530827475,-14.79,-70.72
2012-07-21,-14.0,-10.07512846197079,1,1,0.999957887694809,-14.79,-70.72
2012-07-22,-13.0,-9.363135671372639,1,1,0.9999141768263031,-14.79,-70.72
2012-07-23,-10.5,-9.29286649230835,1,1,0.9999079297390866,-14.79,-70.72
2012-07-24,-11.0,-9.477567340861855,1,1,0.9999234559287211,-14.79,-70.72
2012-07-25,-12.0,-9.865827749732382,1,1,0.9999480837994553,-14.79,-70.72
2012-07-26,-6.0,-9.490698651347577,1,1,0.9999244544067444,-14.79,-70.72
2012-07-27,-9.0,-9.719575592264892,1,1,0.9999399081111217,-14.79,-70.72
2012-07-28,-6.5,-8.881097275984061,1,1,0.9998610277462259,-14.79,-70.72
2012-07-29,-8.5,-8.624771831823667,1,1,0.9998204310707668,-14.79,-70.72
2012-07-30,-7.0,-8.253368206775304,1,1,0.9997396877153679,-14.79,-70.72
2012-07-31,-6.5,-8.160352366300403,1,1,0.9997143199521441,-14.79,-70.72
2012-08-01,-10.0,-8.547572360659053,1,1,0.999806022106683,-14.79,-70.72
2012-08-02,-7.0,-8.379032713374663,1,1,0.9997704207607452,-14.79,-70.72
2012-08-03,-7.0,-8.237671516049947,1,1,0.9997355705258227,-14.79,-70.72
2012-08-04,-10.0,-8.209079492805412,1,1,0.9997279029154651,-14.79,-70.72
2012-08-05,-15.0,-8.397635640873482,1,1,0.9997746511732293,-14.79,-70.72
2012-08-06,-14.0,-8.293129520595627,1,1,0.99974983246372,-14.79,-70.72
2012-08-07,-15.0,-7.646663485360774,1,1,0.9995225929164676,-14.79,-70.72
2012-08-08,-13.0,-7.515219475673511,1,1,0.9994555661212731,-14.79,-70.72
2012-08-09,-15.0,-7.5807270180346435,1,1,0.9994900699905838,-14.79,-70.72
2012-08-10,-15.0,-6.849715451527224,1,1,0.9989413646940881,-14.79,-70.72
2012-08-11,-12.0,-6.270061188864387,1,1,0.9981114605262841,-14.79,-70.72
2012-08-12,-12.0,-5.924375493508797,1,1,0.9973336516527962,-14.79,-70.72
2012-08-13,-9.5,-5.9815271238666785,1,1,0.9974813919946379,-14.79,-70.72
2012-08-14,-6.0,-5.918969580081768,1,1,0.9973192373188907,-14.79,-70.72
2012-08-15,-16.0,-6.369495371379983,1,1,0.9982899059829995,-14.79,-70.72
2012-08-16,-8.0,-5.725584935445204,1,1,0.9967491574609468,-14.79,-70.72
2012-08-17,-4.0,-6.177071586349685,1,1,0.9979278031063651,-14.79,-70.72
2012-08-18,-14.5,-6.141125130242767,1,1,0.9978521228943241,-14.79,-70.72
2012-08-19,-4.0,-5.55375934011387,1,1,0.9961420708544706,-14.79,-70.72
2012-08-20,-13.5,-4.9033610010197926,1,1,0.9926330772227242,-14.79,-70.72
2012-08-21,-13.5,-5.216759241390585,1,1,0.9946043891481148,-14.79,-70.72
2012-08-22,-9.0,-4.945748153084922,1,1,0.9929366551258814,-14.79,-70.72
2012-08-23,-7.0,-5.037495932552385,1,1,0.9935518689035439,-14.79,-70.72
2012-08-24,-7.0,-5.049588521410363,1,1,0.9936288801451949,-14.79,-70.72
2012-08-25,-5.0,-4.776584348454815,1,1,0.9916456572402018,-14.79,-70.72
2012-08-26,2.5,-4.608148852502424,0,1,0.990128167064759,-14.79,-70.72
2012-08-27,-4.5,-5.122969328455888,1,1,0.994076986677426,-14.79,-70.72
2012-08-28,-6.5,-4.752108144540122,1,1,0.991440423502188,-14.79,-70.72
2012-08-29,-11.0,-5.308544444339236,1,1,0.9950752480094861,-14.79,-70.72
2012-08-30,-12.0,-5.202945829730882,1,1,0.9945297507430559,-14.79,-70.72
2012-08-31,-12.0,-4.795964778833746,1,1,0.99180469500237,-14.79,-70.72
2012-09-01,-10.5,-4.809637909827006,1,1,0.9919150880929949,-14.79,-70.72
2012-09-02,-9.0,-5.00152201052428,1,1,0.9933172598945907,-14.79,-70.72
2012-09-03,-8.0,-4.939099063138384,1,1,0.9928898688658301,-14.79,-70.72
2012-09-04,-6.0,-5.14127199201466,1,1,0.9941837827715738,-14.79,-70.72
2012-09-05,-7.0,-4.505030894391006,1,1,0.9890675899489676,-14.79,-70.72
2012-09-06,-8.0,-4.381206331187028,1,1,0.9876443148091614,-14.79,-70.72
2012-09-07,-9.0,-4.857436025472368,1,1,0.9922895318466662,-14.79,-70.72
2012-09-08,-7.5,-4.159458072853563,1,1,0.9846240920888439,-14.79,-70.72
2012-09-09,-6.5,-4.600354490571448,1,1,0.9900516902381852,-14.79,-70.72
2012-09-10,-8.5,-5.01501347339674,1,1,0.9934062238636774,-14.79,-70.72
2012-09-11,-7.0,-4.921097551387257,1,1,0.9927616516257312,-14.79,-70.72
2012-09-12,-9.0,-4.174961917006692,1,1,0.9848570573134018,-14.79,-70.72
2012-09-13,-9.0,-4.285229604827648,1,1,0.9864165903960551,-14.79,-70.72
2012-09-14,-6.5,-3.8298654738746283,1,1,0.9787488793916325,-14.79,-70.72
2012-09-15,-6.5,-4.249230416332155,1,1,0.9859256980400855,-14.79,-70.72
2012-09-16,-5.0,-4.284023098546344,1,1,0.9864004150475552,-14.79,-70.72
2012-09-17,-3.5,-3.60120230885661,1,1,0.9734341160001131,-14.79,-70.72
2012-09-18,-4.0,-3.82912626310528,1,1,0.9787334987270272,-14.79,-70.72
2012-09-19,-10.0,-3.269750635355327,1,1,0.963376374575012,-14.79,-70.72
2012-09-20,-6.0,-2.9653019200846287,1,1,0.95098173721793,-14.79,-70.72
2012-09-21,-11.0,-2.9316471570811315,1,1,0.9493888789759704,-14.79,-70.72
2012-09-22,-6.5,-2.886774423726897,1,1,0.9471887636549349,-14.79,-70.72
2012-09-23,-5.0,-3.5965540695422007,1,1,0.9733136469994796,-14.79,-70.72
2012-09-24,-3.5,-3.6339238292914082,1,1,0.9742673171643278,-14.79,-70.72
2012-09-25,-3.5,-3.4592350097629274,1,1,0.9695053581355683,-14.79,-70.72
2012-09-26,1.0,-3.551421212722526,0,1,0.9721159761854026,-14.79,-70.72
2012-09-27,1.0,-3.039335501463988,0,1,0.9543198701718051,-14.79,-70.72
2012-09-28,0.5,-2.221365363504936,0,1,0.9021517879142898,-14.79,-70.72
2012-09-29,-5.0,-2.423172934559998,1,1,0.9185773731776025,-14.79,-70.72
2012-09-30,-6.0,-2.8427979082522867,1,1,0.9449452012842606,-14.79,-70.72
2012-10-01,1.0,-2.265778155590628,0,1,0.9060028641810093,-14.79,-70.72
2012-10-02,-8.0,-2.296721927125183,1,1,0.9086051862805357,-14.79,-70.72
2012-10-03,-6.0,-2.7045849709815863,1,1,0.9372966510913922,-14.79,-70.72
2012-10-04,1.5,-1.9314406797082697,0,1,0.8734087955957611,-14.79,-70.72
2012-10-05,-4.0,-2.0371904534950573,1,1,0.884646872461721,-14.79,-70.72
2012-10-06,-4.5,-2.311636637992099,1,1,0.9098362058096843,-14.79,-70.72
2012-10-07,-2.0,-1.8030162514075574,1,1,0.8585157049060257,-14.79,-70.72
2012-10-08,4.5,-1.896150447094783,0,1,0.8694552115048518,-14.79,-70.72
2012-10-09,-2.0,-1.76184594121422,1,1,0.8534407005909357,-14.79,-70.72
2012-10-10,-0.5,-1.18460173048513,1,1,0.7657741981379683,-14.79,-70.72
2012-10-11,4.0,-2.149508557743657,0,1,0.8956228445297401,-14.79,-70.72
2012-10-12,-6.5,-1.7331701725205662,1,1,0.8498174710533917,-14.79,-70.72
2012-10-13,-4.0,-1.9850170327223795,1,1,0.8792149654246301,-14.79,-70.72
2012-10-14,-0.5,-1.9850706211752718,1,1,0.8792206561888627,-14.79,-70.72
2012-10-15,1.5,-2.008694637717877,0,1,0.8817069409750873,-14.79,-70.72
2012-10-16,-4.0,-1.4606089285338855,1,1,0.8116257911505247,-14.79,-70.72
2012-10-17,-4.0,-1.5190022304126742,1,1,0.8203915069563796,-14.79,-70.72
2012-10-18,-2.5,-2.0440833618893928,1,1,0.8853484088064109,-14.79,-70.72
2012-10-19,-5.0,-1.8518976026482328,1,1,0.864349749366345,-14.79,-70.72
2012-10-20,-3.0,-1.794208248156933,1,1,0.8574424454651045,-14.79,-70.72
2012-10-21,-5.0,-1.906548078264532,1,1,0.8706308455001167,-14.79,-70.72
2012-10-22,-3.5,-1.9982145030637593,1,1,0.8806094847557709,-14.79,-70.72
2012-10-23,-5.0,-2.927340575067066,1,1,0.9491815483473893,-14.79,-70.72
2012-10-24,-2.6,-2.223431870814542,1,1,0.9023340551175157,-14.79,-70.72
2012-10-25,3.0,-2.157822382000625,0,1,0.8963974897676548,-14.79,-70.72
2012-10-26,1.0,-1.9255358434958298,0,1,0.87275448142685,-14.79,-70.72
2012-10-27,0.0,-1.5847996146119763,1,1,0.8298831868101396,-14.79,-70.72
2012-10-28,4.0,-1.6375110749100346,0,1,0.8371959843899149,-14.79,-70.72
2012-10-29,4.0,-1.7730055677982706,0,1,0.854831044697973,-14.79,-70.72
2012-10-30,3.0,-1.612950807891257,0,1,0.833820664331388,-14.79,-70.72
2012-10-31,-0.5,-1.7971769218475866,1,1,0.8578049360755357,-14.79,-70.72
2012-11-01,5.0,-1.783280988604862,0,1,0.85610152890813,-14.79,-70.72
2012-11-02,2.0,-1.7592609427467507,0,1,0.8531170743337911,-14.79,-70.72
2012-11-03,3.0,-1.7765019405125138,0,1,0.8552643887667567,-14.79,-70.72
2012-11-04,2.5,-1.4281851626052449,0,1,0.8066183855728757,-14.79,-70.72
2012-11-05,5.0,-1.6468643759369068,0,1,0.8384668114125297,-14.79,-70.72
2012-11-06,2.5,-1.5308489468256345,0,1,0.822130491312057,-14.79,-70.72
2012-11-07,1.5,-0.8980866383592976,0,1,0.7105561475727643,-14.79,-70.72
2012-11-08,-1.0,-1.4084582653389943,1,1,0.8035226577163026,-14.79,-70.72
2012-11-09,-3.0,-1.5195083557496178,1,1,0.8204660720685765,-14.79,-70.72
2012-11-10,-3.0,-2.096064547005395,1,1,0.8905200847621308,-14.79,-70.72
2012-11-11,-5.0,-1.456798549497003,1,1,0.8110425328518192,-14.79,-70.72
2012-11-12,-3.0,-0.9944147233016345,1,1,0.7299590304434176,-14.79,-70.72
2012-11-13,-3.5,-1.1616841259740358,1,1,0.7616385946150652,-14.79,-70.72
2012-11-14,-1.5,-0.923655973402008,1,1,0.7157864494580773,-14.79,-70.72
2012-11-15,1.0,-0.6543284880967457,0,1,0.6579852135937347,-14.79,-70.72
2012-11-16,-2.5,-0.5160747033289108,1,1,0.6262294435188167,-14.79,-70.72
2012-11-17,2.0,-0.7680003541360603,0,1,0.6830881715251116,-14.79,-70.72
2012-11-18,1.5,-1.3712960838607944,0,1,0.7975894747073394,-14.79,-70.72
2012-11-19,2.0,-1.1686092450956154,0,1,0.7628935382476342,-14.79,-70.72
2012-11-20,6.0,-0.6896522223689194,0,1,0.6658895574211776,-14.79,-70.72
2012-11-21,4.0,-0.8164785861463044,0,1,0.6934883308313036,-14.79,-70.72
2012-11-22,-2.0,-1.0696175874559417,1,1,0.7445241847336174,-14.79,-70.72
2012-11-23,-1.0,-1.2289197891592378,1,1,0.7736294561886379,-14.79,-70.72
2012-11-24,1.0,-1.04434412447663,0,1,0.7396873377053326,-14.79,-70.72
2012-11-25,0.0,-0.8908230062110531,1,1,0.7090599829540792,-14.79,-70.72
2012-11-26,-2.5,-0.8980903109569232,1,1,0.7105569029010427,-14.79,-70.72
2012-11-27,-2.0,-0.4777300781506999,1,1,0.617211722707475,-14.79,-70.72
2012-11-28,-2.5,-0.7259346651157896,1,1,0.673912529633901,-14.79,-70.72
2012-11-29,0.0,-0.4240109278542601,1,1,0.6044426301820013,-14.79,-70.72
2012-11-30,0.0,-0.6674058177757467,1,1,0.660922035256598,-14.79,-70.72
2012-12-01,2.0,-0.4057199938278666,0,1,0.6000611710132355,-14.79,-70.72
2012-12-02,1.0,-0.48672120955029463,0,1,0.619333729501835,-14.79,-70.72
2012-12-03,5.0,-0.16369191453838328,0,1,0.5408318450722875,-14.79,-70.72
2012-12-04,4.5,-0.08875932796574704,0,1,0.5221752754309312,-14.79,-70.72
2012-12-05,5.5,-0.1871487522355193,0,1,0.5466511059002647,-14.79,-70.72
2012-12-06,3.0,0.04978794456909652,0,0,0.48755558439386343,-14.79,-70.72
2012-12-07,2.5,0.37256880195946174,0,0,0.4079204545872776,-14.79,-70.72
2012-12-08,1.0,0.1837470538045496,0,0,0.45419204849346567,-14.79,-70.72
2012-12-09,3.5,0.3100111523195741,0,0,0.42311201671558474,-14.79,-70.72
2012-12-10,6.0,0.2816959907629384,0,0,0.43003803046674377,-14.79,-70.72
2012-12-11,5.5,0.5145788731329981,0,0,0.3741207457193414,-14.79,-70.72
2012-12-12,6.0,0.7602626122163718,0,0,0.31858925297210827,-14.79,-70.72
2012-12-13,3.5,0.6548452955292019,0,0,0.34189849321191035,-14.79,-70.72
2012-12-14,5.0,0.6587225964254575,0,0,0.3410266208924424,-14.79,-70.72
2012-12-15,4.0,0.6511336487676198,0,0,0.34273411765825273,-14.79,-70.72
2012-12-16,6.0,0.3630950848632448,0,0,0.41021054019415043,-14.79,-70.72
2012-12-17,5.0,0.757639397535864,0,0,0.31915899781969886,-14.79,-70.72
2012-12-18,3.0,0.859550154172454,0,0,0.2974333399083554,-14.79,-70.72
2012-12-19,3.0,0.8653566798006169,0,0,0.2962213980308523,-14.79,-70.72
2012-12-20,1.5,0.8252213679115226,0,0,0.30465643384902524,-14.79,-70.72
2012-12-21,4.0,1.151140601808069,0,0,0.24028080914381447,-14.79,-70.72
2012-12-22,6.0,0.8715744619467163,0,0,0.2949267948652099,-14.79,-70.72
2012-12-23,5.0,1.1846774096086836,0,0,0.23421222801901773,-14.79,-70.72
2012-12-24,3.0,1.170052748423089,0,0,0.23684544988006104,-14.79,-70.72
2012-12-25,4.0,0.9465937842392576,0,0,0.27957035513965556,-14.79,-70.72
2012-12-26,3.5,1.0453807228025491,0,0,0.26011311490490635,-14.79,-70.72
2012-12-27,3.5,0.9194324411466823,0,0,0.2850735524402913,-14.79,-70.72
2012-12-28,5.0,0.739638266192566,0,0,0.32308325004944843,-14.79,-70.72
2012-12-29,3.0,1.0592456416145657,0,0,0.25745363995482073,-14.79,-70.72
2012-12-30,2.0,1.3332985725503352,0,0,0.20861426607693362,-14.79,-70.72
2012-12-31,3.0,1.4440181618969508,0,0,0.19092388426755721,-14.79,-70.72
2013-01-01,1.0,1.1658813642513008,0,0,0.23760025371355353,-14.79,-70.72
2013-01-02,4.0,1.1340001748893878,0,0,0.24342363850178927,-14.79,-70.72
2013-01-03,1.0,1.3902642340077618,0,0,0.1993655767450476,-14.79,-70.72
2013-01-04,1.5,1.3681913892720088,0,0,0.20291221187102912,-14.79,-70.72
2013-01-05,1.0,1.2689977456508723,0,0,0.21942886977943354,-14.79,-70.72
2013-01-06,5.0,0.9839798816857295,0,0,0.27210280231300915,-14.79,-70.72
2013-01-07,0.5,1.151621649814028,0,0,0.2401930067539625,-14.79,-70.72
2013-01-08,1.5,0.9175174222047167,0,0,0.2854640065691795,-14.79,-70.72
2013-01-09,2.5,0.9900354176760429,0,0,0.2709050820532817,-14.79,-70.72
2013-01-10,4.5,1.4062920495685756,0,0,0.1968195562944951,-14.79,-70.72
2013-01-11,4.0,1.2906498937577124,0,0,0.2157428298750063,-14.79,-70.72
2013-01-12,5.5,1.395350624987847,0,0,0.1985549337280891,-14.79,-70.72
2013-01-13,2.5,1.1811599479420378,0,0,0.23484369860935791,-14.79,-70.72
2013-01-14,3.0,1.4812699049976574,0,0,0.18523568426591766,-14.79,-70.72
2013-01-15,5.0,1.5378776884239853,0,0,0.17684400825336752,-14.79,-70.72
2013-01-16,4.5,1.3679579468122869,0,0,0.20294997120365363,-14.79,-70.72
2013-01-17,4.0,1.4649387968079397,0,0,0.18771311108408517,-14.79,-70.72
2013-01-18,4.5,1.657143417092299,0,0,0.1601458320045564,-14.79,-70.72
2013-01-19,3.0,1.6949168540802386,0,0,0.15513031982579195,-14.79,-70.72
2013-01-20,3.5,1.3799830313005952,0,0,0.20101172501183326,-14.79,-70.72
2013-01-21,3.0,1.2684173004215564,0,0,0.21952830453672664,-14.79,-70.72
2013-01-22,1.5,1.2660157388551827,0,0,0.21994005474069325,-14.79,-70.72
2013-01-23,4.0,1.5081292924768404,0,0,0.18121619740001865,-14.79,-70.72
2013-01-24,4.0,1.4636691689607426,0,0,0.1879067767612513,-14.79,-70.72
2013-01-25,2.0,0.9021969390007092,0,0,0.2885992350510918,-14.79,-70.72
2013-01-26,1.0,0.9669781521090615,0,0,0.2754832301566494,-14.79,-70.72
2013-01-27,3.0,0.9740063609562348,0,0,0.27408267012967985,-14.79,-70.72
2013-01-28,2.5,1.2406640941692268,0,0,0.224320411682998,-14.79,-70.72
2013-01-29,2.5,1.1086100621951607,0,0,0.24813010673151242,-14.79,-70.72
2013-01-30,2.5,1.6093601617044113,0,0,0.16667746565899455,-14.79,-70.72
2013-01-31,2.5,1.89542620834112,0,0,0.13062701365307589,-14.79,-70.72
2013-02-01,4.0,1.6242648372965336,0,0,0.16461753651932773,-14.79,-70.72
2013-02-02,5.5,1.7976296725061465,0,0,0.14213984832435864,-14.79,-70.72
2013-02-03,3.0,1.7236180514612478,0,0,0.15140572253976267,-14.79,-70.72
2013-02-04,5.0,1.8520022308158097,0,0,0.13563798352606574,-14.79,-70.72
2013-02-05,1.5,2.0081984461526963,0,0,0.11834482151422694,-14.79,-70.72
2013-02-06,4.5,1.859059643938492,0,0,0.13481269576083454,-14.79,-70.72
2013-02-07,5.5,2.094189309336463,0,0,0.10966287370821055,-14.79,-70.72
2013-02-08,5.0,2.230377443796871,0,0,0.0970555583749955,-14.79,-70.72
2013-02-09,2.5,1.7013738315914413,0,0,0.15428591994684532,-14.79,-70.72
2013-02-10,6.5,2.052398640478734,0,0,0.11381023628812227,-14.79,-70.72
2013-02-11,2.0,1.7273953418820867,0,0,0.15092104736798967,-14.79,-70.72
2013-02-12,4.5,1.8180284841185737,0,0,0.1396706074382487,-14.79,-70.72
2013-02-13,6.0,1.840927267745914,0,0,0.13694166315876016,-14.79,-70.72
2013-02-14,5.0,1.7120657586917902,0,0,0.1528959693071397,-14.79,-70.72
2013-02-15,5.0,2.105619090460677,0,0,0.10855187377896988,-14.79,-70.72
2013-02-16,4.5,1.521720864992444,0,0,0.1792082530560576,-14.79,-70.72
2013-02-17,3.0,1.5589949195748565,0,0,0.17379091682592412,-14.79,-70.72
2013-02-18,3.0,1.5136631813221166,0,0,0.18039654425249366,-14.79,-70.72
2013-02-19,5.5,1.3408843599294435,0,0,0.20736466351106372,-14.79,-70.72
2013-02-20,5.0,1.2685819622223118,0,0,0.219500093406617,-14.79,-70.72
2013-02-21,5.0,1.2133379394284125,0,0,0.22911097397062896,-14.79,-70.72
2013-02-22,5.5,1.0797892186651943,0,0,0.25354590714550895,-14.79,-70.72
2013-02-23,6.0,0.9771017000430797,0,0,0.2734672481053943,-14.79,-70.72
2013-02-24,2.0,1.1795077868618433,0,0,0.23514070900962689,-14.79,-70.72
2013-02-25,3.5,1.0046193409844415,0,0,0.2680341737621786,-14.79,-70.72
2013-02-26,3.0,1.2996580103448787,0,0,0.21422257888264692,-14.79,-70.72
2013-02-27,3.5,1.3533653226227687,0,0,0.205320727317005,-14.79,-70.72
2013-02-28,4.0,0.9484314552676381,0,0,0.27920037837302086,-14.79,-70.72
2013-03-01,5.0,0.9978757590536134,0,0,0.26935927742582705,-14.79,-70.72
2013-03-02,4.5,0.8888547641993627,0,0,0.29134622042665603,-14.79,-70.72
2013-03-03,4.5,0.6010598817622839,0,0,0.35410124698150575,-14.79,-70.72
2013-03-04,6.0,0.5014026262412807,0,0,0.3772111030863905,-14.79,-70.72
2013-03-05,7.0,0.5338395694000022,0,0,0.3696218155214776,-14.79,-70.72
2013-03-06,3.5,0.5911958317752779,0,0,0.3563605220322812,-14.79,-70.72
2013-03-07,5.0,0.595307779938195,0,0,0.35541793199581045,-14.79,-70.72
2013-03-08,0.5,0.322198924353013,0,0,0.4201399468106327,-14.79,-70.72
2013-03-09,4.5,0.18562469962787187,0,0,0.45372661719934054,-14.79,-70.72
2013-03-10,6.0,0.1199916371802372,0,0,0.4700380314323801,-14.79,-70.72
2013-03-11,5.0,-0.07069473558016304,0,1,0.517666326857162,-14.79,-70.72
2013-03-12,4.0,-0.1437501546338309,0,1,0.5358757815090682,-14.79,-70.72
2013-03-13,5.0,-0.3270120160784713,0,1,0.5810321772152273,-14.79,-70.72
2013-03-14,5.0,-0.47392073113417243,0,1,0.6163113200612499,-14.79,-70.72
2013-03-15,6.0,-0.35558537438363436,0,1,0.5879713591886331,-14.79,-70.72
2013-03-16,3.0,-0.520552610492059,0,1,0.6272769760466089,-14.79,-70.72
2013-03-17,6.0,-0.47516024195938256,0,1,0.6166043869758036,-14.79,-70.72
2013-03-18,5.0,-0.825325718828986,0,1,0.6953656714917024,-14.79,-70.72
2013-03-19,2.0,-0.9691566097290689,0,1,0.7249513603058519,-14.79,-70.72
2013-03-20,0.0,-1.3428910775719087,1,1,0.7929649760639521,-14.79,-70.72
2013-03-21,-1.5,-1.2387283978383725,1,1,0.7753425959507525,-14.79,-70.72
2013-03-22,0.5,-1.4640911153095328,0,1,0.8121576028528472,-14.79,-70.72
2013-03-23,3.0,-1.7383349867266644,0,1,0.8504754543334154,-14.79,-70.72
2013-03-24,-2.5,-1.3822191829756392,1,1,0.7993471742860556,-14.79,-70.72
2013-03-25,-2.0,-1.5059934325571813,1,1,0.8184666745487965,-14.79,-70.72
2013-03-26,-0.5,-1.996792837797399,1,1,0.880459935063022,-14.79,-70.72
2013-03-27,4.5,-2.0867686864106503,0,1,0.8896104980900035,-14.79,-70.72
2013-03-28,4.0,-2.3607863151011284,0,1,0.913787771314846,-14.79,-70.72
2013-03-29,3.0,-2.7684650842718175,0,1,0.9409477565280046,-14.79,-70.72
2013-03-30,5.0,-3.1143522245524826,0,1,0.9574808934136223,-14.79,-70.72
2013-03-31,2.5,-2.904803845854307,0,1,0.9480833979166984,-14.79,-70.72
2013-04-01,2.0,-3.01017528135618,0,1,0.9530317009375646,-14.79,-70.72
2013-04-02,3.0,-3.1974638374079727,0,1,0.9607387252934008,-14.79,-70.72
2013-04-03,4.5,-3.485621950814607,0,1,0.9702758899445924,-14.79,-70.72
2013-04-04,4.0,-3.9378738415088206,0,1,0.9808829746227391,-14.79,-70.72
2013-04-05,0.0,-3.7767435625414536,1,1,0.9776154097120952,-14.79,-70.72
2013-04-06,2.0,-4.449420502843416,0,1,0.9884496332950677,-14.79,-70.72
2013-04-07,1.0,-4.563880029604652,0,1,0.9896859439001046,-14.79,-70.72
2013-04-08,3.5,-4.697680719744934,0,1,0.9909659617912665,-14.79,-70.72
2013-04-09,0.0,-5.272072191297492,1,1,0.9948932496970686,-14.79,-70.72
2013-04-10,-3.0,-5.2592866454256155,1,1,0.9948278777908449,-14.79,-70.72
2013-04-11,-2.0,-4.967138936917655,1,1,0.9930851074187914,-14.79,-70.72
2013-04-12,-1.0,-5.466121968127806,1,1,0.9957902021628153,-14.79,-70.72
2013-04-13,-5.0,-5.1548096240703565,1,1,0.9942615412264765,-14.79,-70.72
2013-04-14,1.0,-5.316158991263242,0,1,0.9951124227675676,-14.79,-70.72
2013-04-15,-2.5,-5.416606514069995,1,1,0.9955774502038672,-14.79,-70.72
2013-04-16,-1.0,-5.444629945931846,1,1,0.9956991391647436,-14.79,-70.72
2013-04-17,3.0,-5.912046946904855,0,1,0.9973006652667146,-14.79,-70.72
2013-04-18,-2.0,-6.093607043250696,1,1,0.9977478315057814,-14.79,-70.72
2013-04-19,0.5,-6.224690659778599,0,1,0.9980239762064977,-14.79,-70.72
2013-04-20,-2.5,-6.381002312208342,1,1,0.9983094380740425,-14.79,-70.72
2013-04-21,-4.0,-6.574293859201349,1,1,0.998606154321953,-14.79,-70.72
2013-04-22,-3.0,-6.231812688229814,1,1,0.9980379719936147,-14.79,-70.72
2013-04-23,-5.5,-6.817982475269303,1,1,0.9989072696462307,-14.79,-70.72
2013-04-24,-6.5,-6.87583032611788,1,1,0.9989686248122889,-14.79,-70.72
2013-04-25,-7.5,-7.117940940234537,1,1,0.9991902225051712,-14.79,-70.72
2013-04-26,-6.0,-7.604865076001573,1,1,0.9995022252908884,-14.79,-70.72
2013-04-27,-7.0,-7.773001034394319,1,1,0.9995792290330914,-14.79,-70.72
2013-04-28,-7.5,-7.809102704005259,1,1,0.9995941425806086,-14.79,-70.72
2013-04-29,-6.0,-7.922675493948855,1,1,0.9996376999636136,-14.79,-70.72
2013-04-30,-5.5,-8.277298326812026,1,1,0.999745841512146,-14.79,-70.72
2013-05-01,-2.0,-8.728105417164713,1,1,0.9998380572002553,-14.79,-70.72
2013-05-02,1.5,-9.554148615484136,0,1,0.9999290985390927,-14.79,-70.72
2013-05-03,-1.5,-9.120931420884789,1,1,0.9998906591802951,-14.79,-70.72
2013-05-04,-4.0,-8.687778276768922,1,1,0.9998313941637129,-14.79,-70.72
2013-05-05,-3.0,-8.668758002314785,1,1,0.9998281570981719,-14.79,-70.72
2013-05-06,-3.5,-8.877416440392004,1,1,0.999860515341098,-14.79,-70.72
2013-05-07,-4.5,-9.314006431917761,1,1,0.9999098554964736,-14.79,-70.72
2013-05-08,-5.0,-8.693616045481596,1,1,0.9998323754136571,-14.79,-70.72
2013-05-09,-5.5,-8.721885280520302,1,1,0.9998370469192706,-14.79,-70.72
2013-05-10,-5.0,-8.485349893740828,1,1,0.9997935714775155,-14.79,-70.72
2013-05-11,-5.0,-8.6905673486364,1,1,0.9998318636833745,-14.79,-70.72
2013-05-12,1.0,-8.97662153858673,0,1,0.9998736870322301,-14.79,-70.72
2013-05-13,-3.0,-9.004720282321959,1,1,0.9998771864373633,-14.79,-70.72
2013-05-14,-4.0,-8.692715275714708,1,1,0.9998322243798171,-14.79,-70.72
2013-05-15,-1.0,-8.715005391953717,1,1,0.9998359221394376,-14.79,-70.72
2013-05-16,4.0,-9.34961973020755,0,1,0.999913009072375,-14.79,-70.72
2013-05-17,-1.5,-8.984896646135171,1,1,0.999874727842335,-14.79,-70.72
2013-05-18,-1.0,-9.703025679656044,1,1,0.999938905381717,-14.79,-70.72
2013-05-19,-3.0,-9.77583470487771,1,1,0.9999431953012503,-14.79,-70.72
2013-05-20,-5.5,-9.235861371740256,1,1,0.9999025293106474,-14.79,-70.72
2013-05-21,-6.5,-9.704690039109568,1,1,0.9999390069743538,-14.79,-70.72
2013-05-22,-6.0,-9.582016865219416,1,1,0.9999310470259049,-14.79,-70.72
2013-05-23,-4.0,-9.946923345505153,1,1,0.9999521275903791,-14.79,-70.72
2013-05-24,0.5,-9.845850533495732,0,1,0.9999470362848463,-14.79,-70.72
2013-05-25,-1.5,-9.534210765588323,1,1,0.9999276708332562,-14.79,-70.72
2013-05-26,-6.5,-10.20218894174025,1,1,0.9999629123315388,-14.79,-70.72
2013-05-27,-8.0,-10.491942788845233,1,1,0.9999722415579959,-14.79,-70.72
2013-05-28,-10.0,-10.303428059466537,1,1,0.9999664831270876,-14.79,-70.72
2013-05-29,-10.0,-9.872482021253944,1,1,0.9999484280993312,-14.79,-70.72
2013-05-30,-10.0,-10.013471567504448,1,1,0.9999552095835039,-14.79,-70.72
2013-05-31,-10.0,-10.456508376196041,1,1,0.9999712403483146,-14.79,-70.72
2013-06-01,-11.0,-10.93831225474468,1,1,0.9999822358827303,-14.79,-70.72
2013-06-02,-9.0,-9.91196665205862,1,1,0.9999504246205073,-14.79,-70.72
2013-06-03,-9.0,-10.109825384905662,1,1,0.9999593237454468,-14.79,-70.72
2013-06-04,-4.0,-10.290488698289732,1,1,0.9999660466370273,-14.79,-70.72
2013-06-05,-7.5,-10.47588142210784,1,1,0.9999717921325227,-14.79,-70.72
2013-06-06,-2.0,-10.654421931710617,1,1,0.9999764042873002,-14.79,-70.72
2013-06-07,-3.5,-10.737754481218037,1,1,0.9999782908383488,-14.79,-70.72
2013-06-08,-4.5,-10.898214374568438,1,1,0.9999815091189871,-14.79,-70.72
2013-06-09,-6.5,-11.102587577580106,1,1,0.9999849269571415,-14.79,-70.72
2013-06-10,-4.0,-10.631127333370827,1,1,0.9999758481961113,-14.79,-70.72
2013-06-11,-6.5,-10.434427202567989,1,1,0.9999705982571493,-14.79,-70.72
2013-06-12,-2.5,-10.47537083857478,1,1,0.9999717777267793,-14.79,-70.72
2013-06-13,3.0,-10.542408583555579,0,1,0.9999736076134139,-14.79,-70.72
2013-06-14,-5.0,-10.459363039750848,1,1,0.9999713223280217,-14.79,-70.72
2013-06-15,-7.5,-11.02967855419747,1,1,0.9999837869610719,-14.79,-70.72
2013-06-16,-9.5,-11.115384373037111,1,1,0.9999851186120178,-14.79,-70.72
2013-06-17,-10.0,-11.316038148002143,1,1,0.9999878240799615,-14.79,-70.72
2013-06-18,-3.0,-11.12950734876581,1,1,0.9999853273012899,-14.79,-70.72
2013-06-19,2.5,-11.453102792729272,0,1,0.9999893836300071,-14.79,-70.72
2013-06-20,-7.0,-11.124398778836248,1,1,0.9999852521541038,-14.79,-70.72
2013-06-21,-7.5,-10.989882482405193,1,1,0.9999831287463842,-14.79,-70.72
2013-06-22,-4.0,-11.119141705382114,1,1,0.9999851744205979,-14.79,-70.72
2013-06-23,-7.0,-11.280643170226579,1,1,0.9999873854012645,-14.79,-70.72
2013-06-24,-7.5,-10.992369991177027,1,1,0.9999831706609161,-14.79,-70.72
2013-06-25,1.5,-11.034943083844162,0,1,0.9999838720894425,-14.79,-70.72
2013-06-26,-9.0,-10.540064985827724,1,1,0.9999735456893788,-14.79,-70.72
2013-06-27,-14.5,-11.672468406720673,1,1,0.9999914747391073,-14.79,-70.72
2013-06-28,-14.5,-12.281230810970948,1,1,0.999995362037706,-14.79,-70.72
2013-06-29,-14.0,-11.546754374680987,1,1,0.9999903327245593,-14.79,-70.72
2013-06-30,-10.0,-10.898115806896886,1,1,0.9999815072963278,-14.79,-70.72
2013-07-01,-7.2,-11.342754780703308,1,1,0.9999881450687264,-14.79,-70.72
2013-07-02,-2.5,-11.284826364848481,1,1,0.9999874380597061,-14.79,-70.72
2013-07-03,0.0,-11.204778767912131,1,1,0.9999863911790585,-14.79,-70.72
2013-07-04,-7.5,-11.265226132841992,1,1,0.9999871894171504,-14.79,-70.72
2013-07-05,-3.0,-11.402245127476466,1,1,0.9999888297470292,-14.79,-70.72
2013-07-06,-6.0,-11.061640972179191,1,1,0.9999842969669338,-14.79,-70.72
2013-07-07,-5.0,-11.198887611329948,1,1,0.9999863107718477,-14.79,-70.72
2013-07-08,-11.5,-11.439984870267008,1,1,0.9999892434493575,-14.79,-70.72
2013-07-09,-8.0,-11.419212624704656,1,1,0.999989017677322,-14.79,-70.72
2013-07-10,-8.0,-11.194483074102521,1,1,0.9999862503449832,-14.79,-70.72
2013-07-11,-8.5,-11.012456652151212,1,1,0.9999835053281428,-14.79,-70.72
2013-07-12,-9.0,-10.880879448310637,1,1,0.9999811857926362,-14.79,-70.72
2013-07-13,-7.0,-11.241827659314467,1,1,0.9999868861387079,-14.79,-70.72
2013-07-14,-1.0,-10.654543062463723,1,1,0.9999764071452263,-14.79,-70.72
2013-07-15,1.0,-10.151859804225534,0,1,0.99996099804586,-14.79,-70.72
2013-07-16,-2.0,-10.33067454452729,1,1,0.9999673839859302,-14.79,-70.72
2013-07-17,-9.0,-10.744998540545886,1,1,0.9999784475291903,-14.79,-70.72
2013-07-18,-4.0,-10.55291160841482,1,1,0.9999738833554691,-14.79,-70.72
2013-07-19,-2.5,-10.603361551114492,1,1,0.9999751682227231,-14.79,-70.72
2013-07-20,-3.0,-10.098320400764258,1,1,0.9999588530827475,-14.79,-70.72
2013-07-21,-9.0,-10.07512846197079,1,1,0.999957887694809,-14.79,-70.72
2013-07-22,-4.6,-9.363135671372639,1,1,0.9999141768263031,-14.79,-70.72
2013-07-23,-7.0,-9.29286649230835,1,1,0.9999079297390866,-14.79,-70.72
2013-07-24,-7.0,-9.477567340861855,1,1,0.9999234559287211,-14.79,-70.72
2013-07-25,-6.0,-9.865827749732382,1,1,0.9999480837994553,-14.79,-70.72
2013-07-26,-9.0,-9.490698651347577,1,1,0.9999244544067444,-14.79,-70.72
2013-07-27,-8.0,-9.719575592264892,1,1,0.9999399081111217,-14.79,-70.72
2013-07-28,-10.0,-8.881097275984061,1,1,0.9998610277462259,-14.79,-70.72
2013-07-29,-11.5,-8.624771831823667,1,1,0.9998204310707668,-14.79,-70.72
2013-07-30,-9.5,-8.253368206775304,1,1,0.9997396877153679,-14.79,-70.72
2013-07-31,-11.0,-8.160352366300403,1,1,0.9997143199521441,-14.79,-70.72
2013-08-01,-9.0,-8.547572360659053,1,1,0.999806022106683,-14.79,-70.72
2013-08-02,-7.0,-8.379032713374663,1,1,0.9997704207607452,-14.79,-70.72
2013-08-03,-0.5,-8.237671516049947,1,1,0.9997355705258227,-14.79,-70.72
2013-08-04,-8.5,-8.209079492805412,1,1,0.9997279029154651,-14.79,-70.72
2013-08-05,-4.0,-8.397635640873482,1,1,0.9997746511732293,-14.79,-70.72
2013-08-06,-3.5,-8.293129520595627,1,1,0.99974983246372,-14.79,-70.72
2013-08-07,-6.0,-7.646663485360774,1,1,0.9995225929164676,-14.79,-70.72
2013-08-08,-6.0,-7.515219475673511,1,1,0.9994555661212731,-14.79,-70.72
2013-08-09,-5.5,-7.5807270180346435,1,1,0.9994900699905838,-14.79,-70.72
2013-08-10,-3.0,-6.849715451527224,1,1,0.9989413646940881,-14.79,-70.72
2013-08-11,-10.0,-6.270061188864387,1,1,0.9981114605262841,-14.79,-70.72
2013-08-12,-15.0,-5.924375493508797,1,1,0.9973336516527962,-14.79,-70.72
2013-08-13,-11.0,-5.9815271238666785,1,1,0.9974813919946379,-14.79,-70.72
2013-08-14,-7.0,-5.918969580081768,1,1,0.9973192373188907,-14.79,-70.72
2013-08-15,-5.0,-6.369495371379983,1,1,0.9982899059829995,-14.79,-70.72
2013-08-16,-7.0,-5.725584935445204,1,1,0.9967491574609468,-14.79,-70.72
2013-08-17,-6.5,-6.177071586349685,1,1,0.9979278031063651,-14.79,-70.72
2013-08-18,-8.0,-6.141125130242767,1,1,0.9978521228943241,-14.79,-70.72
2013-08-19,-10.0,-5.55375934011387,1,1,0.9961420708544706,-14.79,-70.72
2013-08-20,-11.0,-4.9033610010197926,1,1,0.9926330772227242,-14.79,-70.72
2013-08-21,-10.0,-5.216759241390585,1,1,0.9946043891481148,-14.79,-70.72
2013-08-22,-8.0,-4.945748153084922,1,1,0.9929366551258814,-14.79,-70.72
2013-08-23,-1.0,-5.037495932552385,1,1,0.9935518689035439,-14.79,-70.72
2013-08-24,-3.0,-5.049588521410363,1,1,0.9936288801451949,-14.79,-70.72
2013-08-25,1.0,-4.776584348454815,0,1,0.9916456572402018,-14.79,-70.72
2013-08-26,-14.5,-4.608148852502424,1,1,0.990128167064759,-14.79,-70.72
2013-08-27,-10.0,-5.122969328455888,1,1,0.994076986677426,-14.79,-70.72
2013-08-28,1.0,-4.752108144540122,0,1,0.991440423502188,-14.79,-70.72
2013-08-29,-1.5,-5.308544444339236,1,1,0.9950752480094861,-14.79,-70.72
2013-08-30,-7.5,-5.202945829730882,1,1,0.9945297507430559,-14.79,-70.72
2013-08-31,-8.0,-4.795964778833746,1,1,0.99180469500237,-14.79,-70.72
2013-09-01,-6.0,-4.809637909827006,1,1,0.9919150880929949,-14.79,-70.72
2013-09-02,-16.0,-5.00152201052428,1,1,0.9933172598945907,-14.79,-70.72
2013-09-03,-15.0,-4.939099063138384,1,1,0.9928898688658301,-14.79,-70.72
2013-09-04,-10.0,-5.14127199201466,1,1,0.9941837827715738,-14.79,-70.72
2013-09-05,-9.5,-4.505030894391006,1,1,0.9890675899489676,-14.79,-70.72
2013-09-06,-8.0,-4.381206331187028,1,1,0.9876443148091614,-14.79,-70.72
2013-09-07,-11.0,-4.857436025472368,1,1,0.9922895318466662,-14.79,-70.72
2013-09-08,-10.0,-4.159458072853563,1,1,0.9846240920888439,-14.79,-70.72
2013-09-09,-5.5,-4.600354490571448,1,1,0.9900516902381852,-14.79,-70.72
2013-09-10,-8.0,-5.01501347339674,1,1,0.9934062238636774,-14.79,-70.72
2013-09-11,-8.0,-4.921097551387257,1,1,0.9927616516257312,-14.79,-70.72
2013-09-12,-8.0,-4.174961917006692,1,1,0.9848570573134018,-14.79,-70.72
2013-09-13,-5.0,-4.285229604827648,1,1,0.9864165903960551,-14.79,-70.72
2013-09-14,-3.0,-3.8298654738746283,1,1,0.9787488793916325,-14.79,-70.72
2013-09-15,-4.0,-4.249230416332155,1,1,0.9859256980400855,-14.79,-70.72
2013-09-16,-7.5,-4.284023098546344,1,1,0.9864004150475552,-14.79,-70.72
2013-09-17,-8.0,-3.60120230885661,1,1,0.9734341160001131,-14.79,-70.72
2013-09-18,-6.0,-3.82912626310528,1,1,0.9787334987270272,-14.79,-70.72
2013-09-19,-3.0,-3.269750635355327,1,1,0.963376374575012,-14.79,-70.72
2013-09-20,-5.5,-2.9653019200846287,1,1,0.95098173721793,-14.79,-70.72
2013-09-21,-1.5,-2.9316471570811315,1,1,0.9493888789759704,-14.79,-70.72
2013-09-22,-5.0,-2.886774423726897,1,1,0.9471887636549349,-14.79,-70.72
2013-09-23,-6.0,-3.5965540695422007,1,1,0.9733136469994796,-14.79,-70.72
2013-09-24,-4.0,-3.6339238292914082,1,1,0.9742673171643278,-14.79,-70.72
2013-09-25,-3.0,-3.4592350097629274,1,1,0.9695053581355683,-14.79,-70.72
2013-09-26,-4.0,-3.551421212722526,1,1,0.9721159761854026,-14.79,-70.72
2013-09-27,-6.0,-3.039335501463988,1,1,0.9543198701718051,-14.79,-70.72
2013-09-28,-6.0,-2.221365363504936,1,1,0.9021517879142898,-14.79,-70.72
2013-09-29,-5.0,-2.423172934559998,1,1,0.9185773731776025,-14.79,-70.72
2013-09-30,-5.5,-2.8427979082522867,1,1,0.9449452012842606,-14.79,-70.72
2013-10-01,-4.5,-2.265778155590628,1,1,0.9060028641810093,-14.79,-70.72
2013-10-02,-3.0,-2.296721927125183,1,1,0.9086051862805357,-14.79,-70.72
2013-10-03,-5.0,-2.7045849709815863,1,1,0.9372966510913922,-14.79,-70.72
2013-10-04,-4.5,-1.9314406797082697,1,1,0.8734087955957611,-14.79,-70.72
2013-10-05,4.0,-2.0371904534950573,0,1,0.884646872461721,-14.79,-70.72
2013-10-06,-1.0,-2.311636637992099,1,1,0.9098362058096843,-14.79,-70.72
2013-10-07,-1.0,-1.8030162514075574,1,1,0.8585157049060257,-14.79,-70.72
2013-10-08,-6.0,-1.896150447094783,1,1,0.8694552115048518,-14.79,-70.72
2013-10-09,-2.5,-1.76184594121422,1,1,0.8534407005909357,-14.79,-70.72
2013-10-10,0.0,-1.18460173048513,1,1,0.7657741981379683,-14.79,-70.72
2013-10-11,-5.0,-2.149508557743657,1,1,0.8956228445297401,-14.79,-70.72
2013-10-12,-8.0,-1.7331701725205662,1,1,0.8498174710533917,-14.79,-70.72
2013-10-13,-2.0,-1.9850170327223795,1,1,0.8792149654246301,-14.79,-70.72
2013-10-14,2.0,-1.9850706211752718,0,1,0.8792206561888627,-14.79,-70.72
2013-10-15,3.5,-2.008694637717877,0,1,0.8817069409750873,-14.79,-70.72
2013-10-16,-2.0,-1.4606089285338855,1,1,0.8116257911505247,-14.79,-70.72
2013-10-17,-2.0,-1.5190022304126742,1,1,0.8203915069563796,-14.79,-70.72
2013-10-18,-5.0,-2.0440833618893928,1,1,0.8853484088064109,-14.79,-70.72
2013-10-19,-2.0,-1.8518976026482328,1,1,0.864349749366345,-14.79,-70.72
2013-10-20,-4.0,-1.794208248156933,1,1,0.8574424454651045,-14.79,-70.72
2013-10-21,-6.0,-1.906548078264532,1,1,0.8706308455001167,-14.79,-70.72
2013-10-22,-3.5,-1.9982145030637593,1,1,0.8806094847557709,-14.79,-70.72
2013-10-23,4.0,-2.927340575067066,0,1,0.9491815483473893,-14.79,-70.72
2013-10-24,3.0,-2.223431870814542,0,1,0.9023340551175157,-14.79,-70.72
2013-10-25,4.5,-2.157822382000625,0,1,0.8963974897676548,-14.79,-70.72
2013-10-26,4.0,-1.9255358434958298,0,1,0.87275448142685,-14.79,-70.72
2013-10-27,4.0,-1.5847996146119763,0,1,0.8298831868101396,-14.79,-70.72
2013-10-28,1.5,-1.6375110749100346,0,1,0.8371959843899149,-14.79,-70.72
2013-10-29,0.0,-1.7730055677982706,1,1,0.854831044697973,-14.79,-70.72
2013-10-30,-2.0,-1.612950807891257,1,1,0.833820664331388,-14.79,-70.72
2013-10-31,3.0,-1.7971769218475866,0,1,0.8578049360755357,-14.79,-70.72
2013-11-01,-0.5,-1.783280988604862,1,1,0.85610152890813,-14.79,-70.72
2013-11-02,-5.0,-1.7592609427467507,1,1,0.8531170743337911,-14.79,-70.72
2013-11-03,1.0,-1.7765019405125138,0,1,0.8552643887667567,-14.79,-70.72
2013-11-04,2.5,-1.4281851626052449,0,1,0.8066183855728757,-14.79,-70.72
2013-11-05,-1.0,-1.6468643759369068,1,1,0.8384668114125297,-14.79,-70.72
2013-11-06,1.0,-1.5308489468256345,0,1,0.822130491312057,-14.79,-70.72
2013-11-07,-3.0,-0.8980866383592976,1,1,0.7105561475727643,-14.79,-70.72
2013-11-08,-5.0,-1.4084582653389943,1,1,0.8035226577163026,-14.79,-70.72
2013-11-09,-6.0,-1.5195083557496178,1,1,0.8204660720685765,-14.79,-70.72
2013-11-10,-1.5,-2.096064547005395,1,1,0.8905200847621308,-14.79,-70.72
2013-11-11,-4.5,-1.456798549497003,1,1,0.8110425328518192,-14.79,-70.72
2013-11-12,-1.0,-0.9944147233016345,1,1,0.7299590304434176,-14.79,-70.72
2013-11-13,1.0,-1.1616841259740358,0,1,0.7616385946150652,-14.79,-70.72
2013-11-14,0.0,-0.923655973402008,1,1,0.7157864494580773,-14.79,-70.72
2013-11-15,2.5,-0.6543284880967457,0,1,0.6579852135937347,-14.79,-70.72
2013-11-16,-1.0,-0.5160747033289108,1,1,0.6262294435188167,-14.79,-70.72
2013-11-17,4.0,-0.7680003541360603,0,1,0.6830881715251116,-14.79,-70.72
2013-11-18,-1.5,-1.3712960838607944,1,1,0.7975894747073394,-14.79,-70.72
2013-11-19,-1.0,-1.1686092450956154,1,1,0.7628935382476342,-14.79,-70.72
2013-11-20,2.5,-0.6896522223689194,0,1,0.6658895574211776,-14.79,-70.72
2013-11-21,5.0,-0.8164785861463044,0,1,0.6934883308313036,-14.79,-70.72
2013-11-22,3.0,-1.0696175874559417,0,1,0.7445241847336174,-14.79,-70.72
2013-11-23,-1.5,-1.2289197891592378,1,1,0.7736294561886379,-14.79,-70.72
2013-11-24,-3.0,-1.04434412447663,1,1,0.7396873377053326,-14.79,-70.72
2013-11-25,-3.0,-0.8908230062110531,1,1,0.7090599829540792,-14.79,-70.72
2013-11-26,-1.5,-0.8980903109569232,1,1,0.7105569029010427,-14.79,-70.72
2013-11-27,0.0,-0.4777300781506999,1,1,0.617211722707475,-14.79,-70.72
2013-11-28,-3.0,-0.7259346651157896,1,1,0.673912529633901,-14.79,-70.72
2013-11-29,-2.5,-0.4240109278542601,1,1,0.6044426301820013,-14.79,-70.72
2013-11-30,-2.0,-0.6674058177757467,1,1,0.660922035256598,-14.79,-70.72
2013-12-01,1.0,-0.4057199938278666,0,1,0.6000611710132355,-14.79,-70.72
2013-12-02,-2.0,-0.48672120955029463,1,1,0.619333729501835,-14.79,-70.72
2013-12-03,-1.0,-0.16369191453838328,1,1,0.5408318450722875,-14.79,-70.72
2013-12-04,4.0,-0.08875932796574704,0,1,0.5221752754309312,-14.79,-70.72
2013-12-05,1.0,-0.1871487522355193,0,1,0.5466511059002647,-14.79,-70.72
2013-12-06,-1.0,0.04978794456909652,1,0,0.48755558439386343,-14.79,-70.72
2013-12-07,5.0,0.37256880195946174,0,0,0.4079204545872776,-14.79,-70.72
2013-12-08,4.5,0.1837470538045496,0,0,0.45419204849346567,-14.79,-70.72
2013-12-09,2.5,0.3100111523195741,0,0,0.42311201671558474,-14.79,-70.72
2013-12-10,3.0,0.2816959907629384,0,0,0.43003803046674377,-14.79,-70.72
2013-12-11,4.0,0.5145788731329981,0,0,0.3741207457193414,-14.79,-70.72
2013-12-12,3.5,0.7602626122163718,0,0,0.31858925297210827,-14.79,-70.72
2013-12-13,4.0,0.6548452955292019,0,0,0.34189849321191035,-14.79,-70.72
2013-12-14,3.5,0.6587225964254575,0,0,0.3410266208924424,-14.79,-70.72
2013-12-15,3.5,0.6511336487676198,0,0,0.34273411765825273,-14.79,-70.72
2013-12-16,5.0,0.3630950848632448,0,0,0.41021054019415043,-14.79,-70.72
2013-12-17,1.5,0.757639397535864,0,0,0.31915899781969886,-14.79,-70.72
2013-12-18,-1.5,0.859550154172454,1,0,0.2974333399083554,-14.79,-70.72
2013-12-19,2.5,0.8653566798006169,0,0,0.2962213980308523,-14.79,-70.72
2013-12-20,5.0,0.8252213679115226,0,0,0.30465643384902524,-14.79,-70.72
2013-12-21,4.0,1.151140601808069,0,0,0.24028080914381447,-14.79,-70.72
2013-12-22,3.0,0.8715744619467163,0,0,0.2949267948652099,-14.79,-70.72
2013-12-23,4.0,1.1846774096086836,0,0,0.23421222801901773,-14.79,-70.72
2013-12-24,5.0,1.170052748423089,0,0,0.23684544988006104,-14.79,-70.72
2013-12-25,3.5,0.9465937842392576,0,0,0.27957035513965556,-14.79,-70.72
2013-12-26,2.0,1.0453807228025491,0,0,0.26011311490490635,-14.79,-70.72
2013-12-27,5.5,0.9194324411466823,0,0,0.2850735524402913,-14.79,-70.72
2013-12-28,5.0,0.739638266192566,0,0,0.32308325004944843,-14.79,-70.72
2013-12-29,3.5,1.0592456416145657,0,0,0.25745363995482073,-14.79,-70.72
2013-12-30,4.0,1.3332985725503352,0,0,0.20861426607693362,-14.79,-70.72
2013-12-31,4.5,1.4440181618969508,0,0,0.19092388426755721,-14.79,-70.72
2014-01-01,4.0,1.1658813642513008,0,0,0.23760025371355353,-14.79,-70.72
2014-01-02,-1.0,1.1340001748893878,1,0,0.24342363850178927,-14.79,-70.72
2014-01-03,3.5,1.3902642340077618,0,0,0.1993655767450476,-14.79,-70.72
2014-01-04,5.0,1.3681913892720088,0,0,0.20291221187102912,-14.79,-70.72
2014-01-05,4.0,1.2689977456508723,0,0,0.21942886977943354,-14.79,-70.72
2014-01-06,5.5,0.9839798816857295,0,0,0.27210280231300915,-14.79,-70.72
2014-01-07,4.0,1.151621649814028,0,0,0.2401930067539625,-14.79,-70.72
2014-01-08,6.0,0.9175174222047167,0,0,0.2854640065691795,-14.79,-70.72
2014-01-09,5.0,0.9900354176760429,0,0,0.2709050820532817,-14.79,-70.72
2014-01-10,4.0,1.4062920495685756,0,0,0.1968195562944951,-14.79,-70.72
2014-01-11,2.0,1.2906498937577124,0,0,0.2157428298750063,-14.79,-70.72
2014-01-12,1.5,1.395350624987847,0,0,0.1985549337280891,-14.79,-70.72
2014-01-13,4.0,1.1811599479420378,0,0,0.23484369860935791,-14.79,-70.72
2014-01-14,1.0,1.4812699049976574,0,0,0.18523568426591766,-14.79,-70.72
2014-01-15,4.0,1.5378776884239853,0,0,0.17684400825336752,-14.79,-70.72
2014-01-16,5.5,1.3679579468122869,0,0,0.20294997120365363,-14.79,-70.72
2014-01-17,2.0,1.4649387968079397,0,0,0.18771311108408517,-14.79,-70.72
2014-01-18,5.0,1.657143417092299,0,0,0.1601458320045564,-14.79,-70.72
2014-01-19,2.0,1.6949168540802386,0,0,0.15513031982579195,-14.79,-70.72
2014-01-20,5.0,1.3799830313005952,0,0,0.20101172501183326,-14.79,-70.72
2014-01-21,1.0,1.2684173004215564,0,0,0.21952830453672664,-14.79,-70.72
2014-01-22,3.5,1.2660157388551827,0,0,0.21994005474069325,-14.79,-70.72
2014-01-23,6.0,1.5081292924768404,0,0,0.18121619740001865,-14.79,-70.72
2014-01-24,0.0,1.4636691689607426,1,0,0.1879067767612513,-14.79,-70.72
2014-01-25,-0.5,0.9021969390007092,1,0,0.2885992350510918,-14.79,-70.72
2014-01-26,0.5,0.9669781521090615,0,0,0.2754832301566494,-14.79,-70.72
2014-01-27,3.0,0.9740063609562348,0,0,0.27408267012967985,-14.79,-70.72
2014-01-28,3.5,1.2406640941692268,0,0,0.224320411682998,-14.79,-70.72
2014-01-29,0.5,1.1086100621951607,0,0,0.24813010673151242,-14.79,-70.72
2014-01-30,3.0,1.6093601617044113,0,0,0.16667746565899455,-14.79,-70.72
2014-01-31,4.0,1.89542620834112,0,0,0.13062701365307589,-14.79,-70.72
2014-02-01,4.0,1.6242648372965336,0,0,0.16461753651932773,-14.79,-70.72
2014-02-02,3.0,1.7976296725061465,0,0,0.14213984832435864,-14.79,-70.72
2014-02-03,-1.0,1.7236180514612478,1,0,0.15140572253976267,-14.79,-70.72
2014-02-04,-4.0,1.8520022308158097,1,0,0.13563798352606574,-14.79,-70.72
2014-02-05,2.5,2.0081984461526963,0,0,0.11834482151422694,-14.79,-70.72
2014-02-06,4.0,1.859059643938492,0,0,0.13481269576083454,-14.79,-70.72
2014-02-07,2.0,2.094189309336463,0,0,0.10966287370821055,-14.79,-70.72
2014-02-08,2.5,2.230377443796871,0,0,0.0970555583749955,-14.79,-70.72
2014-02-09,2.0,1.7013738315914413,0,0,0.15428591994684532,-14.79,-70.72
2014-02-10,5.0,2.052398640478734,0,0,0.11381023628812227,-14.79,-70.72
2014-02-11,4.0,1.7273953418820867,0,0,0.15092104736798967,-14.79,-70.72
2014-02-12,5.0,1.8180284841185737,0,0,0.1396706074382487,-14.79,-70.72
2014-02-13,5.0,1.840927267745914,0,0,0.13694166315876016,-14.79,-70.72
2014-02-14,5.0,1.7120657586917902,0,0,0.1528959693071397,-14.79,-70.72
2014-02-15,2.0,2.105619090460677,0,0,0.10855187377896988,-14.79,-70.72
2014-02-16,5.5,1.521720864992444,0,0,0.1792082530560576,-14.79,-70.72
2014-02-17,5.5,1.5589949195748565,0,0,0.17379091682592412,-14.79,-70.72
2014-02-18,1.0,1.5136631813221166,0,0,0.18039654425249366,-14.79,-70.72
2014-02-19,6.0,1.3408843599294435,0,0,0.20736466351106372,-14.79,-70.72
2014-02-20,7.0,1.2685819622223118,0,0,0.219500093406617,-14.79,-70.72
2014-02-21,3.0,1.2133379394284125,0,0,0.22911097397062896,-14.79,-70.72
2014-02-22,3.0,1.0797892186651943,0,0,0.25354590714550895,-14.79,-70.72
2014-02-23,4.5,0.9771017000430797,0,0,0.2734672481053943,-14.79,-70.72
2014-02-24,5.0,1.1795077868618433,0,0,0.23514070900962689,-14.79,-70.72
2014-02-25,1.0,1.0046193409844415,0,0,0.2680341737621786,-14.79,-70.72
2014-02-26,0.5,1.2996580103448787,0,0,0.21422257888264692,-14.79,-70.72
2014-02-27,1.5,1.3533653226227687,0,0,0.205320727317005,-14.79,-70.72
2014-02-28,0.0,0.9484314552676381,1,0,0.27920037837302086,-14.79,-70.72
2014-03-01,0.0,0.9978757590536134,1,0,0.26935927742582705,-14.79,-70.72
2014-03-02,0.0,0.8888547641993627,1,0,0.29134622042665603,-14.79,-70.72
2014-03-03,1.0,0.6010598817622839,0,0,0.35410124698150575,-14.79,-70.72
2014-03-04,2.5,0.5014026262412807,0,0,0.3772111030863905,-14.79,-70.72
2014-03-05,0.5,0.5338395694000022,0,0,0.3696218155214776,-14.79,-70.72
2014-03-06,1.5,0.5911958317752779,0,0,0.3563605220322812,-14.79,-70.72
2014-03-07,1.5,0.595307779938195,0,0,0.35541793199581045,-14.79,-70.72
2014-03-08,5.0,0.322198924353013,0,0,0.4201399468106327,-14.79,-70.72
2014-03-09,3.0,0.18562469962787187,0,0,0.45372661719934054,-14.79,-70.72
2014-03-10,-0.5,0.1199916371802372,1,0,0.4700380314323801,-14.79,-70.72
2014-03-11,0.0,-0.07069473558016304,1,1,0.517666326857162,-14.79,-70.72
2014-03-12,1.0,-0.1437501546338309,0,1,0.5358757815090682,-14.79,-70.72
2014-03-13,4.0,-0.3270120160784713,0,1,0.5810321772152273,-14.79,-70.72
2014-03-14,5.0,-0.47392073113417243,0,1,0.6163113200612499,-14.79,-70.72
2014-03-15,-1.0,-0.35558537438363436,1,1,0.5879713591886331,-14.79,-70.72
2014-03-16,1.5,-0.520552610492059,0,1,0.6272769760466089,-14.79,-70.72
2014-03-17,3.0,-0.47516024195938256,0,1,0.6166043869758036,-14.79,-70.72
2014-03-18,5.0,-0.825325718828986,0,1,0.6953656714917024,-14.79,-70.72
2014-03-19,3.5,-0.9691566097290689,0,1,0.7249513603058519,-14.79,-70.72
2014-03-20,2.0,-1.3428910775719087,0,1,0.7929649760639521,-14.79,-70.72
2014-03-21,2.0,-1.2387283978383725,0,1,0.7753425959507525,-14.79,-70.72
2014-03-22,2.0,-1.4640911153095328,0,1,0.8121576028528472,-14.79,-70.72
2014-03-23,3.5,-1.7383349867266644,0,1,0.8504754543334154,-14.79,-70.72
2014-03-24,3.0,-1.3822191829756392,0,1,0.7993471742860556,-14.79,-70.72
2014-03-25,5.0,-1.5059934325571813,0,1,0.8184666745487965,-14.79,-70.72
2014-03-26,4.0,-1.996792837797399,0,1,0.880459935063022,-14.79,-70.72
2014-03-27,3.0,-2.0867686864106503,0,1,0.8896104980900035,-14.79,-70.72
2014-03-28,5.0,-2.3607863151011284,0,1,0.913787771314846,-14.79,-70.72
2014-03-29,-3.0,-2.7684650842718175,1,1,0.9409477565280046,-14.79,-70.72
2014-03-30,-4.0,-3.1143522245524826,1,1,0.9574808934136223,-14.79,-70.72
2014-03-31,-2.0,-2.904803845854307,1,1,0.9480833979166984,-14.79,-70.72
2014-04-01,-1.0,-3.01017528135618,1,1,0.9530317009375646,-14.79,-70.72
2014-04-02,1.0,-3.1974638374079727,0,1,0.9607387252934008,-14.79,-70.72
2014-04-03,1.0,-3.485621950814607,0,1,0.9702758899445924,-14.79,-70.72
2014-04-04,1.5,-3.9378738415088206,0,1,0.9808829746227391,-14.79,-70.72
2014-04-05,0.0,-3.7767435625414536,1,1,0.9776154097120952,-14.79,-70.72
2014-04-06,-0.5,-4.449420502843416,1,1,0.9884496332950677,-14.79,-70.72
2014-04-07,5.0,-4.563880029604652,0,1,0.9896859439001046,-14.79,-70.72
2014-04-08,3.0,-4.697680719744934,0,1,0.9909659617912665,-14.79,-70.72
2014-04-09,0.0,-5.272072191297492,1,1,0.9948932496970686,-14.79,-70.72
2014-04-10,3.0,-5.2592866454256155,0,1,0.9948278777908449,-14.79,-70.72
2014-04-11,-0.5,-4.967138936917655,1,1,0.9930851074187914,-14.79,-70.72
2014-04-12,-3.5,-5.466121968127806,1,1,0.9957902021628153,-14.79,-70.72
2014-04-13,-2.5,-5.1548096240703565,1,1,0.9942615412264765,-14.79,-70.72
2014-04-14,1.0,-5.316158991263242,0,1,0.9951124227675676,-14.79,-70.72
2014-04-15,2.0,-5.416606514069995,0,1,0.9955774502038672,-14.79,-70.72
2014-04-16,-0.5,-5.444629945931846,1,1,0.9956991391647436,-14.79,-70.72
2014-04-17,-1.0,-5.912046946904855,1,1,0.9973006652667146,-14.79,-70.72
2014-04-18,-1.5,-6.093607043250696,1,1,0.9977478315057814,-14.79,-70.72
2014-04-19,1.5,-6.224690659778599,0,1,0.9980239762064977,-14.79,-70.72
2014-04-20,0.0,-6.381002312208342,1,1,0.9983094380740425,-14.79,-70.72
2014-04-21,4.0,-6.574293859201349,0,1,0.998606154321953,-14.79,-70.72
2014-04-22,-3.5,-6.231812688229814,1,1,0.9980379719936147,-14.79,-70.72
2014-04-23,-2.0,-6.817982475269303,1,1,0.9989072696462307,-14.79,-70.72
2014-04-24,0.0,-6.87583032611788,1,1,0.9989686248122889,-14.79,-70.72
2014-04-25,5.0,-7.117940940234537,0,1,0.9991902225051712,-14.79,-70.72
2014-04-26,-1.0,-7.604865076001573,1,1,0.9995022252908884,-14.79,-70.72
2014-04-27,-7.0,-7.773001034394319,1,1,0.9995792290330914,-14.79,-70.72
2014-04-28,-6.0,-7.809102704005259,1,1,0.9995941425806086,-14.79,-70.72
2014-04-29,-3.0,-7.922675493948855,1,1,0.9996376999636136,-14.79,-70.72
2014-04-30,2.0,-8.277298326812026,0,1,0.999745841512146,-14.79,-70.72
2014-05-01,-4.0,-8.728105417164713,1,1,0.9998380572002553,-14.79,-70.72
2014-05-02,-7.5,-9.554148615484136,1,1,0.9999290985390927,-14.79,-70.72
2014-05-03,-4.0,-9.120931420884789,1,1,0.9998906591802951,-14.79,-70.72
2014-05-04,3.0,-8.687778276768922,0,1,0.9998313941637129,-14.79,-70.72
2014-05-05,1.0,-8.668758002314785,0,1,0.9998281570981719,-14.79,-70.72
2014-05-06,-6.5,-8.877416440392004,1,1,0.999860515341098,-14.79,-70.72
2014-05-07,-8.0,-9.314006431917761,1,1,0.9999098554964736,-14.79,-70.72
2014-05-08,-7.0,-8.693616045481596,1,1,0.9998323754136571,-14.79,-70.72
2014-05-09,-6.5,-8.721885280520302,1,1,0.9998370469192706,-14.79,-70.72
2014-05-10,-6.0,-8.485349893740828,1,1,0.9997935714775155,-14.79,-70.72
2014-05-11,-5.5,-8.6905673486364,1,1,0.9998318636833745,-14.79,-70.72
2014-05-12,-6.0,-8.97662153858673,1,1,0.9998736870322301,-14.79,-70.72
2014-05-13,-4.5,-9.004720282321959,1,1,0.9998771864373633,-14.79,-70.72
2014-05-14,-6.0,-8.692715275714708,1,1,0.9998322243798171,-14.79,-70.72
2014-05-15,-6.0,-8.715005391953717,1,1,0.9998359221394376,-14.79,-70.72
2014-05-16,-2.5,-9.34961973020755,1,1,0.999913009072375,-14.79,-70.72
2014-05-17,-7.5,-8.984896646135171,1,1,0.999874727842335,-14.79,-70.72
2014-05-18,-5.5,-9.703025679656044,1,1,0.999938905381717,-14.79,-70.72
2014-05-19,-7.0,-9.77583470487771,1,1,0.9999431953012503,-14.79,-70.72
2014-05-20,-4.0,-9.235861371740256,1,1,0.9999025293106474,-14.79,-70.72
2014-05-21,-5.0,-9.704690039109568,1,1,0.9999390069743538,-14.79,-70.72
2014-05-22,-2.0,-9.582016865219416,1,1,0.9999310470259049,-14.79,-70.72
2014-05-23,1.0,-9.946923345505153,0,1,0.9999521275903791,-14.79,-70.72
2014-05-24,-5.5,-9.845850533495732,1,1,0.9999470362848463,-14.79,-70.72
2014-05-25,-14.5,-9.534210765588323,1,1,0.9999276708332562,-14.79,-70.72
2014-05-26,-12.0,-10.20218894174025,1,1,0.9999629123315388,-14.79,-70.72
2014-05-27,-12.0,-10.491942788845233,1,1,0.9999722415579959,-14.79,-70.72
2014-05-28,-12.0,-10.303428059466537,1,1,0.9999664831270876,-14.79,-70.72
2014-05-29,-12.0,-9.872482021253944,1,1,0.9999484280993312,-14.79,-70.72
2014-05-30,-12.0,-10.013471567504448,1,1,0.9999552095835039,-14.79,-70.72
2014-05-31,-12.0,-10.456508376196041,1,1,0.9999712403483146,-14.79,-70.72
2014-06-01,-9.0,-10.93831225474468,1,1,0.9999822358827303,-14.79,-70.72
2014-06-02,-7.0,-9.91196665205862,1,1,0.9999504246205073,-14.79,-70.72
2014-06-03,-11.0,-10.109825384905662,1,1,0.9999593237454468,-14.79,-70.72
2014-06-04,-12.0,-10.290488698289732,1,1,0.9999660466370273,-14.79,-70.72
2014-06-05,-11.0,-10.47588142210784,1,1,0.9999717921325227,-14.79,-70.72
2014-06-06,-10.0,-10.654421931710617,1,1,0.9999764042873002,-14.79,-70.72
2014-06-07,-10.0,-10.737754481218037,1,1,0.9999782908383488,-14.79,-70.72
2014-06-08,-11.0,-10.898214374568438,1,1,0.9999815091189871,-14.79,-70.72
2014-06-09,-9.0,-11.102587577580106,1,1,0.9999849269571415,-14.79,-70.72
2014-06-10,-8.0,-10.631127333370827,1,1,0.9999758481961113,-14.79,-70.72
2014-06-11,-7.0,-10.434427202567989,1,1,0.9999705982571493,-14.79,-70.72
2014-06-12,-9.5,-10.47537083857478,1,1,0.9999717777267793,-14.79,-70.72
2014-06-13,-9.0,-10.542408583555579,1,1,0.9999736076134139,-14.79,-70.72
2014-06-14,-9.0,-10.459363039750848,1,1,0.9999713223280217,-14.79,-70.72
2014-06-15,-7.0,-11.02967855419747,1,1,0.9999837869610719,-14.79,-70.72
2014-06-16,-8.0,-11.115384373037111,1,1,0.9999851186120178,-14.79,-70.72
2014-06-17,-8.0,-11.316038148002143,1,1,0.9999878240799615,-14.79,-70.72
2014-06-18,-4.0,-11.12950734876581,1,1,0.9999853273012899,-14.79,-70.72
2014-06-19,-10.5,-11.453102792729272,1,1,0.9999893836300071,-14.79,-70.72
2014-06-20,-12.5,-11.124398778836248,1,1,0.9999852521541038,-14.79,-70.72
2014-06-21,-4.0,-10.989882482405193,1,1,0.9999831287463842,-14.79,-70.72
2014-06-22,-9.0,-11.119141705382114,1,1,0.9999851744205979,-14.79,-70.72
2014-06-23,-8.5,-11.280643170226579,1,1,0.9999873854012645,-14.79,-70.72
2014-06-24,-5.5,-10.992369991177027,1,1,0.9999831706609161,-14.79,-70.72
2014-06-25,-9.0,-11.034943083844162,1,1,0.9999838720894425,-14.79,-70.72
2014-06-26,-6.0,-10.540064985827724,1,1,0.9999735456893788,-14.79,-70.72
2014-06-27,-8.0,-11.672468406720673,1,1,0.9999914747391073,-14.79,-70.72
2014-06-28,-8.0,-12.281230810970948,1,1,0.999995362037706,-14.79,-70.72
2014-06-29,-7.5,-11.546754374680987,1,1,0.9999903327245593,-14.79,-70.72
2014-06-30,-6.5,-10.898115806896886,1,1,0.9999815072963278,-14.79,-70.72
2014-07-01,-7.5,-11.342754780703308,1,1,0.9999881450687264,-14.79,-70.72
2014-07-02,-4.5,-11.284826364848481,1,1,0.9999874380597061,-14.79,-70.72
2014-07-03,-7.0,-11.204778767912131,1,1,0.9999863911790585,-14.79,-70.72
2014-07-04,-7.5,-11.265226132841992,1,1,0.9999871894171504,-14.79,-70.72
2014-07-05,-9.5,-11.402245127476466,1,1,0.9999888297470292,-14.79,-70.72
2014-07-06,-12.5,-11.061640972179191,1,1,0.9999842969669338,-14.79,-70.72
2014-07-07,-10.0,-11.198887611329948,1,1,0.9999863107718477,-14.79,-70.72
2014-07-08,-9.0,-11.439984870267008,1,1,0.9999892434493575,-14.79,-70.72
2014-07-09,-8.0,-11.419212624704656,1,1,0.999989017677322,-14.79,-70.72
2014-07-10,-6.0,-11.194483074102521,1,1,0.9999862503449832,-14.79,-70.72
2014-07-11,-8.0,-11.012456652151212,1,1,0.9999835053281428,-14.79,-70.72
2014-07-12,-7.0,-10.880879448310637,1,1,0.9999811857926362,-14.79,-70.72
2014-07-13,-10.0,-11.241827659314467,1,1,0.9999868861387079,-14.79,-70.72
2014-07-14,-12.0,-10.654543062463723,1,1,0.9999764071452263,-14.79,-70.72
2014-07-15,-11.5,-10.151859804225534,1,1,0.99996099804586,-14.79,-70.72
2014-07-16,-7.5,-10.33067454452729,1,1,0.9999673839859302,-14.79,-70.72
2014-07-17,-8.0,-10.744998540545886,1,1,0.9999784475291903,-14.79,-70.72
2014-07-18,-3.0,-10.55291160841482,1,1,0.9999738833554691,-14.79,-70.72
2014-07-19,1.5,-10.603361551114492,0,1,0.9999751682227231,-14.79,-70.72
2014-07-20,2.5,-10.098320400764258,0,1,0.9999588530827475,-14.79,-70.72
2014-07-21,-5.0,-10.07512846197079,1,1,0.999957887694809,-14.79,-70.72
2014-07-22,-12.0,-9.363135671372639,1,1,0.9999141768263031,-14.79,-70.72
2014-07-23,-10.5,-9.29286649230835,1,1,0.9999079297390866,-14.79,-70.72
2014-07-24,-14.5,-9.477567340861855,1,1,0.9999234559287211,-14.79,-70.72
2014-07-25,-7.0,-9.865827749732382,1,1,0.9999480837994553,-14.79,-70.72
2014-07-26,-11.0,-9.490698651347577,1,1,0.9999244544067444,-14.79,-70.72
2014-07-27,-9.5,-9.719575592264892,1,1,0.9999399081111217,-14.79,-70.72
2014-07-28,-11.0,-8.881097275984061,1,1,0.9998610277462259,-14.79,-70.72
2014-07-29,-6.0,-8.624771831823667,1,1,0.9998204310707668,-14.79,-70.72
2014-07-30,-1.0,-8.253368206775304,1,1,0.9997396877153679,-14.79,-70.72
2014-07-31,-10.0,-8.160352366300403,1,1,0.9997143199521441,-14.79,-70.72
2014-08-01,-11.0,-8.547572360659053,1,1,0.999806022106683,-14.79,-70.72
2014-08-02,-13.0,-8.379032713374663,1,1,0.9997704207607452,-14.79,-70.72
2014-08-03,-12.0,-8.237671516049947,1,1,0.9997355705258227,-14.79,-70.72
2014-08-04,-12.0,-8.209079492805412,1,1,0.9997279029154651,-14.79,-70.72
2014-08-05,-10.0,-8.397635640873482,1,1,0.9997746511732293,-14.79,-70.72
2014-08-06,-10.0,-8.293129520595627,1,1,0.99974983246372,-14.79,-70.72
2014-08-07,-9.0,-7.646663485360774,1,1,0.9995225929164676,-14.79,-70.72
2014-08-08,-6.5,-7.515219475673511,1,1,0.9994555661212731,-14.79,-70.72
2014-08-09,-3.5,-7.5807270180346435,1,1,0.9994900699905838,-14.79,-70.72
2014-08-10,1.0,-6.849715451527224,0,1,0.9989413646940881,-14.79,-70.72
2014-08-11,-1.5,-6.270061188864387,1,1,0.9981114605262841,-14.79,-70.72
2014-08-12,-2.5,-5.924375493508797,1,1,0.9973336516527962,-14.79,-70.72
2014-08-13,-3.0,-5.9815271238666785,1,1,0.9974813919946379,-14.79,-70.72
2014-08-14,0.0,-5.918969580081768,1,1,0.9973192373188907,-14.79,-70.72
2014-08-15,0.0,-6.369495371379983,1,1,0.9982899059829995,-14.79,-70.72
2014-08-16,0.0,-5.725584935445204,1,1,0.9967491574609468,-14.79,-70.72
2014-08-17,-9.0,-6.177071586349685,1,1,0.9979278031063651,-14.79,-70.72
2014-08-18,-3.5,-6.141125130242767,1,1,0.9978521228943241,-14.79,-70.72
2014-08-19,-2.0,-5.55375934011387,1,1,0.9961420708544706,-14.79,-70.72
2014-08-20,-7.5,-4.9033610010197926,1,1,0.9926330772227242,-14.79,-70.72
2014-08-21,-10.5,-5.216759241390585,1,1,0.9946043891481148,-14.79,-70.72
2014-08-22,-10.0,-4.945748153084922,1,1,0.9929366551258814,-14.79,-70.72
2014-08-23,-10.0,-5.037495932552385,1,1,0.9935518689035439,-14.79,-70.72
2014-08-24,-10.0,-5.049588521410363,1,1,0.9936288801451949,-14.79,-70.72
2014-08-25,-10.0,-4.776584348454815,1,1,0.9916456572402018,-14.79,-70.72
2014-08-26,-7.5,-4.608148852502424,1,1,0.990128167064759,-14.79,-70.72
2014-08-27,-6.5,-5.122969328455888,1,1,0.994076986677426,-14.79,-70.72
2014-08-28,-8.5,-4.752108144540122,1,1,0.991440423502188,-14.79,-70.72
2014-08-29,-2.5,-5.308544444339236,1,1,0.9950752480094861,-14.79,-70.72
2014-08-30,0.0,-5.202945829730882,1,1,0.9945297507430559,-14.79,-70.72
2014-08-31,4.0,-4.795964778833746,0,1,0.99180469500237,-14.79,-70.72
2014-09-01,2.5,-4.809637909827006,0,1,0.9919150880929949,-14.79,-70.72
2014-09-02,-1.0,-5.00152201052428,1,1,0.9933172598945907,-14.79,-70.72
2014-09-03,1.0,-4.939099063138384,0,1,0.9928898688658301,-14.79,-70.72
2014-09-04,-2.5,-5.14127199201466,1,1,0.9941837827715738,-14.79,-70.72
2014-09-05,1.5,-4.505030894391006,0,1,0.9890675899489676,-14.79,-70.72
2014-09-06,3.0,-4.381206331187028,0,1,0.9876443148091614,-14.79,-70.72
2014-09-07,4.0,-4.857436025472368,0,1,0.9922895318466662,-14.79,-70.72
2014-09-08,0.0,-4.159458072853563,1,1,0.9846240920888439,-14.79,-70.72
2014-09-09,0.5,-4.600354490571448,0,1,0.9900516902381852,-14.79,-70.72
2014-09-10,-3.5,-5.01501347339674,1,1,0.9934062238636774,-14.79,-70.72
2014-09-11,-0.5,-4.921097551387257,1,1,0.9927616516257312,-14.79,-70.72
2014-09-12,-3.0,-4.174961917006692,1,1,0.9848570573134018,-14.79,-70.72
2014-09-13,-3.0,-4.285229604827648,1,1,0.9864165903960551,-14.79,-70.72
2014-09-14,-0.5,-3.8298654738746283,1,1,0.9787488793916325,-14.79,-70.72
2014-09-15,-5.0,-4.249230416332155,1,1,0.9859256980400855,-14.79,-70.72
2014-09-16,-2.0,-4.284023098546344,1,1,0.9864004150475552,-14.79,-70.72
2014-09-17,-2.0,-3.60120230885661,1,1,0.9734341160001131,-14.79,-70.72
2014-09-18,1.0,-3.82912626310528,0,1,0.9787334987270272,-14.79,-70.72
2014-09-19,2.0,-3.269750635355327,0,1,0.963376374575012,-14.79,-70.72
2014-09-20,-3.0,-2.9653019200846287,1,1,0.95098173721793,-14.79,-70.72
2014-09-21,-2.5,-2.9316471570811315,1,1,0.9493888789759704,-14.79,-70.72
2014-09-22,3.0,-2.886774423726897,0,1,0.9471887636549349,-14.79,-70.72
2014-09-23,-1.0,-3.5965540695422007,1,1,0.9733136469994796,-14.79,-70.72
2014-09-24,2.0,-3.6339238292914082,0,1,0.9742673171643278,-14.79,-70.72
2014-09-25,2.0,-3.4592350097629274,0,1,0.9695053581355683,-14.79,-70.72
2014-09-26,1.0,-3.551421212722526,0,1,0.9721159761854026,-14.79,-70.72
2014-09-27,-3.0,-3.039335501463988,1,1,0.9543198701718051,-14.79,-70.72
2014-09-28,2.0,-2.221365363504936,0,1,0.9021517879142898,-14.79,-70.72
2014-09-29,4.0,-2.423172934559998,0,1,0.9185773731776025,-14.79,-70.72
2014-09-30,-1.0,-2.8427979082522867,1,1,0.9449452012842606,-14.79,-70.72
2014-10-01,-1.5,-2.265778155590628,1,1,0.9060028641810093,-14.79,-70.72
2014-10-02,-5.0,-2.296721927125183,1,1,0.9086051862805357,-14.79,-70.72
2014-10-03,3.5,-2.7045849709815863,0,1,0.9372966510913922,-14.79,-70.72
2014-10-04,4.0,-1.9314406797082697,0,1,0.8734087955957611,-14.79,-70.72
2014-10-05,0.0,-2.0371904534950573,1,1,0.884646872461721,-14.79,-70.72
2014-10-06,2.0,-2.311636637992099,0,1,0.9098362058096843,-14.79,-70.72
2014-10-07,3.5,-1.8030162514075574,0,1,0.8585157049060257,-14.79,-70.72
2014-10-08,4.0,-1.896150447094783,0,1,0.8694552115048518,-14.79,-70.72
2014-10-09,2.0,-1.76184594121422,0,1,0.8534407005909357,-14.79,-70.72
2014-10-10,0.0,-1.18460173048513,1,1,0.7657741981379683,-14.79,-70.72
2014-10-11,-2.0,-2.149508557743657,1,1,0.8956228445297401,-14.79,-70.72
2014-10-12,0.0,-1.7331701725205662,1,1,0.8498174710533917,-14.79,-70.72
2014-10-13,-3.5,-1.9850170327223795,1,1,0.8792149654246301,-14.79,-70.72
2014-10-14,-4.0,-1.9850706211752718,1,1,0.8792206561888627,-14.79,-70.72
2014-10-15,-6.0,-2.008694637717877,1,1,0.8817069409750873,-14.79,-70.72
2014-10-16,-6.5,-1.4606089285338855,1,1,0.8116257911505247,-14.79,-70.72
2014-10-17,-4.0,-1.5190022304126742,1,1,0.8203915069563796,-14.79,-70.72
2014-10-18,-3.0,-2.0440833618893928,1,1,0.8853484088064109,-14.79,-70.72
2014-10-19,5.5,-1.8518976026482328,0,1,0.864349749366345,-14.79,-70.72
2014-10-20,3.0,-1.794208248156933,0,1,0.8574424454651045,-14.79,-70.72
2014-10-21,4.0,-1.906548078264532,0,1,0.8706308455001167,-14.79,-70.72
2014-10-22,1.0,-1.9982145030637593,0,1,0.8806094847557709,-14.79,-70.72
2014-10-23,1.0,-2.927340575067066,0,1,0.9491815483473893,-14.79,-70.72
2014-10-24,-1.0,-2.223431870814542,1,1,0.9023340551175157,-14.79,-70.72
2014-10-25,0.0,-2.157822382000625,1,1,0.8963974897676548,-14.79,-70.72
2014-10-26,-3.0,-1.9255358434958298,1,1,0.87275448142685,-14.79,-70.72
2014-10-27,-5.5,-1.5847996146119763,1,1,0.8298831868101396,-14.79,-70.72
2014-10-28,-1.0,-1.6375110749100346,1,1,0.8371959843899149,-14.79,-70.72
2014-10-29,-4.5,-1.7730055677982706,1,1,0.854831044697973,-14.79,-70.72
2014-10-30,-3.0,-1.612950807891257,1,1,0.833820664331388,-14.79,-70.72
2014-10-31,1.0,-1.7971769218475866,0,1,0.8578049360755357,-14.79,-70.72
2014-11-01,-1.5,-1.783280988604862,1,1,0.85610152890813,-14.79,-70.72
2014-11-02,3.0,-1.7592609427467507,0,1,0.8531170743337911,-14.79,-70.72
2014-11-03,-1.0,-1.7765019405125138,1,1,0.8552643887667567,-14.79,-70.72
2014-11-04,-3.5,-1.4281851626052449,1,1,0.8066183855728757,-14.79,-70.72
2014-11-05,-4.0,-1.6468643759369068,1,1,0.8384668114125297,-14.79,-70.72
2014-11-06,-4.5,-1.5308489468256345,1,1,0.822130491312057,-14.79,-70.72
2014-11-07,-5.5,-0.8980866383592976,1,1,0.7105561475727643,-14.79,-70.72
2014-11-08,-7.5,-1.4084582653389943,1,1,0.8035226577163026,-14.79,-70.72
2014-11-09,-4.0,-1.5195083557496178,1,1,0.8204660720685765,-14.79,-70.72
2014-11-10,-3.0,-2.096064547005395,1,1,0.8905200847621308,-14.79,-70.72
2014-11-11,-2.0,-1.456798549497003,1,1,0.8110425328518192,-14.79,-70.72
2014-11-12,-2.5,-0.9944147233016345,1,1,0.7299590304434176,-14.79,-70.72
2014-11-13,-2.0,-1.1616841259740358,1,1,0.7616385946150652,-14.79,-70.72
2014-11-14,-2.5,-0.923655973402008,1,1,0.7157864494580773,-14.79,-70.72
2014-11-15,1.0,-0.6543284880967457,0,1,0.6579852135937347,-14.79,-70.72
2014-11-16,3.0,-0.5160747033289108,0,1,0.6262294435188167,-14.79,-70.72
2014-11-17,5.0,-0.7680003541360603,0,1,0.6830881715251116,-14.79,-70.72
2014-11-18,3.0,-1.3712960838607944,0,1,0.7975894747073394,-14.79,-70.72
2014-11-19,-3.5,-1.1686092450956154,1,1,0.7628935382476342,-14.79,-70.72
2014-11-20,-3.0,-0.6896522223689194,1,1,0.6658895574211776,-14.79,-70.72
2014-11-21,-0.5,-0.8164785861463044,1,1,0.6934883308313036,-14.79,-70.72
2014-11-22,3.5,-1.0696175874559417,0,1,0.7445241847336174,-14.79,-70.72
2014-11-23,4.0,-1.2289197891592378,0,1,0.7736294561886379,-14.79,-70.72
2014-11-24,1.5,-1.04434412447663,0,1,0.7396873377053326,-14.79,-70.72
2014-11-25,-0.5,-0.8908230062110531,1,1,0.7090599829540792,-14.79,-70.72
2014-11-26,-3.0,-0.8980903109569232,1,1,0.7105569029010427,-14.79,-70.72
2014-11-27,-3.5,-0.4777300781506999,1,1,0.617211722707475,-14.79,-70.72
2014-11-28,3.0,-0.7259346651157896,0,1,0.673912529633901,-14.79,-70.72
2014-11-29,-1.5,-0.4240109278542601,1,1,0.6044426301820013,-14.79,-70.72
2014-11-30,1.0,-0.6674058177757467,0,1,0.660922035256598,-14.79,-70.72
2014-12-01,4.5,-0.4057199938278666,0,1,0.6000611710132355,-14.79,-70.72
2014-12-02,1.5,-0.48672120955029463,0,1,0.619333729501835,-14.79,-70.72
2014-12-03,0.0,-0.16369191453838328,1,1,0.5408318450722875,-14.79,-70.72
2014-12-04,3.0,-0.08875932796574704,0,1,0.5221752754309312,-14.79,-70.72
2014-12-05,0.5,-0.1871487522355193,0,1,0.5466511059002647,-14.79,-70.72
2014-12-06,-1.5,0.04978794456909652,1,0,0.48755558439386343,-14.79,-70.72
2014-12-07,1.0,0.37256880195946174,0,0,0.4079204545872776,-14.79,-70.72
2014-12-08,0.0,0.1837470538045496,1,0,0.45419204849346567,-14.79,-70.72
2014-12-09,1.5,0.3100111523195741,0,0,0.42311201671558474,-14.79,-70.72
2014-12-10,-2.0,0.2816959907629384,1,0,0.43003803046674377,-14.79,-70.72
2014-12-11,-0.5,0.5145788731329981,1,0,0.3741207457193414,-14.79,-70.72
2014-12-12,-2.5,0.7602626122163718,1,0,0.31858925297210827,-14.79,-70.72
2014-12-13,4.5,0.6548452955292019,0,0,0.34189849321191035,-14.79,-70.72
2014-12-14,-1.5,0.6587225964254575,1,0,0.3410266208924424,-14.79,-70.72
2014-12-15,4.0,0.6511336487676198,0,0,0.34273411765825273,-14.79,-70.72
2014-12-16,5.0,0.3630950848632448,0,0,0.41021054019415043,-14.79,-70.72
2014-12-17,5.5,0.757639397535864,0,0,0.31915899781969886,-14.79,-70.72
2014-12-18,4.5,0.859550154172454,0,0,0.2974333399083554,-14.79,-70.72
2014-12-19,3.0,0.8653566798006169,0,0,0.2962213980308523,-14.79,-70.72
2014-12-20,3.5,0.8252213679115226,0,0,0.30465643384902524,-14.79,-70.72
2014-12-21,-0.5,1.151140601808069,1,0,0.24028080914381447,-14.79,-70.72
2014-12-22,-1.0,0.8715744619467163,1,0,0.2949267948652099,-14.79,-70.72
2014-12-23,4.5,1.1846774096086836,0,0,0.23421222801901773,-14.79,-70.72
2014-12-24,5.5,1.170052748423089,0,0,0.23684544988006104,-14.79,-70.72
2014-12-25,5.5,0.9465937842392576,0,0,0.27957035513965556,-14.79,-70.72
2014-12-26,2.0,1.0453807228025491,0,0,0.26011311490490635,-14.79,-70.72
2014-12-27,4.0,0.9194324411466823,0,0,0.2850735524402913,-14.79,-70.72
2014-12-28,4.5,0.739638266192566,0,0,0.32308325004944843,-14.79,-70.72
2014-12-29,5.5,1.0592456416145657,0,0,0.25745363995482073,-14.79,-70.72
2014-12-30,3.5,1.3332985725503352,0,0,0.20861426607693362,-14.79,-70.72
2014-12-31,7.0,1.4440181618969508,0,0,0.19092388426755721,-14.79,-70.72
2015-01-01,3.5,1.1658813642513008,0,0,0.23760025371355353,-14.79,-70.72
2015-01-02,1.0,1.1340001748893878,0,0,0.24342363850178927,-14.79,-70.72
2015-01-03,3.0,1.3902642340077618,0,0,0.1993655767450476,-14.79,-70.72
2015-01-04,1.5,1.3681913892720088,0,0,0.20291221187102912,-14.79,-70.72
2015-01-05,3.5,1.2689977456508723,0,0,0.21942886977943354,-14.79,-70.72
2015-01-06,4.0,0.9839798816857295,0,0,0.27210280231300915,-14.79,-70.72
2015-01-07,3.5,1.151621649814028,0,0,0.2401930067539625,-14.79,-70.72
2015-01-08,2.5,0.9175174222047167,0,0,0.2854640065691795,-14.79,-70.72
2015-01-09,-0.5,0.9900354176760429,1,0,0.2709050820532817,-14.79,-70.72
2015-01-10,3.5,1.4062920495685756,0,0,0.1968195562944951,-14.79,-70.72
2015-01-11,4.0,1.2906498937577124,0,0,0.2157428298750063,-14.79,-70.72
2015-01-12,3.0,1.395350624987847,0,0,0.1985549337280891,-14.79,-70.72
2015-01-13,4.0,1.1811599479420378,0,0,0.23484369860935791,-14.79,-70.72
2015-01-14,-1.5,1.4812699049976574,1,0,0.18523568426591766,-14.79,-70.72
2015-01-15,-0.5,1.5378776884239853,1,0,0.17684400825336752,-14.79,-70.72
2015-01-16,3.5,1.3679579468122869,0,0,0.20294997120365363,-14.79,-70.72
2015-01-17,3.0,1.4649387968079397,0,0,0.18771311108408517,-14.79,-70.72
2015-01-18,2.0,1.657143417092299,0,0,0.1601458320045564,-14.79,-70.72
2015-01-19,3.0,1.6949168540802386,0,0,0.15513031982579195,-14.79,-70.72
2015-01-20,5.5,1.3799830313005952,0,0,0.20101172501183326,-14.79,-70.72
2015-01-21,4.5,1.2684173004215564,0,0,0.21952830453672664,-14.79,-70.72
2015-01-22,3.5,1.2660157388551827,0,0,0.21994005474069325,-14.79,-70.72
2015-01-23,3.0,1.5081292924768404,0,0,0.18121619740001865,-14.79,-70.72
2015-01-24,3.5,1.4636691689607426,0,0,0.1879067767612513,-14.79,-70.72
2015-01-25,4.5,0.9021969390007092,0,0,0.2885992350510918,-14.79,-70.72
2015-01-26,4.0,0.9669781521090615,0,0,0.2754832301566494,-14.79,-70.72
2015-01-27,3.0,0.9740063609562348,0,0,0.27408267012967985,-14.79,-70.72
2015-01-28,3.5,1.2406640941692268,0,0,0.224320411682998,-14.79,-70.72
2015-01-29,2.5,1.1086100621951607,0,0,0.24813010673151242,-14.79,-70.72
2015-01-30,5.0,1.6093601617044113,0,0,0.16667746565899455,-14.79,-70.72
2015-01-31,2.0,1.89542620834112,0,0,0.13062701365307589,-14.79,-70.72
2015-02-01,4.5,1.6242648372965336,0,0,0.16461753651932773,-14.79,-70.72
2015-02-02,4.0,1.7976296725061465,0,0,0.14213984832435864,-14.79,-70.72
2015-02-03,0.0,1.7236180514612478,1,0,0.15140572253976267,-14.79,-70.72
2015-02-04,1.0,1.8520022308158097,0,0,0.13563798352606574,-14.79,-70.72
2015-02-05,1.5,2.0081984461526963,0,0,0.11834482151422694,-14.79,-70.72
2015-02-06,4.5,1.859059643938492,0,0,0.13481269576083454,-14.79,-70.72
2015-02-07,3.0,2.094189309336463,0,0,0.10966287370821055,-14.79,-70.72
2015-02-08,4.0,2.230377443796871,0,0,0.0970555583749955,-14.79,-70.72
2015-02-09,2.5,1.7013738315914413,0,0,0.15428591994684532,-14.79,-70.72
2015-02-10,5.0,2.052398640478734,0,0,0.11381023628812227,-14.79,-70.72
2015-02-11,5.5,1.7273953418820867,0,0,0.15092104736798967,-14.79,-70.72
2015-02-12,5.0,1.8180284841185737,0,0,0.1396706074382487,-14.79,-70.72
2015-02-13,4.0,1.840927267745914,0,0,0.13694166315876016,-14.79,-70.72
2015-02-14,5.5,1.7120657586917902,0,0,0.1528959693071397,-14.79,-70.72
2015-02-15,6.0,2.105619090460677,0,0,0.10855187377896988,-14.79,-70.72
2015-02-16,4.5,1.521720864992444,0,0,0.1792082530560576,-14.79,-70.72
2015-02-17,3.5,1.5589949195748565,0,0,0.17379091682592412,-14.79,-70.72
2015-02-18,1.0,1.5136631813221166,0,0,0.18039654425249366,-14.79,-70.72
2015-02-19,0.5,1.3408843599294435,0,0,0.20736466351106372,-14.79,-70.72
2015-02-20,1.5,1.2685819622223118,0,0,0.219500093406617,-14.79,-70.72
2015-02-21,4.5,1.2133379394284125,0,0,0.22911097397062896,-14.79,-70.72
2015-02-22,5.5,1.0797892186651943,0,0,0.25354590714550895,-14.79,-70.72
2015-02-23,6.0,0.9771017000430797,0,0,0.2734672481053943,-14.79,-70.72
2015-02-24,5.5,1.1795077868618433,0,0,0.23514070900962689,-14.79,-70.72
2015-02-25,0.0,1.0046193409844415,1,0,0.2680341737621786,-14.79,-70.72
2015-02-26,4.0,1.2996580103448787,0,0,0.21422257888264692,-14.79,-70.72
2015-02-27,6.0,1.3533653226227687,0,0,0.205320727317005,-14.79,-70.72
2015-02-28,4.0,0.9484314552676381,0,0,0.27920037837302086,-14.79,-70.72
2015-03-01,4.5,0.9978757590536134,0,0,0.26935927742582705,-14.79,-70.72
2015-03-02,5.0,0.8888547641993627,0,0,0.29134622042665603,-14.79,-70.72
2015-03-03,3.5,0.6010598817622839,0,0,0.35410124698150575,-14.79,-70.72
2015-03-04,5.0,0.5014026262412807,0,0,0.3772111030863905,-14.79,-70.72
2015-03-05,3.5,0.5338395694000022,0,0,0.3696218155214776,-14.79,-70.72
2015-03-06,5.0,0.5911958317752779,0,0,0.3563605220322812,-14.79,-70.72
2015-03-07,5.5,0.595307779938195,0,0,0.35541793199581045,-14.79,-70.72
2015-03-08,3.5,0.322198924353013,0,0,0.4201399468106327,-14.79,-70.72
2015-03-09,3.0,0.18562469962787187,0,0,0.45372661719934054,-14.79,-70.72
2015-03-10,5.5,0.1199916371802372,0,0,0.4700380314323801,-14.79,-70.72
2015-03-11,5.0,-0.07069473558016304,0,1,0.517666326857162,-14.79,-70.72
2015-03-12,2.0,-0.1437501546338309,0,1,0.5358757815090682,-14.79,-70.72
2015-03-13,3.0,-0.3270120160784713,0,1,0.5810321772152273,-14.79,-70.72
2015-03-14,3.5,-0.47392073113417243,0,1,0.6163113200612499,-14.79,-70.72
2015-03-15,1.0,-0.35558537438363436,0,1,0.5879713591886331,-14.79,-70.72
2015-03-16,4.0,-0.520552610492059,0,1,0.6272769760466089,-14.79,-70.72
2015-03-17,5.5,-0.47516024195938256,0,1,0.6166043869758036,-14.79,-70.72
2015-03-18,3.5,-0.825325718828986,0,1,0.6953656714917024,-14.79,-70.72
2015-03-19,4.5,-0.9691566097290689,0,1,0.7249513603058519,-14.79,-70.72
2015-03-20,5.0,-1.3428910775719087,0,1,0.7929649760639521,-14.79,-70.72
2015-03-21,4.5,-1.2387283978383725,0,1,0.7753425959507525,-14.79,-70.72
2015-03-22,3.0,-1.4640911153095328,0,1,0.8121576028528472,-14.79,-70.72
2015-03-23,-1.0,-1.7383349867266644,1,1,0.8504754543334154,-14.79,-70.72
2015-03-24,-0.5,-1.3822191829756392,1,1,0.7993471742860556,-14.79,-70.72
2015-03-25,5.0,-1.5059934325571813,0,1,0.8184666745487965,-14.79,-70.72
2015-03-26,4.0,-1.996792837797399,0,1,0.880459935063022,-14.79,-70.72
2015-03-27,3.0,-2.0867686864106503,0,1,0.8896104980900035,-14.79,-70.72
2015-03-28,0.0,-2.3607863151011284,1,1,0.913787771314846,-14.79,-70.72
2015-03-29,0.5,-2.7684650842718175,0,1,0.9409477565280046,-14.79,-70.72
2015-03-30,5.0,-3.1143522245524826,0,1,0.9574808934136223,-14.79,-70.72
2015-03-31,1.5,-2.904803845854307,0,1,0.9480833979166984,-14.79,-70.72
2015-04-01,3.5,-3.01017528135618,0,1,0.9530317009375646,-14.79,-70.72
2015-04-02,4.5,-3.1974638374079727,0,1,0.9607387252934008,-14.79,-70.72
2015-04-03,3.5,-3.485621950814607,0,1,0.9702758899445924,-14.79,-70.72
2015-04-04,-1.0,-3.9378738415088206,1,1,0.9808829746227391,-14.79,-70.72
2015-04-05,0.5,-3.7767435625414536,0,1,0.9776154097120952,-14.79,-70.72
2015-04-06,2.0,-4.449420502843416,0,1,0.9884496332950677,-14.79,-70.72
2015-04-07,4.0,-4.563880029604652,0,1,0.9896859439001046,-14.79,-70.72
2015-04-08,5.5,-4.697680719744934,0,1,0.9909659617912665,-14.79,-70.72
2015-04-09,1.0,-5.272072191297492,0,1,0.9948932496970686,-14.79,-70.72
2015-04-10,2.5,-5.2592866454256155,0,1,0.9948278777908449,-14.79,-70.72
2015-04-11,3.5,-4.967138936917655,0,1,0.9930851074187914,-14.79,-70.72
2015-04-12,4.0,-5.466121968127806,0,1,0.9957902021628153,-14.79,-70.72
2015-04-13,3.5,-5.1548096240703565,0,1,0.9942615412264765,-14.79,-70.72
2015-04-14,5.0,-5.316158991263242,0,1,0.9951124227675676,-14.79,-70.72
2015-04-15,4.0,-5.416606514069995,0,1,0.9955774502038672,-14.79,-70.72
2015-04-16,4.5,-5.444629945931846,0,1,0.9956991391647436,-14.79,-70.72
2015-04-17,5.0,-5.912046946904855,0,1,0.9973006652667146,-14.79,-70.72
2015-04-18,0.0,-6.093607043250696,1,1,0.9977478315057814,-14.79,-70.72
2015-04-19,2.3,-6.224690659778599,0,1,0.9980239762064977,-14.79,-70.72
2015-04-20,2.0,-6.381002312208342,0,1,0.9983094380740425,-14.79,-70.72
2015-04-21,5.0,-6.574293859201349,0,1,0.998606154321953,-14.79,-70.72
2015-04-22,-2.0,-6.231812688229814,1,1,0.9980379719936147,-14.79,-70.72
2015-04-23,2.5,-6.817982475269303,0,1,0.9989072696462307,-14.79,-70.72
2015-04-24,3.0,-6.87583032611788,0,1,0.9989686248122889,-14.79,-70.72
2015-04-25,3.5,-7.117940940234537,0,1,0.9991902225051712,-14.79,-70.72
2015-04-26,5.0,-7.604865076001573,0,1,0.9995022252908884,-14.79,-70.72
2015-04-27,4.0,-7.773001034394319,0,1,0.9995792290330914,-14.79,-70.72
2015-04-28,1.5,-7.809102704005259,0,1,0.9995941425806086,-14.79,-70.72
2015-04-29,0.0,-7.922675493948855,1,1,0.9996376999636136,-14.79,-70.72
2015-04-30,-0.5,-8.277298326812026,1,1,0.999745841512146,-14.79,-70.72
2015-05-01,5.0,-8.728105417164713,0,1,0.9998380572002553,-14.79,-70.72
2015-05-02,-1.5,-9.554148615484136,1,1,0.9999290985390927,-14.79,-70.72
2015-05-03,-1.0,-9.120931420884789,1,1,0.9998906591802951,-14.79,-70.72
2015-05-04,-3.0,-8.687778276768922,1,1,0.9998313941637129,-14.79,-70.72
2015-05-05,-2.5,-8.668758002314785,1,1,0.9998281570981719,-14.79,-70.72
2015-05-06,-3.0,-8.877416440392004,1,1,0.999860515341098,-14.79,-70.72
2015-05-07,-3.5,-9.314006431917761,1,1,0.9999098554964736,-14.79,-70.72
2015-05-08,2.5,-8.693616045481596,0,1,0.9998323754136571,-14.79,-70.72
2015-05-09,-1.5,-8.721885280520302,1,1,0.9998370469192706,-14.79,-70.72
2015-05-10,-0.5,-8.485349893740828,1,1,0.9997935714775155,-14.79,-70.72
2015-05-11,-3.5,-8.6905673486364,1,1,0.9998318636833745,-14.79,-70.72
2015-05-12,-2.0,-8.97662153858673,1,1,0.9998736870322301,-14.79,-70.72
2015-05-13,-2.5,-9.004720282321959,1,1,0.9998771864373633,-14.79,-70.72
2015-05-14,-2.0,-8.692715275714708,1,1,0.9998322243798171,-14.79,-70.72
2015-05-15,-3.0,-8.715005391953717,1,1,0.9998359221394376,-14.79,-70.72
2015-05-16,1.5,-9.34961973020755,0,1,0.999913009072375,-14.79,-70.72
2015-05-17,1.0,-8.984896646135171,0,1,0.999874727842335,-14.79,-70.72
2015-05-18,-4.0,-9.703025679656044,1,1,0.999938905381717,-14.79,-70.72
2015-05-19,-4.5,-9.77583470487771,1,1,0.9999431953012503,-14.79,-70.72
2015-05-20,-2.0,-9.235861371740256,1,1,0.9999025293106474,-14.79,-70.72
2015-05-21,-6.0,-9.704690039109568,1,1,0.9999390069743538,-14.79,-70.72
2015-05-22,-6.5,-9.582016865219416,1,1,0.9999310470259049,-14.79,-70.72
2015-05-23,-7.0,-9.946923345505153,1,1,0.9999521275903791,-14.79,-70.72
2015-05-24,-6.0,-9.845850533495732,1,1,0.9999470362848463,-14.79,-70.72
2015-05-25,-4.0,-9.534210765588323,1,1,0.9999276708332562,-14.79,-70.72
2015-05-26,-4.5,-10.20218894174025,1,1,0.9999629123315388,-14.79,-70.72
2015-05-27,-3.5,-10.491942788845233,1,1,0.9999722415579959,-14.79,-70.72
2015-05-28,-8.0,-10.303428059466537,1,1,0.9999664831270876,-14.79,-70.72
2015-05-29,-8.0,-9.872482021253944,1,1,0.9999484280993312,-14.79,-70.72
2015-05-30,-6.5,-10.013471567504448,1,1,0.9999552095835039,-14.79,-70.72
2015-05-31,-6.5,-10.456508376196041,1,1,0.9999712403483146,-14.79,-70.72
2015-06-01,-3.0,-10.93831225474468,1,1,0.9999822358827303,-14.79,-70.72
2015-06-02,-0.5,-9.91196665205862,1,1,0.9999504246205073,-14.79,-70.72
2015-06-03,-4.5,-10.109825384905662,1,1,0.9999593237454468,-14.79,-70.72
2015-06-04,-6.5,-10.290488698289732,1,1,0.9999660466370273,-14.79,-70.72
2015-06-05,-6.5,-10.47588142210784,1,1,0.9999717921325227,-14.79,-70.72
2015-06-06,-10.0,-10.654421931710617,1,1,0.9999764042873002,-14.79,-70.72
2015-06-07,-10.5,-10.737754481218037,1,1,0.9999782908383488,-14.79,-70.72
2015-06-08,-10.0,-10.898214374568438,1,1,0.9999815091189871,-14.79,-70.72
2015-06-09,-11.0,-11.102587577580106,1,1,0.9999849269571415,-14.79,-70.72
2015-06-10,-4.5,-10.631127333370827,1,1,0.9999758481961113,-14.79,-70.72
2015-06-11,-8.0,-10.434427202567989,1,1,0.9999705982571493,-14.79,-70.72
2015-06-12,-10.0,-10.47537083857478,1,1,0.9999717777267793,-14.79,-70.72
2015-06-13,-11.0,-10.542408583555579,1,1,0.9999736076134139,-14.79,-70.72
2015-06-14,-11.5,-10.459363039750848,1,1,0.9999713223280217,-14.79,-70.72
2015-06-15,-9.0,-11.02967855419747,1,1,0.9999837869610719,-14.79,-70.72
2015-06-16,-6.0,-11.115384373037111,1,1,0.9999851186120178,-14.79,-70.72
2015-06-17,-6.5,-11.316038148002143,1,1,0.9999878240799615,-14.79,-70.72
2015-06-18,-6.5,-11.12950734876581,1,1,0.9999853273012899,-14.79,-70.72
2015-06-19,-6.0,-11.453102792729272,1,1,0.9999893836300071,-14.79,-70.72
2015-06-20,-7.5,-11.124398778836248,1,1,0.9999852521541038,-14.79,-70.72
2015-06-21,-8.0,-10.989882482405193,1,1,0.9999831287463842,-14.79,-70.72
2015-06-22,-7.5,-11.119141705382114,1,1,0.9999851744205979,-14.79,-70.72
2015-06-23,-8.0,-11.280643170226579,1,1,0.9999873854012645,-14.79,-70.72
2015-06-24,-9.0,-10.992369991177027,1,1,0.9999831706609161,-14.79,-70.72
2015-06-25,-7.5,-11.034943083844162,1,1,0.9999838720894425,-14.79,-70.72
2015-06-26,-8.0,-10.540064985827724,1,1,0.9999735456893788,-14.79,-70.72
2015-06-27,-8.5,-11.672468406720673,1,1,0.9999914747391073,-14.79,-70.72
2015-06-28,-8.5,-12.281230810970948,1,1,0.999995362037706,-14.79,-70.72
2015-06-29,-12.0,-11.546754374680987,1,1,0.9999903327245593,-14.79,-70.72
2015-06-30,-13.0,-10.898115806896886,1,1,0.9999815072963278,-14.79,-70.72
2015-07-01,-11.5,-11.342754780703308,1,1,0.9999881450687264,-14.79,-70.72
2015-07-02,-8.0,-11.284826364848481,1,1,0.9999874380597061,-14.79,-70.72
2015-07-03,-3.0,-11.204778767912131,1,1,0.9999863911790585,-14.79,-70.72
2015-07-04,-2.5,-11.265226132841992,1,1,0.9999871894171504,-14.79,-70.72
2015-07-05,-2.0,-11.402245127476466,1,1,0.9999888297470292,-14.79,-70.72
2015-07-06,-12.0,-11.061640972179191,1,1,0.9999842969669338,-14.79,-70.72
2015-07-07,-14.5,-11.198887611329948,1,1,0.9999863107718477,-14.79,-70.72
2015-07-08,-15.0,-11.439984870267008,1,1,0.9999892434493575,-14.79,-70.72
2015-07-09,-14.0,-11.419212624704656,1,1,0.999989017677322,-14.79,-70.72
2015-07-10,-15.0,-11.194483074102521,1,1,0.9999862503449832,-14.79,-70.72
2015-07-11,-15.5,-11.012456652151212,1,1,0.9999835053281428,-14.79,-70.72
2015-07-12,-12.5,-10.880879448310637,1,1,0.9999811857926362,-14.79,-70.72
2015-07-13,-9.5,-11.241827659314467,1,1,0.9999868861387079,-14.79,-70.72
2015-07-14,-9.0,-10.654543062463723,1,1,0.9999764071452263,-14.79,-70.72
2015-07-15,-5.0,-10.151859804225534,1,1,0.99996099804586,-14.79,-70.72
2015-07-16,-10.0,-10.33067454452729,1,1,0.9999673839859302,-14.79,-70.72
2015-07-17,-11.0,-10.744998540545886,1,1,0.9999784475291903,-14.79,-70.72
2015-07-18,-11.0,-10.55291160841482,1,1,0.9999738833554691,-14.79,-70.72
2015-07-19,-12.5,-10.603361551114492,1,1,0.9999751682227231,-14.79,-70.72
2015-07-20,-13.0,-10.098320400764258,1,1,0.9999588530827475,-14.79,-70.72
2015-07-21,-12.0,-10.07512846197079,1,1,0.999957887694809,-14.79,-70.72
2015-07-22,-10.0,-9.363135671372639,1,1,0.9999141768263031,-14.79,-70.72
2015-07-23,-9.0,-9.29286649230835,1,1,0.9999079297390866,-14.79,-70.72
2015-07-24,-7.0,-9.477567340861855,1,1,0.9999234559287211,-14.79,-70.72
2015-07-25,-7.5,-9.865827749732382,1,1,0.9999480837994553,-14.79,-70.72
2015-07-26,-8.0,-9.490698651347577,1,1,0.9999244544067444,-14.79,-70.72
2015-07-27,-11.0,-9.719575592264892,1,1,0.9999399081111217,-14.79,-70.72
2015-07-28,-10.0,-8.881097275984061,1,1,0.9998610277462259,-14.79,-70.72
2015-07-29,-10.0,-8.624771831823667,1,1,0.9998204310707668,-14.79,-70.72
2015-07-30,-11.0,-8.253368206775304,1,1,0.9997396877153679,-14.79,-70.72
2015-07-31,-10.5,-8.160352366300403,1,1,0.9997143199521441,-14.79,-70.72
2015-08-01,-10.0,-8.547572360659053,1,1,0.999806022106683,-14.79,-70.72
2015-08-02,-9.0,-8.379032713374663,1,1,0.9997704207607452,-14.79,-70.72
2015-08-03,-9.0,-8.237671516049947,1,1,0.9997355705258227,-14.79,-70.72
2015-08-04,-9.5,-8.209079492805412,1,1,0.9997279029154651,-14.79,-70.72
2015-08-05,-9.5,-8.397635640873482,1,1,0.9997746511732293,-14.79,-70.72
2015-08-06,-12.5,-8.293129520595627,1,1,0.99974983246372,-14.79,-70.72
2015-08-07,-11.5,-7.646663485360774,1,1,0.9995225929164676,-14.79,-70.72
2015-08-08,-8.5,-7.515219475673511,1,1,0.9994555661212731,-14.79,-70.72
2015-08-09,-2.5,-7.5807270180346435,1,1,0.9994900699905838,-14.79,-70.72
2015-08-10,-18.5,-6.849715451527224,1,1,0.9989413646940881,-14.79,-70.72
2015-08-11,-9.5,-6.270061188864387,1,1,0.9981114605262841,-14.79,-70.72
2015-08-12,1.0,-5.924375493508797,0,1,0.9973336516527962,-14.79,-70.72
2015-08-13,1.0,-5.9815271238666785,0,1,0.9974813919946379,-14.79,-70.72
2015-08-14,-4.5,-5.918969580081768,1,1,0.9973192373188907,-14.79,-70.72
2015-08-15,-9.0,-6.369495371379983,1,1,0.9982899059829995,-14.79,-70.72
2015-08-16,-5.5,-5.725584935445204,1,1,0.9967491574609468,-14.79,-70.72
2015-08-17,-4.5,-6.177071586349685,1,1,0.9979278031063651,-14.79,-70.72
2015-08-18,-2.0,-6.141125130242767,1,1,0.9978521228943241,-14.79,-70.72
2015-08-19,-6.5,-5.55375934011387,1,1,0.9961420708544706,-14.79,-70.72
2015-08-20,-6.5,-4.9033610010197926,1,1,0.9926330772227242,-14.79,-70.72
2015-08-21,-6.0,-5.216759241390585,1,1,0.9946043891481148,-14.79,-70.72
2015-08-22,-7.5,-4.945748153084922,1,1,0.9929366551258814,-14.79,-70.72
2015-08-23,-7.0,-5.037495932552385,1,1,0.9935518689035439,-14.79,-70.72
2015-08-24,-6.5,-5.049588521410363,1,1,0.9936288801451949,-14.79,-70.72
2015-08-25,-7.0,-4.776584348454815,1,1,0.9916456572402018,-14.79,-70.72
2015-08-26,-6.0,-4.608148852502424,1,1,0.990128167064759,-14.79,-70.72
2015-08-27,-9.0,-5.122969328455888,1,1,0.994076986677426,-14.79,-70.72
2015-08-28,-13.0,-4.752108144540122,1,1,0.991440423502188,-14.79,-70.72
2015-08-29,-13.5,-5.308544444339236,1,1,0.9950752480094861,-14.79,-70.72
2015-08-30,-14.0,-5.202945829730882,1,1,0.9945297507430559,-14.79,-70.72
2015-08-31,-11.0,-4.795964778833746,1,1,0.99180469500237,-14.79,-70.72
2015-09-01,-7.0,-4.809637909827006,1,1,0.9919150880929949,-14.79,-70.72
2015-09-02,0.0,-5.00152201052428,1,1,0.9933172598945907,-14.79,-70.72
2015-09-03,-1.0,-4.939099063138384,1,1,0.9928898688658301,-14.79,-70.72
2015-09-04,2.5,-5.14127199201466,0,1,0.9941837827715738,-14.79,-70.72
2015-09-05,2.5,-4.505030894391006,0,1,0.9890675899489676,-14.79,-70.72
2015-09-06,-2.5,-4.381206331187028,1,1,0.9876443148091614,-14.79,-70.72
2015-09-07,-8.0,-4.857436025472368,1,1,0.9922895318466662,-14.79,-70.72
2015-09-08,-10.0,-4.159458072853563,1,1,0.9846240920888439,-14.79,-70.72
2015-09-09,-10.0,-4.600354490571448,1,1,0.9900516902381852,-14.79,-70.72
2015-09-10,-10.5,-5.01501347339674,1,1,0.9934062238636774,-14.79,-70.72
2015-09-11,-6.0,-4.921097551387257,1,1,0.9927616516257312,-14.79,-70.72
2015-09-12,-4.5,-4.174961917006692,1,1,0.9848570573134018,-14.79,-70.72
2015-09-13,-7.0,-4.285229604827648,1,1,0.9864165903960551,-14.79,-70.72
2015-09-14,-5.0,-3.8298654738746283,1,1,0.9787488793916325,-14.79,-70.72
2015-09-15,-1.0,-4.249230416332155,1,1,0.9859256980400855,-14.79,-70.72
2015-09-16,-4.0,-4.284023098546344,1,1,0.9864004150475552,-14.79,-70.72
2015-09-17,-5.0,-3.60120230885661,1,1,0.9734341160001131,-14.79,-70.72
2015-09-18,-1.5,-3.82912626310528,1,1,0.9787334987270272,-14.79,-70.72
2015-09-19,2.0,-3.269750635355327,0,1,0.963376374575012,-14.79,-70.72
2015-09-20,2.5,-2.9653019200846287,0,1,0.95098173721793,-14.79,-70.72
2015-09-21,-2.5,-2.9316471570811315,1,1,0.9493888789759704,-14.79,-70.72
2015-09-22,0.0,-2.886774423726897,1,1,0.9471887636549349,-14.79,-70.72
2015-09-23,0.5,-3.5965540695422007,0,1,0.9733136469994796,-14.79,-70.72
2015-09-24,4.0,-3.6339238292914082,0,1,0.9742673171643278,-14.79,-70.72
2015-09-25,5.0,-3.4592350097629274,0,1,0.9695053581355683,-14.79,-70.72
2015-09-26,3.0,-3.551421212722526,0,1,0.9721159761854026,-14.79,-70.72
2015-09-27,-5.0,-3.039335501463988,1,1,0.9543198701718051,-14.79,-70.72
2015-09-28,-5.5,-2.221365363504936,1,1,0.9021517879142898,-14.79,-70.72
2015-09-29,-9.0,-2.423172934559998,1,1,0.9185773731776025,-14.79,-70.72
2015-09-30,-7.0,-2.8427979082522867,1,1,0.9449452012842606,-14.79,-70.72
2015-10-01,-2.5,-2.265778155590628,1,1,0.9060028641810093,-14.79,-70.72
2015-10-02,3.0,-2.296721927125183,0,1,0.9086051862805357,-14.79,-70.72
2015-10-03,4.5,-2.7045849709815863,0,1,0.9372966510913922,-14.79,-70.72
2015-10-04,-3.5,-1.9314406797082697,1,1,0.8734087955957611,-14.79,-70.72
2015-10-05,-4.5,-2.0371904534950573,1,1,0.884646872461721,-14.79,-70.72
2015-10-06,-5.5,-2.311636637992099,1,1,0.9098362058096843,-14.79,-70.72
2015-10-07,-5.0,-1.8030162514075574,1,1,0.8585157049060257,-14.79,-70.72
2015-10-08,-4.0,-1.896150447094783,1,1,0.8694552115048518,-14.79,-70.72
2015-10-09,-10.0,-1.76184594121422,1,1,0.8534407005909357,-14.79,-70.72
2015-10-10,-11.0,-1.18460173048513,1,1,0.7657741981379683,-14.79,-70.72
2015-10-11,-10.5,-2.149508557743657,1,1,0.8956228445297401,-14.79,-70.72
2015-10-12,-12.0,-1.7331701725205662,1,1,0.8498174710533917,-14.79,-70.72
2015-10-13,-13.0,-1.9850170327223795,1,1,0.8792149654246301,-14.79,-70.72
2015-10-14,-9.0,-1.9850706211752718,1,1,0.8792206561888627,-14.79,-70.72
2015-10-15,-7.5,-2.008694637717877,1,1,0.8817069409750873,-14.79,-70.72
2015-10-16,-6.5,-1.4606089285338855,1,1,0.8116257911505247,-14.79,-70.72
2015-10-17,-1.0,-1.5190022304126742,1,1,0.8203915069563796,-14.79,-70.72
2015-10-18,-2.0,-2.0440833618893928,1,1,0.8853484088064109,-14.79,-70.72
2015-10-19,-3.0,-1.8518976026482328,1,1,0.864349749366345,-14.79,-70.72
2015-10-20,4.5,-1.794208248156933,0,1,0.8574424454651045,-14.79,-70.72
2015-10-21,2.0,-1.906548078264532,0,1,0.8706308455001167,-14.79,-70.72
2015-10-22,-4.0,-1.9982145030637593,1,1,0.8806094847557709,-14.79,-70.72
2015-10-23,-5.0,-2.927340575067066,1,1,0.9491815483473893,-14.79,-70.72
2015-10-24,-4.0,-2.223431870814542,1,1,0.9023340551175157,-14.79,-70.72
2015-10-25,2.0,-2.157822382000625,0,1,0.8963974897676548,-14.79,-70.72
2015-10-26,0.0,-1.9255358434958298,1,1,0.87275448142685,-14.79,-70.72
2015-10-27,2.5,-1.5847996146119763,0,1,0.8298831868101396,-14.79,-70.72
2015-10-28,3.5,-1.6375110749100346,0,1,0.8371959843899149,-14.79,-70.72
2015-10-29,2.5,-1.7730055677982706,0,1,0.854831044697973,-14.79,-70.72
2015-10-30,-2.0,-1.612950807891257,1,1,0.833820664331388,-14.79,-70.72
