year,month,day,precip,tmax,tmin,estacion,lat,lon,zona,departamento,fecha,frost,day_of_year,tmin_lag_1,tmin_lag_2,tmin_lag_3,tmin_pred_rf,prob_frost_rf
2015,1,1,0.0,16.0,3.5,CHUQUIBAMBILLA,-14.79,-70.72,Norte,PUNO,2015-01-01,0,1,7.0,3.5,5.5,5.228227308995168,0.060388848282517046
2015,1,2,8.1,13.5,1.0,CHUQUIBAMBILLA,-14.79,-70.72,Norte,PUNO,2015-01-02,0,2,3.5,7.0,3.5,4.361379584917201,0.03731713694686051
2015,1,3,25.5,13.0,3.0,CHUQUIBAMBILLA,-14.79,-70.72,Norte,PUNO,2015-01-03,0,3,1.0,3.5,7.0,4.064613847813328,0.09227067343554131
2015,1,4,5.7,10.0,1.5,CHUQUIBAMBILLA,-14.79,-70.72,Norte,PUNO,2015-01-04,0,4,3.0,1.0,3.5,3.0013807137673467,0.07764993741633633
2015,1,5,12.8,14.0,3.5,CHUQUIBAMBILLA,-14.79,-70.72,Norte,PUNO,2015-01-05,0,5,1.5,3.0,1.0,2.522037545614819,0.0785303275036973
2015,1,6,6.1,15.0,4.0,CHUQUIBAMBILLA,-14.79,-70.72,Norte,PUNO,2015-01-06,0,6,3.5,1.5,3.0,3.1986916610059044,0.034895168274121285
2015,1,7,0.0,16.0,3.5,CHUQUIBAMBILLA,-14.79,-70.72,Norte,PUNO,2015-01-07,0,7,4.0,3.5,1.5,3.0212648286041484,0.10668711743113268
2015,1,8,48.6,15.5,2.5,CHUQUIBAMBILLA,-14.79,-70.72,Norte,PUNO,2015-01-08,0,8,3.5,4.0,3.5,3.3569004836812337,0.04230260308979318
2015,1,9,13.3,14.0,-0.5,CHUQUIBAMBILLA,-14.79,-70.72,Norte,PUNO,2015-01-09,1,9,2.5,3.5,4.0,3.4716419005559724,0.03523599944100854
2015,1,10,9.2,13.5,3.5,CHUQUIBAMBILLA,-14.79,-70.72,Norte,PUNO,2015-01-10,0,10,-0.5,2.5,3.5,2.1446478761633543,0.14654648430539446
2015,1,11,22.5,14.0,4.0,CHUQUIBAMBILLA,-14.79,-70.72,Norte,PUNO,2015-01-11,0,11,3.5,-0.5,2.5,2.588774452992275,0.1185830174302491
2015,1,12,6.3,13.5,3.0,CHUQUIBAMBILLA,-14.79,-70.72,Norte,PUNO,2015-01-12,0,12,4.0,3.5,-0.5,3.0868897842808156,0.048365395466811824
2015,1,13,3.3,12.5,4.0,CHUQUIBAMBILLA,-14.79,-70.72,Norte,PUNO,2015-01-13,0,13,3.0,4.0,3.5,3.3054573608797466,0.021808015700981988
2015,1,14,0.0,16.5,-1.5,CHUQUIBAMBILLA,-14.79,-70.72,Norte,PUNO,2015-01-14,1,14,4.0,3.0,4.0,3.0695807632390397,0.06181473203347891
2015,1,15,1.3,18.5,-0.5,CHUQUIBAMBILLA,-14.79,-70.72,Norte,PUNO,2015-01-15,1,15,-1.5,4.0,3.0,1.277140461361813,0.2713536688758623
2015,1,16,0.0,16.0,3.5,CHUQUIBAMBILLA,-14.79,-70.72,Norte,PUNO,2015-01-16,0,16,-0.5,-1.5,4.0,0.09447907805066252,0.49083628192808887
2015,1,17,6.1,15.5,3.0,CHUQUIBAMBILLA,-14.79,-70.72,Norte,PUNO,2015-01-17,0,17,3.5,-0.5,-1.5,2.512965391634763,0.09093282031772792
2015,1,18,0.0,16.0,2.0,CHUQUIBAMBILLA,-14.79,-70.72,Norte,PUNO,2015-01-18,0,18,3.0,3.5,-0.5,2.2646570665835446,0.1442352209978243
2015,1,19,12.8,16.5,3.0,CHUQUIBAMBILLA,-14.79,-70.72,Norte,PUNO,2015-01-19,0,19,2.0,3.0,3.5,2.7500592007483005,0.03993531522280254
2015,1,20,3.8,11.5,5.5,CHUQUIBAMBILLA,-14.79,-70.72,Norte,PUNO,2015-01-20,0,20,3.0,2.0,3.0,3.0235357004429684,0.056629972704082154
2015,1,21,0.0,15.0,4.5,CHUQUIBAMBILLA,-14.79,-70.72,Norte,PUNO,2015-01-21,0,21,5.5,3.0,2.0,3.7651655605977847,0.05912025348434836
2015,1,22,4.0,16.0,3.5,CHUQUIBAMBILLA,-14.79,-70.72,Norte,PUNO,2015-01-22,0,22,4.5,5.5,3.0,4.368952978536055,0.009593793580794431
2015,1,23,4.3,15.5,3.0,CHUQUIBAMBILLA,-14.79,-70.72,Norte,PUNO,2015-01-23,0,23,3.5,4.5,5.5,3.998157236389046,0.02312709630618616
2015,1,24,0.0,16.0,3.5,CHUQUIBAMBILLA,-14.79,-70.72,Norte,PUNO,2015-01-24,0,24,3.0,3.5,4.5,2.5487384755411977,0.07150732834048458
2015,1,25,0.0,13.5,4.5,CHUQUIBAMBILLA,-14.79,-70.72,Norte,PUNO,2015-01-25,0,25,3.5,3.0,3.5,2.96955759292865,0.06553037824997986
2015,1,26,12.5,14.0,4.0,CHUQUIBAMBILLA,-14.79,-70.72,Norte,PUNO,2015-01-26,0,26,4.5,3.5,3.0,3.693384043618133,0.015939292172216703
2015,1,27,15.3,14.5,3.0,CHUQUIBAMBILLA,-14.79,-70.72,Norte,PUNO,2015-01-27,0,27,4.0,4.5,3.5,3.946836805751108,0.010822869653756515
2015,1,28,5.5,14.5,3.5,CHUQUIBAMBILLA,-14.79,-70.72,Norte,PUNO,2015-01-28,0,28,3.0,4.0,4.5,3.431795685359362,0.017362295359974914
2015,1,29,3.2,15.5,2.5,CHUQUIBAMBILLA,-14.79,-70.72,Norte,PUNO,2015-01-29,0,29,3.5,3.0,4.0,3.194536410737764,0.021317661019570732
2015,1,30,4.5,13.0,5.0,CHUQUIBAMBILLA,-14.79,-70.72,Norte,PUNO,2015-01-30,0,30,2.5,3.5,3.0,2.7541776971519907,0.042344226840771125
2015,1,31,0.0,15.5,2.0,CHUQUIBAMBILLA,-14.79,-70.72,Norte,PUNO,2015-01-31,0,31,5.0,2.5,3.5,3.5340773967756007,0.04877988579780703
2015,2,1,0.0,14.0,4.5,CHUQUIBAMBILLA,-14.79,-70.72,Norte,PUNO,2015-02-01,0,32,2.0,5.0,2.5,2.4137908369155774,0.17730465836194845
2015,2,2,0.0,15.0,4.0,CHUQUIBAMBILLA,-14.79,-70.72,Norte,PUNO,2015-02-02,0,33,4.5,2.0,5.0,3.3205880657666667,0.05300581541637737
2015,2,3,0.0,17.5,0.0,CHUQUIBAMBILLA,-14.79,-70.72,Norte,PUNO,2015-02-03,1,34,4.0,4.5,2.0,3.138267915774461,0.07243448897118657
2015,2,4,0.0,18.5,1.0,CHUQUIBAMBILLA,-14.79,-70.72,Norte,PUNO,2015-02-04,0,35,0.0,4.0,4.5,0.9937830846203091,0.3686539253566278
2015,2,5,0.0,18.0,1.5,CHUQUIBAMBILLA,-14.79,-70.72,Norte,PUNO,2015-02-05,0,36,1.0,0.0,4.0,1.2500261107293673,0.294357070742277
2015,2,6,1.3,15.5,4.5,CHUQUIBAMBILLA,-14.79,-70.72,Norte,PUNO,2015-02-06,0,37,1.5,1.0,0.0,1.8289634702438229,0.14435690533699913
2015,2,7,8.3,13.5,3.0,CHUQUIBAMBILLA,-14.79,-70.72,Norte,PUNO,2015-02-07,0,38,4.5,1.5,1.0,3.350756881390555,0.035199391339403065
2015,2,8,5.2,15.0,4.0,CHUQUIBAMBILLA,-14.79,-70.72,Norte,PUNO,2015-02-08,0,39,3.0,4.5,1.5,3.338830025836501,0.03227254895146395
2015,2,9,15.4,15.5,2.5,CHUQUIBAMBILLA,-14.79,-70.72,Norte,PUNO,2015-02-09,0,40,4.0,3.0,4.5,3.7671293561791845,0.015342099813204708
2015,2,10,6.3,14.5,5.0,CHUQUIBAMBILLA,-14.79,-70.72,Norte,PUNO,2015-02-10,0,41,2.5,4.0,3.0,2.8511777915424426,0.03483786858546412
2015,2,11,1.0,12.5,5.5,CHUQUIBAMBILLA,-14.79,-70.72,Norte,PUNO,2015-02-11,0,42,5.0,2.5,4.0,4.220971078411543,0.015805031930694255
2015,2,12,1.5,13.5,5.0,CHUQUIBAMBILLA,-14.79,-70.72,Norte,PUNO,2015-02-12,0,43,5.5,5.0,2.5,4.418770520505562,0.006662255857551538
2015,2,13,0.0,17.5,4.0,CHUQUIBAMBILLA,-14.79,-70.72,Norte,PUNO,2015-02-13,0,44,5.0,5.5,5.0,3.8151085484178022,0.032410305306316126
2015,2,14,3.5,16.0,5.5,CHUQUIBAMBILLA,-14.79,-70.72,Norte,PUNO,2015-02-14,0,45,4.0,5.0,5.5,4.348297108178713,0.007842181712087896
2015,2,15,11.6,15.5,6.0,CHUQUIBAMBILLA,-14.79,-70.72,Norte,PUNO,2015-02-15,0,46,5.5,4.0,5.0,4.426468685342797,0.005240573743532697
2015,2,16,3.8,17.5,4.5,CHUQUIBAMBILLA,-14.79,-70.72,Norte,PUNO,2015-02-16,0,47,6.0,5.5,4.0,5.086192663747591,0.004782290043275806
2015,2,17,4.3,15.0,3.5,CHUQUIBAMBILLA,-14.79,-70.72,Norte,PUNO,2015-02-17,0,48,4.5,6.0,5.5,4.821497890604026,0.006329558626900426
2015,2,18,0.0,18.0,1.0,CHUQUIBAMBILLA,-14.79,-70.72,Norte,PUNO,2015-02-18,0,49,3.5,4.5,6.0,3.758170794228425,0.055331977955058426
2015,2,19,0.0,18.5,0.5,CHUQUIBAMBILLA,-14.79,-70.72,Norte,PUNO,2015-02-19,0,50,1.0,3.5,4.5,2.168040246382671,0.1455992587493174
2015,2,20,0.0,18.5,1.5,CHUQUIBAMBILLA,-14.79,-70.72,Norte,PUNO,2015-02-20,0,51,0.5,1.0,3.5,1.491257815711223,0.3019343611103161
2015,2,21,1.4,15.5,4.5,CHUQUIBAMBILLA,-14.79,-70.72,Norte,PUNO,2015-02-21,0,52,1.5,0.5,1.0,1.8533622914310601,0.1570950641465064
2015,2,22,1.1,14.5,5.5,CHUQUIBAMBILLA,-14.79,-70.72,Norte,PUNO,2015-02-22,0,53,4.5,1.5,0.5,3.31278358479377,0.02977544375417436
2015,2,23,7.9,14.0,6.0,CHUQUIBAMBILLA,-14.79,-70.72,Norte,PUNO,2015-02-23,0,54,5.5,4.5,1.5,4.373175520062461,0.01848388477167902
2015,2,24,1.5,15.5,5.5,CHUQUIBAMBILLA,-14.79,-70.72,Norte,PUNO,2015-02-24,0,55,6.0,5.5,4.5,5.082599236592705,0.004390948813651748
2015,2,25,0.0,17.5,0.0,CHUQUIBAMBILLA,-14.79,-70.72,Norte,PUNO,2015-02-25,1,56,5.5,6.0,5.5,4.56136779176531,0.023464238560248214
2015,2,26,1.3,16.5,4.0,CHUQUIBAMBILLA,-14.79,-70.72,Norte,PUNO,2015-02-26,0,57,0.0,5.5,6.0,2.7034955901230036,0.17341584335609833
2015,2,27,3.6,15.5,6.0,CHUQUIBAMBILLA,-14.79,-70.72,Norte,PUNO,2015-02-27,0,58,4.0,0.0,5.5,3.6948487468481077,0.03725685958176698
2015,2,28,3.3,17.0,4.0,CHUQUIBAMBILLA,-14.79,-70.72,Norte,PUNO,2015-02-28,0,59,6.0,4.0,0.0,4.253216345627382,0.02040543058313435
2015,3,1,1.5,16.5,4.5,CHUQUIBAMBILLA,-14.79,-70.72,Norte,PUNO,2015-03-01,0,60,4.0,6.0,4.0,4.5337927924991615,0.00882006489042792
2015,3,2,6.1,15.0,5.0,CHUQUIBAMBILLA,-14.79,-70.72,Norte,PUNO,2015-03-02,0,61,4.5,4.0,6.0,4.249105582607641,0.008352873773758849
2015,3,3,13.7,17.5,3.5,CHUQUIBAMBILLA,-14.79,-70.72,Norte,PUNO,2015-03-03,0,62,5.0,4.5,4.0,4.20858085230326,0.005552845014365133
2015,3,4,11.7,15.0,5.0,CHUQUIBAMBILLA,-14.79,-70.72,Norte,PUNO,2015-03-04,0,63,3.5,5.0,4.5,3.5666668009988776,0.012520775400614224
2015,3,5,2.4,14.5,3.5,CHUQUIBAMBILLA,-14.79,-70.72,Norte,PUNO,2015-03-05,0,64,5.0,3.5,5.0,4.238594804884034,0.011588423059423258
2015,3,6,2.2,15.0,5.0,CHUQUIBAMBILLA,-14.79,-70.72,Norte,PUNO,2015-03-06,0,65,3.5,5.0,3.5,3.4552097491680143,0.015704696299347166
2015,3,7,7.4,16.0,5.5,CHUQUIBAMBILLA,-14.79,-70.72,Norte,PUNO,2015-03-07,0,66,5.0,3.5,5.0,4.20540658469945,0.010552902892952987
2015,3,8,7.8,16.5,3.5,CHUQUIBAMBILLA,-14.79,-70.72,Norte,PUNO,2015-03-08,0,67,5.5,5.0,3.5,4.345405247080085,0.006550406248237392
2015,3,9,12.2,17.5,3.0,CHUQUIBAMBILLA,-14.79,-70.72,Norte,PUNO,2015-03-09,0,68,3.5,5.5,5.0,4.403029986621333,0.014469711045787642
2015,3,10,0.0,17.5,5.5,CHUQUIBAMBILLA,-14.79,-70.72,Norte,PUNO,2015-03-10,0,69,3.0,3.5,5.5,2.897430231308873,0.05748960186669674
2015,3,11,0.0,17.0,5.0,CHUQUIBAMBILLA,-14.79,-70.72,Norte,PUNO,2015-03-11,0,70,5.5,3.0,3.5,3.639559684629392,0.042322953261411174
2015,3,12,0.0,17.5,2.0,CHUQUIBAMBILLA,-14.79,-70.72,Norte,PUNO,2015-03-12,0,71,5.0,5.5,3.0,3.6561778580792934,0.06322676855230115
2015,3,13,0.0,19.5,3.0,CHUQUIBAMBILLA,-14.79,-70.72,Norte,PUNO,2015-03-13,0,72,2.0,5.0,5.5,2.5032977016123446,0.10966049734726449
2015,3,14,0.0,15.0,3.5,CHUQUIBAMBILLA,-14.79,-70.72,Norte,PUNO,2015-03-14,0,73,3.0,2.0,5.0,2.966513055820309,0.07820102054458866
2015,3,15,0.0,16.0,1.0,CHUQUIBAMBILLA,-14.79,-70.72,Norte,PUNO,2015-03-15,0,74,3.5,3.0,2.0,2.762797374798445,0.09077757603531184
2015,3,16,3.7,16.5,4.0,CHUQUIBAMBILLA,-14.79,-70.72,Norte,PUNO,2015-03-16,0,75,1.0,3.5,3.0,2.725462996798187,0.057125654008282886
2015,3,17,2.6,17.5,5.5,CHUQUIBAMBILLA,-14.79,-70.72,Norte,PUNO,2015-03-17,0,76,4.0,1.0,3.5,3.349293014900993,0.03326375804473085
2015,3,18,2.9,16.5,3.5,CHUQUIBAMBILLA,-14.79,-70.72,Norte,PUNO,2015-03-18,0,77,5.5,4.0,1.0,4.164020653588262,0.03611906998778029
2015,3,19,8.1,15.0,4.5,CHUQUIBAMBILLA,-14.79,-70.72,Norte,PUNO,2015-03-19,0,78,3.5,5.5,4.0,4.116318998842873,0.014797766629003688
2015,3,20,9.3,13.5,5.0,CHUQUIBAMBILLA,-14.79,-70.72,Norte,PUNO,2015-03-20,0,79,4.5,3.5,5.5,3.815117922070487,0.013626828356943952
2015,3,21,10.2,15.0,4.5,CHUQUIBAMBILLA,-14.79,-70.72,Norte,PUNO,2015-03-21,0,80,5.0,4.5,3.5,4.301226623515819,0.006084040383712245
2015,3,22,0.0,15.5,3.0,CHUQUIBAMBILLA,-14.79,-70.72,Norte,PUNO,2015-03-22,0,81,4.5,5.0,4.5,3.3686516618839186,0.03558545312251086
2015,3,23,0.0,17.5,-1.0,CHUQUIBAMBILLA,-14.79,-70.72,Norte,PUNO,2015-03-23,1,82,3.0,4.5,5.0,3.0330675596934857,0.05943146963595911
2015,3,24,0.0,16.5,-0.5,CHUQUIBAMBILLA,-14.79,-70.72,Norte,PUNO,2015-03-24,1,83,-1.0,3.0,4.5,-0.1282428394819645,0.5968508215556796
2015,3,25,8.7,16.0,5.0,CHUQUIBAMBILLA,-14.79,-70.72,Norte,PUNO,2015-03-25,0,84,-0.5,-1.0,3.0,1.0365842292922458,0.32890694042337104
2015,3,26,9.3,14.5,4.0,CHUQUIBAMBILLA,-14.79,-70.72,Norte,PUNO,2015-03-26,0,85,5.0,-0.5,-1.0,3.780726437954328,0.08741691200146866
2015,3,27,0.0,16.0,3.0,CHUQUIBAMBILLA,-14.79,-70.72,Norte,PUNO,2015-03-27,0,86,4.0,5.0,-0.5,2.137729591581828,0.14511728756625838
2015,3,28,0.0,17.5,0.0,CHUQUIBAMBILLA,-14.79,-70.72,Norte,PUNO,2015-03-28,1,87,3.0,4.0,5.0,3.003127146770585,0.07370076879345858
2015,3,29,0.0,17.0,0.5,CHUQUIBAMBILLA,-14.79,-70.72,Norte,PUNO,2015-03-29,0,88,0.0,3.0,4.0,0.9341814923059428,0.43163363600644805
2015,3,30,2.3,17.5,5.0,CHUQUIBAMBILLA,-14.79,-70.72,Norte,PUNO,2015-03-30,0,89,0.5,0.0,3.0,1.8482553773811128,0.1706367868107877
2015,3,31,5.7,16.0,1.5,CHUQUIBAMBILLA,-14.79,-70.72,Norte,PUNO,2015-03-31,0,90,5.0,0.5,0.0,3.4400144431999786,0.05067556257114439
2015,4,1,5.9,16.5,3.5,CHUQUIBAMBILLA,-14.79,-70.72,Norte,PUNO,2015-04-01,0,91,1.5,5.0,0.5,2.8102655827208287,0.10401859939239813
2015,4,2,0.0,17.0,4.5,CHUQUIBAMBILLA,-14.79,-70.72,Norte,PUNO,2015-04-02,0,92,3.5,1.5,5.0,2.6305765025256056,0.09001354427942027
2015,4,3,0.0,17.5,3.5,CHUQUIBAMBILLA,-14.79,-70.72,Norte,PUNO,2015-04-03,0,93,4.5,3.5,1.5,2.4689168741045036,0.16104574431445548
2015,4,4,3.7,18.0,-1.0,CHUQUIBAMBILLA,-14.79,-70.72,Norte,PUNO,2015-04-04,1,94,3.5,4.5,3.5,3.4155387506371055,0.03490125753750293
2015,4,5,0.0,17.0,0.5,CHUQUIBAMBILLA,-14.79,-70.72,Norte,PUNO,2015-04-05,0,95,-1.0,3.5,4.5,-0.11288702714534146,0.6466588325815249
2015,4,6,0.0,13.5,2.0,CHUQUIBAMBILLA,-14.79,-70.72,Norte,PUNO,2015-04-06,0,96,0.5,-1.0,3.5,0.4964703817357269,0.3582355694750204
2015,4,7,0.0,15.5,4.0,CHUQUIBAMBILLA,-14.79,-70.72,Norte,PUNO,2015-04-07,0,97,2.0,0.5,-1.0,0.9286315463647788,0.30946626259127824
2015,4,8,6.7,13.0,5.5,CHUQUIBAMBILLA,-14.79,-70.72,Norte,PUNO,2015-04-08,0,98,4.0,2.0,0.5,3.285131937734553,0.0659934291008451
2015,4,9,2.4,10.5,1.0,CHUQUIBAMBILLA,-14.79,-70.72,Norte,PUNO,2015-04-09,0,99,5.5,4.0,2.0,3.7933974397638064,0.04526542109404365
2015,4,10,5.7,14.5,2.5,CHUQUIBAMBILLA,-14.79,-70.72,Norte,PUNO,2015-04-10,0,100,1.0,5.5,4.0,3.3017342018518128,0.05704356616715828
2015,4,11,9.8,11.0,3.5,CHUQUIBAMBILLA,-14.79,-70.72,Norte,PUNO,2015-04-11,0,101,2.5,1.0,5.5,3.0424162782034596,0.08869189316028551
2015,4,12,6.9,14.0,4.0,CHUQUIBAMBILLA,-14.79,-70.72,Norte,PUNO,2015-04-12,0,102,3.5,2.5,1.0,2.709207885318039,0.06159282764619533
2015,4,13,2.3,12.5,3.5,CHUQUIBAMBILLA,-14.79,-70.72,Norte,PUNO,2015-04-13,0,103,4.0,3.5,2.5,3.443845222900238,0.04813874197100085
2015,4,14,0.0,15.5,5.0,CHUQUIBAMBILLA,-14.79,-70.72,Norte,PUNO,2015-04-14,0,104,3.5,4.0,3.5,2.5701330637129978,0.15556500587592426
2015,4,15,0.0,14.5,4.0,CHUQUIBAMBILLA,-14.79,-70.72,Norte,PUNO,2015-04-15,0,105,5.0,3.5,4.0,3.408105447201093,0.1278509582386419
2015,4,16,2.4,16.5,4.5,CHUQUIBAMBILLA,-14.79,-70.72,Norte,PUNO,2015-04-16,0,106,4.0,5.0,3.5,3.8473720131471687,0.02229953423341727
2015,4,17,0.0,15.0,5.0,CHUQUIBAMBILLA,-14.79,-70.72,Norte,PUNO,2015-04-17,0,107,4.5,4.0,5.0,3.350129831169285,0.09143667638028484
2015,4,18,2.1,14.5,0.0,CHUQUIBAMBILLA,-14.79,-70.72,Norte,PUNO,2015-04-18,1,108,5.0,4.5,4.0,4.273958209232885,0.0189228351557372
2015,4,19,12.1,15.0,2.3,CHUQUIBAMBILLA,-14.79,-70.72,Norte,PUNO,2015-04-19,0,109,0.0,5.0,4.5,2.961809489943817,0.11518443738523125
2015,4,20,2.2,15.5,2.0,CHUQUIBAMBILLA,-14.79,-70.72,Norte,PUNO,2015-04-20,0,110,2.3,0.0,5.0,3.0235701345400874,0.23485718661842622
2015,4,21,2.1,12.5,5.0,CHUQUIBAMBILLA,-14.79,-70.72,Norte,PUNO,2015-04-21,0,111,2.0,2.3,0.0,2.0428792249406587,0.19179946330628087
2015,4,22,0.0,15.0,-2.0,CHUQUIBAMBILLA,-14.79,-70.72,Norte,PUNO,2015-04-22,1,112,5.0,2.0,2.3,3.2552366982976455,0.1438365570504913
2015,4,23,4.5,14.5,2.5,CHUQUIBAMBILLA,-14.79,-70.72,Norte,PUNO,2015-04-23,0,113,-2.0,5.0,2.0,0.9309044438164933,0.38337427213674785
2015,4,24,1.5,17.0,3.0,CHUQUIBAMBILLA,-14.79,-70.72,Norte,PUNO,2015-04-24,0,114,2.5,-2.0,5.0,2.650761025038617,0.30172434636405165
2015,4,25,1.3,16.5,3.5,CHUQUIBAMBILLA,-14.79,-70.72,Norte,PUNO,2015-04-25,0,115,3.0,2.5,-2.0,2.2405260628210284,0.1591948143842711
2015,4,26,11.5,17.0,5.0,CHUQUIBAMBILLA,-14.79,-70.72,Norte,PUNO,2015-04-26,0,116,3.5,3.0,2.5,2.82030507230099,0.09551191013876402
2015,4,27,0.0,16.5,4.0,CHUQUIBAMBILLA,-14.79,-70.72,Norte,PUNO,2015-04-27,0,117,5.0,3.5,3.0,3.2980634049605713,0.13712633147617467
2015,4,28,0.0,16.0,1.5,CHUQUIBAMBILLA,-14.79,-70.72,Norte,PUNO,2015-04-28,0,118,4.0,5.0,3.5,2.5327996183804755,0.1410966264636077
2015,4,29,0.0,15.0,0.0,CHUQUIBAMBILLA,-14.79,-70.72,Norte,PUNO,2015-04-29,1,119,1.5,4.0,5.0,1.0314841814499671,0.24009179047338333
2015,4,30,8.5,18.0,-0.5,CHUQUIBAMBILLA,-14.79,-70.72,Norte,PUNO,2015-04-30,1,120,0.0,1.5,4.0,1.8204399297560425,0.33573195668230355
2015,5,1,4.2,16.0,5.0,CHUQUIBAMBILLA,-14.79,-70.72,Norte,PUNO,2015-05-01,0,121,-0.5,0.0,1.5,0.9594707930913554,0.45821756095120947
2015,5,2,0.0,17.5,-1.5,CHUQUIBAMBILLA,-14.79,-70.72,Norte,PUNO,2015-05-02,1,122,5.0,-0.5,0.0,1.2910945720516562,0.3300971453035477
2015,5,3,0.0,17.5,-1.0,CHUQUIBAMBILLA,-14.79,-70.72,Norte,PUNO,2015-05-03,1,123,-1.5,5.0,-0.5,-1.5720906342160614,0.8065800711141391
2015,5,4,0.0,18.0,-3.0,CHUQUIBAMBILLA,-14.79,-70.72,Norte,PUNO,2015-05-04,1,124,-1.0,-1.5,5.0,-2.0313097644533484,0.6666774471214975
2015,5,5,0.0,17.5,-2.5,CHUQUIBAMBILLA,-14.79,-70.72,Norte,PUNO,2015-05-05,1,125,-3.0,-1.0,-1.5,-2.7580695511525097,0.8914950966648918
2015,5,6,0.0,18.5,-3.0,CHUQUIBAMBILLA,-14.79,-70.72,Norte,PUNO,2015-05-06,1,126,-2.5,-3.0,-1.0,-2.5019767977928096,0.879672071022879
2015,5,7,0.0,15.0,-3.5,CHUQUIBAMBILLA,-14.79,-70.72,Norte,PUNO,2015-05-07,1,127,-3.0,-2.5,-3.0,-3.0911422280215017,0.9249134224650005
2015,5,8,0.0,17.0,2.5,CHUQUIBAMBILLA,-14.79,-70.72,Norte,PUNO,2015-05-08,0,128,-3.5,-3.0,-2.5,-3.287533360306235,0.9475499069483102
2015,5,9,0.0,16.5,-1.5,CHUQUIBAMBILLA,-14.79,-70.72,Norte,PUNO,2015-05-09,1,129,2.5,-3.5,-3.0,-0.5000400167928529,0.6170795254477952
2015,5,10,0.0,17.0,-0.5,CHUQUIBAMBILLA,-14.79,-70.72,Norte,PUNO,2015-05-10,1,130,-1.5,2.5,-3.5,-2.041711313649852,0.8134659610900148
2015,5,11,0.0,17.5,-3.5,CHUQUIBAMBILLA,-14.79,-70.72,Norte,PUNO,2015-05-11,1,131,-0.5,-1.5,2.5,-1.5106677762358007,0.6801312788227848
2015,5,12,0.0,17.0,-2.0,CHUQUIBAMBILLA,-14.79,-70.72,Norte,PUNO,2015-05-12,1,132,-3.5,-0.5,-1.5,-3.272394408472473,0.9198586861798198
2015,5,13,0.0,16.5,-2.5,CHUQUIBAMBILLA,-14.79,-70.72,Norte,PUNO,2015-05-13,1,133,-2.0,-3.5,-0.5,-2.229914827485009,0.8792605602335503
2015,5,14,0.0,16.0,-2.0,CHUQUIBAMBILLA,-14.79,-70.72,Norte,PUNO,2015-05-14,1,134,-2.5,-2.0,-3.5,-2.558864660291499,0.8981178337385874
2015,5,15,0.0,12.0,-3.0,CHUQUIBAMBILLA,-14.79,-70.72,Norte,PUNO,2015-05-15,1,135,-2.0,-2.5,-2.0,-2.189531685324559,0.8963643950142977
2015,5,16,0.0,9.5,1.5,CHUQUIBAMBILLA,-14.79,-70.72,Norte,PUNO,2015-05-16,0,136,-3.0,-2.0,-2.5,-3.2992404118783343,0.9121681432644303
2015,5,17,0.0,15.0,1.0,CHUQUIBAMBILLA,-14.79,-70.72,Norte,PUNO,2015-05-17,0,137,1.5,-3.0,-2.0,-1.141934395353085,0.6413045593148519
2015,5,18,0.0,16.5,-4.0,CHUQUIBAMBILLA,-14.79,-70.72,Norte,PUNO,2015-05-18,1,138,1.0,1.5,-3.0,-0.8041215656678241,0.6073114545901974
2015,5,19,0.0,16.0,-4.5,CHUQUIBAMBILLA,-14.79,-70.72,Norte,PUNO,2015-05-19,1,139,-4.0,1.0,1.5,-3.267373885774823,0.9007586938912734
2015,5,20,0.0,16.5,-2.0,CHUQUIBAMBILLA,-14.79,-70.72,Norte,PUNO,2015-05-20,1,140,-4.5,-4.0,1.0,-4.44571268084203,0.9480073532634243
2015,5,21,0.0,17.5,-6.0,CHUQUIBAMBILLA,-14.79,-70.72,Norte,PUNO,2015-05-21,1,141,-2.0,-4.5,-4.0,-2.6839615428186003,0.9059632291137538
2015,5,22,0.0,16.5,-6.5,CHUQUIBAMBILLA,-14.79,-70.72,Norte,PUNO,2015-05-22,1,142,-6.0,-2.0,-4.5,-5.497928504412013,0.9744348051070998
2015,5,23,0.0,16.5,-7.0,CHUQUIBAMBILLA,-14.79,-70.72,Norte,PUNO,2015-05-23,1,143,-6.5,-6.0,-2.0,-6.0077817375136995,0.980882952268527
2015,5,24,0.0,17.5,-6.0,CHUQUIBAMBILLA,-14.79,-70.72,Norte,PUNO,2015-05-24,1,144,-7.0,-6.5,-6.0,-6.746061884315493,0.988641151117709
2015,5,25,0.0,15.5,-4.0,CHUQUIBAMBILLA,-14.79,-70.72,Norte,PUNO,2015-05-25,1,145,-6.0,-7.0,-6.5,-5.898484999996473,0.9805841117381578
2015,5,26,0.0,16.0,-4.5,CHUQUIBAMBILLA,-14.79,-70.72,Norte,PUNO,2015-05-26,1,146,-4.0,-6.0,-7.0,-4.857291895899774,0.9670769802797443
2015,5,27,0.0,16.5,-3.5,CHUQUIBAMBILLA,-14.79,-70.72,Norte,PUNO,2015-05-27,1,147,-4.5,-4.0,-6.0,-4.564895148010211,0.9706884824590137
2015,5,28,0.0,17.0,-8.0,CHUQUIBAMBILLA,-14.79,-70.72,Norte,PUNO,2015-05-28,1,148,-3.5,-4.5,-4.0,-3.621504837036416,0.9589632375866541
2015,5,29,0.0,17.5,-8.0,CHUQUIBAMBILLA,-14.79,-70.72,Norte,PUNO,2015-05-29,1,149,-8.0,-3.5,-4.5,-7.354103055225523,0.9855877404177248
2015,5,30,0.0,17.5,-6.5,CHUQUIBAMBILLA,-14.79,-70.72,Norte,PUNO,2015-05-30,1,150,-8.0,-8.0,-3.5,-7.347813346550116,0.9907164730097335
2015,5,31,0.0,17.0,-6.5,CHUQUIBAMBILLA,-14.79,-70.72,Norte,PUNO,2015-05-31,1,151,-6.5,-8.0,-8.0,-6.506486403936046,0.9908339504090342
2015,6,1,0.0,15.0,-3.0,CHUQUIBAMBILLA,-14.79,-70.72,Norte,PUNO,2015-06-01,1,152,-6.5,-6.5,-8.0,-6.47595339315322,0.9848512877202553
2015,6,2,0.0,17.5,-0.5,CHUQUIBAMBILLA,-14.79,-70.72,Norte,PUNO,2015-06-02,1,153,-3.0,-6.5,-6.5,-4.090901327520032,0.9353175763386763
2015,6,3,0.0,16.0,-4.5,CHUQUIBAMBILLA,-14.79,-70.72,Norte,PUNO,2015-06-03,1,154,-0.5,-3.0,-6.5,-3.2365821234922576,0.8384417295263625
2015,6,4,0.0,17.5,-6.5,CHUQUIBAMBILLA,-14.79,-70.72,Norte,PUNO,2015-06-04,1,155,-4.5,-0.5,-3.0,-4.55107700109523,0.960658487777861
2015,6,5,0.0,15.5,-6.5,CHUQUIBAMBILLA,-14.79,-70.72,Norte,PUNO,2015-06-05,1,156,-6.5,-4.5,-0.5,-6.19861994039234,0.9829636139923028
2015,6,6,0.0,17.0,-10.0,CHUQUIBAMBILLA,-14.79,-70.72,Norte,PUNO,2015-06-06,1,157,-6.5,-6.5,-4.5,-6.1999147729360615,0.987366603107989
2015,6,7,0.0,16.0,-10.5,CHUQUIBAMBILLA,-14.79,-70.72,Norte,PUNO,2015-06-07,1,158,-10.0,-6.5,-6.5,-9.3748152657728,0.9919280189855918
2015,6,8,0.0,15.5,-10.0,CHUQUIBAMBILLA,-14.79,-70.72,Norte,PUNO,2015-06-08,1,159,-10.5,-10.0,-6.5,-9.65490247081879,0.9965051419252702
2015,6,9,0.0,15.0,-11.0,CHUQUIBAMBILLA,-14.79,-70.72,Norte,PUNO,2015-06-09,1,160,-10.0,-10.5,-10.0,-9.494501926375293,0.9965729450255654
2015,6,10,0.0,18.0,-4.5,CHUQUIBAMBILLA,-14.79,-70.72,Norte,PUNO,2015-06-10,1,161,-11.0,-10.0,-10.5,-10.29951975018701,0.9968780995088139
2015,6,11,0.0,17.5,-8.0,CHUQUIBAMBILLA,-14.79,-70.72,Norte,PUNO,2015-06-11,1,162,-4.5,-11.0,-10.0,-6.436449133483006,0.9747919177287582
2015,6,12,0.0,17.0,-10.0,CHUQUIBAMBILLA,-14.79,-70.72,Norte,PUNO,2015-06-12,1,163,-8.0,-4.5,-11.0,-7.8254470303407695,0.9891576116656428
2015,6,13,0.0,17.5,-11.0,CHUQUIBAMBILLA,-14.79,-70.72,Norte,PUNO,2015-06-13,1,164,-10.0,-8.0,-4.5,-9.3075759615643,0.9945489559541653
2015,6,14,0.0,18.0,-11.5,CHUQUIBAMBILLA,-14.79,-70.72,Norte,PUNO,2015-06-14,1,165,-11.0,-10.0,-8.0,-9.945355870626102,0.9966823898171837
2015,6,15,0.0,18.5,-9.0,CHUQUIBAMBILLA,-14.79,-70.72,Norte,PUNO,2015-06-15,1,166,-11.5,-11.0,-10.0,-10.745687794231221,0.9973005114933663
2015,6,16,0.0,17.0,-6.0,CHUQUIBAMBILLA,-14.79,-70.72,Norte,PUNO,2015-06-16,1,167,-9.0,-11.5,-11.0,-8.944858106466093,0.9968341282670836
2015,6,17,0.0,18.0,-6.5,CHUQUIBAMBILLA,-14.79,-70.72,Norte,PUNO,2015-06-17,1,168,-6.0,-9.0,-11.5,-6.933640344524315,0.9840921468680327
2015,6,18,0.0,17.5,-6.5,CHUQUIBAMBILLA,-14.79,-70.72,Norte,PUNO,2015-06-18,1,169,-6.5,-6.0,-9.0,-6.610086250928375,0.9856475682635149
2015,6,19,0.0,18.0,-6.0,CHUQUIBAMBILLA,-14.79,-70.72,Norte,PUNO,2015-06-19,1,170,-6.5,-6.5,-6.0,-6.329140119349488,0.987664995636397
2015,6,20,0.0,18.5,-7.5,CHUQUIBAMBILLA,-14.79,-70.72,Norte,PUNO,2015-06-20,1,171,-6.0,-6.5,-6.5,-5.805799469880924,0.9846959979782304
2015,6,21,0.0,16.0,-8.0,CHUQUIBAMBILLA,-14.79,-70.72,Norte,PUNO,2015-06-21,1,172,-7.5,-6.0,-6.5,-7.112822737451782,0.9909617733077652
2015,6,22,0.0,18.5,-7.5,CHUQUIBAMBILLA,-14.79,-70.72,Norte,PUNO,2015-06-22,1,173,-8.0,-7.5,-6.0,-7.581501889776146,0.9937214857991968
2015,6,23,0.0,18.0,-8.0,CHUQUIBAMBILLA,-14.79,-70.72,Norte,PUNO,2015-06-23,1,174,-7.5,-8.0,-7.5,-7.135265995023806,0.992917663894287
2015,6,24,0.0,18.0,-9.0,CHUQUIBAMBILLA,-14.79,-70.72,Norte,PUNO,2015-06-24,1,175,-8.0,-7.5,-8.0,-7.799139956013062,0.9930645126282814
2015,6,25,0.0,19.0,-7.5,CHUQUIBAMBILLA,-14.79,-70.72,Norte,PUNO,2015-06-25,1,176,-9.0,-8.0,-7.5,-8.611356927596704,0.9949167207459466
2015,6,26,0.0,19.5,-8.0,CHUQUIBAMBILLA,-14.79,-70.72,Norte,PUNO,2015-06-26,1,177,-7.5,-9.0,-8.0,-7.167143669251738,0.9935844477892262
2015,6,27,0.0,18.5,-8.5,CHUQUIBAMBILLA,-14.79,-70.72,Norte,PUNO,2015-06-27,1,178,-8.0,-7.5,-9.0,-7.815980058282646,0.993556759268495
2015,6,28,0.0,18.5,-8.5,CHUQUIBAMBILLA,-14.79,-70.72,Norte,PUNO,2015-06-28,1,179,-8.5,-8.0,-7.5,-8.088000153957628,0.9948140937050239
2015,6,29,0.0,17.5,-12.0,CHUQUIBAMBILLA,-14.79,-70.72,Norte,PUNO,2015-06-29,1,180,-8.5,-8.5,-8.0,-8.098442403812067,0.9955144416586595
2015,6,30,0.0,18.0,-13.0,CHUQUIBAMBILLA,-14.79,-70.72,Norte,PUNO,2015-06-30,1,181,-12.0,-8.5,-8.5,-10.874090817204523,0.9965209097530436
2015,7,1,0.0,18.0,-11.5,CHUQUIBAMBILLA,-14.79,-70.72,Norte,PUNO,2015-07-01,1,182,-13.0,-12.0,-8.5,-11.870498142414224,0.9976832794631177
2015,7,2,0.0,17.0,-8.0,CHUQUIBAMBILLA,-14.79,-70.72,Norte,PUNO,2015-07-02,1,183,-11.5,-13.0,-12.0,-10.787437606044135,0.9977616021252047
2015,7,3,0.0,17.5,-3.0,CHUQUIBAMBILLA,-14.79,-70.72,Norte,PUNO,2015-07-03,1,184,-8.0,-11.5,-13.0,-8.417371280465838,0.9951573998037375
2015,7,4,4.5,12.0,-2.5,CHUQUIBAMBILLA,-14.79,-70.72,Norte,PUNO,2015-07-04,1,185,-3.0,-8.0,-11.5,-1.6029439094211204,0.8127316265553469
2015,7,5,0.0,11.5,-2.0,CHUQUIBAMBILLA,-14.79,-70.72,Norte,PUNO,2015-07-05,1,186,-2.5,-3.0,-8.0,-4.276023790711286,0.9332133228300807
2015,7,6,0.0,15.0,-12.0,CHUQUIBAMBILLA,-14.79,-70.72,Norte,PUNO,2015-07-06,1,187,-2.0,-2.5,-3.0,-2.3005044415727567,0.9304380381373843
2015,7,7,0.0,13.5,-14.5,CHUQUIBAMBILLA,-14.79,-70.72,Norte,PUNO,2015-07-07,1,188,-12.0,-2.0,-2.5,-10.791607391618015,0.973879452006232
2015,7,8,0.0,15.5,-15.0,CHUQUIBAMBILLA,-14.79,-70.72,Norte,PUNO,2015-07-08,1,189,-14.5,-12.0,-2.0,-12.44411865111622,0.9903889580283968
2015,7,9,0.0,16.5,-14.0,CHUQUIBAMBILLA,-14.79,-70.72,Norte,PUNO,2015-07-09,1,190,-15.0,-14.5,-12.0,-13.004988578943447,0.9978207457605387
2015,7,10,0.0,17.0,-15.0,CHUQUIBAMBILLA,-14.79,-70.72,Norte,PUNO,2015-07-10,1,191,-14.0,-15.0,-14.5,-12.767610480536618,0.9977737705405347
2015,7,11,0.0,17.5,-15.5,CHUQUIBAMBILLA,-14.79,-70.72,Norte,PUNO,2015-07-11,1,192,-15.0,-14.0,-15.0,-13.176762915495091,0.9977599904160914
2015,7,12,0.0,17.0,-12.5,CHUQUIBAMBILLA,-14.79,-70.72,Norte,PUNO,2015-07-12,1,193,-15.5,-15.0,-14.0,-13.168431684289876,0.9977737705405347
2015,7,13,0.0,18.0,-9.5,CHUQUIBAMBILLA,-14.79,-70.72,Norte,PUNO,2015-07-13,1,194,-12.5,-15.5,-15.0,-11.40334299230205,0.9977009014723162
2015,7,14,0.0,16.0,-9.0,CHUQUIBAMBILLA,-14.79,-70.72,Norte,PUNO,2015-07-14,1,195,-9.5,-12.5,-15.5,-8.971683780432757,0.9964728801116536
2015,7,15,0.0,11.5,-5.0,CHUQUIBAMBILLA,-14.79,-70.72,Norte,PUNO,2015-07-15,1,196,-9.0,-9.5,-12.5,-8.95616198018941,0.9950498939278899
2015,7,16,0.0,16.5,-10.0,CHUQUIBAMBILLA,-14.79,-70.72,Norte,PUNO,2015-07-16,1,197,-5.0,-9.0,-9.5,-5.993250962356622,0.9786679270884704
2015,7,17,0.0,16.5,-11.0,CHUQUIBAMBILLA,-14.79,-70.72,Norte,PUNO,2015-07-17,1,198,-10.0,-5.0,-9.0,-9.444658999633418,0.9916479648910024
2015,7,18,0.0,17.0,-11.0,CHUQUIBAMBILLA,-14.79,-70.72,Norte,PUNO,2015-07-18,1,199,-11.0,-10.0,-5.0,-9.909186239163985,0.9956946872091903
2015,7,19,0.0,16.0,-12.5,CHUQUIBAMBILLA,-14.79,-70.72,Norte,PUNO,2015-07-19,1,200,-11.0,-11.0,-10.0,-10.329951501171813,0.9971163227360289
2015,7,20,0.0,17.0,-13.0,CHUQUIBAMBILLA,-14.79,-70.72,Norte,PUNO,2015-07-20,1,201,-12.5,-11.0,-11.0,-11.296184708458265,0.9973946774821373
2015,7,21,0.0,16.5,-12.0,CHUQUIBAMBILLA,-14.79,-70.72,Norte,PUNO,2015-07-21,1,202,-13.0,-12.5,-11.0,-11.919275324930668,0.9978063959287023
2015,7,22,0.0,17.0,-10.0,CHUQUIBAMBILLA,-14.79,-70.72,Norte,PUNO,2015-07-22,1,203,-12.0,-13.0,-12.5,-11.13746302426259,0.9978792968322253
2015,7,23,0.0,18.5,-9.0,CHUQUIBAMBILLA,-14.79,-70.72,Norte,PUNO,2015-07-23,1,204,-10.0,-12.0,-13.0,-9.628854904634787,0.9976275709510378
2015,7,24,0.0,19.5,-7.0,CHUQUIBAMBILLA,-14.79,-70.72,Norte,PUNO,2015-07-24,1,205,-9.0,-10.0,-12.0,-8.901671582314673,0.9961213299533808
2015,7,25,0.0,18.0,-7.5,CHUQUIBAMBILLA,-14.79,-70.72,Norte,PUNO,2015-07-25,1,206,-7.0,-9.0,-10.0,-7.271741210261649,0.9920488098143779
2015,7,26,0.0,18.5,-8.0,CHUQUIBAMBILLA,-14.79,-70.72,Norte,PUNO,2015-07-26,1,207,-7.5,-7.0,-9.0,-7.079801351977558,0.9914179492000179
2015,7,27,0.0,18.0,-11.0,CHUQUIBAMBILLA,-14.79,-70.72,Norte,PUNO,2015-07-27,1,208,-8.0,-7.5,-7.0,-7.7425749639476,0.9931356297678842
2015,7,28,0.0,18.5,-10.0,CHUQUIBAMBILLA,-14.79,-70.72,Norte,PUNO,2015-07-28,1,209,-11.0,-8.0,-7.5,-9.927904956750965,0.9953724704371787
2015,7,29,0.0,17.5,-10.0,CHUQUIBAMBILLA,-14.79,-70.72,Norte,PUNO,2015-07-29,1,210,-10.0,-11.0,-8.0,-9.350414554074687,0.9969156528646762
2015,7,30,0.0,18.0,-11.0,CHUQUIBAMBILLA,-14.79,-70.72,Norte,PUNO,2015-07-30,1,211,-10.0,-10.0,-11.0,-9.419148428817074,0.9966007732431791
2015,7,31,0.0,17.5,-10.5,CHUQUIBAMBILLA,-14.79,-70.72,Norte,PUNO,2015-07-31,1,212,-11.0,-10.0,-10.0,-10.253653154415346,0.9966754367638534
2015,8,1,0.0,18.5,-10.0,CHUQUIBAMBILLA,-14.79,-70.72,Norte,PUNO,2015-08-01,1,213,-10.5,-11.0,-10.0,-9.895806238977638,0.9967799418521273
2015,8,2,0.0,18.5,-9.0,CHUQUIBAMBILLA,-14.79,-70.72,Norte,PUNO,2015-08-02,1,214,-10.0,-10.5,-11.0,-9.43541220084341,0.9963844194991037
2015,8,3,0.0,18.0,-9.0,CHUQUIBAMBILLA,-14.79,-70.72,Norte,PUNO,2015-08-03,1,215,-9.0,-10.0,-10.5,-8.891008594439182,0.9958093044309123
2015,8,4,0.0,18.0,-9.5,CHUQUIBAMBILLA,-14.79,-70.72,Norte,PUNO,2015-08-04,1,216,-9.0,-9.0,-10.0,-8.888430600216369,0.9948617392279185
2015,8,5,0.0,18.5,-9.5,CHUQUIBAMBILLA,-14.79,-70.72,Norte,PUNO,2015-08-05,1,217,-9.5,-9.0,-9.0,-8.722590284871881,0.9948797777748517
2015,8,6,0.0,20.0,-12.5,CHUQUIBAMBILLA,-14.79,-70.72,Norte,PUNO,2015-08-06,1,218,-9.5,-9.5,-9.0,-8.711003619844927,0.994922969505398
2015,8,7,0.0,19.0,-11.5,CHUQUIBAMBILLA,-14.79,-70.72,Norte,PUNO,2015-08-07,1,219,-12.5,-9.5,-9.5,-11.111906058286607,0.9957174214851018
2015,8,8,0.0,18.5,-8.5,CHUQUIBAMBILLA,-14.79,-70.72,Norte,PUNO,2015-08-08,1,220,-11.5,-12.5,-9.5,-10.686614121958923,0.9962642091302187
2015,8,9,0.0,15.5,-2.5,CHUQUIBAMBILLA,-14.79,-70.72,Norte,PUNO,2015-08-09,1,221,-8.5,-11.5,-12.5,-8.677368888378446,0.9942922245015012
2015,8,10,0.0,17.0,-18.5,CHUQUIBAMBILLA,-14.79,-70.72,Norte,PUNO,2015-08-10,1,222,-2.5,-8.5,-11.5,-5.0984301689047244,0.9505033540430793
2015,8,11,0.0,16.0,-9.5,CHUQUIBAMBILLA,-14.79,-70.72,Norte,PUNO,2015-08-11,1,223,-18.5,-2.5,-8.5,-16.253348937531463,0.9791827293763299
2015,8,12,4.3,12.0,1.0,CHUQUIBAMBILLA,-14.79,-70.72,Norte,PUNO,2015-08-12,0,224,-9.5,-18.5,-2.5,-3.7657139265310233,0.8197771222193978
2015,8,13,0.0,10.5,1.0,CHUQUIBAMBILLA,-14.79,-70.72,Norte,PUNO,2015-08-13,0,225,1.0,-9.5,-18.5,-4.524127418744718,0.7287927674241211
2015,8,14,0.0,15.0,-4.5,CHUQUIBAMBILLA,-14.79,-70.72,Norte,PUNO,2015-08-14,1,226,1.0,1.0,-9.5,-1.7269102691392642,0.6859719234250287
2015,8,15,0.0,16.5,-9.0,CHUQUIBAMBILLA,-14.79,-70.72,Norte,PUNO,2015-08-15,1,227,-4.5,1.0,1.0,-4.5342039087674415,0.93437582450814
2015,8,16,0.0,14.0,-5.5,CHUQUIBAMBILLA,-14.79,-70.72,Norte,PUNO,2015-08-16,1,228,-9.0,-4.5,1.0,-7.792984488972963,0.9823856609195232
2015,8,17,0.0,16.5,-4.5,CHUQUIBAMBILLA,-14.79,-70.72,Norte,PUNO,2015-08-17,1,229,-5.5,-9.0,-4.5,-5.766548869341537,0.9838779966037114
2015,8,18,1.2,17.5,-2.0,CHUQUIBAMBILLA,-14.79,-70.72,Norte,PUNO,2015-08-18,1,230,-4.5,-5.5,-9.0,-2.099394536872066,0.8077496652397558
2015,8,19,0.0,16.5,-6.5,CHUQUIBAMBILLA,-14.79,-70.72,Norte,PUNO,2015-08-19,1,231,-2.0,-4.5,-5.5,-3.329531167127137,0.9068444541744732
2015,8,20,0.0,18.5,-6.5,CHUQUIBAMBILLA,-14.79,-70.72,Norte,PUNO,2015-08-20,1,232,-6.5,-2.0,-4.5,-5.8700081072654475,0.9718464580101382
2015,8,21,0.0,17.5,-6.0,CHUQUIBAMBILLA,-14.79,-70.72,Norte,PUNO,2015-08-21,1,233,-6.5,-6.5,-2.0,-5.770343271950691,0.9831967643631109
2015,8,22,0.0,18.0,-7.5,CHUQUIBAMBILLA,-14.79,-70.72,Norte,PUNO,2015-08-22,1,234,-6.0,-6.5,-6.5,-5.730882741595094,0.9796050555776048
2015,8,23,0.0,17.0,-7.0,CHUQUIBAMBILLA,-14.79,-70.72,Norte,PUNO,2015-08-23,1,235,-7.5,-6.0,-6.5,-7.001069615097395,0.9878168229174829
2015,8,24,0.0,18.5,-6.5,CHUQUIBAMBILLA,-14.79,-70.72,Norte,PUNO,2015-08-24,1,236,-7.0,-7.5,-6.0,-6.793076541991976,0.9882000071485799
2015,8,25,0.0,19.0,-7.0,CHUQUIBAMBILLA,-14.79,-70.72,Norte,PUNO,2015-08-25,1,237,-6.5,-7.0,-7.5,-6.474503763324538,0.9837977900143859
2015,8,26,0.0,19.5,-6.0,CHUQUIBAMBILLA,-14.79,-70.72,Norte,PUNO,2015-08-26,1,238,-7.0,-6.5,-7.0,-6.731183760347465,0.9830573934012854
2015,8,27,0.0,17.5,-9.0,CHUQUIBAMBILLA,-14.79,-70.72,Norte,PUNO,2015-08-27,1,239,-6.0,-7.0,-6.5,-5.853819257996674,0.9746149294036806
2015,8,28,0.0,16.5,-13.0,CHUQUIBAMBILLA,-14.79,-70.72,Norte,PUNO,2015-08-28,1,240,-9.0,-6.0,-7.0,-7.997326316198041,0.983697750805242
2015,8,29,0.0,17.5,-13.5,CHUQUIBAMBILLA,-14.79,-70.72,Norte,PUNO,2015-08-29,1,241,-13.0,-9.0,-6.0,-11.728237085744807,0.9898765791347712
2015,8,30,0.0,18.0,-14.0,CHUQUIBAMBILLA,-14.79,-70.72,Norte,PUNO,2015-08-30,1,242,-13.5,-13.0,-9.0,-11.94922106626574,0.9932762351260354
2015,8,31,0.0,17.0,-11.0,CHUQUIBAMBILLA,-14.79,-70.72,Norte,PUNO,2015-08-31,1,243,-14.0,-13.5,-13.0,-11.58558676339133,0.9912570182641014
2015,9,1,0.0,16.0,-7.0,CHUQUIBAMBILLA,-14.79,-70.72,Norte,PUNO,2015-09-01,1,244,-11.0,-14.0,-13.5,-9.638493213970753,0.9872815911603604
2015,9,2,0.0,15.5,0.0,CHUQUIBAMBILLA,-14.79,-70.72,Norte,PUNO,2015-09-02,1,245,-7.0,-11.0,-14.0,-6.244489031156963,0.9752027038229021
2015,9,3,0.0,16.0,-1.0,CHUQUIBAMBILLA,-14.79,-70.72,Norte,PUNO,2015-09-03,1,246,0.0,-7.0,-11.0,-4.7461862154622665,0.7544190559873768
2015,9,4,3.7,15.5,2.5,CHUQUIBAMBILLA,-14.79,-70.72,Norte,PUNO,2015-09-04,0,247,-1.0,0.0,-7.0,0.08756864097262212,0.577941308137461
2015,9,5,1.4,13.5,2.5,CHUQUIBAMBILLA,-14.79,-70.72,Norte,PUNO,2015-09-05,0,248,2.5,-1.0,0.0,1.9961859767901222,0.1877997573255185
2015,9,6,0.0,17.5,-2.5,CHUQUIBAMBILLA,-14.79,-70.72,Norte,PUNO,2015-09-06,1,249,2.5,2.5,-1.0,0.12006541812318465,0.3523898416129832
2015,9,7,0.0,18.5,-8.0,CHUQUIBAMBILLA,-14.79,-70.72,Norte,PUNO,2015-09-07,1,250,-2.5,2.5,2.5,-2.0712699466246396,0.8156020303272158
2015,9,8,0.0,18.0,-10.0,CHUQUIBAMBILLA,-14.79,-70.72,Norte,PUNO,2015-09-08,1,251,-8.0,-2.5,2.5,-6.960966592548891,0.9575889727681964
2015,9,9,0.0,19.0,-10.0,CHUQUIBAMBILLA,-14.79,-70.72,Norte,PUNO,2015-09-09,1,252,-10.0,-8.0,-2.5,-8.642199327125326,0.9757816781683367
2015,9,10,0.0,20.0,-10.5,CHUQUIBAMBILLA,-14.79,-70.72,Norte,PUNO,2015-09-10,1,253,-10.0,-10.0,-8.0,-7.807224102476056,0.9850119933723833
2015,9,11,0.0,20.5,-6.0,CHUQUIBAMBILLA,-14.79,-70.72,Norte,PUNO,2015-09-11,1,254,-10.5,-10.0,-10.0,-8.64056986383156,0.9861643618976178
2015,9,12,0.0,20.0,-4.5,CHUQUIBAMBILLA,-14.79,-70.72,Norte,PUNO,2015-09-12,1,255,-6.0,-10.5,-10.0,-5.92567786733404,0.9744741172332677
2015,9,13,0.0,19.5,-7.0,CHUQUIBAMBILLA,-14.79,-70.72,Norte,PUNO,2015-09-13,1,256,-4.5,-6.0,-10.5,-4.922802505807552,0.9427010042026057
2015,9,14,0.0,20.5,-5.0,CHUQUIBAMBILLA,-14.79,-70.72,Norte,PUNO,2015-09-14,1,257,-7.0,-4.5,-6.0,-6.188200676346681,0.9592151548867611
2015,9,15,0.0,18.5,-1.0,CHUQUIBAMBILLA,-14.79,-70.72,Norte,PUNO,2015-09-15,1,258,-5.0,-7.0,-4.5,-4.562860557661015,0.945888463989575
2015,9,16,0.0,19.0,-4.0,CHUQUIBAMBILLA,-14.79,-70.72,Norte,PUNO,2015-09-16,1,259,-1.0,-5.0,-7.0,-2.854349631300964,0.8059728740095451
2015,9,17,0.0,20.0,-5.0,CHUQUIBAMBILLA,-14.79,-70.72,Norte,PUNO,2015-09-17,1,260,-4.0,-1.0,-5.0,-3.521834338201552,0.9134352224730736
2015,9,18,18.2,18.5,-1.5,CHUQUIBAMBILLA,-14.79,-70.72,Norte,PUNO,2015-09-18,1,261,-5.0,-4.0,-1.0,-1.51341304930881,0.7147349648080333
2015,9,19,3.9,16.0,2.0,CHUQUIBAMBILLA,-14.79,-70.72,Norte,PUNO,2015-09-19,0,262,-1.5,-5.0,-4.0,-0.2787737890270243,0.5960901788755408
2015,9,20,0.0,17.5,2.5,CHUQUIBAMBILLA,-14.79,-70.72,Norte,PUNO,2015-09-20,0,263,2.0,-1.5,-5.0,-0.44814891944349305,0.5599480461412835
2015,9,21,0.0,18.5,-2.5,CHUQUIBAMBILLA,-14.79,-70.72,Norte,PUNO,2015-09-21,1,264,2.5,2.0,-1.5,0.5334141280442171,0.4128683918869907
2015,9,22,4.5,20.0,0.0,CHUQUIBAMBILLA,-14.79,-70.72,Norte,PUNO,2015-09-22,1,265,-2.5,2.5,2.0,0.22265684823842793,0.5177183080442597
2015,9,23,5.9,19.5,0.5,CHUQUIBAMBILLA,-14.79,-70.72,Norte,PUNO,2015-09-23,0,266,0.0,-2.5,2.5,1.1748505653570098,0.3413463944616613
2015,9,24,2.3,16.5,4.0,CHUQUIBAMBILLA,-14.79,-70.72,Norte,PUNO,2015-09-24,0,267,0.5,0.0,-2.5,1.1118646640112484,0.3445892935990865
2015,9,25,0.0,19.0,5.0,CHUQUIBAMBILLA,-14.79,-70.72,Norte,PUNO,2015-09-25,0,268,4.0,0.5,0.0,1.2068983953381638,0.34863679790282054
2015,9,26,0.0,18.0,3.0,CHUQUIBAMBILLA,-14.79,-70.72,Norte,PUNO,2015-09-26,0,269,5.0,4.0,0.5,2.39217698728294,0.23585879170584367
2015,9,27,0.0,20.0,-5.0,CHUQUIBAMBILLA,-14.79,-70.72,Norte,PUNO,2015-09-27,1,270,3.0,5.0,4.0,2.128813794077222,0.17038121003002146
2015,9,28,0.0,17.5,-5.5,CHUQUIBAMBILLA,-14.79,-70.72,Norte,PUNO,2015-09-28,1,271,-5.0,3.0,5.0,-2.837381697022841,0.7564309854548382
2015,9,29,0.0,18.0,-9.0,CHUQUIBAMBILLA,-14.79,-70.72,Norte,PUNO,2015-09-29,1,272,-5.5,-5.0,3.0,-4.600369172767423,0.8801088670667173
2015,9,30,0.0,17.5,-7.0,CHUQUIBAMBILLA,-14.79,-70.72,Norte,PUNO,2015-09-30,1,273,-9.0,-5.5,-5.0,-7.605701293420896,0.96069098254695
2015,10,1,0.0,11.5,-2.5,CHUQUIBAMBILLA,-14.79,-70.72,Norte,PUNO,2015-10-01,1,274,-7.0,-9.0,-5.5,-5.614462102454251,0.9460865090723086
2015,10,2,5.2,13.5,3.0,CHUQUIBAMBILLA,-14.79,-70.72,Norte,PUNO,2015-10-02,0,275,-2.5,-7.0,-9.0,-1.010401359602361,0.7408353918522199
2015,10,3,5.6,8.5,4.5,CHUQUIBAMBILLA,-14.79,-70.72,Norte,PUNO,2015-10-03,0,276,3.0,-2.5,-7.0,1.4313318503199148,0.2665667916560199
2015,10,4,0.0,17.0,-3.5,CHUQUIBAMBILLA,-14.79,-70.72,Norte,PUNO,2015-10-04,1,277,4.5,3.0,-2.5,1.595809606177198,0.25297958753882727
2015,10,5,0.0,19.5,-4.5,CHUQUIBAMBILLA,-14.79,-70.72,Norte,PUNO,2015-10-05,1,278,-3.5,4.5,3.0,-2.6114780045035273,0.7729172214634786
2015,10,6,0.0,20.0,-5.5,CHUQUIBAMBILLA,-14.79,-70.72,Norte,PUNO,2015-10-06,1,279,-4.5,-3.5,4.5,-2.645611024500159,0.8038204145773561
2015,10,7,0.0,20.0,-5.0,CHUQUIBAMBILLA,-14.79,-70.72,Norte,PUNO,2015-10-07,1,280,-5.5,-4.5,-3.5,-4.980724728586203,0.929552288166805
2015,10,8,0.0,20.5,-4.0,CHUQUIBAMBILLA,-14.79,-70.72,Norte,PUNO,2015-10-08,1,281,-5.0,-5.5,-4.5,-4.252701605436317,0.9201382147408685
2015,10,9,0.0,19.0,-10.0,CHUQUIBAMBILLA,-14.79,-70.72,Norte,PUNO,2015-10-09,1,282,-4.0,-5.0,-5.5,-3.4751024294702866,0.8996421334137584
2015,10,10,0.0,18.5,-11.0,CHUQUIBAMBILLA,-14.79,-70.72,Norte,PUNO,2015-10-10,1,283,-10.0,-4.0,-5.0,-7.716161402893964,0.942630029945163
2015,10,11,0.0,19.5,-10.5,CHUQUIBAMBILLA,-14.79,-70.72,Norte,PUNO,2015-10-11,1,284,-11.0,-10.0,-4.0,-8.58281658387013,0.950373991641613
2015,10,12,0.0,20.0,-12.0,CHUQUIBAMBILLA,-14.79,-70.72,Norte,PUNO,2015-10-12,1,285,-10.5,-11.0,-10.0,-8.58731044507164,0.979319395946868
2015,10,13,0.0,19.5,-13.0,CHUQUIBAMBILLA,-14.79,-70.72,Norte,PUNO,2015-10-13,1,286,-12.0,-10.5,-11.0,-9.947845601641202,0.9830311470984757
2015,10,14,0.0,20.0,-9.0,CHUQUIBAMBILLA,-14.79,-70.72,Norte,PUNO,2015-10-14,1,287,-13.0,-12.0,-10.5,-10.74278291861924,0.9842182073092978
2015,10,15,0.0,17.5,-7.5,CHUQUIBAMBILLA,-14.79,-70.72,Norte,PUNO,2015-10-15,1,288,-9.0,-13.0,-12.0,-7.937651035239685,0.9748396122563553
2015,10,16,0.0,16.0,-6.5,CHUQUIBAMBILLA,-14.79,-70.72,Norte,PUNO,2015-10-16,1,289,-7.5,-9.0,-13.0,-6.982329565201623,0.968587110026455
2015,10,17,0.0,18.5,-1.0,CHUQUIBAMBILLA,-14.79,-70.72,Norte,PUNO,2015-10-17,1,290,-6.5,-7.5,-9.0,-6.080161256294003,0.9599354725295136
2015,10,18,0.0,14.0,-2.0,CHUQUIBAMBILLA,-14.79,-70.72,Norte,PUNO,2015-10-18,1,291,-1.0,-6.5,-7.5,-2.9004352400712934,0.8220077138396071
2015,10,19,0.0,15.5,-3.0,CHUQUIBAMBILLA,-14.79,-70.72,Norte,PUNO,2015-10-19,1,292,-2.0,-1.0,-6.5,-2.6306687861210274,0.7889045272767831
2015,10,20,3.5,19.0,4.5,CHUQUIBAMBILLA,-14.79,-70.72,Norte,PUNO,2015-10-20,0,293,-3.0,-2.0,-1.0,-0.16760313972874585,0.6016671634547914
2015,10,21,0.0,18.5,2.0,CHUQUIBAMBILLA,-14.79,-70.72,Norte,PUNO,2015-10-21,0,294,4.5,-3.0,-2.0,0.25818774135023814,0.499101967226144
2015,10,22,0.0,18.5,-4.0,CHUQUIBAMBILLA,-14.79,-70.72,Norte,PUNO,2015-10-22,1,295,2.0,4.5,-3.0,-0.039092124918765306,0.49029895189733835
2015,10,23,0.0,17.5,-5.0,CHUQUIBAMBILLA,-14.79,-70.72,Norte,PUNO,2015-10-23,1,296,-4.0,2.0,4.5,-2.3268243291573394,0.7340757762099779
2015,10,24,5.2,15.5,-4.0,CHUQUIBAMBILLA,-14.79,-70.72,Norte,PUNO,2015-10-24,1,297,-5.0,-4.0,2.0,-0.7972953564232238,0.6625408220513654
2015,10,25,7.5,10.5,2.0,CHUQUIBAMBILLA,-14.79,-70.72,Norte,PUNO,2015-10-25,0,298,-4.0,-5.0,-4.0,-0.95876919696872,0.7576412915067742
2015,10,26,0.0,16.0,0.0,CHUQUIBAMBILLA,-14.79,-70.72,Norte,PUNO,2015-10-26,1,299,2.0,-4.0,-5.0,-0.645491351443562,0.5811660069332564
2015,10,27,2.5,16.5,2.5,CHUQUIBAMBILLA,-14.79,-70.72,Norte,PUNO,2015-10-27,0,300,0.0,2.0,-4.0,1.881847506200578,0.21063744380348756
2015,10,28,5.2,13.5,3.5,CHUQUIBAMBILLA,-14.79,-70.72,Norte,PUNO,2015-10-28,0,301,2.5,0.0,2.0,2.240863715079083,0.13478494217302947
2015,10,29,0.0,17.0,2.5,CHUQUIBAMBILLA,-14.79,-70.72,Norte,PUNO,2015-10-29,0,302,3.5,2.5,0.0,2.0290424467211223,0.24775827055111388
2015,1,1,4.7,17.2,4.8,HUANCANE,-15.21,-69.76,Norte,PUNO,2015-01-01,0,1,2.2,5.6,5.4,4.02876990782752,0.007760587341085843
2015,1,2,4.7,15.4,5.2,HUANCANE,-15.21,-69.76,Norte,PUNO,2015-01-02,0,2,4.8,2.2,5.6,4.552445554357191,0.006137707203576659
2015,1,3,19.1,14.2,4.8,HUANCANE,-15.21,-69.76,Norte,PUNO,2015-01-03,0,3,5.2,4.8,2.2,4.761609990391589,0.0023101746677666934
2015,1,4,1.3,11.6,2.6,HUANCANE,-15.21,-69.76,Norte,PUNO,2015-01-04,0,4,4.8,5.2,4.8,4.591506008742197,0.0007299001326452259
2015,1,5,3.5,14.0,4.8,HUANCANE,-15.21,-69.76,Norte,PUNO,2015-01-05,0,5,2.6,4.8,5.2,4.251157481924658,0.005025016406887579
2015,1,6,5.6,16.0,4.6,HUANCANE,-15.21,-69.76,Norte,PUNO,2015-01-06,0,6,4.8,2.6,4.8,4.487021972064542,0.003439417249843325
2015,1,7,0.8,15.4,5.0,HUANCANE,-15.21,-69.76,Norte,PUNO,2015-01-07,0,7,4.6,4.8,2.6,4.239430061237123,0.002534345268079278
2015,1,8,5.3,13.6,3.8,HUANCANE,-15.21,-69.76,Norte,PUNO,2015-01-08,0,8,5.0,4.6,4.8,4.880655881920653,0.0007197519547364288
2015,1,9,8.4,14.8,4.6,HUANCANE,-15.21,-69.76,Norte,PUNO,2015-01-09,0,9,3.8,5.0,4.6,4.266713385416591,0.0011383491219449497
2015,1,10,30.2,13.4,4.8,HUANCANE,-15.21,-69.76,Norte,PUNO,2015-01-10,0,10,4.6,3.8,5.0,4.518415103645142,0.0010923497165077555
2015,1,11,2.9,14.6,2.6,HUANCANE,-15.21,-69.76,Norte,PUNO,2015-01-11,0,11,4.8,4.6,3.8,4.522950327982535,0.001067035551985518
2015,1,12,4.7,13.0,4.4,HUANCANE,-15.21,-69.76,Norte,PUNO,2015-01-12,0,12,2.6,4.8,4.6,4.1663639192971775,0.004104301262546254
2015,1,13,0.0,12.6,3.4,HUANCANE,-15.21,-69.76,Norte,PUNO,2015-01-13,0,13,4.4,2.6,4.8,3.9012519599955304,0.011871953704699869
2015,1,14,0.0,15.2,1.0,HUANCANE,-15.21,-69.76,Norte,PUNO,2015-01-14,0,14,3.4,4.4,2.6,3.329379144342159,0.024609432871329346
2015,1,15,3.2,16.4,0.2,HUANCANE,-15.21,-69.76,Norte,PUNO,2015-01-15,0,15,1.0,3.4,4.4,3.0927700064042365,0.025451540274506686
2015,1,16,0.0,13.6,3.6,HUANCANE,-15.21,-69.76,Norte,PUNO,2015-01-16,0,16,0.2,1.0,3.4,1.451177328784711,0.21288956215982918
2015,1,17,0.0,13.4,4.4,HUANCANE,-15.21,-69.76,Norte,PUNO,2015-01-17,0,17,3.6,0.2,1.0,2.4289952561297987,0.09309834533922447
2015,1,18,3.4,12.6,4.2,HUANCANE,-15.21,-69.76,Norte,PUNO,2015-01-18,0,18,4.4,3.6,0.2,3.862482033421304,0.010379453455368993
2015,1,19,3.5,14.2,4.6,HUANCANE,-15.21,-69.76,Norte,PUNO,2015-01-19,0,19,4.2,4.4,3.6,4.423486038466842,0.0013076363546912632
2015,1,20,2.0,14.0,4.4,HUANCANE,-15.21,-69.76,Norte,PUNO,2015-01-20,0,20,4.6,4.2,4.4,4.55807931773767,0.0009082584971868671
2015,1,21,0.0,14.4,4.8,HUANCANE,-15.21,-69.76,Norte,PUNO,2015-01-21,0,21,4.4,4.6,4.2,4.252609473897857,0.005318154324915407
2015,1,22,0.0,14.6,3.2,HUANCANE,-15.21,-69.76,Norte,PUNO,2015-01-22,0,22,4.8,4.4,4.6,4.377554445198122,0.004726710719907943
2015,1,23,0.0,14.8,5.4,HUANCANE,-15.21,-69.76,Norte,PUNO,2015-01-23,0,23,3.2,4.8,4.4,3.7856312609200957,0.013363627878669284
2015,1,24,0.0,15.2,4.4,HUANCANE,-15.21,-69.76,Norte,PUNO,2015-01-24,0,24,5.4,3.2,4.8,4.314675362241765,0.007354711528335743
2015,1,25,9.9,15.2,5.4,HUANCANE,-15.21,-69.76,Norte,PUNO,2015-01-25,0,25,4.4,5.4,3.2,4.558341124898075,0.0013524322991880387
2015,1,26,4.0,13.8,4.2,HUANCANE,-15.21,-69.76,Norte,PUNO,2015-01-26,0,26,5.4,4.4,5.4,5.052127595879096,0.0006030945250529414
2015,1,27,0.0,15.0,5.0,HUANCANE,-15.21,-69.76,Norte,PUNO,2015-01-27,0,27,4.2,5.4,4.4,4.280792329482432,0.00579115261921766
2015,1,28,7.1,13.4,5.4,HUANCANE,-15.21,-69.76,Norte,PUNO,2015-01-28,0,28,5.0,4.2,5.4,5.03096190533108,0.0006321057858426097
2015,1,29,0.0,15.2,5.8,HUANCANE,-15.21,-69.76,Norte,PUNO,2015-01-29,0,29,5.4,5.0,4.2,4.679318413791365,0.00389865148795973
2015,1,30,4.3,12.0,5.4,HUANCANE,-15.21,-69.76,Norte,PUNO,2015-01-30,0,30,5.8,5.4,5.0,5.036405987076454,0.000615181672152445
2015,1,31,0.2,14.2,3.8,HUANCANE,-15.21,-69.76,Norte,PUNO,2015-01-31,0,31,5.4,5.8,5.4,5.12948391457677,0.0005783914067947647
2015,2,1,0.8,14.4,5.6,HUANCANE,-15.21,-69.76,Norte,PUNO,2015-02-01,0,32,3.8,5.4,5.8,4.687967179616347,0.0008556314953877844
2015,2,2,0.0,16.0,2.2,HUANCANE,-15.21,-69.76,Norte,PUNO,2015-02-02,0,33,5.6,3.8,5.4,4.431917613444431,0.005124961368150283
2015,2,3,0.0,16.2,0.4,HUANCANE,-15.21,-69.76,Norte,PUNO,2015-02-03,0,34,2.2,5.6,3.8,3.2078843364232266,0.02865220464731699
2015,2,4,0.0,16.4,2.6,HUANCANE,-15.21,-69.76,Norte,PUNO,2015-02-04,0,35,0.4,2.2,5.6,1.9651069363790077,0.11846876898615603
2015,2,5,0.0,16.0,1.6,HUANCANE,-15.21,-69.76,Norte,PUNO,2015-02-05,0,36,2.6,0.4,2.2,2.2461755265634364,0.07704622438167502
2015,2,6,17.6,14.0,5.4,HUANCANE,-15.21,-69.76,Norte,PUNO,2015-02-06,0,37,1.6,2.6,0.4,2.484554171166926,0.05762066335453138
2015,2,7,11.1,12.2,4.6,HUANCANE,-15.21,-69.76,Norte,PUNO,2015-02-07,0,38,5.4,1.6,2.6,4.318977247333817,0.016446132368741664
2015,2,8,4.5,14.8,3.4,HUANCANE,-15.21,-69.76,Norte,PUNO,2015-02-08,0,39,4.6,5.4,1.6,4.411744715796493,0.005626283622328679
2015,2,9,4.3,15.4,5.6,HUANCANE,-15.21,-69.76,Norte,PUNO,2015-02-09,0,40,3.4,4.6,5.4,4.324802271847513,0.002182670227185128
2015,2,10,0.0,15.2,5.4,HUANCANE,-15.21,-69.76,Norte,PUNO,2015-02-10,0,41,5.6,3.4,4.6,4.301370988276748,0.007308157819520186
2015,2,11,14.7,14.4,5.6,HUANCANE,-15.21,-69.76,Norte,PUNO,2015-02-11,0,42,5.4,5.6,3.4,4.899156995992516,0.0008997949672850798
2015,2,12,0.0,14.0,5.8,HUANCANE,-15.21,-69.76,Norte,PUNO,2015-02-12,0,43,5.6,5.4,5.6,4.967006456383993,0.003081526633085423
2015,2,13,2.0,15.6,3.6,HUANCANE,-15.21,-69.76,Norte,PUNO,2015-02-13,0,44,5.8,5.6,5.4,5.2184752204352085,0.0004950773823535347
2015,2,14,29.1,17.0,6.4,HUANCANE,-15.21,-69.76,Norte,PUNO,2015-02-14,0,45,3.6,5.8,5.6,4.681401136169998,0.0017803376639847204
2015,2,15,0.3,14.2,5.0,HUANCANE,-15.21,-69.76,Norte,PUNO,2015-02-15,0,46,6.4,3.6,5.8,5.351616029199642,0.0011582631763073013
2015,2,16,9.3,17.0,6.2,HUANCANE,-15.21,-69.76,Norte,PUNO,2015-02-16,0,47,5.0,6.4,3.6,5.089796561756315,0.0009189174950122665
2015,2,17,0.0,15.2,4.8,HUANCANE,-15.21,-69.76,Norte,PUNO,2015-02-17,0,48,6.2,5.0,6.4,5.300721730124507,0.003144830820495478
2015,2,18,0.0,16.2,2.6,HUANCANE,-15.21,-69.76,Norte,PUNO,2015-02-18,0,49,4.8,6.2,5.0,4.6768237881446035,0.0034862259753051105
2015,2,19,0.0,15.0,0.4,HUANCANE,-15.21,-69.76,Norte,PUNO,2015-02-19,0,50,2.6,4.8,6.2,3.4720006025759136,0.02732570851624967
2015,2,20,0.0,16.0,1.8,HUANCANE,-15.21,-69.76,Norte,PUNO,2015-02-20,0,51,0.4,2.6,4.8,2.010533527152995,0.11314133683280207
2015,2,21,0.0,13.2,4.8,HUANCANE,-15.21,-69.76,Norte,PUNO,2015-02-21,0,52,1.8,0.4,2.6,1.7290282123512384,0.12293460034257546
2015,2,22,0.0,15.0,4.6,HUANCANE,-15.21,-69.76,Norte,PUNO,2015-02-22,0,53,4.8,1.8,0.4,3.1917725523430835,0.06270368866658475
2015,2,23,0.0,13.8,5.6,HUANCANE,-15.21,-69.76,Norte,PUNO,2015-02-23,0,54,4.6,4.8,1.8,3.651181539585496,0.01839281623481506
2015,2,24,0.0,17.0,4.4,HUANCANE,-15.21,-69.76,Norte,PUNO,2015-02-24,0,55,5.6,4.6,4.8,4.575981040867102,0.004464923667060082
2015,2,25,0.0,16.2,0.8,HUANCANE,-15.21,-69.76,Norte,PUNO,2015-02-25,0,56,4.4,5.6,4.6,4.2967832892860995,0.00502986245562056
2015,2,26,2.2,16.4,3.4,HUANCANE,-15.21,-69.76,Norte,PUNO,2015-02-26,0,57,0.8,4.4,5.6,3.3423727525994877,0.029754228251824732
2015,2,27,6.1,14.6,4.6,HUANCANE,-15.21,-69.76,Norte,PUNO,2015-02-27,0,58,3.4,0.8,4.4,3.813428441947873,0.01075523099343185
2015,2,28,0.0,15.0,3.4,HUANCANE,-15.21,-69.76,Norte,PUNO,2015-02-28,0,59,4.6,3.4,0.8,3.4061843253164654,0.03437820393301685
2015,3,1,0.0,14.8,5.4,HUANCANE,-15.21,-69.76,Norte,PUNO,2015-03-01,0,60,3.4,4.6,3.4,3.6054704883493027,0.01626634292272623
2015,3,2,0.0,15.2,4.4,HUANCANE,-15.21,-69.76,Norte,PUNO,2015-03-02,0,61,5.4,3.4,4.6,4.298918976698574,0.007308157819520186
2015,3,3,7.2,16.4,4.0,HUANCANE,-15.21,-69.76,Norte,PUNO,2015-03-03,0,62,4.4,5.4,3.4,4.519299479899471,0.0011697361588735367
2015,3,4,6.5,14.2,4.6,HUANCANE,-15.21,-69.76,Norte,PUNO,2015-03-04,0,63,4.0,4.4,5.4,4.702091765990083,0.0009117217103436567
2015,3,5,2.1,14.0,4.8,HUANCANE,-15.21,-69.76,Norte,PUNO,2015-03-05,0,64,4.6,4.0,4.4,4.5023958676371425,0.0011155954347727003
2015,3,6,0.0,13.8,6.0,HUANCANE,-15.21,-69.76,Norte,PUNO,2015-03-06,0,65,4.8,4.6,4.0,4.332574699545478,0.005023195146326868
2015,3,7,0.0,13.8,6.6,HUANCANE,-15.21,-69.76,Norte,PUNO,2015-03-07,0,66,6.0,4.8,4.6,4.930949178799769,0.003779373790711645
2015,3,8,0.9,15.2,3.8,HUANCANE,-15.21,-69.76,Norte,PUNO,2015-03-08,0,67,6.6,6.0,4.8,5.582301982706989,0.0006557923359813095
2015,3,9,0.0,15.4,3.4,HUANCANE,-15.21,-69.76,Norte,PUNO,2015-03-09,0,68,3.8,6.6,6.0,4.2281309950047,0.00802401415459625
2015,3,10,0.0,16.0,2.2,HUANCANE,-15.21,-69.76,Norte,PUNO,2015-03-10,0,69,3.4,3.8,6.6,3.6704016673527793,0.013227197187989856
2015,3,11,1.9,15.4,3.0,HUANCANE,-15.21,-69.76,Norte,PUNO,2015-03-11,0,70,2.2,3.4,3.8,3.4225269410752186,0.01032084114396638
2015,3,12,0.0,16.6,2.8,HUANCANE,-15.21,-69.76,Norte,PUNO,2015-03-12,0,71,3.0,2.2,3.4,3.276670568056586,0.033847886262064385
2015,3,13,0.9,17.2,3.0,HUANCANE,-15.21,-69.76,Norte,PUNO,2015-03-13,0,72,2.8,3.0,2.2,3.081171596495005,0.01760392953831708
2015,3,14,0.0,15.6,5.4,HUANCANE,-15.21,-69.76,Norte,PUNO,2015-03-14,0,73,3.0,2.8,3.0,3.296479483553575,0.03254807854779099
2015,3,15,0.0,14.8,1.4,HUANCANE,-15.21,-69.76,Norte,PUNO,2015-03-15,0,74,5.4,3.0,2.8,4.136744149181971,0.016799599039501886
2015,3,16,0.0,15.2,4.8,HUANCANE,-15.21,-69.76,Norte,PUNO,2015-03-16,0,75,1.4,5.4,3.0,2.2652720846383487,0.05930967851983831
2015,3,17,0.0,16.4,2.2,HUANCANE,-15.21,-69.76,Norte,PUNO,2015-03-17,0,76,4.8,1.4,5.4,3.3501052666052873,0.02476910380070555
2015,3,18,0.0,14.8,3.8,HUANCANE,-15.21,-69.76,Norte,PUNO,2015-03-18,0,77,2.2,4.8,1.4,2.3590563788514616,0.06598075332732063
2015,3,19,2.3,14.4,4.4,HUANCANE,-15.21,-69.76,Norte,PUNO,2015-03-19,0,78,3.8,2.2,4.8,4.155214714693482,0.006818741049649969
2015,3,20,1.4,14.4,2.8,HUANCANE,-15.21,-69.76,Norte,PUNO,2015-03-20,0,79,4.4,3.8,2.2,4.033952461416264,0.00561246665133925
2015,3,21,0.0,15.2,4.6,HUANCANE,-15.21,-69.76,Norte,PUNO,2015-03-21,0,80,2.8,4.4,3.8,3.419430121907338,0.03140430898219002
2015,3,22,0.0,14.4,3.2,HUANCANE,-15.21,-69.76,Norte,PUNO,2015-03-22,0,81,4.6,2.8,4.4,3.7201951254241408,0.011745816059212502
2015,3,23,0.0,14.8,1.6,HUANCANE,-15.21,-69.76,Norte,PUNO,2015-03-23,0,82,3.2,4.6,2.8,3.343606827465195,0.026730741973327903
2015,3,24,6.6,16.0,0.4,HUANCANE,-15.21,-69.76,Norte,PUNO,2015-03-24,0,83,1.6,3.2,4.6,3.2608307803296874,0.017083481940470553
2015,3,25,8.1,14.4,3.6,HUANCANE,-15.21,-69.76,Norte,PUNO,2015-03-25,0,84,0.4,1.6,3.2,2.2538299179632033,0.08053608292651702
2015,3,26,2.9,15.2,3.4,HUANCANE,-15.21,-69.76,Norte,PUNO,2015-03-26,0,85,3.6,0.4,1.6,3.2396508183631947,0.03952903806655333
2015,3,27,0.0,16.2,2.2,HUANCANE,-15.21,-69.76,Norte,PUNO,2015-03-27,0,86,3.4,3.6,0.4,2.7135624601085486,0.05234000280659626
2015,3,28,0.0,15.4,2.8,HUANCANE,-15.21,-69.76,Norte,PUNO,2015-03-28,0,87,2.2,3.4,3.6,2.8225785634538543,0.036099012994653235
2015,3,29,0.0,16.4,0.6,HUANCANE,-15.21,-69.76,Norte,PUNO,2015-03-29,0,88,2.8,2.2,3.4,3.0106603393816163,0.04449067909591112
2015,3,30,0.0,15.0,2.8,HUANCANE,-15.21,-69.76,Norte,PUNO,2015-03-30,0,89,0.6,2.8,2.2,1.5135379103649225,0.1669833192299878
2015,3,31,4.2,14.2,3.4,HUANCANE,-15.21,-69.76,Norte,PUNO,2015-03-31,0,90,2.8,0.6,2.8,2.898128611561652,0.02696985220143921
2015,4,1,0.9,15.2,4.8,HUANCANE,-15.21,-69.76,Norte,PUNO,2015-04-01,0,91,3.4,2.8,0.6,3.0717201188860317,0.0190489485996355
2015,4,2,0.0,15.8,5.6,HUANCANE,-15.21,-69.76,Norte,PUNO,2015-04-02,0,92,4.8,3.4,2.8,3.396967702868344,0.019956616997716833
2015,4,3,0.0,16.2,0.8,HUANCANE,-15.21,-69.76,Norte,PUNO,2015-04-03,0,93,5.6,4.8,3.4,4.154546551433,0.011713156219806897
2015,4,4,0.0,16.4,0.4,HUANCANE,-15.21,-69.76,Norte,PUNO,2015-04-04,0,94,0.8,5.6,4.8,1.889990299669063,0.12881117792719307
2015,4,5,1.0,16.2,0.6,HUANCANE,-15.21,-69.76,Norte,PUNO,2015-04-05,0,95,0.4,0.8,5.6,2.7330814881425005,0.11588462425390338
2015,4,6,0.0,12.6,0.6,HUANCANE,-15.21,-69.76,Norte,PUNO,2015-04-06,0,96,0.6,0.4,0.8,0.7752525535236849,0.2586799180862962
2015,4,7,7.8,16.0,0.8,HUANCANE,-15.21,-69.76,Norte,PUNO,2015-04-07,0,97,0.6,0.6,0.4,1.5019882233452984,0.15194218834191492
2015,4,8,10.4,12.2,4.8,HUANCANE,-15.21,-69.76,Norte,PUNO,2015-04-08,0,98,0.8,0.6,0.6,0.9225419252251957,0.20956543252517046
2015,4,9,2.6,12.6,0.4,HUANCANE,-15.21,-69.76,Norte,PUNO,2015-04-09,0,99,4.8,0.8,0.6,3.500008827881682,0.062171551951516114
2015,4,10,4.5,12.2,2.4,HUANCANE,-15.21,-69.76,Norte,PUNO,2015-04-10,0,100,0.4,4.8,0.8,2.290984230030948,0.1582960456298487
2015,4,11,6.1,11.8,4.4,HUANCANE,-15.21,-69.76,Norte,PUNO,2015-04-11,0,101,2.4,0.4,4.8,3.1845573703966594,0.050030663976636004
2015,4,12,0.0,13.2,3.8,HUANCANE,-15.21,-69.76,Norte,PUNO,2015-04-12,0,102,4.4,2.4,0.4,2.7164641580623585,0.06684776226687467
2015,4,13,6.5,14.4,4.6,HUANCANE,-15.21,-69.76,Norte,PUNO,2015-04-13,0,103,3.8,4.4,2.4,3.879404601752633,0.009557978465521016
2015,4,14,3.9,16.2,4.4,HUANCANE,-15.21,-69.76,Norte,PUNO,2015-04-14,0,104,4.6,3.8,4.4,4.343682694069049,0.004742279158885001
2015,4,15,4.1,13.4,4.6,HUANCANE,-15.21,-69.76,Norte,PUNO,2015-04-15,0,105,4.4,4.6,3.8,4.365049274692603,0.0038580929042446982
2015,4,16,1.8,14.0,3.4,HUANCANE,-15.21,-69.76,Norte,PUNO,2015-04-16,0,106,4.6,4.4,4.6,4.502556961956836,0.0033525757708331803
2015,4,17,4.9,14.6,3.8,HUANCANE,-15.21,-69.76,Norte,PUNO,2015-04-17,0,107,3.4,4.6,4.4,3.9469045977377384,0.0052203726233287255
2015,4,18,0.0,15.4,3.8,HUANCANE,-15.21,-69.76,Norte,PUNO,2015-04-18,0,108,3.8,3.4,4.6,3.225428503647744,0.03315874745316439
2015,4,19,0.0,16.4,3.6,HUANCANE,-15.21,-69.76,Norte,PUNO,2015-04-19,0,109,3.8,3.8,3.4,3.1666835135445037,0.04379944022989702
2015,4,20,0.0,16.0,4.0,HUANCANE,-15.21,-69.76,Norte,PUNO,2015-04-20,0,110,3.6,3.8,3.8,3.0457400360230698,0.04045106290109095
2015,4,21,0.0,13.6,2.4,HUANCANE,-15.21,-69.76,Norte,PUNO,2015-04-21,0,111,4.0,3.6,3.8,3.457346705590308,0.035419741432034975
2015,4,22,0.0,14.8,0.4,HUANCANE,-15.21,-69.76,Norte,PUNO,2015-04-22,0,112,2.4,4.0,3.6,2.3504875971978305,0.07367124476162312
2015,4,23,1.9,12.4,2.8,HUANCANE,-15.21,-69.76,Norte,PUNO,2015-04-23,0,113,0.4,2.4,4.0,2.5013039755992192,0.09335979185269253
2015,4,24,0.0,14.2,3.8,HUANCANE,-15.21,-69.76,Norte,PUNO,2015-04-24,0,114,2.8,0.4,2.4,1.8988761317852618,0.13839301573122784
2015,4,25,0.0,14.4,4.2,HUANCANE,-15.21,-69.76,Norte,PUNO,2015-04-25,0,115,3.8,2.8,0.4,2.472492207260955,0.10844592468636803
2015,4,26,0.8,15.6,4.8,HUANCANE,-15.21,-69.76,Norte,PUNO,2015-04-26,0,116,4.2,3.8,2.8,3.96651647828747,0.011337739523526432
2015,4,27,0.6,15.4,3.4,HUANCANE,-15.21,-69.76,Norte,PUNO,2015-04-27,0,117,4.8,4.2,3.8,4.380757501984204,0.005376528075579028
2015,4,28,0.0,13.8,3.2,HUANCANE,-15.21,-69.76,Norte,PUNO,2015-04-28,0,118,3.4,4.8,4.2,3.109028893546405,0.037568609203414254
2015,4,29,0.0,15.0,3.0,HUANCANE,-15.21,-69.76,Norte,PUNO,2015-04-29,0,119,3.2,3.4,4.8,2.9588346889264385,0.05408642152343553
2015,4,30,0.0,15.0,0.4,HUANCANE,-15.21,-69.76,Norte,PUNO,2015-04-30,0,120,3.0,3.2,3.4,2.8635666397467077,0.07554365714558506
2015,5,1,0.0,16.6,1.8,HUANCANE,-15.21,-69.76,Norte,PUNO,2015-05-01,0,121,0.4,3.0,3.2,0.7124144858314118,0.3063611864651303
2015,5,2,0.0,16.2,-1.4,HUANCANE,-15.21,-69.76,Norte,PUNO,2015-05-02,1,122,1.8,0.4,3.0,1.0312942146147754,0.23840746465220972
2015,5,3,0.0,14.4,-1.0,HUANCANE,-15.21,-69.76,Norte,PUNO,2015-05-03,1,123,-1.4,1.8,0.4,-1.116924357649017,0.7671378243017719
2015,5,4,0.0,15.6,-1.4,HUANCANE,-15.21,-69.76,Norte,PUNO,2015-05-04,1,124,-1.0,-1.4,1.8,-0.767623284006641,0.6931956118767185
2015,5,5,0.0,14.4,-1.4,HUANCANE,-15.21,-69.76,Norte,PUNO,2015-05-05,1,125,-1.4,-1.0,-1.4,-1.313998199769135,0.8146987464812796
2015,5,6,0.0,16.2,-2.4,HUANCANE,-15.21,-69.76,Norte,PUNO,2015-05-06,1,126,-1.4,-1.4,-1.0,-1.2839260873740432,0.8022872684918937
2015,5,7,0.0,15.4,-0.6,HUANCANE,-15.21,-69.76,Norte,PUNO,2015-05-07,1,127,-2.4,-1.4,-1.4,-2.1015540486635644,0.8818711136650482
2015,5,8,0.8,15.2,0.4,HUANCANE,-15.21,-69.76,Norte,PUNO,2015-05-08,0,128,-0.6,-2.4,-1.4,0.5701000033135705,0.5507943454568974
2015,5,9,3.5,15.0,1.2,HUANCANE,-15.21,-69.76,Norte,PUNO,2015-05-09,0,129,0.4,-0.6,-2.4,1.2541976319266062,0.24389731177584612
2015,5,10,0.0,14.4,-2.0,HUANCANE,-15.21,-69.76,Norte,PUNO,2015-05-10,1,130,1.2,0.4,-0.6,0.7882183842546264,0.3229447359688743
2015,5,11,0.0,15.2,-2.2,HUANCANE,-15.21,-69.76,Norte,PUNO,2015-05-11,1,131,-2.0,1.2,0.4,-1.6421478997492749,0.829848103339456
2015,5,12,0.0,16.2,-0.6,HUANCANE,-15.21,-69.76,Norte,PUNO,2015-05-12,1,132,-2.2,-2.0,1.2,-1.9476735448746325,0.878454614566063
2015,5,13,0.6,16.0,-0.4,HUANCANE,-15.21,-69.76,Norte,PUNO,2015-05-13,1,133,-0.6,-2.2,-2.0,0.07979340873202799,0.5530947490058644
2015,5,14,0.0,15.4,3.0,HUANCANE,-15.21,-69.76,Norte,PUNO,2015-05-14,0,134,-0.4,-0.6,-2.2,-0.6298800192410046,0.7157896144599117
2015,5,15,0.0,13.0,-2.4,HUANCANE,-15.21,-69.76,Norte,PUNO,2015-05-15,1,135,3.0,-0.4,-0.6,0.9601843558734708,0.31181471718581516
2015,5,16,0.2,10.2,-0.6,HUANCANE,-15.21,-69.76,Norte,PUNO,2015-05-16,1,136,-2.4,3.0,-0.4,-0.3044916675907371,0.6535590580129552
2015,5,17,0.0,16.2,2.0,HUANCANE,-15.21,-69.76,Norte,PUNO,2015-05-17,0,137,-0.6,-2.4,3.0,-0.5105010300275665,0.7148295849735717
2015,5,18,0.0,16.6,0.6,HUANCANE,-15.21,-69.76,Norte,PUNO,2015-05-18,0,138,2.0,-0.6,-2.4,0.02267306236489984,0.4856498717459515
2015,5,19,0.0,15.0,-2.6,HUANCANE,-15.21,-69.76,Norte,PUNO,2015-05-19,1,139,0.6,2.0,-0.6,0.38534283726743285,0.4406399747419065
2015,5,20,0.0,16.0,-0.6,HUANCANE,-15.21,-69.76,Norte,PUNO,2015-05-20,1,140,-2.6,0.6,2.0,-2.0809241693519063,0.8501972482562026
2015,5,21,0.0,14.4,-3.8,HUANCANE,-15.21,-69.76,Norte,PUNO,2015-05-21,1,141,-0.6,-2.6,0.6,-0.6976543060463081,0.7432947794308085
2015,5,22,0.0,15.2,-5.4,HUANCANE,-15.21,-69.76,Norte,PUNO,2015-05-22,1,142,-3.8,-0.6,-2.6,-3.4020616554118037,0.9457088897114856
2015,5,23,0.0,16.8,-3.6,HUANCANE,-15.21,-69.76,Norte,PUNO,2015-05-23,1,143,-5.4,-3.8,-0.6,-4.5445291082439265,0.9664225489119009
2015,5,24,0.0,15.4,-4.0,HUANCANE,-15.21,-69.76,Norte,PUNO,2015-05-24,1,144,-3.6,-5.4,-3.8,-3.564131627478509,0.9725710591024018
2015,5,25,0.0,16.4,-2.4,HUANCANE,-15.21,-69.76,Norte,PUNO,2015-05-25,1,145,-4.0,-3.6,-5.4,-3.719806477506877,0.9745333240075289
2015,5,26,0.0,16.2,-2.2,HUANCANE,-15.21,-69.76,Norte,PUNO,2015-05-26,1,146,-2.4,-4.0,-3.6,-2.546836398427487,0.9279504062342234
2015,5,27,0.0,17.0,-1.8,HUANCANE,-15.21,-69.76,Norte,PUNO,2015-05-27,1,147,-2.2,-2.4,-4.0,-2.1762111138845195,0.9221683997129593
2015,5,28,0.0,14.4,-5.0,HUANCANE,-15.21,-69.76,Norte,PUNO,2015-05-28,1,148,-1.8,-2.2,-2.4,-1.6704239876340272,0.898094303271966
2015,5,29,0.0,17.4,-4.4,HUANCANE,-15.21,-69.76,Norte,PUNO,2015-05-29,1,149,-5.0,-1.8,-2.2,-4.174754725615032,0.9653883780757845
2015,5,30,0.0,17.0,-4.8,HUANCANE,-15.21,-69.76,Norte,PUNO,2015-05-30,1,150,-4.4,-5.0,-1.8,-3.9505334891996347,0.9718047555063714
2015,5,31,0.0,18.4,-2.4,HUANCANE,-15.21,-69.76,Norte,PUNO,2015-05-31,1,151,-4.8,-4.4,-5.0,-4.160580913145112,0.9807991228548025
2015,6,1,0.0,16.4,0.8,HUANCANE,-15.21,-69.76,Norte,PUNO,2015-06-01,0,152,-2.4,-4.8,-4.4,-2.7974369768012712,0.9332226088503295
2015,6,2,2.0,15.2,0.6,HUANCANE,-15.21,-69.76,Norte,PUNO,2015-06-02,0,153,0.8,-2.4,-4.8,0.7349785403790636,0.30518982278035856
2015,6,3,0.0,16.0,-1.2,HUANCANE,-15.21,-69.76,Norte,PUNO,2015-06-03,1,154,0.6,0.8,-2.4,-0.1073307909512876,0.5452871717008609
2015,6,4,0.0,14.2,-2.2,HUANCANE,-15.21,-69.76,Norte,PUNO,2015-06-04,1,155,-1.2,0.6,0.8,-1.2146230333478492,0.7892671220389457
2015,6,5,0.0,14.2,-3.6,HUANCANE,-15.21,-69.76,Norte,PUNO,2015-06-05,1,156,-2.2,-1.2,0.6,-1.966319579054019,0.9148995599753431
2015,6,6,0.0,15.0,-7.4,HUANCANE,-15.21,-69.76,Norte,PUNO,2015-06-06,1,157,-3.6,-2.2,-1.2,-3.1983192638994655,0.9609914094631516
2015,6,7,0.0,14.2,-7.2,HUANCANE,-15.21,-69.76,Norte,PUNO,2015-06-07,1,158,-7.4,-3.6,-2.2,-6.251866682171803,0.9832072809989869
2015,6,8,0.0,14.4,-8.4,HUANCANE,-15.21,-69.76,Norte,PUNO,2015-06-08,1,159,-7.2,-7.4,-3.6,-6.311544681222578,0.9919120384729251
2015,6,9,0.0,15.4,-6.8,HUANCANE,-15.21,-69.76,Norte,PUNO,2015-06-09,1,160,-8.4,-7.2,-7.4,-7.886949276468279,0.9947621726617334
2015,6,10,0.0,16.2,-3.4,HUANCANE,-15.21,-69.76,Norte,PUNO,2015-06-10,1,161,-6.8,-8.4,-7.2,-6.430170322635473,0.9962451216260386
2015,6,11,0.0,15.2,-5.2,HUANCANE,-15.21,-69.76,Norte,PUNO,2015-06-11,1,162,-3.4,-6.8,-8.4,-4.154760090523823,0.9550239158634665
2015,6,12,0.0,16.4,-4.8,HUANCANE,-15.21,-69.76,Norte,PUNO,2015-06-12,1,163,-5.2,-3.4,-6.8,-4.663497414023781,0.9822647899871363
2015,6,13,0.0,16.2,-7.4,HUANCANE,-15.21,-69.76,Norte,PUNO,2015-06-13,1,164,-4.8,-5.2,-3.4,-4.14138442829341,0.975947060846766
2015,6,14,0.0,16.6,-7.4,HUANCANE,-15.21,-69.76,Norte,PUNO,2015-06-14,1,165,-7.4,-4.8,-5.2,-6.453919044701285,0.9920287095417938
2015,6,15,0.0,19.2,-5.4,HUANCANE,-15.21,-69.76,Norte,PUNO,2015-06-15,1,166,-7.4,-7.4,-4.8,-6.29293636975725,0.9945794825320428
2015,6,16,0.0,18.6,-1.8,HUANCANE,-15.21,-69.76,Norte,PUNO,2015-06-16,1,167,-5.4,-7.4,-7.4,-5.219198667614264,0.9901561128214486
2015,6,17,0.0,18.2,-3.8,HUANCANE,-15.21,-69.76,Norte,PUNO,2015-06-17,1,168,-1.8,-5.4,-7.4,-3.2259091545906413,0.9170747305515515
2015,6,18,0.0,14.4,-2.6,HUANCANE,-15.21,-69.76,Norte,PUNO,2015-06-18,1,169,-3.8,-1.8,-5.4,-3.625444412644411,0.962919813389157
2015,6,19,0.0,15.4,-3.4,HUANCANE,-15.21,-69.76,Norte,PUNO,2015-06-19,1,170,-2.6,-3.8,-1.8,-2.4000929973219014,0.9361828969838494
2015,6,20,0.0,15.4,-4.4,HUANCANE,-15.21,-69.76,Norte,PUNO,2015-06-20,1,171,-3.4,-2.6,-3.8,-3.303422407560874,0.9665153991067857
2015,6,21,0.0,14.8,-5.0,HUANCANE,-15.21,-69.76,Norte,PUNO,2015-06-21,1,172,-4.4,-3.4,-2.6,-3.815092675871266,0.9699274523057292
2015,6,22,0.0,16.2,-5.6,HUANCANE,-15.21,-69.76,Norte,PUNO,2015-06-22,1,173,-5.0,-4.4,-3.4,-4.195532470616852,0.9763105825240906
2015,6,23,0.0,18.4,-4.8,HUANCANE,-15.21,-69.76,Norte,PUNO,2015-06-23,1,174,-5.6,-5.0,-4.4,-5.156467295200671,0.9883345719980684
2015,6,24,0.0,14.4,-4.4,HUANCANE,-15.21,-69.76,Norte,PUNO,2015-06-24,1,175,-4.8,-5.6,-5.0,-4.2848407884902135,0.9804144994981192
2015,6,25,0.0,15.4,-4.0,HUANCANE,-15.21,-69.76,Norte,PUNO,2015-06-25,1,176,-4.4,-4.8,-5.6,-4.179622122805693,0.978783119465802
2015,6,26,0.0,16.6,-2.4,HUANCANE,-15.21,-69.76,Norte,PUNO,2015-06-26,1,177,-4.0,-4.4,-4.8,-3.745433840955937,0.9769757482162496
2015,6,27,0.0,16.2,-5.4,HUANCANE,-15.21,-69.76,Norte,PUNO,2015-06-27,1,178,-2.4,-4.0,-4.4,-2.7372930322464577,0.9374922709542782
2015,6,28,0.0,17.4,-4.8,HUANCANE,-15.21,-69.76,Norte,PUNO,2015-06-28,1,179,-5.4,-2.4,-4.0,-4.763968767928147,0.9819315533776473
2015,6,29,0.0,16.2,-7.8,HUANCANE,-15.21,-69.76,Norte,PUNO,2015-06-29,1,180,-4.8,-5.4,-2.4,-4.1378150016761435,0.9774630570056156
2015,6,30,0.0,15.8,-9.2,HUANCANE,-15.21,-69.76,Norte,PUNO,2015-06-30,1,181,-7.8,-4.8,-5.4,-7.240593177885615,0.9915119593086673
2015,7,1,0.0,16.6,-6.4,HUANCANE,-15.21,-69.76,Norte,PUNO,2015-07-01,1,182,-9.2,-7.8,-4.8,-8.31648065706517,0.9960874515634203
2015,7,2,0.0,17.2,-4.6,HUANCANE,-15.21,-69.76,Norte,PUNO,2015-07-02,1,183,-6.4,-9.2,-7.8,-6.2009135381599485,0.9952541086360296
2015,7,3,0.0,16.6,-2.2,HUANCANE,-15.21,-69.76,Norte,PUNO,2015-07-03,1,184,-4.6,-6.4,-9.2,-5.120580803081906,0.9804360557044851
2015,7,4,2.4,8.8,0.8,HUANCANE,-15.21,-69.76,Norte,PUNO,2015-07-04,0,185,-2.2,-4.6,-6.4,-1.3195131422172444,0.7222225014364967
2015,7,5,0.0,12.2,-1.4,HUANCANE,-15.21,-69.76,Norte,PUNO,2015-07-05,1,186,0.8,-2.2,-4.6,-1.3870194009414407,0.6943889048757028
2015,7,6,0.0,14.6,-6.4,HUANCANE,-15.21,-69.76,Norte,PUNO,2015-07-06,1,187,-1.4,0.8,-2.2,-1.3923559879019984,0.8464230362846807
2015,7,7,0.0,13.8,-6.2,HUANCANE,-15.21,-69.76,Norte,PUNO,2015-07-07,1,188,-6.4,-1.4,0.8,-5.344025329804334,0.9704953095699278
2015,7,8,0.0,15.2,-11.0,HUANCANE,-15.21,-69.76,Norte,PUNO,2015-07-08,1,189,-6.2,-6.4,-1.4,-5.2431533729674955,0.9847753345394824
2015,7,9,0.0,15.4,-8.8,HUANCANE,-15.21,-69.76,Norte,PUNO,2015-07-09,1,190,-11.0,-6.2,-6.4,-10.129008500197385,0.9950341464442803
2015,7,10,0.0,16.0,-8.2,HUANCANE,-15.21,-69.76,Norte,PUNO,2015-07-10,1,191,-8.8,-11.0,-6.2,-8.251867266418177,0.9975965214779666
2015,7,11,0.0,16.0,-7.2,HUANCANE,-15.21,-69.76,Norte,PUNO,2015-07-11,1,192,-8.2,-8.8,-11.0,-8.044895925233615,0.9973102030292335
2015,7,12,0.0,17.0,-8.0,HUANCANE,-15.21,-69.76,Norte,PUNO,2015-07-12,1,193,-7.2,-8.2,-8.8,-6.872574000183757,0.9962940174048676
2015,7,13,0.0,17.8,-6.8,HUANCANE,-15.21,-69.76,Norte,PUNO,2015-07-13,1,194,-8.0,-7.2,-8.2,-7.70711286205447,0.9952652165909893
2015,7,14,0.0,16.8,-6.6,HUANCANE,-15.21,-69.76,Norte,PUNO,2015-07-14,1,195,-6.8,-8.0,-7.2,-6.354253788410242,0.9960013170205616
2015,7,15,0.0,12.0,-4.4,HUANCANE,-15.21,-69.76,Norte,PUNO,2015-07-15,1,196,-6.6,-6.8,-8.0,-6.280131178351414,0.9930118990418617
2015,7,16,0.0,16.4,-5.0,HUANCANE,-15.21,-69.76,Norte,PUNO,2015-07-16,1,197,-4.4,-6.6,-6.8,-4.556483144148652,0.9798803743822455
2015,7,17,0.0,16.2,-6.4,HUANCANE,-15.21,-69.76,Norte,PUNO,2015-07-17,1,198,-5.0,-4.4,-6.6,-4.393338514658932,0.9789349197801143
2015,7,18,0.0,15.6,-6.6,HUANCANE,-15.21,-69.76,Norte,PUNO,2015-07-18,1,199,-6.4,-5.0,-4.4,-5.647602587258534,0.9884852105585945
2015,7,19,0.0,16.4,-8.0,HUANCANE,-15.21,-69.76,Norte,PUNO,2015-07-19,1,200,-6.6,-6.4,-5.0,-5.910625499214563,0.9921038075946771
2015,7,20,0.0,14.4,-7.8,HUANCANE,-15.21,-69.76,Norte,PUNO,2015-07-20,1,201,-8.0,-6.6,-6.4,-7.524700065266618,0.994753583696354
2015,7,21,0.0,16.0,-7.0,HUANCANE,-15.21,-69.76,Norte,PUNO,2015-07-21,1,202,-7.8,-8.0,-6.6,-7.419997919925709,0.9968018837143081
2015,7,22,0.0,17.0,-5.4,HUANCANE,-15.21,-69.76,Norte,PUNO,2015-07-22,1,203,-7.0,-7.8,-8.0,-6.743994915908474,0.995534956816634
2015,7,23,0.0,18.4,-4.8,HUANCANE,-15.21,-69.76,Norte,PUNO,2015-07-23,1,204,-5.4,-7.0,-7.8,-5.303731029873091,0.9908313448756683
2015,7,24,0.0,17.0,-3.8,HUANCANE,-15.21,-69.76,Norte,PUNO,2015-07-24,1,205,-4.8,-5.4,-7.0,-4.579185333045708,0.9828896553456827
2015,7,25,0.0,16.0,-3.2,HUANCANE,-15.21,-69.76,Norte,PUNO,2015-07-25,1,206,-3.8,-4.8,-5.4,-3.704474883686657,0.9722869969763915
2015,7,26,0.0,17.6,-3.8,HUANCANE,-15.21,-69.76,Norte,PUNO,2015-07-26,1,207,-3.2,-3.8,-4.8,-3.189515763531095,0.9501205336072911
2015,7,27,0.0,16.2,-4.4,HUANCANE,-15.21,-69.76,Norte,PUNO,2015-07-27,1,208,-3.8,-3.2,-3.8,-3.5450726760699265,0.9727948559755214
2015,7,28,0.0,15.0,-4.8,HUANCANE,-15.21,-69.76,Norte,PUNO,2015-07-28,1,209,-4.4,-3.8,-3.2,-3.8563567650458834,0.9696693078308908
2015,7,29,0.0,15.4,-6.4,HUANCANE,-15.21,-69.76,Norte,PUNO,2015-07-29,1,210,-4.8,-4.4,-3.8,-4.10917505741918,0.9764931792228954
2015,7,30,0.0,15.0,-7.0,HUANCANE,-15.21,-69.76,Norte,PUNO,2015-07-30,1,211,-6.4,-4.8,-4.4,-5.633977432048316,0.9881208033894353
2015,7,31,0.0,14.8,-6.0,HUANCANE,-15.21,-69.76,Norte,PUNO,2015-07-31,1,212,-7.0,-6.4,-4.8,-6.224579137977809,0.992104704861432
2015,8,1,0.0,17.2,-6.8,HUANCANE,-15.21,-69.76,Norte,PUNO,2015-08-01,1,213,-6.0,-7.0,-6.4,-5.591778137347274,0.9901677295563416
2015,8,2,0.0,16.0,-5.4,HUANCANE,-15.21,-69.76,Norte,PUNO,2015-08-02,1,214,-6.8,-6.0,-7.0,-6.338442028492321,0.9917185914442989
2015,8,3,0.0,16.2,-5.2,HUANCANE,-15.21,-69.76,Norte,PUNO,2015-08-03,1,215,-5.4,-6.8,-6.0,-5.062520931480734,0.9873178749658262
2015,8,4,0.0,17.4,-5.2,HUANCANE,-15.21,-69.76,Norte,PUNO,2015-08-04,1,216,-5.2,-5.4,-6.8,-4.748465437443959,0.9823529110213003
2015,8,5,0.0,16.2,-4.6,HUANCANE,-15.21,-69.76,Norte,PUNO,2015-08-05,1,217,-5.2,-5.2,-5.4,-4.641990568094383,0.9811795393891769
2015,8,6,0.0,17.0,-6.6,HUANCANE,-15.21,-69.76,Norte,PUNO,2015-08-06,1,218,-4.6,-5.2,-5.2,-4.245507749317856,0.9784786305239775
2015,8,7,0.0,17.2,-5.6,HUANCANE,-15.21,-69.76,Norte,PUNO,2015-08-07,1,219,-6.6,-4.6,-5.2,-5.878609094821271,0.9860216450890928
2015,8,8,0.0,17.8,-4.4,HUANCANE,-15.21,-69.76,Norte,PUNO,2015-08-08,1,220,-5.6,-6.6,-4.6,-5.218225186903708,0.9878509629775446
2015,8,9,0.0,16.8,1.0,HUANCANE,-15.21,-69.76,Norte,PUNO,2015-08-09,0,221,-4.4,-5.6,-6.6,-4.2960540216858725,0.977127608191043
2015,8,10,0.0,15.4,-11.4,HUANCANE,-15.21,-69.76,Norte,PUNO,2015-08-10,1,222,1.0,-4.4,-5.6,-1.3202560871365459,0.7066556321773454
2015,8,11,11.9,14.4,-5.2,HUANCANE,-15.21,-69.76,Norte,PUNO,2015-08-11,1,223,-11.4,1.0,-4.4,-6.610559959600273,0.6621763178957617
2015,8,12,6.8,10.8,2.6,HUANCANE,-15.21,-69.76,Norte,PUNO,2015-08-12,0,224,-5.2,-11.4,1.0,-3.663929122160032,0.697310663348838
2015,8,13,0.0,10.0,0.4,HUANCANE,-15.21,-69.76,Norte,PUNO,2015-08-13,0,225,2.6,-5.2,-11.4,-2.5204172566551812,0.6688103244712498
2015,8,14,0.0,15.2,-1.2,HUANCANE,-15.21,-69.76,Norte,PUNO,2015-08-14,1,226,0.4,2.6,-5.2,-1.3743911439996217,0.6194942335796985
2015,8,15,0.0,16.4,-5.0,HUANCANE,-15.21,-69.76,Norte,PUNO,2015-08-15,1,227,-1.2,0.4,2.6,-0.9949388009723408,0.7410180368708571
2015,8,16,0.0,15.0,-2.4,HUANCANE,-15.21,-69.76,Norte,PUNO,2015-08-16,1,228,-5.0,-1.2,0.4,-4.164220418516787,0.9351657712230573
2015,8,17,0.0,17.4,-3.2,HUANCANE,-15.21,-69.76,Norte,PUNO,2015-08-17,1,229,-2.4,-5.0,-1.2,-2.340245143098834,0.9116446282730993
2015,8,18,0.1,14.4,0.4,HUANCANE,-15.21,-69.76,Norte,PUNO,2015-08-18,0,230,-3.2,-2.4,-5.0,-1.7908546822202955,0.7670736640746709
2015,8,19,0.0,17.2,-2.0,HUANCANE,-15.21,-69.76,Norte,PUNO,2015-08-19,1,231,0.4,-3.2,-2.4,-0.5045181319206518,0.6067615277657441
2015,8,20,0.0,15.2,-2.4,HUANCANE,-15.21,-69.76,Norte,PUNO,2015-08-20,1,232,-2.0,0.4,-3.2,-1.8572432096980598,0.8567001810439231
2015,8,21,0.0,16.6,-1.6,HUANCANE,-15.21,-69.76,Norte,PUNO,2015-08-21,1,233,-2.4,-2.0,0.4,-2.012921772857765,0.8557785830996791
2015,8,22,0.0,16.8,-2.4,HUANCANE,-15.21,-69.76,Norte,PUNO,2015-08-22,1,234,-1.6,-2.4,-2.0,-1.5260564704313264,0.848958793541378
2015,8,23,0.0,17.4,-1.4,HUANCANE,-15.21,-69.76,Norte,PUNO,2015-08-23,1,235,-2.4,-1.6,-2.4,-2.1064613314041485,0.8867532118957897
2015,8,24,0.0,16.6,-1.6,HUANCANE,-15.21,-69.76,Norte,PUNO,2015-08-24,1,236,-1.4,-2.4,-1.6,-1.229878287519556,0.8331539779663639
2015,8,25,0.0,16.4,0.8,HUANCANE,-15.21,-69.76,Norte,PUNO,2015-08-25,0,237,-1.6,-1.4,-2.4,-1.5158698808000894,0.8148535354988035
2015,8,26,0.0,16.6,-4.0,HUANCANE,-15.21,-69.76,Norte,PUNO,2015-08-26,1,238,0.8,-1.6,-1.4,-0.014998178685895043,0.520490658908423
2015,8,27,0.0,13.6,-5.0,HUANCANE,-15.21,-69.76,Norte,PUNO,2015-08-27,1,239,-4.0,0.8,-1.6,-3.2325229566986815,0.889869119842256
2015,8,28,0.0,14.2,-5.4,HUANCANE,-15.21,-69.76,Norte,PUNO,2015-08-28,1,240,-5.0,-4.0,0.8,-4.034551980629575,0.9481454598255329
2015,8,29,0.0,15.0,-7.8,HUANCANE,-15.21,-69.76,Norte,PUNO,2015-08-29,1,241,-5.4,-5.0,-4.0,-4.671171092824621,0.9743996492897219
2015,8,30,0.0,14.0,-9.4,HUANCANE,-15.21,-69.76,Norte,PUNO,2015-08-30,1,242,-7.8,-5.4,-5.0,-6.8547754538320556,0.9883990585538279
2015,8,31,0.0,15.0,-5.8,HUANCANE,-15.21,-69.76,Norte,PUNO,2015-08-31,1,243,-9.4,-7.8,-5.4,-8.117707769770018,0.991285178226544
2015,9,1,0.0,13.4,-2.4,HUANCANE,-15.21,-69.76,Norte,PUNO,2015-09-01,1,244,-5.8,-9.4,-7.8,-5.805338725642872,0.9890088317995531
2015,9,2,8.4,14.4,0.4,HUANCANE,-15.21,-69.76,Norte,PUNO,2015-09-02,0,245,-2.4,-5.8,-9.4,-0.9837181909743338,0.6982956722985324
2015,9,3,0.9,12.4,2.8,HUANCANE,-15.21,-69.76,Norte,PUNO,2015-09-03,0,246,0.4,-2.4,-5.8,0.23215966953380157,0.3825151366348819
2015,9,4,2.6,13.4,3.6,HUANCANE,-15.21,-69.76,Norte,PUNO,2015-09-04,0,247,2.8,0.4,-2.4,2.303962483021699,0.08079422219328464
2015,9,5,12.4,10.8,3.4,HUANCANE,-15.21,-69.76,Norte,PUNO,2015-09-05,0,248,3.6,2.8,0.4,3.1846531798025826,0.036351006711907476
2015,9,6,0.0,16.4,2.0,HUANCANE,-15.21,-69.76,Norte,PUNO,2015-09-06,0,249,3.4,3.6,2.8,2.8421108164025872,0.0613327351464404
2015,9,7,0.0,17.2,-2.4,HUANCANE,-15.21,-69.76,Norte,PUNO,2015-09-07,1,250,2.0,3.4,3.6,2.240706900581455,0.12866519708881138
2015,9,8,0.0,17.6,-5.2,HUANCANE,-15.21,-69.76,Norte,PUNO,2015-09-08,1,251,-2.4,2.0,3.4,-1.4840898908795088,0.7786105296150283
2015,9,9,0.0,17.4,-4.6,HUANCANE,-15.21,-69.76,Norte,PUNO,2015-09-09,1,252,-5.2,-2.4,2.0,-4.068039240229208,0.9363257042588711
2015,9,10,0.0,17.0,-4.4,HUANCANE,-15.21,-69.76,Norte,PUNO,2015-09-10,1,253,-4.6,-5.2,-2.4,-3.8876010774283474,0.9520298748012881
2015,9,11,0.0,18.4,-3.4,HUANCANE,-15.21,-69.76,Norte,PUNO,2015-09-11,1,254,-4.4,-4.6,-5.2,-3.920534762152237,0.9538263320216569
2015,9,12,0.0,18.8,-2.0,HUANCANE,-15.21,-69.76,Norte,PUNO,2015-09-12,1,255,-3.4,-4.4,-4.6,-3.0079860805180108,0.9316969097418044
2015,9,13,0.0,18.4,-2.8,HUANCANE,-15.21,-69.76,Norte,PUNO,2015-09-13,1,256,-2.0,-3.4,-4.4,-2.2590238557332416,0.8338309760094509
2015,9,14,0.0,18.0,-1.4,HUANCANE,-15.21,-69.76,Norte,PUNO,2015-09-14,1,257,-2.8,-2.0,-3.4,-2.4305656022741893,0.8654143633063478
2015,9,15,0.0,18.0,-1.6,HUANCANE,-15.21,-69.76,Norte,PUNO,2015-09-15,1,258,-1.4,-2.8,-2.0,-1.205590421944006,0.7417482109156448
2015,9,16,0.0,18.2,-0.4,HUANCANE,-15.21,-69.76,Norte,PUNO,2015-09-16,1,259,-1.6,-1.4,-2.8,-1.518706508698434,0.7699973388060404
2015,9,17,0.4,17.0,-1.0,HUANCANE,-15.21,-69.76,Norte,PUNO,2015-09-17,1,260,-0.4,-1.6,-1.4,0.7292686664879839,0.43454457205044716
2015,9,18,0.9,17.2,2.8,HUANCANE,-15.21,-69.76,Norte,PUNO,2015-09-18,0,261,-1.0,-0.4,-1.6,0.4566299793475753,0.5031873979921984
2015,9,19,0.0,13.8,3.0,HUANCANE,-15.21,-69.76,Norte,PUNO,2015-09-19,0,262,2.8,-1.0,-0.4,1.2741399708550585,0.26079967248208336
2015,9,20,0.0,16.2,2.8,HUANCANE,-15.21,-69.76,Norte,PUNO,2015-09-20,0,263,3.0,2.8,-1.0,1.6306636150339502,0.17496718237154466
2015,9,21,0.0,17.0,-0.4,HUANCANE,-15.21,-69.76,Norte,PUNO,2015-09-21,1,264,2.8,3.0,2.8,2.3737493049377876,0.0945691073898249
2015,9,22,0.0,18.0,-0.6,HUANCANE,-15.21,-69.76,Norte,PUNO,2015-09-22,1,265,-0.4,2.8,3.0,0.3626839423343483,0.417759633451347
2015,9,23,3.6,16.0,1.6,HUANCANE,-15.21,-69.76,Norte,PUNO,2015-09-23,0,266,-0.6,-0.4,2.8,1.1003502903109048,0.34543933431572105
2015,9,24,0.0,16.2,3.6,HUANCANE,-15.21,-69.76,Norte,PUNO,2015-09-24,0,267,1.6,-0.6,-0.4,0.9805457253573632,0.29683842086112233
2015,9,25,2.1,16.2,4.8,HUANCANE,-15.21,-69.76,Norte,PUNO,2015-09-25,0,268,3.6,1.6,-0.6,3.143675181238337,0.04486735799116663
2015,9,26,0.0,18.2,4.4,HUANCANE,-15.21,-69.76,Norte,PUNO,2015-09-26,0,269,4.8,3.6,1.6,2.8627004491288357,0.0785328398619515
2015,9,27,0.0,18.4,-2.6,HUANCANE,-15.21,-69.76,Norte,PUNO,2015-09-27,1,270,4.4,4.8,3.6,3.745373917977219,0.03334546469835936
2015,9,28,0.0,17.4,0.4,HUANCANE,-15.21,-69.76,Norte,PUNO,2015-09-28,0,271,-2.6,4.4,4.8,-0.5473129298130975,0.539912752691048
2015,9,29,0.0,18.2,-3.0,HUANCANE,-15.21,-69.76,Norte,PUNO,2015-09-29,1,272,0.4,-2.6,4.4,0.5941607999023923,0.3539179949654067
2015,9,30,0.0,18.6,-1.8,HUANCANE,-15.21,-69.76,Norte,PUNO,2015-09-30,1,273,-3.0,0.4,-2.6,-2.3922169641907187,0.82787781653723
2015,10,1,0.0,16.2,-2.4,HUANCANE,-15.21,-69.76,Norte,PUNO,2015-10-01,1,274,-1.8,-3.0,0.4,-0.9294475390717452,0.6761799328488177
2015,10,2,1.9,14.2,2.4,HUANCANE,-15.21,-69.76,Norte,PUNO,2015-10-02,0,275,-2.4,-1.8,-3.0,-0.5833525076250298,0.6579731501338617
2015,10,3,2.2,10.2,2.2,HUANCANE,-15.21,-69.76,Norte,PUNO,2015-10-03,0,276,2.4,-2.4,-1.8,1.7608113531329406,0.2432937785650937
2015,10,4,0.0,15.8,0.4,HUANCANE,-15.21,-69.76,Norte,PUNO,2015-10-04,0,277,2.2,2.4,-2.4,1.0441253860377868,0.18431799064104523
2015,10,5,0.0,17.2,-2.0,HUANCANE,-15.21,-69.76,Norte,PUNO,2015-10-05,1,278,0.4,2.2,2.4,1.063403613070035,0.20405649951436947
2015,10,6,0.0,18.4,-2.8,HUANCANE,-15.21,-69.76,Norte,PUNO,2015-10-06,1,279,-2.0,0.4,2.2,-0.6630434884242048,0.6211306511173866
2015,10,7,0.0,18.2,-0.8,HUANCANE,-15.21,-69.76,Norte,PUNO,2015-10-07,1,280,-2.8,-2.0,0.4,-1.4726001923049845,0.7590217929043565
2015,10,8,0.0,19.8,1.0,HUANCANE,-15.21,-69.76,Norte,PUNO,2015-10-08,0,281,-0.8,-2.8,-2.0,-0.36374712323350983,0.6558190618704316
2015,10,9,0.0,18.6,-5.4,HUANCANE,-15.21,-69.76,Norte,PUNO,2015-10-09,1,282,1.0,-0.8,-2.8,0.3344913641426219,0.3887868418476441
2015,10,10,0.0,19.6,-5.2,HUANCANE,-15.21,-69.76,Norte,PUNO,2015-10-10,1,283,-5.4,1.0,-0.8,-3.695206975309558,0.851106819277559
2015,10,11,0.0,21.4,-4.2,HUANCANE,-15.21,-69.76,Norte,PUNO,2015-10-11,1,284,-5.2,-5.4,1.0,-3.16769931971739,0.8465156071412895
2015,10,12,0.0,19.4,-4.8,HUANCANE,-15.21,-69.76,Norte,PUNO,2015-10-12,1,285,-4.2,-5.2,-5.4,-3.4526914290598625,0.924971871561674
2015,10,13,0.0,18.8,-5.6,HUANCANE,-15.21,-69.76,Norte,PUNO,2015-10-13,1,286,-4.8,-4.2,-5.2,-3.5481310566546256,0.9384123722149889
2015,10,14,0.0,19.6,-4.4,HUANCANE,-15.21,-69.76,Norte,PUNO,2015-10-14,1,287,-5.6,-4.8,-4.2,-4.808004275738836,0.9582780253161135
2015,10,15,0.0,18.0,0.4,HUANCANE,-15.21,-69.76,Norte,PUNO,2015-10-15,0,288,-4.4,-5.6,-4.8,-3.5608746084377594,0.9421288062688669
2015,10,16,0.0,17.0,-1.4,HUANCANE,-15.21,-69.76,Norte,PUNO,2015-10-16,1,289,0.4,-4.4,-5.6,-1.3513426486745328,0.6698902542575071
2015,10,17,0.0,17.6,-0.4,HUANCANE,-15.21,-69.76,Norte,PUNO,2015-10-17,1,290,-1.4,0.4,-4.4,-1.5644268175892335,0.690678794237622
2015,10,18,0.0,14.4,1.4,HUANCANE,-15.21,-69.76,Norte,PUNO,2015-10-18,0,291,-0.4,-1.4,0.4,0.12608546197612286,0.6044920909863576
2015,10,19,0.8,18.4,-0.8,HUANCANE,-15.21,-69.76,Norte,PUNO,2015-10-19,1,292,1.4,-0.4,-1.4,1.937407760663313,0.20818434611221048
2015,10,20,12.6,18.0,5.4,HUANCANE,-15.21,-69.76,Norte,PUNO,2015-10-20,0,293,-0.8,1.4,-0.4,1.0945118431797203,0.3598575461632798
2015,10,21,0.0,16.8,1.8,HUANCANE,-15.21,-69.76,Norte,PUNO,2015-10-21,0,294,5.4,-0.8,1.4,2.39576263391397,0.15621208034096287
2015,10,22,0.0,17.4,-0.6,HUANCANE,-15.21,-69.76,Norte,PUNO,2015-10-22,1,295,1.8,5.4,-0.8,1.8514809186665429,0.20016164934067443
2015,10,23,0.0,17.4,-0.4,HUANCANE,-15.21,-69.76,Norte,PUNO,2015-10-23,1,296,-0.6,1.8,5.4,0.784978660314206,0.3480381602911564
2015,10,24,1.7,17.2,3.4,HUANCANE,-15.21,-69.76,Norte,PUNO,2015-10-24,0,297,-0.4,-0.6,1.8,1.2486454356170555,0.30522240790467736
2015,10,25,3.5,13.6,4.6,HUANCANE,-15.21,-69.76,Norte,PUNO,2015-10-25,0,298,3.4,-0.4,-0.6,2.6688464206788036,0.07083376129234772
2015,10,26,0.0,13.2,3.4,HUANCANE,-15.21,-69.76,Norte,PUNO,2015-10-26,0,299,4.6,3.4,-0.4,2.7950078028987067,0.10910902377819202
2015,10,27,0.0,15.4,4.6,HUANCANE,-15.21,-69.76,Norte,PUNO,2015-10-27,0,300,3.4,4.6,3.4,3.3813484790780937,0.03300919771597946
2015,10,28,8.5,15.2,4.6,HUANCANE,-15.21,-69.76,Norte,PUNO,2015-10-28,0,301,4.6,3.4,4.6,4.313892109619962,0.005903045069329727
2015,10,29,8.4,15.2,2.8,HUANCANE,-15.21,-69.76,Norte,PUNO,2015-10-29,0,302,4.6,4.6,3.4,4.352592861286485,0.0036928108372241723
2015,1,1,0.6,20.2,0.4,MAZO CRUZ,-16.75,-69.71,Sur,PUNO,2015-01-01,0,1,-0.6,1.8,1.8,0.4740372113489258,0.4893403407962175
2015,1,2,8.4,14.4,1.2,MAZO CRUZ,-16.75,-69.71,Sur,PUNO,2015-01-02,0,2,0.4,-0.6,1.8,0.974464206107768,0.2912166936730468
2015,1,3,2.2,18.2,1.0,MAZO CRUZ,-16.75,-69.71,Sur,PUNO,2015-01-03,0,3,1.2,0.4,-0.6,1.3443110791437352,0.28129948123183385
2015,1,4,5.0,13.6,2.6,MAZO CRUZ,-16.75,-69.71,Sur,PUNO,2015-01-04,0,4,1.0,1.2,0.4,1.078858725008372,0.16468677445068916
2015,1,5,5.6,14.4,1.5,MAZO CRUZ,-16.75,-69.71,Sur,PUNO,2015-01-05,0,5,2.6,1.0,1.2,2.4669829495272904,0.07644123508878213
2015,1,6,4.4,16.8,2.6,MAZO CRUZ,-16.75,-69.71,Sur,PUNO,2015-01-06,0,6,1.5,2.6,1.0,2.2394783769199025,0.10508538311997376
2015,1,7,0.0,16.6,-0.6,MAZO CRUZ,-16.75,-69.71,Sur,PUNO,2015-01-07,1,7,2.6,1.5,2.6,2.0393974707162723,0.17430391130905837
2015,1,8,0.0,15.2,2.6,MAZO CRUZ,-16.75,-69.71,Sur,PUNO,2015-01-08,0,8,-0.6,2.6,1.5,-0.8329880899542305,0.5009791014352715
2015,1,9,6.8,19.6,1.6,MAZO CRUZ,-16.75,-69.71,Sur,PUNO,2015-01-09,0,9,2.6,-0.6,2.6,2.27571714978288,0.21377345094156458
2015,1,10,5.6,14.2,0.6,MAZO CRUZ,-16.75,-69.71,Sur,PUNO,2015-01-10,0,10,1.6,2.6,-0.6,1.9923024161095015,0.13634985805165775
2015,1,11,1.2,15.2,2.4,MAZO CRUZ,-16.75,-69.71,Sur,PUNO,2015-01-11,0,11,0.6,1.6,2.6,1.652789328359521,0.17371939069461664
2015,1,12,3.2,12.4,4.0,MAZO CRUZ,-16.75,-69.71,Sur,PUNO,2015-01-12,0,12,2.4,0.6,1.6,1.7111512776505489,0.10815356273229139
2015,1,13,0.0,15.2,2.0,MAZO CRUZ,-16.75,-69.71,Sur,PUNO,2015-01-13,0,13,4.0,2.4,0.6,2.9419338859173574,0.14987082454220935
2015,1,14,0.0,18.4,-5.2,MAZO CRUZ,-16.75,-69.71,Sur,PUNO,2015-01-14,1,14,2.0,4.0,2.4,2.2025481444768578,0.21925756295387477
2015,1,15,0.0,19.4,-4.2,MAZO CRUZ,-16.75,-69.71,Sur,PUNO,2015-01-15,1,15,-5.2,2.0,4.0,-4.566567517908337,0.8723649188735163
2015,1,16,0.0,17.2,-1.6,MAZO CRUZ,-16.75,-69.71,Sur,PUNO,2015-01-16,1,16,-4.2,-5.2,2.0,-3.3170934153360943,0.9293475915937911
2015,1,17,8.0,18.6,-4.4,MAZO CRUZ,-16.75,-69.71,Sur,PUNO,2015-01-17,1,17,-1.6,-4.2,-5.2,-0.7948655178395145,0.6900404053487157
2015,1,18,1.0,16.0,0.0,MAZO CRUZ,-16.75,-69.71,Sur,PUNO,2015-01-18,1,18,-4.4,-1.6,-4.2,-1.4714775018284902,0.8100739940373449
2015,1,19,2.6,18.0,-2.4,MAZO CRUZ,-16.75,-69.71,Sur,PUNO,2015-01-19,1,19,0.0,-4.4,-1.6,-0.5750532208415755,0.7046944683827473
2015,1,20,2.0,15.2,4.4,MAZO CRUZ,-16.75,-69.71,Sur,PUNO,2015-01-20,0,20,-2.4,0.0,-4.4,-0.8073570198346092,0.6872609538277729
2015,1,21,2.6,13.8,3.2,MAZO CRUZ,-16.75,-69.71,Sur,PUNO,2015-01-21,0,21,4.4,-2.4,0.0,2.7987096632369397,0.1472324339285169
2015,1,22,3.8,16.4,3.4,MAZO CRUZ,-16.75,-69.71,Sur,PUNO,2015-01-22,0,22,3.2,4.4,-2.4,2.6907933639767747,0.08492296627358809
2015,1,23,9.4,16.2,1.6,MAZO CRUZ,-16.75,-69.71,Sur,PUNO,2015-01-23,0,23,3.4,3.2,4.4,3.7501809583754677,0.028545700532124317
2015,1,24,13.4,16.4,5.2,MAZO CRUZ,-16.75,-69.71,Sur,PUNO,2015-01-24,0,24,1.6,3.4,3.2,2.596159244049506,0.06667269913474666
2015,1,25,3.6,14.6,1.0,MAZO CRUZ,-16.75,-69.71,Sur,PUNO,2015-01-25,0,25,5.2,1.6,3.4,4.172807613514401,0.03308810741148745
2015,1,26,0.8,16.4,-2.2,MAZO CRUZ,-16.75,-69.71,Sur,PUNO,2015-01-26,1,26,1.0,5.2,1.6,2.3900429998368096,0.11654911893614818
2015,1,27,0.2,17.2,-1.6,MAZO CRUZ,-16.75,-69.71,Sur,PUNO,2015-01-27,1,27,-2.2,1.0,5.2,0.5583774117746126,0.5425908129581396
2015,1,28,1.4,18.0,-0.2,MAZO CRUZ,-16.75,-69.71,Sur,PUNO,2015-01-28,1,28,-1.6,-2.2,1.0,-0.4330776818740052,0.6383866507768682
2015,1,29,30.0,16.4,3.2,MAZO CRUZ,-16.75,-69.71,Sur,PUNO,2015-01-29,0,29,-0.2,-1.6,-2.2,0.13116317138902733,0.5732773161549561
2015,1,30,11.6,14.0,3.2,MAZO CRUZ,-16.75,-69.71,Sur,PUNO,2015-01-30,0,30,3.2,-0.2,-1.6,2.363446650228841,0.101600471771646
2015,1,31,9.0,14.2,3.6,MAZO CRUZ,-16.75,-69.71,Sur,PUNO,2015-01-31,0,31,3.2,3.2,-0.2,2.854038285887859,0.058868744916985793
2015,2,1,1.0,16.0,4.4,MAZO CRUZ,-16.75,-69.71,Sur,PUNO,2015-02-01,0,32,3.6,3.2,3.2,3.6200099263927177,0.03708968459623951
2015,2,2,0.0,17.6,2.4,MAZO CRUZ,-16.75,-69.71,Sur,PUNO,2015-02-02,0,33,4.4,3.6,3.2,3.3378553814093745,0.1028834350111265
2015,2,3,1.0,19.2,-1.2,MAZO CRUZ,-16.75,-69.71,Sur,PUNO,2015-02-03,1,34,2.4,4.4,3.6,3.017077027973376,0.09630183772063478
2015,2,4,0.2,18.6,2.0,MAZO CRUZ,-16.75,-69.71,Sur,PUNO,2015-02-04,0,35,-1.2,2.4,4.4,0.5276402732871702,0.38024339792242473
2015,2,5,0.0,16.8,-1.6,MAZO CRUZ,-16.75,-69.71,Sur,PUNO,2015-02-05,1,36,2.0,-1.2,2.4,1.4442228203750123,0.4126282275406534
2015,2,6,11.2,16.2,-0.8,MAZO CRUZ,-16.75,-69.71,Sur,PUNO,2015-02-06,1,37,-1.6,2.0,-1.2,0.1922278923042462,0.5033302406923792
2015,2,7,5.2,15.8,3.2,MAZO CRUZ,-16.75,-69.71,Sur,PUNO,2015-02-07,0,38,-0.8,-1.6,2.0,0.3804898070349488,0.4083652616337216
2015,2,8,3.2,16.0,3.8,MAZO CRUZ,-16.75,-69.71,Sur,PUNO,2015-02-08,0,39,3.2,-0.8,-1.6,2.427196609579606,0.12699088122490287
2015,2,9,5.4,13.6,5.2,MAZO CRUZ,-16.75,-69.71,Sur,PUNO,2015-02-09,0,40,3.8,3.2,-0.8,3.0670258365902616,0.05678271012470344
2015,2,10,1.2,15.4,5.6,MAZO CRUZ,-16.75,-69.71,Sur,PUNO,2015-02-10,0,41,5.2,3.8,3.2,4.120460181055373,0.027012213073666212
2015,2,11,14.0,15.6,4.4,MAZO CRUZ,-16.75,-69.71,Sur,PUNO,2015-02-11,0,42,5.6,5.2,3.8,4.290160981165555,0.017866333013965036
2015,2,12,2.0,14.4,2.0,MAZO CRUZ,-16.75,-69.71,Sur,PUNO,2015-02-12,0,43,4.4,5.6,5.2,4.727548038972733,0.015172246240613963
2015,2,13,10.6,17.4,3.4,MAZO CRUZ,-16.75,-69.71,Sur,PUNO,2015-02-13,0,44,2.0,4.4,5.6,3.404932777002232,0.07614180311265202
2015,2,14,21.8,14.8,5.2,MAZO CRUZ,-16.75,-69.71,Sur,PUNO,2015-02-14,0,45,3.4,2.0,4.4,3.6179681308056644,0.02744588141512205
2015,2,15,0.0,15.2,3.8,MAZO CRUZ,-16.75,-69.71,Sur,PUNO,2015-02-15,0,46,5.2,3.4,2.0,3.8837066954616764,0.11513519996238937
2015,2,16,0.0,18.0,4.2,MAZO CRUZ,-16.75,-69.71,Sur,PUNO,2015-02-16,0,47,3.8,5.2,3.4,3.49198679003578,0.10587650698296093
2015,2,17,4.0,16.8,0.4,MAZO CRUZ,-16.75,-69.71,Sur,PUNO,2015-02-17,0,48,4.2,3.8,5.2,4.393648700501198,0.02247521020829557
2015,2,18,0.0,18.0,-2.6,MAZO CRUZ,-16.75,-69.71,Sur,PUNO,2015-02-18,1,49,0.4,4.2,3.8,1.5767211519994089,0.3304324938977505
2015,2,19,0.0,18.4,-5.2,MAZO CRUZ,-16.75,-69.71,Sur,PUNO,2015-02-19,1,50,-2.6,0.4,4.2,-1.9298409664722076,0.832359917342543
2015,2,20,0.0,18.4,-3.4,MAZO CRUZ,-16.75,-69.71,Sur,PUNO,2015-02-20,1,51,-5.2,-2.6,0.4,-4.930837904414792,0.9481709699388269
2015,2,21,1.4,18.2,1.0,MAZO CRUZ,-16.75,-69.71,Sur,PUNO,2015-02-21,0,52,-3.4,-5.2,-2.6,-1.4718291361030211,0.806489840095479
2015,2,22,8.8,18.6,1.4,MAZO CRUZ,-16.75,-69.71,Sur,PUNO,2015-02-22,0,53,1.0,-3.4,-5.2,0.28928306668494885,0.522969158548646
2015,2,23,6.8,14.6,4.8,MAZO CRUZ,-16.75,-69.71,Sur,PUNO,2015-02-23,0,54,1.4,1.0,-3.4,1.1043709477064678,0.21913312150175976
2015,2,24,0.0,17.2,4.2,MAZO CRUZ,-16.75,-69.71,Sur,PUNO,2015-02-24,0,55,4.8,1.4,1.0,2.789903804647962,0.18781685353787306
2015,2,25,0.0,18.4,-1.6,MAZO CRUZ,-16.75,-69.71,Sur,PUNO,2015-02-25,1,56,4.2,4.8,1.4,2.99191065673281,0.21905357680145016
2015,2,26,0.0,18.0,0.4,MAZO CRUZ,-16.75,-69.71,Sur,PUNO,2015-02-26,0,57,-1.6,4.2,4.8,-0.7753204265366069,0.6283997311143401
2015,2,27,3.8,14.4,-0.6,MAZO CRUZ,-16.75,-69.71,Sur,PUNO,2015-02-27,1,58,0.4,-1.6,4.2,1.7690129757420343,0.21818308309055653
2015,2,28,0.0,16.8,-2.0,MAZO CRUZ,-16.75,-69.71,Sur,PUNO,2015-02-28,1,59,-0.6,0.4,-1.6,-1.0681634515007052,0.6695842295585892
2015,3,1,0.4,17.6,3.6,MAZO CRUZ,-16.75,-69.71,Sur,PUNO,2015-03-01,0,60,-2.0,-0.6,0.4,-0.718397553565555,0.6984378234106542
2015,3,2,0.4,18.2,2.0,MAZO CRUZ,-16.75,-69.71,Sur,PUNO,2015-03-02,0,61,3.6,-2.0,-0.6,2.8848334512768243,0.2762290667240015
2015,3,3,0.6,19.4,-0.2,MAZO CRUZ,-16.75,-69.71,Sur,PUNO,2015-03-03,1,62,2.0,3.6,-2.0,1.7412145788506246,0.298175913925485
2015,3,4,7.8,15.2,5.2,MAZO CRUZ,-16.75,-69.71,Sur,PUNO,2015-03-04,0,63,-0.2,2.0,3.6,1.9266855519323176,0.15997328785082293
2015,3,5,6.6,15.2,2.8,MAZO CRUZ,-16.75,-69.71,Sur,PUNO,2015-03-05,0,64,5.2,-0.2,2.0,3.231152048461811,0.08373195750472259
2015,3,6,8.4,16.4,4.6,MAZO CRUZ,-16.75,-69.71,Sur,PUNO,2015-03-06,0,65,2.8,5.2,-0.2,3.1104179880551843,0.10188662966465001
2015,3,7,4.0,16.0,3.4,MAZO CRUZ,-16.75,-69.71,Sur,PUNO,2015-03-07,0,66,4.6,2.8,5.2,4.374782297616999,0.020447050853327466
2015,3,8,7.8,14.6,4.8,MAZO CRUZ,-16.75,-69.71,Sur,PUNO,2015-03-08,0,67,3.4,4.6,2.8,3.761525845574965,0.03320663551938556
2015,3,9,2.0,15.6,2.6,MAZO CRUZ,-16.75,-69.71,Sur,PUNO,2015-03-09,0,68,4.8,3.4,4.6,4.308476236296813,0.023059217776364188
2015,3,10,1.4,16.0,4.8,MAZO CRUZ,-16.75,-69.71,Sur,PUNO,2015-03-10,0,69,2.6,4.8,3.4,3.6554023011419092,0.03903137421740465
2015,3,11,5.8,17.4,2.4,MAZO CRUZ,-16.75,-69.71,Sur,PUNO,2015-03-11,0,70,4.8,2.6,4.8,4.298217612501973,0.05571309270924982
2015,3,12,7.6,19.2,0.0,MAZO CRUZ,-16.75,-69.71,Sur,PUNO,2015-03-12,1,71,2.4,4.8,2.6,3.126170872808191,0.13329996167494565
2015,3,13,0.0,18.0,1.2,MAZO CRUZ,-16.75,-69.71,Sur,PUNO,2015-03-13,0,72,0.0,2.4,4.8,0.7073775669465977,0.3654022433041394
2015,3,14,2.0,16.2,0.4,MAZO CRUZ,-16.75,-69.71,Sur,PUNO,2015-03-14,0,73,1.2,0.0,2.4,1.8579284413711301,0.17956765407597128
2015,3,15,2.8,16.4,-0.6,MAZO CRUZ,-16.75,-69.71,Sur,PUNO,2015-03-15,1,74,0.4,1.2,0.0,1.0101070677908937,0.28423178416237393
2015,3,16,2.0,18.2,2.4,MAZO CRUZ,-16.75,-69.71,Sur,PUNO,2015-03-16,0,75,-0.6,0.4,1.2,0.16631730631675964,0.4831429386077149
2015,3,17,16.6,15.8,5.4,MAZO CRUZ,-16.75,-69.71,Sur,PUNO,2015-03-17,0,76,2.4,-0.6,0.4,1.6379512924235482,0.1289779248040505
2015,3,18,2.4,13.2,4.0,MAZO CRUZ,-16.75,-69.71,Sur,PUNO,2015-03-18,0,77,5.4,2.4,-0.6,4.046039047672043,0.06685349488891082
2015,3,19,6.0,14.0,4.0,MAZO CRUZ,-16.75,-69.71,Sur,PUNO,2015-03-19,0,78,4.0,5.4,2.4,4.151695230026556,0.027300992582161204
2015,3,20,2.0,16.4,2.8,MAZO CRUZ,-16.75,-69.71,Sur,PUNO,2015-03-20,0,79,4.0,4.0,5.4,4.433235066296296,0.034975671277401935
2015,3,21,4.0,16.6,3.8,MAZO CRUZ,-16.75,-69.71,Sur,PUNO,2015-03-21,0,80,2.8,4.0,4.0,3.759093232233314,0.06736002860734568
2015,3,22,3.8,17.6,3.2,MAZO CRUZ,-16.75,-69.71,Sur,PUNO,2015-03-22,0,81,3.8,2.8,4.0,3.58502233322526,0.11851617210566631
2015,3,23,0.2,15.4,0.6,MAZO CRUZ,-16.75,-69.71,Sur,PUNO,2015-03-23,0,82,3.2,3.8,2.8,3.4310221724154246,0.10815818108436219
2015,3,24,1.2,15.4,0.6,MAZO CRUZ,-16.75,-69.71,Sur,PUNO,2015-03-24,0,83,0.6,3.2,3.8,2.4806533347884154,0.15093468852547937
2015,3,25,5.6,12.4,1.4,MAZO CRUZ,-16.75,-69.71,Sur,PUNO,2015-03-25,0,84,0.6,0.6,3.2,1.8809349011738996,0.15907058826706064
2015,3,26,1.6,13.6,0.2,MAZO CRUZ,-16.75,-69.71,Sur,PUNO,2015-03-26,0,85,1.4,0.6,0.6,1.242519807683377,0.1675938541289668
2015,3,27,0.0,16.6,-1.6,MAZO CRUZ,-16.75,-69.71,Sur,PUNO,2015-03-27,1,86,0.2,1.4,0.6,0.4015090276237456,0.3711912136155842
2015,3,28,0.0,16.0,-5.2,MAZO CRUZ,-16.75,-69.71,Sur,PUNO,2015-03-28,1,87,-1.6,0.2,1.4,-1.466633259750941,0.7509560121067831
2015,3,29,0.0,17.4,-4.6,MAZO CRUZ,-16.75,-69.71,Sur,PUNO,2015-03-29,1,88,-5.2,-1.6,0.2,-4.816298237073131,0.9349268299222845
2015,3,30,0.0,16.6,-2.8,MAZO CRUZ,-16.75,-69.71,Sur,PUNO,2015-03-30,1,89,-4.6,-5.2,-1.6,-4.58419078633919,0.9560452762471978
2015,3,31,0.0,17.2,-4.0,MAZO CRUZ,-16.75,-69.71,Sur,PUNO,2015-03-31,1,90,-2.8,-4.6,-5.2,-3.40091447083604,0.9472971764646441
2015,4,1,2.0,15.4,3.2,MAZO CRUZ,-16.75,-69.71,Sur,PUNO,2015-04-01,0,91,-4.0,-2.8,-4.6,-2.680471682702582,0.8642438440669135
2015,4,2,1.0,17.2,0.2,MAZO CRUZ,-16.75,-69.71,Sur,PUNO,2015-04-02,0,92,3.2,-4.0,-2.8,1.8388723031448833,0.298729173228417
2015,4,3,0.0,19.6,-2.2,MAZO CRUZ,-16.75,-69.71,Sur,PUNO,2015-04-03,1,93,0.2,3.2,-4.0,-1.3056599812533207,0.6303247827632515
2015,4,4,0.0,20.4,-3.6,MAZO CRUZ,-16.75,-69.71,Sur,PUNO,2015-04-04,1,94,-2.2,0.2,3.2,-1.8355256984458317,0.8273880148144235
2015,4,5,0.0,18.6,-2.2,MAZO CRUZ,-16.75,-69.71,Sur,PUNO,2015-04-05,1,95,-3.6,-2.2,0.2,-3.276548132995889,0.8907856048311846
2015,4,6,0.0,16.2,-1.4,MAZO CRUZ,-16.75,-69.71,Sur,PUNO,2015-04-06,1,96,-2.2,-3.6,-2.2,-2.437447339572449,0.9121391134592071
2015,4,7,0.0,15.8,-3.6,MAZO CRUZ,-16.75,-69.71,Sur,PUNO,2015-04-07,1,97,-1.4,-2.2,-3.6,-2.1143680359019275,0.8456743498685216
2015,4,8,0.0,12.8,1.0,MAZO CRUZ,-16.75,-69.71,Sur,PUNO,2015-04-08,0,98,-3.6,-1.4,-2.2,-3.885008181354762,0.9585488094809387
2015,4,9,0.0,15.8,2.4,MAZO CRUZ,-16.75,-69.71,Sur,PUNO,2015-04-09,0,99,1.0,-3.6,-1.4,-0.6913841481359091,0.5997522356741574
2015,4,10,7.2,15.6,1.8,MAZO CRUZ,-16.75,-69.71,Sur,PUNO,2015-04-10,0,100,2.4,1.0,-3.6,1.577189620843207,0.14832772180482592
2015,4,11,8.4,14.2,0.4,MAZO CRUZ,-16.75,-69.71,Sur,PUNO,2015-04-11,0,101,1.8,2.4,1.0,2.308838150033198,0.11747831152108602
2015,4,12,4.2,13.8,3.6,MAZO CRUZ,-16.75,-69.71,Sur,PUNO,2015-04-12,0,102,0.4,1.8,2.4,1.6767303319416582,0.11594755370867064
2015,4,13,0.2,15.2,1.4,MAZO CRUZ,-16.75,-69.71,Sur,PUNO,2015-04-13,0,103,3.6,0.4,1.8,3.1947810514519297,0.11944512873115568
2015,4,14,0.1,15.4,-2.4,MAZO CRUZ,-16.75,-69.71,Sur,PUNO,2015-04-14,1,104,1.4,3.6,0.4,2.310919882465981,0.1752634095174593
2015,4,15,0.0,16.2,-4.6,MAZO CRUZ,-16.75,-69.71,Sur,PUNO,2015-04-15,1,105,-2.4,1.4,3.6,-1.985287959553968,0.8240689022428525
2015,4,16,0.0,16.4,-0.8,MAZO CRUZ,-16.75,-69.71,Sur,PUNO,2015-04-16,1,106,-4.6,-2.4,1.4,-4.6435629895611354,0.9051058486555619
2015,4,17,0.0,15.2,-2.4,MAZO CRUZ,-16.75,-69.71,Sur,PUNO,2015-04-17,1,107,-0.8,-4.6,-2.4,-2.232767878892098,0.8379415942192615
2015,4,18,11.4,17.4,-1.0,MAZO CRUZ,-16.75,-69.71,Sur,PUNO,2015-04-18,1,108,-2.4,-0.8,-4.6,-0.7702668773384899,0.7345502775885386
2015,4,19,2.8,14.6,0.4,MAZO CRUZ,-16.75,-69.71,Sur,PUNO,2015-04-19,0,109,-1.0,-2.4,-0.8,-0.5023805488963269,0.6731768732806251
2015,4,20,0.4,15.2,1.2,MAZO CRUZ,-16.75,-69.71,Sur,PUNO,2015-04-20,0,110,0.4,-1.0,-2.4,0.9137435245532101,0.3462639678537819
2015,4,21,5.4,15.2,-2.2,MAZO CRUZ,-16.75,-69.71,Sur,PUNO,2015-04-21,1,111,1.2,0.4,-1.0,1.436026004154559,0.1711171881941535
2015,4,22,0.0,16.2,0.6,MAZO CRUZ,-16.75,-69.71,Sur,PUNO,2015-04-22,0,112,-2.2,1.2,0.4,-2.1536357645281647,0.8528422767803597
2015,4,23,7.8,14.4,3.2,MAZO CRUZ,-16.75,-69.71,Sur,PUNO,2015-04-23,0,113,0.6,-2.2,1.2,1.17109950371752,0.24064862288194275
2015,4,24,6.4,14.6,4.0,MAZO CRUZ,-16.75,-69.71,Sur,PUNO,2015-04-24,0,114,3.2,0.6,-2.2,2.5199700640777296,0.1090028485640589
2015,4,25,0.0,14.8,1.6,MAZO CRUZ,-16.75,-69.71,Sur,PUNO,2015-04-25,0,115,4.0,3.2,0.6,2.511208368586403,0.12557843419104434
2015,4,26,0.0,15.8,-1.6,MAZO CRUZ,-16.75,-69.71,Sur,PUNO,2015-04-26,1,116,1.6,4.0,3.2,1.4393999590454682,0.2128585421336004
2015,4,27,2.2,16.4,1.0,MAZO CRUZ,-16.75,-69.71,Sur,PUNO,2015-04-27,0,117,-1.6,1.6,4.0,0.6892118723407724,0.47817609791675303
2015,4,28,2.0,15.2,-1.2,MAZO CRUZ,-16.75,-69.71,Sur,PUNO,2015-04-28,1,118,1.0,-1.6,1.6,1.3494355379456249,0.2479260450831393
2015,4,29,0.0,16.4,-2.0,MAZO CRUZ,-16.75,-69.71,Sur,PUNO,2015-04-29,1,119,-1.2,1.0,-1.6,-1.5113256775056676,0.7613271717532188
2015,4,30,0.0,16.8,-3.6,MAZO CRUZ,-16.75,-69.71,Sur,PUNO,2015-04-30,1,120,-2.0,-1.2,1.0,-2.094332078766014,0.8395380829977737
2015,5,1,0.0,16.4,-3.0,MAZO CRUZ,-16.75,-69.71,Sur,PUNO,2015-05-01,1,121,-3.6,-2.0,-1.2,-4.177769903530564,0.9521300072615899
2015,5,2,0.0,17.2,-9.6,MAZO CRUZ,-16.75,-69.71,Sur,PUNO,2015-05-02,1,122,-3.0,-3.6,-2.0,-3.1546220753177243,0.9467833765297793
2015,5,3,0.0,15.8,-9.2,MAZO CRUZ,-16.75,-69.71,Sur,PUNO,2015-05-03,1,123,-9.6,-3.0,-3.6,-9.113147163734219,0.9865134321358289
2015,5,4,0.0,18.2,-7.2,MAZO CRUZ,-16.75,-69.71,Sur,PUNO,2015-05-04,1,124,-9.2,-9.6,-3.0,-8.783280670982512,0.9947097334094501
2015,5,5,0.0,17.2,-8.6,MAZO CRUZ,-16.75,-69.71,Sur,PUNO,2015-05-05,1,125,-7.2,-9.2,-9.6,-8.168566858663466,0.9960001573132073
2015,5,6,0.0,17.4,-6.6,MAZO CRUZ,-16.75,-69.71,Sur,PUNO,2015-05-06,1,126,-8.6,-7.2,-9.2,-8.589530724050682,0.9961610633543405
2015,5,7,0.0,16.6,-3.6,MAZO CRUZ,-16.75,-69.71,Sur,PUNO,2015-05-07,1,127,-6.6,-8.6,-7.2,-6.755952544108495,0.9957279402084869
2015,5,8,0.0,16.8,-5.2,MAZO CRUZ,-16.75,-69.71,Sur,PUNO,2015-05-08,1,128,-3.6,-6.6,-8.6,-5.548252818020527,0.9694408847626788
2015,5,9,0.0,17.2,-6.2,MAZO CRUZ,-16.75,-69.71,Sur,PUNO,2015-05-09,1,129,-5.2,-3.6,-6.6,-5.314915711944269,0.9826482500033492
2015,5,10,0.0,17.6,-8.6,MAZO CRUZ,-16.75,-69.71,Sur,PUNO,2015-05-10,1,130,-6.2,-5.2,-3.6,-5.913901895995154,0.9796959584103517
2015,5,11,0.0,16.2,-7.6,MAZO CRUZ,-16.75,-69.71,Sur,PUNO,2015-05-11,1,131,-8.6,-6.2,-5.2,-8.13275937383253,0.9949476425402973
2015,5,12,0.0,17.4,-9.2,MAZO CRUZ,-16.75,-69.71,Sur,PUNO,2015-05-12,1,132,-7.6,-8.6,-6.2,-7.344875927406626,0.9967876686171239
2015,5,13,0.0,16.8,-9.0,MAZO CRUZ,-16.75,-69.71,Sur,PUNO,2015-05-13,1,133,-9.2,-7.6,-8.6,-9.389809670183839,0.9956254936581872
2015,5,14,0.0,16.6,-8.2,MAZO CRUZ,-16.75,-69.71,Sur,PUNO,2015-05-14,1,134,-9.0,-9.2,-7.6,-9.306141800084326,0.9981163863062261
2015,5,15,0.0,12.0,-8.6,MAZO CRUZ,-16.75,-69.71,Sur,PUNO,2015-05-15,1,135,-8.2,-9.0,-9.2,-8.326220168371687,0.997637096297939
2015,5,16,0.0,11.6,-2.2,MAZO CRUZ,-16.75,-69.71,Sur,PUNO,2015-05-16,1,136,-8.6,-8.2,-9.0,-8.627475435153109,0.9981194014546965
2015,5,17,0.0,16.6,-5.4,MAZO CRUZ,-16.75,-69.71,Sur,PUNO,2015-05-17,1,137,-2.2,-8.6,-8.2,-5.924740070002802,0.9562519980255643
2015,5,18,0.0,17.6,-9.2,MAZO CRUZ,-16.75,-69.71,Sur,PUNO,2015-05-18,1,138,-5.4,-2.2,-8.6,-6.038206321044878,0.984397971566445
2015,5,19,0.0,18.2,-10.6,MAZO CRUZ,-16.75,-69.71,Sur,PUNO,2015-05-19,1,139,-9.2,-5.4,-2.2,-8.50007546855517,0.9888557863680277
2015,5,20,0.0,17.4,-10.6,MAZO CRUZ,-16.75,-69.71,Sur,PUNO,2015-05-20,1,140,-10.6,-9.2,-5.4,-9.897295788944561,0.998400746183796
2015,5,21,0.0,17.4,-11.6,MAZO CRUZ,-16.75,-69.71,Sur,PUNO,2015-05-21,1,141,-10.6,-10.6,-9.2,-10.388719043887043,0.9988165439791072
2015,5,22,0.0,17.2,-12.8,MAZO CRUZ,-16.75,-69.71,Sur,PUNO,2015-05-22,1,142,-11.6,-10.6,-10.6,-11.183490458849121,0.9988475482300676
2015,5,23,0.0,17.2,-14.2,MAZO CRUZ,-16.75,-69.71,Sur,PUNO,2015-05-23,1,143,-12.8,-11.6,-10.6,-12.11177931297824,0.998989011994708
2015,5,24,0.0,17.6,-11.6,MAZO CRUZ,-16.75,-69.71,Sur,PUNO,2015-05-24,1,144,-14.2,-12.8,-11.6,-13.556847791799054,0.9991005888821702
2015,5,25,1.2,16.0,-9.2,MAZO CRUZ,-16.75,-69.71,Sur,PUNO,2015-05-25,1,145,-11.6,-14.2,-12.8,-6.7434276376370095,0.9729009505680414
2015,5,26,0.0,16.4,-3.4,MAZO CRUZ,-16.75,-69.71,Sur,PUNO,2015-05-26,1,146,-9.2,-11.6,-14.2,-10.38671879859799,0.9985587117879333
2015,5,27,0.0,16.8,-9.4,MAZO CRUZ,-16.75,-69.71,Sur,PUNO,2015-05-27,1,147,-3.4,-9.2,-11.6,-7.904474871975602,0.9817656265479071
2015,5,28,0.0,16.6,-10.8,MAZO CRUZ,-16.75,-69.71,Sur,PUNO,2015-05-28,1,148,-9.4,-3.4,-9.2,-9.412555468878246,0.9938157803444565
2015,5,29,0.0,18.0,-13.2,MAZO CRUZ,-16.75,-69.71,Sur,PUNO,2015-05-29,1,149,-10.8,-9.4,-3.4,-10.06960019063369,0.9966790446527806
2015,5,30,0.0,18.4,-12.6,MAZO CRUZ,-16.75,-69.71,Sur,PUNO,2015-05-30,1,150,-13.2,-10.8,-9.4,-12.533932990624722,0.998895080010948
2015,5,31,0.0,17.6,-7.2,MAZO CRUZ,-16.75,-69.71,Sur,PUNO,2015-05-31,1,151,-12.6,-13.2,-10.8,-12.121205090480956,0.9990895854838534
2015,6,1,0.0,17.8,-9.6,MAZO CRUZ,-16.75,-69.71,Sur,PUNO,2015-06-01,1,152,-7.2,-12.6,-13.2,-9.557927740067102,0.9962656288866718
2015,6,2,0.0,18.4,-9.6,MAZO CRUZ,-16.75,-69.71,Sur,PUNO,2015-06-02,1,153,-9.6,-7.2,-12.6,-10.276470802225168,0.9973131928679344
2015,6,3,0.0,17.4,-10.0,MAZO CRUZ,-16.75,-69.71,Sur,PUNO,2015-06-03,1,154,-9.6,-9.6,-7.2,-9.505250553593314,0.9981542747692768
2015,6,4,0.0,17.8,-7.2,MAZO CRUZ,-16.75,-69.71,Sur,PUNO,2015-06-04,1,155,-10.0,-9.6,-9.6,-9.925099920898724,0.9986380920216508
2015,6,5,0.0,17.2,-13.8,MAZO CRUZ,-16.75,-69.71,Sur,PUNO,2015-06-05,1,156,-7.2,-10.0,-9.6,-8.534015033745282,0.9967774913848878
2015,6,6,0.0,17.4,-15.4,MAZO CRUZ,-16.75,-69.71,Sur,PUNO,2015-06-06,1,157,-13.8,-7.2,-10.0,-12.741946407790739,0.9971098906073071
2015,6,7,0.0,17.4,-16.0,MAZO CRUZ,-16.75,-69.71,Sur,PUNO,2015-06-07,1,158,-15.4,-13.8,-7.2,-14.47341674077188,0.9987447365828764
2015,6,8,0.0,17.2,-15.6,MAZO CRUZ,-16.75,-69.71,Sur,PUNO,2015-06-08,1,159,-16.0,-15.4,-13.8,-15.012440498658187,0.9991811124087182
2015,6,9,0.0,18.2,-13.6,MAZO CRUZ,-16.75,-69.71,Sur,PUNO,2015-06-09,1,160,-15.6,-16.0,-15.4,-14.994070794765083,0.9991990008332726
2015,6,10,0.0,18.2,-10.2,MAZO CRUZ,-16.75,-69.71,Sur,PUNO,2015-06-10,1,161,-13.6,-15.6,-16.0,-12.931598665734922,0.9991990008332726
2015,6,11,0.0,18.4,-13.2,MAZO CRUZ,-16.75,-69.71,Sur,PUNO,2015-06-11,1,162,-10.2,-13.6,-15.6,-10.99947482632854,0.9991061980644967
2015,6,12,0.0,17.6,-14.4,MAZO CRUZ,-16.75,-69.71,Sur,PUNO,2015-06-12,1,163,-13.2,-10.2,-13.6,-12.602403079410433,0.9990394506583905
2015,6,13,0.0,18.6,-13.2,MAZO CRUZ,-16.75,-69.71,Sur,PUNO,2015-06-13,1,164,-14.4,-13.2,-10.2,-13.507477894989693,0.9990055206952985
2015,6,14,0.0,18.2,-15.2,MAZO CRUZ,-16.75,-69.71,Sur,PUNO,2015-06-14,1,165,-13.2,-14.4,-13.2,-12.763835649956459,0.9991990008332726
2015,6,15,0.0,18.0,-13.6,MAZO CRUZ,-16.75,-69.71,Sur,PUNO,2015-06-15,1,166,-15.2,-13.2,-14.4,-14.564450781760089,0.9991990008332726
2015,6,16,0.0,19.2,-10.6,MAZO CRUZ,-16.75,-69.71,Sur,PUNO,2015-06-16,1,167,-13.6,-15.2,-13.2,-12.875234160753346,0.9992009542921158
2015,6,17,0.0,17.6,-9.6,MAZO CRUZ,-16.75,-69.71,Sur,PUNO,2015-06-17,1,168,-10.6,-13.6,-15.2,-10.990950466246499,0.9991447090435034
2015,6,18,0.0,17.4,-13.2,MAZO CRUZ,-16.75,-69.71,Sur,PUNO,2015-06-18,1,169,-9.6,-10.6,-13.6,-10.334829054563277,0.998596332205445
2015,6,19,0.0,17.6,-10.6,MAZO CRUZ,-16.75,-69.71,Sur,PUNO,2015-06-19,1,170,-13.2,-9.6,-10.6,-12.48544963977512,0.9988533315316467
2015,6,20,0.0,17.4,-12.0,MAZO CRUZ,-16.75,-69.71,Sur,PUNO,2015-06-20,1,171,-10.6,-13.2,-9.6,-10.54153989919939,0.9989328803269781
2015,6,21,0.0,16.6,-12.6,MAZO CRUZ,-16.75,-69.71,Sur,PUNO,2015-06-21,1,172,-12.0,-10.6,-13.2,-11.800891970046644,0.9990950439663452
2015,6,22,0.0,17.6,-12.8,MAZO CRUZ,-16.75,-69.71,Sur,PUNO,2015-06-22,1,173,-12.6,-12.0,-10.6,-12.137262700349158,0.9990236133300017
2015,6,23,0.0,17.8,-11.6,MAZO CRUZ,-16.75,-69.71,Sur,PUNO,2015-06-23,1,174,-12.8,-12.6,-12.0,-12.183257479046052,0.9991470738161229
2015,6,24,0.0,18.0,-11.6,MAZO CRUZ,-16.75,-69.71,Sur,PUNO,2015-06-24,1,175,-11.6,-12.8,-12.6,-11.380310593777185,0.9991447090435034
2015,6,25,0.0,18.2,-10.6,MAZO CRUZ,-16.75,-69.71,Sur,PUNO,2015-06-25,1,176,-11.6,-11.6,-12.8,-11.340966759369554,0.999142836734947
2015,6,26,0.0,18.4,-11.2,MAZO CRUZ,-16.75,-69.71,Sur,PUNO,2015-06-26,1,177,-10.6,-11.6,-11.6,-10.870699486640024,0.9990760691156143
2015,6,27,0.0,18.0,-12.6,MAZO CRUZ,-16.75,-69.71,Sur,PUNO,2015-06-27,1,178,-11.2,-10.6,-11.6,-11.010016238747314,0.999003737742926
2015,6,28,0.0,17.8,-14.0,MAZO CRUZ,-16.75,-69.71,Sur,PUNO,2015-06-28,1,179,-12.6,-11.2,-10.6,-12.121540232870789,0.9989879356611204
2015,6,29,0.0,15.6,-14.6,MAZO CRUZ,-16.75,-69.71,Sur,PUNO,2015-06-29,1,180,-14.0,-12.6,-11.2,-13.425460722551863,0.9990992572852376
2015,6,30,0.0,17.4,-14.8,MAZO CRUZ,-16.75,-69.71,Sur,PUNO,2015-06-30,1,181,-14.6,-14.0,-12.6,-13.928643334032008,0.9992138414354553
2015,7,1,0.0,17.2,-14.8,MAZO CRUZ,-16.75,-69.71,Sur,PUNO,2015-07-01,1,182,-14.8,-14.6,-14.0,-14.168778283896991,0.9992138414354553
2015,7,2,0.0,16.4,-13.8,MAZO CRUZ,-16.75,-69.71,Sur,PUNO,2015-07-02,1,183,-14.8,-14.8,-14.6,-14.181728576294653,0.9991841339400258
2015,7,3,1.6,16.2,-10.2,MAZO CRUZ,-16.75,-69.71,Sur,PUNO,2015-07-03,1,184,-13.8,-14.8,-14.8,-9.731685665980594,0.9891165822130703
2015,7,4,0.4,9.2,-1.6,MAZO CRUZ,-16.75,-69.71,Sur,PUNO,2015-07-04,1,185,-10.2,-13.8,-14.8,-7.322979768556994,0.9909869227544106
2015,7,5,0.0,10.2,-6.0,MAZO CRUZ,-16.75,-69.71,Sur,PUNO,2015-07-05,1,186,-1.6,-10.2,-13.8,-7.349716614479364,0.9353014083667985
2015,7,6,0.0,11.6,-10.0,MAZO CRUZ,-16.75,-69.71,Sur,PUNO,2015-07-06,1,187,-6.0,-1.6,-10.2,-6.84514925441442,0.9867325456978235
2015,7,7,0.0,12.4,-10.0,MAZO CRUZ,-16.75,-69.71,Sur,PUNO,2015-07-07,1,188,-10.0,-6.0,-1.6,-9.708900655444758,0.988050933841633
2015,7,8,0.0,14.6,-18.2,MAZO CRUZ,-16.75,-69.71,Sur,PUNO,2015-07-08,1,189,-10.0,-10.0,-6.0,-9.814290949995629,0.9983064274731615
2015,7,9,0.0,16.8,-20.6,MAZO CRUZ,-16.75,-69.71,Sur,PUNO,2015-07-09,1,190,-18.2,-10.0,-10.0,-16.889993662464555,0.9988414302085917
2015,7,10,0.0,17.4,-20.4,MAZO CRUZ,-16.75,-69.71,Sur,PUNO,2015-07-10,1,191,-20.6,-18.2,-10.0,-18.302078274190205,0.9990203612974814
2015,7,11,0.0,18.2,-20.0,MAZO CRUZ,-16.75,-69.71,Sur,PUNO,2015-07-11,1,192,-20.4,-20.6,-18.2,-18.443780638349477,0.9992138414354553
2015,7,12,0.0,17.8,-20.0,MAZO CRUZ,-16.75,-69.71,Sur,PUNO,2015-07-12,1,193,-20.0,-20.4,-20.6,-17.822710790706104,0.9992138414354553
2015,7,13,0.0,17.4,-18.0,MAZO CRUZ,-16.75,-69.71,Sur,PUNO,2015-07-13,1,194,-20.0,-20.0,-20.4,-17.928952611822794,0.9992138414354553
2015,7,14,0.0,14.4,-12.8,MAZO CRUZ,-16.75,-69.71,Sur,PUNO,2015-07-14,1,195,-18.0,-20.0,-20.0,-17.775859463155168,0.999195786882839
2015,7,15,0.0,14.4,-2.6,MAZO CRUZ,-16.75,-69.71,Sur,PUNO,2015-07-15,1,196,-12.8,-18.0,-20.0,-12.09836809144534,0.999195786882839
2015,7,16,0.0,14.2,-14.0,MAZO CRUZ,-16.75,-69.71,Sur,PUNO,2015-07-16,1,197,-2.6,-12.8,-18.0,-8.054583990225769,0.9747088180476497
2015,7,17,0.0,16.8,-15.6,MAZO CRUZ,-16.75,-69.71,Sur,PUNO,2015-07-17,1,198,-14.0,-2.6,-12.8,-13.631979592589792,0.9931527115606174
2015,7,18,0.0,17.6,-14.8,MAZO CRUZ,-16.75,-69.71,Sur,PUNO,2015-07-18,1,199,-15.6,-14.0,-2.6,-14.24375809295638,0.9951961416286212
2015,7,19,0.0,16.8,-14.6,MAZO CRUZ,-16.75,-69.71,Sur,PUNO,2015-07-19,1,200,-14.8,-15.6,-14.0,-14.160521392962776,0.9991841339400258
2015,7,20,0.0,17.6,-15.6,MAZO CRUZ,-16.75,-69.71,Sur,PUNO,2015-07-20,1,201,-14.6,-14.8,-15.6,-13.947037297599314,0.9992138414354553
2015,7,21,0.0,17.2,-15.4,MAZO CRUZ,-16.75,-69.71,Sur,PUNO,2015-07-21,1,202,-15.6,-14.6,-14.8,-14.9352330556882,0.9992138414354553
2015,7,22,0.0,18.6,-12.6,MAZO CRUZ,-16.75,-69.71,Sur,PUNO,2015-07-22,1,203,-15.4,-15.6,-14.6,-14.567399422568274,0.9992138414354553
2015,7,23,0.0,19.4,-11.0,MAZO CRUZ,-16.75,-69.71,Sur,PUNO,2015-07-23,1,204,-12.6,-15.4,-15.6,-12.181769131808519,0.9983326395505477
2015,7,24,0.0,19.5,-11.4,MAZO CRUZ,-16.75,-69.71,Sur,PUNO,2015-07-24,1,205,-11.0,-12.6,-15.4,-11.100620724434952,0.9990068824484268
2015,7,25,0.0,18.4,-11.2,MAZO CRUZ,-16.75,-69.71,Sur,PUNO,2015-07-25,1,206,-11.4,-11.0,-12.6,-11.238220643973001,0.9990556190698228
2015,7,26,0.0,18.2,-12.4,MAZO CRUZ,-16.75,-69.71,Sur,PUNO,2015-07-26,1,207,-11.2,-11.4,-11.0,-10.998722886001813,0.9990489726184286
2015,7,27,0.0,18.6,-12.0,MAZO CRUZ,-16.75,-69.71,Sur,PUNO,2015-07-27,1,208,-12.4,-11.2,-11.4,-12.08503304841032,0.999093287111786
2015,7,28,0.0,18.8,-12.0,MAZO CRUZ,-16.75,-69.71,Sur,PUNO,2015-07-28,1,209,-12.0,-12.4,-11.2,-11.857077101421138,0.9991223400704983
2015,7,29,0.0,17.8,-12.2,MAZO CRUZ,-16.75,-69.71,Sur,PUNO,2015-07-29,1,210,-12.0,-12.0,-12.4,-11.816493488302829,0.9989150873284233
2015,7,30,0.0,18.0,-13.4,MAZO CRUZ,-16.75,-69.71,Sur,PUNO,2015-07-30,1,211,-12.2,-12.0,-12.0,-12.019309953139215,0.9991404491059539
2015,7,31,0.0,18.4,-13.2,MAZO CRUZ,-16.75,-69.71,Sur,PUNO,2015-07-31,1,212,-13.4,-12.2,-12.0,-12.58979971802686,0.9991404491059539
2015,8,1,0.0,18.0,-12.4,MAZO CRUZ,-16.75,-69.71,Sur,PUNO,2015-08-01,1,213,-13.2,-13.4,-12.2,-12.652778148732532,0.9990489838892299
2015,8,2,0.0,19.2,-14.2,MAZO CRUZ,-16.75,-69.71,Sur,PUNO,2015-08-02,1,214,-12.4,-13.2,-13.4,-12.114585989583496,0.9991177049674055
2015,8,3,0.0,18.6,-13.8,MAZO CRUZ,-16.75,-69.71,Sur,PUNO,2015-08-03,1,215,-14.2,-12.4,-13.2,-13.654097706907153,0.9991157515085624
2015,8,4,0.0,17.4,-11.2,MAZO CRUZ,-16.75,-69.71,Sur,PUNO,2015-08-04,1,216,-13.8,-14.2,-12.4,-12.922392987430358,0.9987783407002082
2015,8,5,0.0,18.4,-13.6,MAZO CRUZ,-16.75,-69.71,Sur,PUNO,2015-08-05,1,217,-11.2,-13.8,-14.2,-11.240746641210876,0.9989316416534716
2015,8,6,0.0,19.4,-14.0,MAZO CRUZ,-16.75,-69.71,Sur,PUNO,2015-08-06,1,218,-13.6,-11.2,-13.8,-12.875632471693361,0.9981783780950976
2015,8,7,0.0,18.6,-12.6,MAZO CRUZ,-16.75,-69.71,Sur,PUNO,2015-08-07,1,219,-14.0,-13.6,-11.2,-13.352442300083007,0.9989383795385222
2015,8,8,0.0,19.8,-12.6,MAZO CRUZ,-16.75,-69.71,Sur,PUNO,2015-08-08,1,220,-12.6,-14.0,-13.6,-12.134465355432969,0.998900906163084
2015,8,9,0.0,18.0,-8.2,MAZO CRUZ,-16.75,-69.71,Sur,PUNO,2015-08-09,1,221,-12.6,-12.6,-14.0,-12.13844814975673,0.9990232561933106
2015,8,10,0.0,19.2,-20.6,MAZO CRUZ,-16.75,-69.71,Sur,PUNO,2015-08-10,1,222,-8.2,-12.6,-12.6,-9.085742210489146,0.9973308656130524
2015,8,11,5.2,12.6,-10.2,MAZO CRUZ,-16.75,-69.71,Sur,PUNO,2015-08-11,1,223,-20.6,-8.2,-12.6,-17.044521580576724,0.965193582685989
2015,8,12,0.0,13.4,-1.6,MAZO CRUZ,-16.75,-69.71,Sur,PUNO,2015-08-12,1,224,-10.2,-20.6,-8.2,-12.75133681915861,0.9981704494008441
2015,8,13,1.6,10.2,-2.6,MAZO CRUZ,-16.75,-69.71,Sur,PUNO,2015-08-13,1,225,-1.6,-10.2,-20.6,-3.1697711486561118,0.7504114687393054
2015,8,14,0.0,14.2,-7.4,MAZO CRUZ,-16.75,-69.71,Sur,PUNO,2015-08-14,1,226,-2.6,-1.6,-10.2,-5.490843360924868,0.9399751577915151
2015,8,15,0.0,16.4,-14.0,MAZO CRUZ,-16.75,-69.71,Sur,PUNO,2015-08-15,1,227,-7.4,-2.6,-1.6,-6.603487022502984,0.9815390000476529
2015,8,16,0.0,16.8,-12.4,MAZO CRUZ,-16.75,-69.71,Sur,PUNO,2015-08-16,1,228,-14.0,-7.4,-2.6,-13.073938874350597,0.9945405716998834
2015,8,17,0.0,16.0,-9.2,MAZO CRUZ,-16.75,-69.71,Sur,PUNO,2015-08-17,1,229,-12.4,-14.0,-7.4,-11.951025187159086,0.9984891687193281
2015,8,18,4.8,17.2,-8.0,MAZO CRUZ,-16.75,-69.71,Sur,PUNO,2015-08-18,1,230,-9.2,-12.4,-14.0,-6.360226076935995,0.979384606713637
2015,8,19,0.0,16.2,1.6,MAZO CRUZ,-16.75,-69.71,Sur,PUNO,2015-08-19,0,231,-8.0,-9.2,-12.4,-8.52413359012136,0.9967241961127854
2015,8,20,0.0,17.4,-11.2,MAZO CRUZ,-16.75,-69.71,Sur,PUNO,2015-08-20,1,232,1.6,-8.0,-9.2,-3.5281126306188493,0.7523023633150173
2015,8,21,2.8,16.4,-8.2,MAZO CRUZ,-16.75,-69.71,Sur,PUNO,2015-08-21,1,233,-11.2,1.6,-8.0,-6.5623957516328275,0.7938030511594235
2015,8,22,0.0,17.4,-3.2,MAZO CRUZ,-16.75,-69.71,Sur,PUNO,2015-08-22,1,234,-8.2,-11.2,1.6,-8.339336960009602,0.968878951691686
2015,8,23,0.0,18.4,-10.2,MAZO CRUZ,-16.75,-69.71,Sur,PUNO,2015-08-23,1,235,-3.2,-8.2,-11.2,-6.746559307843512,0.9753135202167811
2015,8,24,0.0,18.2,-8.6,MAZO CRUZ,-16.75,-69.71,Sur,PUNO,2015-08-24,1,236,-10.2,-3.2,-8.2,-9.756998599199928,0.992704545141773
2015,8,25,0.0,18.4,-17.2,MAZO CRUZ,-16.75,-69.71,Sur,PUNO,2015-08-25,1,237,-8.6,-10.2,-3.2,-8.708187672082495,0.9945223313809044
2015,8,26,0.0,18.0,-13.6,MAZO CRUZ,-16.75,-69.71,Sur,PUNO,2015-08-26,1,238,-17.2,-8.6,-10.2,-15.616941103299398,0.9978966198634374
2015,8,27,0.0,16.4,-15.8,MAZO CRUZ,-16.75,-69.71,Sur,PUNO,2015-08-27,1,239,-13.6,-17.2,-8.6,-12.588496184373385,0.9982543098132051
2015,8,28,0.0,17.6,-17.6,MAZO CRUZ,-16.75,-69.71,Sur,PUNO,2015-08-28,1,240,-15.8,-13.6,-17.2,-15.041411602024057,0.9984912044325251
2015,8,29,0.0,18.0,-12.4,MAZO CRUZ,-16.75,-69.71,Sur,PUNO,2015-08-29,1,241,-17.6,-15.8,-13.6,-15.562166734536154,0.9984912044325251
2015,8,30,0.0,18.6,-14.2,MAZO CRUZ,-16.75,-69.71,Sur,PUNO,2015-08-30,1,242,-12.4,-17.6,-15.8,-12.220933179141843,0.9979134204338045
2015,8,31,0.0,18.4,-13.2,MAZO CRUZ,-16.75,-69.71,Sur,PUNO,2015-08-31,1,243,-14.2,-12.4,-17.6,-13.687440279060318,0.9978970737666678
2015,9,1,0.0,15.8,-9.8,MAZO CRUZ,-16.75,-69.71,Sur,PUNO,2015-09-01,1,244,-13.2,-14.2,-12.4,-12.558278165963786,0.9974586817403402
2015,9,2,1.8,15.8,-6.0,MAZO CRUZ,-16.75,-69.71,Sur,PUNO,2015-09-02,1,245,-9.8,-13.2,-14.2,-7.042894621208481,0.9893102787523098
2015,9,3,3.2,16.4,-3.8,MAZO CRUZ,-16.75,-69.71,Sur,PUNO,2015-09-03,1,246,-6.0,-9.8,-13.2,-3.998045460158303,0.9605138820851191
2015,9,4,1.2,14.0,0.6,MAZO CRUZ,-16.75,-69.71,Sur,PUNO,2015-09-04,0,247,-3.8,-6.0,-9.8,-2.8077628902845357,0.8963512914492098
2015,9,5,0.0,14.8,-1.6,MAZO CRUZ,-16.75,-69.71,Sur,PUNO,2015-09-05,1,248,0.6,-3.8,-6.0,-2.6150617440171597,0.7251083268448384
2015,9,6,0.0,17.2,-8.0,MAZO CRUZ,-16.75,-69.71,Sur,PUNO,2015-09-06,1,249,-1.6,0.6,-3.8,-3.022217776113601,0.8380392022826778
2015,9,7,0.0,16.4,-13.2,MAZO CRUZ,-16.75,-69.71,Sur,PUNO,2015-09-07,1,250,-8.0,-1.6,0.6,-7.855257245195125,0.9439154598313724
2015,9,8,0.0,16.8,-15.2,MAZO CRUZ,-16.75,-69.71,Sur,PUNO,2015-09-08,1,251,-13.2,-8.0,-1.6,-12.259215611267726,0.991821159400414
2015,9,9,0.0,17.4,-14.4,MAZO CRUZ,-16.75,-69.71,Sur,PUNO,2015-09-09,1,252,-15.2,-13.2,-8.0,-14.021741956581913,0.9975302814086122
2015,9,10,0.0,18.6,-14.2,MAZO CRUZ,-16.75,-69.71,Sur,PUNO,2015-09-10,1,253,-14.4,-15.2,-13.2,-13.288742367436038,0.998003031862305
2015,9,11,0.0,20.6,-15.6,MAZO CRUZ,-16.75,-69.71,Sur,PUNO,2015-09-11,1,254,-14.2,-14.4,-15.2,-13.395600657759282,0.9979556456626437
2015,9,12,0.0,20.4,-13.2,MAZO CRUZ,-16.75,-69.71,Sur,PUNO,2015-09-12,1,255,-15.6,-14.2,-14.4,-14.24387836794284,0.9979556456626437
2015,9,13,0.0,20.8,-13.6,MAZO CRUZ,-16.75,-69.71,Sur,PUNO,2015-09-13,1,256,-13.2,-15.6,-14.2,-12.51041079601815,0.9979491034276419
2015,9,14,0.0,21.2,-11.6,MAZO CRUZ,-16.75,-69.71,Sur,PUNO,2015-09-14,1,257,-13.6,-13.2,-15.6,-12.790380266502652,0.9973044250116005
2015,9,15,0.0,20.8,-11.4,MAZO CRUZ,-16.75,-69.71,Sur,PUNO,2015-09-15,1,258,-11.6,-13.6,-13.2,-10.989942648314587,0.9973114905376356
2015,9,16,0.0,21.0,-10.6,MAZO CRUZ,-16.75,-69.71,Sur,PUNO,2015-09-16,1,259,-11.4,-11.6,-13.6,-10.935849915631918,0.9973114905376356
2015,9,17,0.0,18.4,-7.8,MAZO CRUZ,-16.75,-69.71,Sur,PUNO,2015-09-17,1,260,-10.6,-11.4,-11.6,-10.633183936331793,0.9974465268605175
2015,9,18,2.8,17.2,-4.6,MAZO CRUZ,-16.75,-69.71,Sur,PUNO,2015-09-18,1,261,-7.8,-10.6,-11.4,-4.898562015450454,0.9837194098612262
2015,9,19,0.0,17.8,1.4,MAZO CRUZ,-16.75,-69.71,Sur,PUNO,2015-09-19,0,262,-4.6,-7.8,-10.6,-6.513783586682299,0.9796692737413507
2015,9,20,0.0,19.8,-6.0,MAZO CRUZ,-16.75,-69.71,Sur,PUNO,2015-09-20,1,263,1.4,-4.6,-7.8,-1.9676276394676266,0.6691781000250274
2015,9,21,0.0,21.2,-10.0,MAZO CRUZ,-16.75,-69.71,Sur,PUNO,2015-09-21,1,264,-6.0,1.4,-4.6,-5.930968270478758,0.9602534647721391
2015,9,22,0.0,20.2,-6.4,MAZO CRUZ,-16.75,-69.71,Sur,PUNO,2015-09-22,1,265,-10.0,-6.0,1.4,-8.090025785306912,0.9742442948446048
2015,9,23,0.0,18.8,-2.6,MAZO CRUZ,-16.75,-69.71,Sur,PUNO,2015-09-23,1,266,-6.4,-10.0,-6.0,-6.877129272845704,0.9901872249541086
2015,9,24,0.0,20.4,-1.0,MAZO CRUZ,-16.75,-69.71,Sur,PUNO,2015-09-24,1,267,-2.6,-6.4,-10.0,-6.725910233001667,0.956738723830979
2015,9,25,0.0,18.0,-5.2,MAZO CRUZ,-16.75,-69.71,Sur,PUNO,2015-09-25,1,268,-1.0,-2.6,-6.4,-3.1011161792516355,0.862459446544745
2015,9,26,0.0,19.2,-6.6,MAZO CRUZ,-16.75,-69.71,Sur,PUNO,2015-09-26,1,269,-5.2,-1.0,-2.6,-5.83286763421361,0.9526051940591442
2015,9,27,0.0,19.2,-12.2,MAZO CRUZ,-16.75,-69.71,Sur,PUNO,2015-09-27,1,270,-6.6,-5.2,-1.0,-6.261388694771102,0.9858422689966325
2015,9,28,0.0,19.8,-11.2,MAZO CRUZ,-16.75,-69.71,Sur,PUNO,2015-09-28,1,271,-12.2,-6.6,-5.2,-11.19519597771325,0.9917331334549497
2015,9,29,0.0,19.2,-12.8,MAZO CRUZ,-16.75,-69.71,Sur,PUNO,2015-09-29,1,272,-11.2,-12.2,-6.6,-10.469167755468174,0.9967082120536371
2015,9,30,0.0,19.8,-10.0,MAZO CRUZ,-16.75,-69.71,Sur,PUNO,2015-09-30,1,273,-12.8,-11.2,-12.2,-11.3850890224916,0.9974470573790021
2015,10,1,0.0,18.2,-12.0,MAZO CRUZ,-16.75,-69.71,Sur,PUNO,2015-10-01,1,274,-10.0,-12.8,-11.2,-10.09125220732403,0.9972322619571281
2015,10,2,15.8,17.8,-5.8,MAZO CRUZ,-16.75,-69.71,Sur,PUNO,2015-10-02,1,275,-12.0,-10.0,-12.8,-7.554095409071021,0.9042781025191989
2015,10,3,1.0,13.2,0.0,MAZO CRUZ,-16.75,-69.71,Sur,PUNO,2015-10-03,1,276,-5.8,-12.0,-10.0,-4.073738185618978,0.9781146857918753
2015,10,4,0.0,18.0,-1.8,MAZO CRUZ,-16.75,-69.71,Sur,PUNO,2015-10-04,1,277,0.0,-5.8,-12.0,-6.253763891487727,0.895818707748373
2015,10,5,0.0,20.8,-5.6,MAZO CRUZ,-16.75,-69.71,Sur,PUNO,2015-10-05,1,278,-1.8,0.0,-5.8,-3.103129498155186,0.8495502298941768
2015,10,6,0.0,21.4,-6.2,MAZO CRUZ,-16.75,-69.71,Sur,PUNO,2015-10-06,1,279,-5.6,-1.8,0.0,-5.39942009244308,0.9602412903070523
2015,10,7,0.0,21.6,-8.8,MAZO CRUZ,-16.75,-69.71,Sur,PUNO,2015-10-07,1,280,-6.2,-5.6,-1.8,-6.040860210115891,0.9837143516878655
2015,10,8,0.0,19.2,-8.2,MAZO CRUZ,-16.75,-69.71,Sur,PUNO,2015-10-08,1,281,-8.8,-6.2,-5.6,-8.205775681316176,0.989276001612239
2015,10,9,0.0,18.0,-11.2,MAZO CRUZ,-16.75,-69.71,Sur,PUNO,2015-10-09,1,282,-8.2,-8.8,-6.2,-7.664309222445829,0.9943475240413596
2015,10,10,0.0,19.2,-12.2,MAZO CRUZ,-16.75,-69.71,Sur,PUNO,2015-10-10,1,283,-11.2,-8.2,-8.8,-10.06809981295321,0.9963170360653146
2015,10,11,0.0,20.2,-10.4,MAZO CRUZ,-16.75,-69.71,Sur,PUNO,2015-10-11,1,284,-12.2,-11.2,-8.2,-11.144014711092039,0.9966526893926363
2015,10,12,0.0,20.8,-14.4,MAZO CRUZ,-16.75,-69.71,Sur,PUNO,2015-10-12,1,285,-10.4,-12.2,-11.2,-9.984107305425114,0.9973754079651775
2015,10,13,0.0,21.8,-15.6,MAZO CRUZ,-16.75,-69.71,Sur,PUNO,2015-10-13,1,286,-14.4,-10.4,-12.2,-10.645357750679791,0.996352418506637
2015,10,14,0.0,21.2,-15.6,MAZO CRUZ,-16.75,-69.71,Sur,PUNO,2015-10-14,1,287,-15.6,-14.4,-10.4,-14.09481382815832,0.9971897616068859
2015,10,15,2.2,21.2,-14.0,MAZO CRUZ,-16.75,-69.71,Sur,PUNO,2015-10-15,1,288,-15.6,-15.6,-14.4,-8.975766104394497,0.9827072435198523
2015,10,16,0.0,18.6,-2.0,MAZO CRUZ,-16.75,-69.71,Sur,PUNO,2015-10-16,1,289,-14.0,-15.6,-15.6,-10.712658002583899,0.9978904156751954
2015,10,17,0.0,18.4,-1.2,MAZO CRUZ,-16.75,-69.71,Sur,PUNO,2015-10-17,1,290,-2.0,-14.0,-15.6,-7.838223962952563,0.9411122197116301
2015,10,18,0.0,17.8,1.6,MAZO CRUZ,-16.75,-69.71,Sur,PUNO,2015-10-18,0,291,-1.2,-2.0,-14.0,-5.591851553985506,0.8884800771329562
2015,10,19,0.0,16.2,-2.0,MAZO CRUZ,-16.75,-69.71,Sur,PUNO,2015-10-19,1,292,1.6,-1.2,-2.0,-1.267644052604728,0.5558610743991087
2015,10,20,3.2,18.2,-0.2,MAZO CRUZ,-16.75,-69.71,Sur,PUNO,2015-10-20,1,293,-2.0,1.6,-1.2,-0.46285456729085184,0.4327957149286003
2015,10,21,0.0,20.2,-1.8,MAZO CRUZ,-16.75,-69.71,Sur,PUNO,2015-10-21,1,294,-0.2,-2.0,1.6,-0.7634034857909233,0.5548062035771718
2015,10,22,0.0,20.0,-8.4,MAZO CRUZ,-16.75,-69.71,Sur,PUNO,2015-10-22,1,295,-1.8,-0.2,-2.0,-2.2405078458958565,0.8648054874717875
2015,10,23,6.4,20.0,-2.4,MAZO CRUZ,-16.75,-69.71,Sur,PUNO,2015-10-23,1,296,-8.4,-1.8,-0.2,-4.177865344503291,0.8248038885906588
2015,10,24,1.2,18.2,3.2,MAZO CRUZ,-16.75,-69.71,Sur,PUNO,2015-10-24,0,297,-2.4,-8.4,-1.8,-2.0694217173785687,0.7899764163749053
2015,10,25,7.2,14.6,2.8,MAZO CRUZ,-16.75,-69.71,Sur,PUNO,2015-10-25,0,298,3.2,-2.4,-8.4,1.5677365120497624,0.28091043771561486
2015,10,26,1.0,13.6,2.6,MAZO CRUZ,-16.75,-69.71,Sur,PUNO,2015-10-26,0,299,2.8,3.2,-2.4,2.702702247101572,0.10434684462661836
2015,10,27,0.0,16.2,0.0,MAZO CRUZ,-16.75,-69.71,Sur,PUNO,2015-10-27,1,300,2.6,2.8,3.2,2.1246105979681786,0.17852748404643218
2015,10,28,0.0,18.4,-2.6,MAZO CRUZ,-16.75,-69.71,Sur,PUNO,2015-10-28,1,301,0.0,2.6,2.8,-0.24896057953335876,0.46023919847030553
2015,10,29,0.0,19.2,-5.4,MAZO CRUZ,-16.75,-69.71,Sur,PUNO,2015-10-29,1,302,-2.6,0.0,2.6,-2.4546197344382628,0.8421437238968876
