station,elevation,date,T2M_MIN,T2M_MIN_pred,frost,frost_proba
Ayaviri,3918,2024-01-01,13.8,13.901391,0,0.00011895483
Ayaviri,3918,2024-01-02,13.98,13.754486,0,0.000108748834
Ayaviri,3918,2024-01-03,12.12,12.195607,0,9.191217e-05
Ayaviri,3918,2024-01-04,14.7,13.1747465,0,0.0005639959
Ayaviri,3918,2024-01-05,16.87,16.619427,0,9.06982e-05
Ayaviri,3918,2024-01-06,14.34,14.525284,0,0.00010552814
Ayaviri,3918,2024-01-07,13.8,13.836009,0,6.757645e-05
Ayaviri,3918,2024-01-08,12.25,12.186431,0,0.00011674487
Ayaviri,3918,2024-01-09,14.21,14.389929,0,0.00010875454
Ayaviri,3918,2024-01-10,14.12,14.296381,0,0.00011457501
Ayaviri,3918,2024-01-11,12.93,12.853878,0,6.279314e-05
Ayaviri,3918,2024-01-12,17.13,15.333857,0,0.00014766194
Ayaviri,3918,2024-01-13,14.34,14.539628,0,0.00012217133
Ayaviri,3918,2024-01-14,9.52,9.781306,0,0.00017569297
Ayaviri,3918,2024-01-15,14.52,14.487224,0,8.66599e-05
Ayaviri,3918,2024-01-16,15.92,15.594338,0,9.831892e-05
Ayaviri,3918,2024-01-17,12.49,12.546875,0,0.00010081835
Ayaviri,3918,2024-01-18,12.53,12.645746,0,6.302939e-05
Ayaviri,3918,2024-01-19,11.36,11.410149,0,9.9070036e-05
Ayaviri,3918,2024-01-20,11.92,12.131673,0,7.041913e-05
Ayaviri,3918,2024-01-21,11.45,11.354399,0,9.44365e-05
Ayaviri,3918,2024-01-22,14.37,14.1559,0,0.00010818668
Ayaviri,3918,2024-01-23,11.23,11.036624,0,0.000101994
Ayaviri,3918,2024-01-24,11.16,11.151248,0,6.779417e-05
Ayaviri,3918,2024-01-25,7.61,7.976194,0,0.000112348134
Ayaviri,3918,2024-01-26,7.62,7.795185,0,0.00017735254
Ayaviri,3918,2024-01-27,12.76,12.660823,0,0.00010845421
Ayaviri,3918,2024-01-28,13.39,13.522631,0,0.00013954437
Ayaviri,3918,2024-01-29,13.15,13.443137,0,0.0001330295
Ayaviri,3918,2024-01-30,14.32,14.164633,0,9.523802e-05
Ayaviri,3918,2024-01-31,9.59,9.618691,0,9.142667e-05
Ayaviri,3918,2024-02-01,14.09,14.06172,0,7.434069e-05
Ayaviri,3918,2024-02-02,11.17,11.172079,0,0.00011202272
Ayaviri,3918,2024-02-03,9.48,9.230027,0,0.00012706206
Ayaviri,3918,2024-02-04,13.53,13.67855,0,0.00011536104
Ayaviri,3918,2024-02-05,8.98,9.038865,0,0.00013369306
Ayaviri,3918,2024-02-06,10.21,10.01794,0,9.820592e-05
Ayaviri,3918,2024-02-07,11.87,11.78901,0,0.0001404532
Ayaviri,3918,2024-02-08,10.76,10.897541,0,0.0001475388
Ayaviri,3918,2024-02-09,9.64,9.532241,0,0.00011976086
Ayaviri,3918,2024-02-10,12.62,12.470377,0,9.717284e-05
Ayaviri,3918,2024-02-11,11.98,11.962146,0,9.108355e-05
Ayaviri,3918,2024-02-12,5.49,5.758174,0,0.0002595727
Ayaviri,3918,2024-02-13,7.45,7.6473193,0,0.00018116261
Ayaviri,3918,2024-02-14,9.85,9.751124,0,0.00017117576
Ayaviri,3918,2024-02-15,12.64,12.112015,0,0.0009853622
Ayaviri,3918,2024-02-16,13.01,13.164516,0,0.0001535892
Ayaviri,3918,2024-02-17,12.27,12.132941,0,9.391429e-05
Ayaviri,3918,2024-02-18,13.68,13.437681,0,9.1411144e-05
Ayaviri,3918,2024-02-19,8.8,8.835123,0,0.00021271408
Ayaviri,3918,2024-02-20,6.13,6.103592,0,0.00016568485
Ayaviri,3918,2024-02-21,8.22,8.067266,0,0.0002218644
Ayaviri,3918,2024-02-22,10.78,10.835052,0,0.00022148881
Ayaviri,3918,2024-02-23,10.06,10.007739,0,0.000106177984
Ayaviri,3918,2024-02-24,7.65,7.520406,0,0.00012468843
Ayaviri,3918,2024-02-25,10.51,10.281071,0,0.00014317465
Ayaviri,3918,2024-02-26,9.53,9.41781,0,0.00013731325
Ayaviri,3918,2024-02-27,10.19,10.2486315,0,0.00019905859
Ayaviri,3918,2024-02-28,10.99,10.517717,0,8.7393506e-05
Ayaviri,3918,2024-02-29,11.08,10.818781,0,0.00014577984
Ayaviri,3918,2024-03-01,8.87,8.484313,0,0.00011085129
Ayaviri,3918,2024-03-02,4.29,4.4554844,0,0.00045469482
Ayaviri,3918,2024-03-03,14.83,14.436624,0,0.00035145317
Ayaviri,3918,2024-03-04,10.33,10.140909,0,0.0005481445
Ayaviri,3918,2024-03-05,8.43,8.348271,0,0.0002117151
Ayaviri,3918,2024-03-06,7.94,7.8089476,0,0.00016279926
Ayaviri,3918,2024-03-07,4.58,4.5434647,0,0.00034217452
Ayaviri,3918,2024-03-08,5.59,5.7552757,0,0.00067601743
Ayaviri,3918,2024-03-09,9.7,9.412297,0,0.0002969517
Ayaviri,3918,2024-03-10,7.37,7.354079,0,0.00034431263
Ayaviri,3918,2024-03-11,7.65,7.406906,0,0.00021924902
Ayaviri,3918,2024-03-12,4.81,4.7948685,0,0.0006881409
Ayaviri,3918,2024-03-13,9.28,9.1608,0,0.0032124813
Ayaviri,3918,2024-03-14,6.4,6.22486,0,0.00029226425
Ayaviri,3918,2024-03-15,6.8,6.7216434,0,0.0006004634
Ayaviri,3918,2024-03-16,11.7,11.530943,0,0.0004641009
Ayaviri,3918,2024-03-17,6.1,5.9660683,0,0.00029045588
Ayaviri,3918,2024-03-18,4.05,3.7995703,0,0.0011734237
Ayaviri,3918,2024-03-19,4.88,4.791249,0,0.00045576342
Ayaviri,3918,2024-03-20,8.47,8.18651,0,0.0004958291
Ayaviri,3918,2024-03-21,7.15,6.961429,0,0.0007337207
Ayaviri,3918,2024-03-22,7.33,7.1833434,0,0.00037543537
Ayaviri,3918,2024-03-23,7.36,7.2303944,0,0.00027647484
Ayaviri,3918,2024-03-24,6.35,6.226528,0,0.00050534745
Ayaviri,3918,2024-03-25,3.22,3.1194735,0,0.0006819996
Ayaviri,3918,2024-03-26,9.27,8.736412,0,0.00035866498
Ayaviri,3918,2024-03-27,7.18,7.125163,0,0.0005322884
Ayaviri,3918,2024-03-28,3.59,3.5969684,0,0.0010825673
Ayaviri,3918,2024-03-29,10.94,10.427005,0,0.00076956756
Ayaviri,3918,2024-03-30,7.06,6.8553596,0,0.00034044977
Ayaviri,3918,2024-03-31,5.91,5.94099,0,0.0007585197
Ayaviri,3918,2024-04-01,4.32,4.299413,0,0.0010492516
Ayaviri,3918,2024-04-02,4.95,4.855662,0,0.00084024057
Ayaviri,3918,2024-04-03,7.09,6.5927167,0,0.00090671517
Ayaviri,3918,2024-04-04,5.32,5.3705826,0,0.001192697
Ayaviri,3918,2024-04-05,7.14,6.940353,0,0.0016921365
Ayaviri,3918,2024-04-06,6.24,6.2546,0,0.00041431352
Ayaviri,3918,2024-04-07,4.38,4.2883863,0,0.00072229345
Ayaviri,3918,2024-04-08,9.81,9.625497,0,0.00046715903
Ayaviri,3918,2024-04-09,2.37,2.2875454,0,0.0022674212
Ayaviri,3918,2024-04-10,6.37,5.956584,0,0.00047462372
Ayaviri,3918,2024-04-11,6.36,6.4151015,0,0.0006741565
Ayaviri,3918,2024-04-12,6.28,6.4151998,0,0.0018933421
Ayaviri,3918,2024-04-13,6.19,6.204079,0,0.0016080117
Ayaviri,3918,2024-04-14,7.18,7.1230187,0,0.0006525217
Ayaviri,3918,2024-04-15,4.58,4.4622507,0,0.00083864963
Ayaviri,3918,2024-04-16,2.54,2.2902951,0,0.0024332276
Ayaviri,3918,2024-04-17,1.81,1.678132,0,0.0031714449
Ayaviri,3918,2024-04-18,5.83,5.675588,0,0.0021437898
Ayaviri,3918,2024-04-19,6.06,5.745388,0,0.0011290455
Ayaviri,3918,2024-04-20,8.41,8.181481,0,0.00047319374
Ayaviri,3918,2024-04-21,2.95,2.8770256,0,0.0075418926
Ayaviri,3918,2024-04-22,2.48,2.7199006,0,0.0018069999
Ayaviri,3918,2024-04-23,5.2,4.921828,0,0.0020543202
Ayaviri,3918,2024-04-24,-0.67,-0.509433,1,0.9791215
Ayaviri,3918,2024-04-25,2.72,2.5778868,0,0.0033800576
Ayaviri,3918,2024-04-26,0.69,0.76048,0,0.009389535
Ayaviri,3918,2024-04-27,4.59,4.350717,0,0.002734231
Ayaviri,3918,2024-04-28,2.62,2.4174075,0,0.00475862
Ayaviri,3918,2024-04-29,2.4,2.3416998,0,0.004175297
Ayaviri,3918,2024-04-30,2.24,2.4247248,0,0.003935368
Ayaviri,3918,2024-05-01,3.46,3.5021455,0,0.012813805
Ayaviri,3918,2024-05-02,3.8,3.6693425,0,0.0034027076
Ayaviri,3918,2024-05-03,6.62,6.3404136,0,0.0010312992
Ayaviri,3918,2024-05-04,2.19,2.2010772,0,0.003163915
Ayaviri,3918,2024-05-05,1.29,1.2062957,0,0.0057728984
Ayaviri,3918,2024-05-06,3.47,3.2341537,0,0.002556997
Ayaviri,3918,2024-05-07,0.73,0.71308845,0,0.03670446
Ayaviri,3918,2024-05-08,3.98,3.830712,0,0.004572553
Ayaviri,3918,2024-05-09,7.93,7.406394,0,0.0012449921
Ayaviri,3918,2024-05-10,-0.83,-0.7098691,1,0.9609502
Ayaviri,3918,2024-05-11,5.56,5.2329683,0,0.0020033906
Ayaviri,3918,2024-05-12,5.05,5.0254326,0,0.0008630213
Ayaviri,3918,2024-05-13,4.46,4.285137,0,0.0021866935
Ayaviri,3918,2024-05-14,3.94,3.5662427,0,0.0014743732
Ayaviri,3918,2024-05-15,4.62,4.332419,0,0.00092959707
Ayaviri,3918,2024-05-16,3.84,3.5186117,0,0.0032483062
Ayaviri,3918,2024-05-17,4.09,3.821158,0,0.0025589108
Ayaviri,3918,2024-05-18,5.88,5.7287083,0,0.000896662
Ayaviri,3918,2024-05-19,1.71,1.5734417,0,0.0033071924
Ayaviri,3918,2024-05-20,8.49,7.887027,0,0.00049731205
Ayaviri,3918,2024-05-21,3.92,3.9702888,0,0.0013329764
Ayaviri,3918,2024-05-22,1.5,1.387519,0,0.0036942903
Ayaviri,3918,2024-05-23,-0.01,-0.09059303,1,0.6968393
Ayaviri,3918,2024-05-24,4.37,4.2452917,0,0.0032298598
Ayaviri,3918,2024-05-25,5.0,4.47662,0,0.0027429499
Ayaviri,3918,2024-05-26,-0.1,-0.03453274,1,0.6038566
Ayaviri,3918,2024-05-27,4.3,3.954797,0,0.0020711017
Ayaviri,3918,2024-05-28,2.95,2.7602923,0,0.0040736496
Ayaviri,3918,2024-05-29,0.46,0.44320086,0,0.047693387
Ayaviri,3918,2024-05-30,5.2,4.9201417,0,0.0022196642
Ayaviri,3918,2024-05-31,1.4,1.3048326,0,0.009651589
Ayaviri,3918,2024-06-01,-2.65,-2.559608,1,0.99295735
Ayaviri,3918,2024-06-02,3.25,3.2740607,0,0.0042976146
Ayaviri,3918,2024-06-03,2.22,2.0522113,0,0.006394465
Ayaviri,3918,2024-06-04,1.38,1.2771201,0,0.008316707
Ayaviri,3918,2024-06-05,2.44,2.3964448,0,0.005745535
Ayaviri,3918,2024-06-06,4.23,3.9887254,0,0.003172333
Ayaviri,3918,2024-06-07,2.52,2.300954,0,0.0035182724
Ayaviri,3918,2024-06-08,-2.38,-2.1525674,1,0.9901362
Ayaviri,3918,2024-06-09,3.77,3.6967306,0,0.00336212
Ayaviri,3918,2024-06-10,5.42,4.9817114,0,0.0027516545
Ayaviri,3918,2024-06-11,-1.89,-1.7887785,1,0.98574036
Ayaviri,3918,2024-06-12,2.56,2.4966655,0,0.0026477708
Ayaviri,3918,2024-06-13,4.33,3.8652856,0,0.0024794883
Ayaviri,3918,2024-06-14,0.85,0.79469043,0,0.010590975
Ayaviri,3918,2024-06-15,6.73,6.4147615,0,0.001298972
Ayaviri,3918,2024-06-16,-3.47,-3.3694263,1,0.9923092
Ayaviri,3918,2024-06-17,2.16,2.0139546,0,0.006909326
Ayaviri,3918,2024-06-18,2.14,1.8115404,0,0.008493921
Ayaviri,3918,2024-06-19,0.47,0.4100749,0,0.03321845
Ayaviri,3918,2024-06-20,-3.19,-3.2757356,1,0.995663
Ayaviri,3918,2024-06-21,2.02,1.9361467,0,0.005485335
Ayaviri,3918,2024-06-22,3.44,3.3184083,0,0.0036901732
Ayaviri,3918,2024-06-23,3.27,2.8665261,0,0.004218353
Ayaviri,3918,2024-06-24,2.58,2.4916532,0,0.003384975
Ayaviri,3918,2024-06-25,1.7,1.7907579,0,0.010425882
Ayaviri,3918,2024-06-26,-1.03,-1.0402888,1,0.910791
Ayaviri,3918,2024-06-27,2.2,2.2023783,0,0.0055009145
Ayaviri,3918,2024-06-28,3.67,3.5142221,0,0.0035568192
Ayaviri,3918,2024-06-29,7.45,6.7555575,0,0.0009789099
Ayaviri,3918,2024-06-30,1.64,1.1484405,0,0.017651515
Ayaviri,3918,2024-07-01,0.21,0.1364554,0,0.0816033
Ayaviri,3918,2024-07-02,-4.75,-4.5776196,1,0.9971221
Ayaviri,3918,2024-07-03,0.68,0.74579865,0,0.048014227
Ayaviri,3918,2024-07-04,8.45,7.8542724,0,0.0029181784
Ayaviri,3918,2024-07-05,1.41,1.2746693,0,0.009008816
Ayaviri,3918,2024-07-06,4.79,4.5438857,0,0.0016806289
Ayaviri,3918,2024-07-07,2.31,2.335801,0,0.004313617
Ayaviri,3918,2024-07-08,-0.97,-0.71600217,1,0.9806753
Ayaviri,3918,2024-07-09,-0.85,-0.5899365,1,0.9784048
Ayaviri,3918,2024-07-10,4.45,4.185843,0,0.0023782065
Ayaviri,3918,2024-07-11,4.61,4.5930777,0,0.0025164066
Ayaviri,3918,2024-07-12,0.12,0.114006385,0,0.22426589
Ayaviri,3918,2024-07-13,4.1,3.6833665,0,0.0013776585
Ayaviri,3918,2024-07-14,-3.66,-3.344328,1,0.99622667
Ayaviri,3918,2024-07-15,2.67,2.453883,0,0.0053136363
Ayaviri,3918,2024-07-16,4.57,4.4632654,0,0.0025723395
Ayaviri,3918,2024-07-17,-1.62,-1.4237949,1,0.95673835
Ayaviri,3918,2024-07-18,5.78,5.369039,0,0.00162962
Ayaviri,3918,2024-07-19,2.66,2.7728786,0,0.0030359556
Ayaviri,3918,2024-07-20,-0.12,0.28174567,1,0.23762846
Ayaviri,3918,2024-07-21,0.84,0.9754476,0,0.0071519697
Ayaviri,3918,2024-07-22,2.2,2.28142,0,0.005028612
Ayaviri,3918,2024-07-23,8.25,7.8111124,0,0.0007067645
Ayaviri,3918,2024-07-24,4.29,4.1448193,0,0.002462475
Ayaviri,3918,2024-07-25,1.51,1.3317541,0,0.007176593
Ayaviri,3918,2024-07-26,5.0,4.65189,0,0.0018780946
Ayaviri,3918,2024-07-27,6.07,5.6278934,0,0.0014032993
Ayaviri,3918,2024-07-28,4.82,4.3286796,0,0.0014386319
Ayaviri,3918,2024-07-29,1.59,1.4795558,0,0.0049356967
Ayaviri,3918,2024-07-30,1.42,1.3638463,0,0.0037470185
Ayaviri,3918,2024-07-31,-1.73,-1.5594572,1,0.98507684
Ayaviri,3918,2024-08-01,5.59,5.4430976,0,0.002147651
Ayaviri,3918,2024-08-02,3.32,2.989851,0,0.0038687035
Ayaviri,3918,2024-08-03,1.81,1.9468265,0,0.009087257
Ayaviri,3918,2024-08-04,6.04,5.7458444,0,0.0016923492
Ayaviri,3918,2024-08-05,3.13,2.8863883,0,0.0028283251
Ayaviri,3918,2024-08-06,-0.06,0.086964816,1,0.8601798
Ayaviri,3918,2024-08-07,5.83,5.7602005,0,0.0018845918
Ayaviri,3918,2024-08-08,1.89,1.9838088,0,0.0047786725
Ayaviri,3918,2024-08-09,3.09,3.062141,0,0.003957621
Ayaviri,3918,2024-08-10,4.08,3.9483607,0,0.0022387763
Ayaviri,3918,2024-08-11,4.62,4.399095,0,0.001991014
Ayaviri,3918,2024-08-12,0.49,0.49718347,0,0.012803922
Ayaviri,3918,2024-08-13,2.94,2.6612418,0,0.0028174582
Ayaviri,3918,2024-08-14,3.4,3.2279515,0,0.003900036
Ayaviri,3918,2024-08-15,5.69,5.6371098,0,0.0015475148
Ayaviri,3918,2024-08-16,4.95,4.576275,0,0.0014641936
Ayaviri,3918,2024-08-17,3.62,3.5357146,0,0.0019206875
Ayaviri,3918,2024-08-18,12.17,11.071237,0,0.00049855106
Ayaviri,3918,2024-08-19,6.52,6.007829,0,0.00046440648
Ayaviri,3918,2024-08-20,2.04,2.1740515,0,0.004058977
Ayaviri,3918,2024-08-21,9.56,8.98319,0,0.00032968845
Ayaviri,3918,2024-08-22,9.71,9.578896,0,0.00018642313
Ayaviri,3918,2024-08-23,8.79,8.50541,0,0.000313082
Ayaviri,3918,2024-08-24,6.52,6.26647,0,0.00021106972
Ayaviri,3918,2024-08-25,7.57,7.39777,0,0.00020355504
Ayaviri,3918,2024-08-26,5.32,5.1788726,0,0.00037458184
Ayaviri,3918,2024-08-27,6.42,6.2466254,0,0.0005493917
Ayaviri,3918,2024-08-28,6.33,6.0029907,0,0.0005716591
Ayaviri,3918,2024-08-29,8.21,8.143912,0,0.00063144026
Ayaviri,3918,2024-08-30,6.34,6.1714725,0,0.0005928817
Ayaviri,3918,2024-08-31,2.33,2.212541,0,0.00069971546
Ayaviri,3918,2024-09-01,7.97,7.964353,0,0.0003246057
Ayaviri,3918,2024-09-02,4.0,4.17199,0,0.0012290775
Ayaviri,3918,2024-09-03,7.87,7.672258,0,0.00058879313
Ayaviri,3918,2024-09-04,4.09,4.190521,0,0.0006943766
Ayaviri,3918,2024-09-05,9.94,9.774374,0,0.0003477706
Ayaviri,3918,2024-09-06,10.8,10.237669,0,0.0001882982
Ayaviri,3918,2024-09-07,6.94,6.7547626,0,0.00022863221
Ayaviri,3918,2024-09-08,9.81,9.540583,0,0.00021773303
Ayaviri,3918,2024-09-09,13.28,12.453223,0,7.358152e-05
Ayaviri,3918,2024-09-10,9.95,9.554854,0,0.000100800564
Ayaviri,3918,2024-09-11,7.42,7.377796,0,8.650798e-05
Ayaviri,3918,2024-09-12,6.78,6.632456,0,0.00020941712
Ayaviri,3918,2024-09-13,10.08,9.87312,0,0.00026752974
Ayaviri,3918,2024-09-14,9.19,8.771868,0,0.00015787537
Ayaviri,3918,2024-09-15,8.58,8.449956,0,0.00015838593
Ayaviri,3918,2024-09-16,5.27,5.498868,0,0.00026433915
Ayaviri,3918,2024-09-17,8.75,8.601254,0,0.00022685791
Ayaviri,3918,2024-09-18,8.35,8.162761,0,0.00030508384
Ayaviri,3918,2024-09-19,9.13,9.118644,0,0.00026606966
Ayaviri,3918,2024-09-20,8.55,8.831918,0,0.00010420697
Ayaviri,3918,2024-09-21,13.63,12.943038,0,0.00020646222
Ayaviri,3918,2024-09-22,10.79,10.535111,0,0.0001365575
Ayaviri,3918,2024-09-23,8.31,8.267536,0,0.00013918849
Ayaviri,3918,2024-09-24,7.53,7.4523964,0,0.00017256054
Ayaviri,3918,2024-09-25,18.03,16.986181,0,0.00014538436
Ayaviri,3918,2024-09-26,9.23,9.271619,0,0.00012779987
Ayaviri,3918,2024-09-27,7.68,7.6622286,0,0.00014660621
Ayaviri,3918,2024-09-28,6.01,6.2288246,0,0.00016967313
Ayaviri,3918,2024-09-29,6.52,6.4703393,0,0.00038511635
Ayaviri,3918,2024-09-30,7.72,7.505631,0,0.00034479712
Ayaviri,3918,2024-10-01,8.03,8.230209,0,0.00023115159
Ayaviri,3918,2024-10-02,9.26,9.187315,0,0.00014644134
Ayaviri,3918,2024-10-03,12.88,12.804115,0,4.086226e-05
Ayaviri,3918,2024-10-04,11.45,11.148504,0,0.00017213852
Ayaviri,3918,2024-10-05,12.67,12.61357,0,6.518058e-05
Ayaviri,3918,2024-10-06,9.35,9.245973,0,8.7914756e-05
Ayaviri,3918,2024-10-07,10.36,10.531699,0,7.07881e-05
Ayaviri,3918,2024-10-08,12.86,12.8849945,0,9.3144685e-05
Ayaviri,3918,2024-10-09,13.07,13.152321,0,5.9878224e-05
Ayaviri,3918,2024-10-10,10.02,10.131333,0,0.00017030137
Ayaviri,3918,2024-10-11,15.55,15.667049,0,9.365449e-05
Ayaviri,3918,2024-10-12,8.09,8.2870035,0,7.20447e-05
Ayaviri,3918,2024-10-13,14.91,14.744819,0,7.284273e-05
Ayaviri,3918,2024-10-14,9.8,10.222977,0,5.452788e-05
Ayaviri,3918,2024-10-15,8.78,8.949316,0,0.00011985842
Ayaviri,3918,2024-10-16,8.77,8.940216,0,7.242915e-05
Ayaviri,3918,2024-10-17,10.31,10.483703,0,0.00014499339
Ayaviri,3918,2024-10-18,13.8,13.36761,0,3.415502e-05
Ayaviri,3918,2024-10-19,14.57,14.513048,0,8.161616e-05
Ayaviri,3918,2024-10-20,13.0,13.292343,0,0.000119311764
Ayaviri,3918,2024-10-21,10.1,10.200327,0,0.00010608619
Ayaviri,3918,2024-10-22,10.42,10.551874,0,6.498936e-05
Ayaviri,3918,2024-10-23,10.33,10.243254,0,6.40236e-05
Ayaviri,3918,2024-10-24,17.88,17.436605,0,5.115091e-05
Ayaviri,3918,2024-10-25,12.52,12.4719305,0,6.501657e-05
Ayaviri,3918,2024-10-26,12.74,12.550616,0,8.9838715e-05
Ayaviri,3918,2024-10-27,12.44,12.576371,0,2.9310784e-05
Ayaviri,3918,2024-10-28,11.13,11.128623,0,8.3033454e-05
Ayaviri,3918,2024-10-29,11.65,11.750285,0,0.00010954086
Ayaviri,3918,2024-10-30,13.37,13.219933,0,2.5273022e-05
Ayaviri,3918,2024-10-31,14.9,15.046683,0,8.900162e-05
Ayaviri,3918,2024-11-01,12.54,12.579279,0,3.5835692e-05
Ayaviri,3918,2024-11-02,8.85,9.010776,0,0.00010298941
Ayaviri,3918,2024-11-03,8.8,9.019161,0,5.551539e-05
Ayaviri,3918,2024-11-04,13.45,13.57534,0,0.00010271255
Ayaviri,3918,2024-11-05,13.36,13.259709,0,7.595168e-05
Ayaviri,3918,2024-11-06,9.54,9.553556,0,8.266568e-05
Ayaviri,3918,2024-11-07,11.5,11.58251,0,6.461691e-05
Ayaviri,3918,2024-11-08,13.52,13.344381,0,0.00010847075
Ayaviri,3918,2024-11-09,13.19,13.168081,0,6.2085004e-05
Ayaviri,3918,2024-11-10,17.3,17.447554,0,9.765532e-05
Ayaviri,3918,2024-11-11,15.47,15.727007,0,7.2403185e-05
Ayaviri,3918,2024-11-12,10.04,10.0767145,0,6.8732516e-05
Ayaviri,3918,2024-11-13,16.32,16.20115,0,6.233262e-05
Ayaviri,3918,2024-11-14,9.2,9.302137,0,7.8777164e-05
Ayaviri,3918,2024-11-15,9.89,9.982106,0,6.396636e-05
Ayaviri,3918,2024-11-16,10.31,10.483781,0,6.031658e-05
Ayaviri,3918,2024-11-17,10.73,10.894493,0,0.00010595062
Ayaviri,3918,2024-11-18,15.07,14.902887,0,3.4814097e-05
Ayaviri,3918,2024-11-19,14.32,14.278015,0,7.238579e-05
Ayaviri,3918,2024-11-20,13.54,13.47779,0,5.108807e-05
Ayaviri,3918,2024-11-21,18.45,17.887941,0,4.8232454e-05
Ayaviri,3918,2024-11-22,8.39,8.548911,0,9.1776856e-05
Ayaviri,3918,2024-11-23,17.35,16.871218,0,0.00014322968
Ayaviri,3918,2024-11-24,19.08,17.376526,0,0.00011276673
Ayaviri,3918,2024-11-25,13.89,13.378187,0,5.0206356e-05
Ayaviri,3918,2024-11-26,14.46,14.672861,0,3.0132767e-05
Ayaviri,3918,2024-11-27,10.56,10.777114,0,5.7148067e-05
Ayaviri,3918,2024-11-28,12.35,12.3526325,0,6.991916e-05
Ayaviri,3918,2024-11-29,16.03,15.900039,0,6.723975e-05
Ayaviri,3918,2024-11-30,13.11,13.380541,0,9.727928e-05
Ayaviri,3918,2024-12-01,13.44,13.436174,0,5.0457773e-05
Ayaviri,3918,2024-12-02,16.48,16.097914,0,0.000100297104
Ayaviri,3918,2024-12-03,11.92,12.01432,0,5.334767e-05
Ayaviri,3918,2024-12-04,12.45,12.728157,0,3.1093314e-05
Ayaviri,3918,2024-12-05,12.08,12.074101,0,8.647334e-05
Ayaviri,3918,2024-12-06,13.34,13.110661,0,9.6716816e-05
Ayaviri,3918,2024-12-07,12.52,12.644738,0,7.548286e-05
Ayaviri,3918,2024-12-08,17.88,17.680998,0,6.214068e-05
Ayaviri,3918,2024-12-09,13.66,13.755619,0,5.3075128e-05
Ayaviri,3918,2024-12-10,13.9,14.132268,0,3.8137463e-05
Ayaviri,3918,2024-12-11,12.89,13.011139,0,5.006861e-05
Ayaviri,3918,2024-12-12,12.14,12.1505375,0,0.0001651829
Ayaviri,3918,2024-12-13,21.95,16.33433,0,0.00010592072
Ayaviri,3918,2024-12-14,10.96,11.063807,0,7.212079e-05
Ayaviri,3918,2024-12-15,16.82,16.640633,0,9.888401e-05
Ayaviri,3918,2024-12-16,12.84,12.892304,0,2.9059043e-05
Ayaviri,3918,2024-12-17,10.47,10.483775,0,5.887753e-05
Ayaviri,3918,2024-12-18,15.02,15.159143,0,5.456367e-05
Ayaviri,3918,2024-12-19,13.7,13.71323,0,6.2085004e-05
Ayaviri,3918,2024-12-20,14.77,14.935746,0,5.94816e-05
Ayaviri,3918,2024-12-21,17.11,17.066324,0,9.214253e-05
Ayaviri,3918,2024-12-22,11.71,11.684374,0,8.5927204e-05
Ayaviri,3918,2024-12-23,11.05,11.275388,0,5.9943923e-05
Ayaviri,3918,2024-12-24,13.47,13.585681,0,5.65698e-05
Azángaro,3859,2024-01-01,9.07,9.117616,0,0.00011025114
Azángaro,3859,2024-01-02,10.55,10.272159,0,0.00012597111
Azángaro,3859,2024-01-03,13.23,14.4783125,0,0.00023513022
Azángaro,3859,2024-01-04,14.01,14.095261,0,0.00010757674
Azángaro,3859,2024-01-05,15.27,14.869745,0,0.00010861276
Azángaro,3859,2024-01-06,10.12,10.14702,0,9.157089e-05
Azángaro,3859,2024-01-07,12.25,13.335548,0,0.00062421354
Azángaro,3859,2024-01-08,11.27,11.49903,0,6.879179e-05
Azángaro,3859,2024-01-09,11.06,10.925932,0,8.748155e-05
Azángaro,3859,2024-01-10,13.22,13.295536,0,0.000109409004
Azángaro,3859,2024-01-11,12.98,12.892677,0,9.679847e-05
Azángaro,3859,2024-01-12,10.89,11.163436,0,0.00021442599
Azángaro,3859,2024-01-13,9.39,9.526791,0,0.00010627432
Azángaro,3859,2024-01-14,10.72,10.693861,0,8.7973705e-05
Azángaro,3859,2024-01-15,9.22,9.266787,0,0.000117236625
Azángaro,3859,2024-01-16,10.66,10.695611,0,0.00012543867
Azángaro,3859,2024-01-17,9.32,9.369971,0,0.00015499405
Azángaro,3859,2024-01-18,13.93,13.9632635,0,0.000108177395
Azángaro,3859,2024-01-19,11.41,11.463548,0,0.0001234294
Azángaro,3859,2024-01-20,12.05,12.0959015,0,5.8246424e-05
Azángaro,3859,2024-01-21,8.74,8.758081,0,0.00011737085
Azángaro,3859,2024-01-22,10.82,10.746198,0,8.872326e-05
Azángaro,3859,2024-01-23,10.4,10.234879,0,0.00013509423
Azángaro,3859,2024-01-24,9.88,9.84299,0,8.931765e-05
Azángaro,3859,2024-01-25,7.04,7.0993996,0,0.00022832134
Azángaro,3859,2024-01-26,14.24,13.767264,0,4.0178704e-05
Azángaro,3859,2024-01-27,12.1,12.064528,0,0.00013909482
Azángaro,3859,2024-01-28,11.0,11.016304,0,8.640689e-05
Azángaro,3859,2024-01-29,8.63,8.759581,0,0.00014733551
Azángaro,3859,2024-01-30,11.96,11.608453,0,0.00011522131
Azángaro,3859,2024-01-31,11.95,11.935982,0,0.00014589388
Azángaro,3859,2024-02-01,7.76,8.130557,0,0.00049957767
Azángaro,3859,2024-02-02,8.57,8.518563,0,0.00016096245
Azángaro,3859,2024-02-03,7.51,7.569659,0,0.00019454937
Azángaro,3859,2024-02-04,8.87,8.958885,0,0.0002469702
Azángaro,3859,2024-02-05,6.39,6.513906,0,0.00020138822
Azángaro,3859,2024-02-06,7.64,7.4166536,0,0.00023245644
Azángaro,3859,2024-02-07,5.26,5.4056387,0,0.00036234333
Azángaro,3859,2024-02-08,8.64,8.848369,0,0.0003525228
Azángaro,3859,2024-02-09,9.63,9.604037,0,0.00017792505
Azángaro,3859,2024-02-10,6.45,6.532405,0,0.0002364068
Azángaro,3859,2024-02-11,8.98,8.956603,0,0.00017553991
Azángaro,3859,2024-02-12,5.13,5.205753,0,0.00036920843
Azángaro,3859,2024-02-13,5.86,5.6752305,0,0.00060573354
Azángaro,3859,2024-02-14,9.73,9.806477,0,0.0001966666
Azángaro,3859,2024-02-15,7.81,7.773261,0,0.00042117602
Azángaro,3859,2024-02-16,11.18,10.892845,0,9.230936e-05
Azángaro,3859,2024-02-17,7.9,7.819257,0,0.00035580984
Azángaro,3859,2024-02-18,8.18,8.253304,0,0.00069288
Azángaro,3859,2024-02-19,8.8,8.609631,0,0.00018591493
Azángaro,3859,2024-02-20,7.98,7.834239,0,0.00017710935
Azángaro,3859,2024-02-21,7.64,7.4424987,0,0.00021128819
Azángaro,3859,2024-02-22,6.65,6.290979,0,0.00026088048
Azángaro,3859,2024-02-23,2.0,2.2370944,0,0.0013381355
Azángaro,3859,2024-02-24,7.22,7.1347666,0,0.0008490264
Azángaro,3859,2024-02-25,4.8,5.0848665,0,0.00072166906
Azángaro,3859,2024-02-26,7.89,7.829276,0,0.00076479657
Azángaro,3859,2024-02-27,9.48,9.397084,0,0.00038767103
Azángaro,3859,2024-02-28,3.03,3.251075,0,0.0007453507
Azángaro,3859,2024-02-29,9.11,9.172834,0,0.00027686497
Azángaro,3859,2024-03-01,7.01,6.9827175,0,0.00036460414
Azángaro,3859,2024-03-02,5.56,5.3677187,0,0.0004746728
Azángaro,3859,2024-03-03,8.16,8.075827,0,0.00035219023
Azángaro,3859,2024-03-04,6.1,6.0487556,0,0.0005616557
Azángaro,3859,2024-03-05,5.44,5.145995,0,0.00078379683
Azángaro,3859,2024-03-06,2.54,2.4558504,0,0.0013206908
Azángaro,3859,2024-03-07,5.78,5.679363,0,0.0011402604
Azángaro,3859,2024-03-08,7.86,7.7822514,0,0.00057225034
Azángaro,3859,2024-03-09,4.22,4.1961074,0,0.0014047173
Azángaro,3859,2024-03-10,6.84,6.7101135,0,0.00045996136
Azángaro,3859,2024-03-11,2.46,2.6034572,0,0.002182568
Azángaro,3859,2024-03-12,3.38,3.657196,0,0.002224866
Azángaro,3859,2024-03-13,3.77,3.869066,0,0.0022551666
Azángaro,3859,2024-03-14,1.44,4.414066,0,0.016787976
Azángaro,3859,2024-03-15,4.92,5.0781174,0,0.0016827408
Azángaro,3859,2024-03-16,7.0,6.907764,0,0.0009890203
Azángaro,3859,2024-03-17,6.54,6.5355372,0,0.00060345395
Azángaro,3859,2024-03-18,4.79,4.6619883,0,0.0005015939
Azángaro,3859,2024-03-19,4.31,4.178795,0,0.0012139509
Azángaro,3859,2024-03-20,2.83,3.0223088,0,0.0021024884
Azángaro,3859,2024-03-21,9.65,9.483835,0,0.0012225047
Azángaro,3859,2024-03-22,3.3,3.208114,0,0.0015921193
Azángaro,3859,2024-03-23,4.8,4.8226542,0,0.0010250112
Azángaro,3859,2024-03-24,4.34,4.0519648,0,0.0009884438
Azángaro,3859,2024-03-25,2.2,2.201729,0,0.0044498476
Azángaro,3859,2024-03-26,1.84,1.8213781,0,0.0042429063
Azángaro,3859,2024-03-27,7.59,7.3558154,0,0.0007502528
Azángaro,3859,2024-03-28,7.37,7.0409093,0,0.0010254023
Azángaro,3859,2024-03-29,4.42,4.2667975,0,0.0012742935
Azángaro,3859,2024-03-30,2.04,2.1992228,0,0.0018090672
Azángaro,3859,2024-03-31,4.99,4.8924923,0,0.0010367507
Azángaro,3859,2024-04-01,3.41,3.3863437,0,0.0051011783
Azángaro,3859,2024-04-02,1.06,1.1614026,0,0.008408043
Azángaro,3859,2024-04-03,4.48,4.399534,0,0.0018734827
Azángaro,3859,2024-04-04,8.65,7.9970117,0,0.00081865996
Azángaro,3859,2024-04-05,0.94,1.2473657,0,0.0070557864
Azángaro,3859,2024-04-06,4.75,4.261623,0,0.0011578233
Azángaro,3859,2024-04-07,4.5,4.1551394,0,0.0026351155
Azángaro,3859,2024-04-08,7.11,7.002337,0,0.0006393819
Azángaro,3859,2024-04-09,-1.21,-0.8085848,1,0.9746447
Azángaro,3859,2024-04-10,0.58,0.80175084,0,0.023154583
Azángaro,3859,2024-04-11,2.17,2.0545728,0,0.004392739
Azángaro,3859,2024-04-12,5.67,5.7461987,0,0.0021041047
Azángaro,3859,2024-04-13,0.04,0.12246787,0,0.14628233
Azángaro,3859,2024-04-14,0.47,0.78140193,0,0.113100156
Azángaro,3859,2024-04-15,1.8,1.6835256,0,0.0054463525
Azángaro,3859,2024-04-16,-0.57,0.06855243,1,0.4695467
Azángaro,3859,2024-04-17,1.42,1.5883619,0,0.0076429476
Azángaro,3859,2024-04-18,0.73,0.89588946,0,0.01155651
Azángaro,3859,2024-04-19,-1.12,-1.0803016,1,0.9842062
Azángaro,3859,2024-04-20,3.05,3.0845177,0,0.00524508
Azángaro,3859,2024-04-21,4.63,4.761337,0,0.0122180665
Azángaro,3859,2024-04-22,1.65,1.5808414,0,0.0067096255
Azángaro,3859,2024-04-23,-3.97,-3.5955777,1,0.99302495
Azángaro,3859,2024-04-24,2.4,2.5087419,0,0.0050155357
Azángaro,3859,2024-04-25,-1.46,-1.4021473,1,0.9851385
Azángaro,3859,2024-04-26,-0.4,-0.4050375,1,0.9575483
Azángaro,3859,2024-04-27,1.88,1.9411378,0,0.007141457
Azángaro,3859,2024-04-28,1.67,1.8580226,0,0.016520381
Azángaro,3859,2024-04-29,0.24,0.30588666,0,0.066191874
Azángaro,3859,2024-04-30,-2.29,-2.2568023,1,0.98885006
Azángaro,3859,2024-05-01,-3.88,-3.6271927,1,0.9927684
Azángaro,3859,2024-05-02,2.02,1.9101889,0,0.008468847
Azángaro,3859,2024-05-03,1.35,1.2845359,0,0.01285802
Azángaro,3859,2024-05-04,3.96,3.7653296,0,0.0039348896
Azángaro,3859,2024-05-05,-0.88,-0.7349937,1,0.9741353
Azángaro,3859,2024-05-06,-0.63,-0.6905993,1,0.9779173
Azángaro,3859,2024-05-07,-3.12,-2.8986661,1,0.99450207
Azángaro,3859,2024-05-08,-0.05,-0.20402138,1,0.65883046
Azángaro,3859,2024-05-09,1.66,1.5435799,0,0.01049997
Azángaro,3859,2024-05-10,-0.32,-0.22819436,1,0.7913081
Azángaro,3859,2024-05-11,0.49,0.42826274,0,0.021760795
Azángaro,3859,2024-05-12,3.58,3.36509,0,0.0037660096
Azángaro,3859,2024-05-13,-0.15,-0.27247563,1,0.80170834
Azángaro,3859,2024-05-14,1.78,1.7352806,0,0.009023827
Azángaro,3859,2024-05-15,-0.9,-0.7312127,1,0.9775604
Azángaro,3859,2024-05-16,-0.31,-0.41981125,1,0.96521384
Azángaro,3859,2024-05-17,-1.35,-1.0823616,1,0.9291273
Azángaro,3859,2024-05-18,3.84,3.6470628,0,0.0045520365
Azángaro,3859,2024-05-19,2.82,2.5471804,0,0.004509604
Azángaro,3859,2024-05-20,-0.02,-0.17154957,1,0.44986272
Azángaro,3859,2024-05-21,0.92,0.8479917,0,0.020932874
Azángaro,3859,2024-05-22,2.21,2.1531997,0,0.005811413
Azángaro,3859,2024-05-23,3.86,3.7566948,0,0.004051056
Azángaro,3859,2024-05-24,-2.58,-2.575646,1,0.9916564
Azángaro,3859,2024-05-25,-1.37,-1.2388656,1,0.9863175
Azángaro,3859,2024-05-26,3.56,3.3020766,0,0.004726561
Azángaro,3859,2024-05-27,-0.24,-0.6578789,1,0.9354604
Azángaro,3859,2024-05-28,-0.15,-0.2397135,1,0.93613577
Azángaro,3859,2024-05-29,-0.69,-0.61194867,1,0.9691742
Azángaro,3859,2024-05-30,0.8,0.92237586,0,0.014009052
Azángaro,3859,2024-05-31,-0.11,-0.20516144,1,0.8085103
Azángaro,3859,2024-06-01,-2.38,-2.4168682,1,0.9935829
Azángaro,3859,2024-06-02,-2.17,-2.2238512,1,0.9925021
Azángaro,3859,2024-06-03,0.65,0.6066195,0,0.023058621
Azángaro,3859,2024-06-04,-0.97,-1.0434039,1,0.9785235
Azángaro,3859,2024-06-05,1.01,0.748086,0,0.04729781
Azángaro,3859,2024-06-06,0.78,0.68132436,0,0.06692298
Azángaro,3859,2024-06-07,-0.37,-0.4284835,1,0.9679969
Azángaro,3859,2024-06-08,1.02,0.7416924,0,0.014445081
Azángaro,3859,2024-06-09,0.07,0.007183099,0,0.1482231
Azángaro,3859,2024-06-10,-0.14,0.13247083,1,0.8624354
Azángaro,3859,2024-06-11,-4.14,-3.7066014,1,0.9863473
Azángaro,3859,2024-06-12,-1.54,-1.5667933,1,0.9896025
Azángaro,3859,2024-06-13,-2.31,-2.3193672,1,0.99250996
Azángaro,3859,2024-06-14,-0.29,-0.5119677,1,0.89625067
Azángaro,3859,2024-06-15,2.13,1.8616884,0,0.007853886
Azángaro,3859,2024-06-16,0.92,0.77889216,0,0.013746353
Azángaro,3859,2024-06-17,-1.38,-1.4723142,1,0.9878633
Azángaro,3859,2024-06-18,2.41,2.306271,0,0.0076605226
Azángaro,3859,2024-06-19,-1.14,-1.2710499,1,0.9782055
Azángaro,3859,2024-06-20,-1.18,-1.4455414,1,0.9553172
Azángaro,3859,2024-06-21,1.3,1.2145865,0,0.011415158
Azángaro,3859,2024-06-22,-1.67,-1.7476232,1,0.98978627
Azángaro,3859,2024-06-23,-1.31,-1.482917,1,0.989375
Azángaro,3859,2024-06-24,0.73,0.78893125,0,0.02066157
Azángaro,3859,2024-06-25,-1.63,-1.5741422,1,0.9899357
Azángaro,3859,2024-06-26,2.51,2.2710266,0,0.009625194
Azángaro,3859,2024-06-27,1.93,1.9419885,0,0.0068513337
Azángaro,3859,2024-06-28,-2.57,-2.5444884,1,0.993735
Azángaro,3859,2024-06-29,-3.18,-3.1164503,1,0.9954797
Azángaro,3859,2024-06-30,-1.8,-1.668894,1,0.97697157
Azángaro,3859,2024-07-01,4.88,4.4993744,0,0.0044893436
Azángaro,3859,2024-07-02,1.08,0.85294974,0,0.02234956
Azángaro,3859,2024-07-03,-2.74,-2.500072,1,0.99403596
Azángaro,3859,2024-07-04,3.47,3.2947936,0,0.005431748
Azángaro,3859,2024-07-05,4.54,4.2576685,0,0.0028879822
Azángaro,3859,2024-07-06,0.65,0.45015004,0,0.017732272
Azángaro,3859,2024-07-07,-5.16,-4.8412933,1,0.9971867
Azángaro,3859,2024-07-08,-0.05,0.08233393,1,0.4663789
Azángaro,3859,2024-07-09,0.78,0.70216686,0,0.018786732
Azángaro,3859,2024-07-10,4.57,4.436461,0,0.0035681159
Azángaro,3859,2024-07-11,1.03,0.90987533,0,0.006435163
Azángaro,3859,2024-07-12,0.74,0.37999508,0,0.10886726
Azángaro,3859,2024-07-13,1.41,1.3472158,0,0.0062759724
Azángaro,3859,2024-07-14,4.07,3.8166893,0,0.0033029905
Azángaro,3859,2024-07-15,-0.91,-0.7854338,1,0.9818843
Azángaro,3859,2024-07-16,1.49,1.4004985,0,0.009032815
Azángaro,3859,2024-07-17,0.74,0.59808743,0,0.019500522
Azángaro,3859,2024-07-18,-2.13,-2.0522294,1,0.99136156
Azángaro,3859,2024-07-19,-2.44,-2.3242116,1,0.99269015
Azángaro,3859,2024-07-20,0.85,0.98402864,0,0.019889979
Azángaro,3859,2024-07-21,-0.04,0.20413603,1,0.7411886
Azángaro,3859,2024-07-22,-1.97,-1.7753848,1,0.99179196
Azángaro,3859,2024-07-23,1.01,0.9200987,0,0.03900051
Azángaro,3859,2024-07-24,2.75,2.7674346,0,0.0050009415
Azángaro,3859,2024-07-25,-1.25,-1.2861809,1,0.9876944
Azángaro,3859,2024-07-26,-0.99,-0.787636,1,0.98521346
Azángaro,3859,2024-07-27,-2.85,-2.7568834,1,0.9928149
Azángaro,3859,2024-07-28,0.86,0.77984804,0,0.113406375
Azángaro,3859,2024-07-29,2.96,2.9029808,0,0.0037111333
Azángaro,3859,2024-07-30,-1.18,-1.1325253,1,0.98546857
Azángaro,3859,2024-07-31,0.95,0.9972302,0,0.010462226
Azángaro,3859,2024-08-01,-1.79,-1.6765915,1,0.97327596
Azángaro,3859,2024-08-02,3.26,2.8377247,0,0.020903423
Azángaro,3859,2024-08-03,-1.17,-0.98712754,1,0.98412055
Azángaro,3859,2024-08-04,-1.07,-1.6334456,1,0.9484472
Azángaro,3859,2024-08-05,3.77,3.6574676,0,0.0027529816
Azángaro,3859,2024-08-06,3.54,3.3448105,0,0.0032970714
Azángaro,3859,2024-08-07,5.88,5.754849,0,0.0019624701
Azángaro,3859,2024-08-08,8.18,7.6774764,0,0.0010166798
Azángaro,3859,2024-08-09,-0.88,-0.68960625,1,0.96785295
Azángaro,3859,2024-08-10,5.27,5.2193546,0,0.0011436964
Azángaro,3859,2024-08-11,-5.09,-4.1365585,1,0.99500304
Azángaro,3859,2024-08-12,0.46,0.32035705,0,0.023575747
Azángaro,3859,2024-08-13,-0.22,-0.12679136,1,0.9315491
Azángaro,3859,2024-08-14,1.2,1.2202033,0,0.009356248
Azángaro,3859,2024-08-15,2.87,2.9079928,0,0.004611047
Azángaro,3859,2024-08-16,-0.37,-0.2783399,1,0.9249307
Azángaro,3859,2024-08-17,3.14,3.120163,0,0.0038929363
Azángaro,3859,2024-08-18,3.65,3.6482403,0,0.0024997888
Azángaro,3859,2024-08-19,6.48,6.511119,0,0.0014035719
Azángaro,3859,2024-08-20,1.76,1.8179892,0,0.005830948
Azángaro,3859,2024-08-21,3.63,3.3425055,0,0.002319005
Azángaro,3859,2024-08-22,3.13,3.1834555,0,0.0031604983
Azángaro,3859,2024-08-23,4.42,4.478705,0,0.0018518824
Azángaro,3859,2024-08-24,-1.99,-1.9724807,1,0.9853704
Azángaro,3859,2024-08-25,6.53,6.248536,0,0.00075906597
Azángaro,3859,2024-08-26,-0.18,0.051243376,1,0.7928642
Azángaro,3859,2024-08-27,2.39,2.7671115,0,0.006104438
Azángaro,3859,2024-08-28,3.79,3.734566,0,0.0022171913
Azángaro,3859,2024-08-29,6.63,6.547162,0,0.0006495091
Azángaro,3859,2024-08-30,3.24,3.3469822,0,0.002350751
Azángaro,3859,2024-08-31,2.3,2.2601025,0,0.009528253
Azángaro,3859,2024-09-01,5.92,5.9937525,0,0.001488551
Azángaro,3859,2024-09-02,8.67,8.442501,0,0.00051206065
Azángaro,3859,2024-09-03,3.36,3.280654,0,0.00095300085
Azángaro,3859,2024-09-04,1.7,1.8460103,0,0.0014726621
Azángaro,3859,2024-09-05,0.5,0.69260514,0,0.016645368
Azángaro,3859,2024-09-06,0.74,0.90211,0,0.009587694
Azángaro,3859,2024-09-07,5.14,5.2156596,0,0.0012877648
Azángaro,3859,2024-09-08,3.85,4.0680237,0,0.0022765268
Azángaro,3859,2024-09-09,6.56,6.364415,0,0.0012439941
Azángaro,3859,2024-09-10,3.79,3.7314398,0,0.0012233806
Azángaro,3859,2024-09-11,-0.19,-0.06829776,1,0.45756906
Azángaro,3859,2024-09-12,4.18,4.101894,0,0.0038900953
Azángaro,3859,2024-09-13,4.2,4.351903,0,0.0016408757
Azángaro,3859,2024-09-14,5.58,5.4961987,0,0.0008888502
Azángaro,3859,2024-09-15,4.15,4.06059,0,0.001440639
Azángaro,3859,2024-09-16,4.78,4.8020854,0,0.0010084809
Azángaro,3859,2024-09-17,3.55,3.5127335,0,0.003472543
Azángaro,3859,2024-09-18,1.14,1.091293,0,0.0034164914
Azángaro,3859,2024-09-19,8.29,8.189702,0,0.00035518812
Azángaro,3859,2024-09-20,2.72,2.6847584,0,0.0027595034
Azángaro,3859,2024-09-21,3.33,3.3312016,0,0.0014193564
Azángaro,3859,2024-09-22,11.17,10.42285,0,0.00095075445
Azángaro,3859,2024-09-23,4.64,4.8456154,0,0.0008334963
Azángaro,3859,2024-09-24,3.9,4.0661592,0,0.0006613693
Azángaro,3859,2024-09-25,8.85,8.57733,0,0.0002767797
Azángaro,3859,2024-09-26,1.22,1.3773335,0,0.0023345384
Azángaro,3859,2024-09-27,-0.53,-0.23539215,1,0.9231156
Azángaro,3859,2024-09-28,5.17,5.4068437,0,0.00090450887
Azángaro,3859,2024-09-29,7.39,7.125135,0,0.0005717305
Azángaro,3859,2024-09-30,10.73,10.4436,0,0.00025447574
Azángaro,3859,2024-10-01,8.49,8.452176,0,0.00017074395
Azángaro,3859,2024-10-02,9.6,9.798254,0,0.00015280243
Azángaro,3859,2024-10-03,8.56,8.481825,0,9.885817e-05
Azángaro,3859,2024-10-04,6.9,6.832626,0,0.00026153494
Azángaro,3859,2024-10-05,7.69,7.5660944,0,0.000117819174
Azángaro,3859,2024-10-06,7.2,7.1406364,0,0.00029398882
Azángaro,3859,2024-10-07,11.43,11.270133,0,0.00016021274
Azángaro,3859,2024-10-08,6.91,6.999426,0,0.00015814236
Azángaro,3859,2024-10-09,0.33,0.7288622,0,0.0064355135
Azángaro,3859,2024-10-10,3.64,3.7695217,0,0.0009933411
Azángaro,3859,2024-10-11,8.97,8.649088,0,0.0003428957
Azángaro,3859,2024-10-12,4.4,3.8672745,0,0.0035856108
Azángaro,3859,2024-10-13,7.71,7.6309595,0,0.00026638262
Azángaro,3859,2024-10-14,8.78,8.76505,0,0.0003936165
Azángaro,3859,2024-10-15,9.89,9.92183,0,0.00012827432
Azángaro,3859,2024-10-16,8.79,8.819541,0,0.00012873039
Azángaro,3859,2024-10-17,6.41,6.5014634,0,0.00012578111
Azángaro,3859,2024-10-18,1.16,1.746317,0,0.0010823146
Azángaro,3859,2024-10-19,5.72,5.869078,0,0.00066832104
Azángaro,3859,2024-10-20,5.61,6.128639,0,0.0013929543
Azángaro,3859,2024-10-21,8.85,8.605012,0,0.00047695756
Azángaro,3859,2024-10-22,4.18,4.4220014,0,0.00035216572
Azángaro,3859,2024-10-23,8.63,8.554729,0,0.00032926726
Azángaro,3859,2024-10-24,11.38,11.322197,0,8.539307e-05
Azángaro,3859,2024-10-25,8.65,8.735312,0,0.00014314654
Azángaro,3859,2024-10-26,11.0,10.989531,0,0.0001160638
Azángaro,3859,2024-10-27,6.47,6.6889043,0,0.0001168274
Azángaro,3859,2024-10-28,10.38,10.233888,0,0.00012232286
Azángaro,3859,2024-10-29,8.45,8.490159,0,0.000107448184
Azángaro,3859,2024-10-30,9.4,9.486311,0,0.00015954518
Azángaro,3859,2024-10-31,6.09,6.2348704,0,0.00012928802
Azángaro,3859,2024-11-01,12.44,12.226179,0,6.175675e-05
Azángaro,3859,2024-11-02,7.33,7.4970737,0,9.540363e-05
Azángaro,3859,2024-11-03,9.91,9.752596,0,0.00018043356
Azángaro,3859,2024-11-04,14.69,14.66729,0,7.508986e-05
Azángaro,3859,2024-11-05,8.17,8.138208,0,8.672265e-05
Azángaro,3859,2024-11-06,8.72,8.733031,0,0.00012039209
Azángaro,3859,2024-11-07,7.71,7.770987,0,0.00010025712
Azángaro,3859,2024-11-08,12.37,12.298493,0,0.00011542553
Azángaro,3859,2024-11-09,12.14,12.018257,0,7.3410294e-05
Azángaro,3859,2024-11-10,13.15,13.358152,0,9.429081e-05
Azángaro,3859,2024-11-11,14.25,14.355923,0,3.6517555e-05
Azángaro,3859,2024-11-12,6.55,6.8120866,0,0.0001435703
Azángaro,3859,2024-11-13,10.05,10.018504,0,0.00011184628
Azángaro,3859,2024-11-14,9.31,9.352412,0,8.275891e-05
Azángaro,3859,2024-11-15,7.84,8.007717,0,0.00016003076
Azángaro,3859,2024-11-16,12.06,11.897315,0,0.00012164462
Azángaro,3859,2024-11-17,8.82,8.8984785,0,8.548815e-05
Azángaro,3859,2024-11-18,14.35,14.572898,0,8.57499e-05
Azángaro,3859,2024-11-19,12.34,12.2591715,0,7.465341e-05
Azángaro,3859,2024-11-20,8.04,8.116884,0,0.00010152019
Azángaro,3859,2024-11-21,10.62,10.731007,0,0.00013753262
Azángaro,3859,2024-11-22,12.15,12.093557,0,0.00010335549
Azángaro,3859,2024-11-23,14.15,13.967561,0,3.2604676e-05
Azángaro,3859,2024-11-24,6.98,7.132313,0,0.00011361823
Azángaro,3859,2024-11-25,12.65,12.650189,0,0.00017340586
Azángaro,3859,2024-11-26,12.96,13.054991,0,6.473909e-05
Azángaro,3859,2024-11-27,11.22,11.234036,0,5.0238254e-05
Azángaro,3859,2024-11-28,14.13,14.125671,0,7.10694e-05
Azángaro,3859,2024-11-29,6.31,6.4838004,0,0.000118787975
Azángaro,3859,2024-11-30,10.16,10.55919,0,8.913599e-05
Azángaro,3859,2024-12-01,8.58,9.285914,0,0.0034554258
Azángaro,3859,2024-12-02,10.83,10.877198,0,0.00011918474
Azángaro,3859,2024-12-03,11.17,10.949009,0,4.584384e-05
Azángaro,3859,2024-12-04,11.29,11.379191,0,7.830971e-05
Azángaro,3859,2024-12-05,7.01,7.0822983,0,0.000112081805
Azángaro,3859,2024-12-06,14.07,14.027877,0,8.351013e-05
Azángaro,3859,2024-12-07,11.56,11.590429,0,0.0001337317
Azángaro,3859,2024-12-08,10.36,10.499362,0,0.00022700136
Azángaro,3859,2024-12-09,8.25,8.57473,0,0.00010896339
Azángaro,3859,2024-12-10,14.06,14.294894,0,0.00011407811
Azángaro,3859,2024-12-11,16.34,16.130066,0,4.3785407e-05
Azángaro,3859,2024-12-12,16.4,16.784668,0,0.000111148605
Azángaro,3859,2024-12-13,11.59,11.687394,0,9.951704e-05
Azángaro,3859,2024-12-14,13.68,13.66755,0,7.548286e-05
Azángaro,3859,2024-12-15,12.36,12.440684,0,3.0454241e-05
Azángaro,3859,2024-12-16,8.95,9.073919,0,7.394779e-05
Azángaro,3859,2024-12-17,12.76,12.854214,0,9.327882e-05
Azángaro,3859,2024-12-18,14.12,14.078765,0,5.7263172e-05
Azángaro,3859,2024-12-19,6.69,6.673296,0,0.00014483296
Azángaro,3859,2024-12-20,8.71,8.90278,0,0.00010790808
Azángaro,3859,2024-12-21,8.92,9.093182,0,0.000109459936
Azángaro,3859,2024-12-22,12.71,12.829231,0,0.00014879322
Azángaro,3859,2024-12-23,7.64,7.897016,0,0.00012129088
Azángaro,3859,2024-12-24,10.39,10.336108,0,9.6866985e-05
Cojata,4320,2024-01-01,11.73,11.589115,0,0.000103196646
Cojata,4320,2024-01-02,8.19,8.117829,0,0.000145372
Cojata,4320,2024-01-03,7.02,7.1220183,0,0.00019787379
Cojata,4320,2024-01-04,6.42,6.520232,0,0.0003777661
Cojata,4320,2024-01-05,9.36,9.341395,0,0.00017013599
Cojata,4320,2024-01-06,8.28,8.257733,0,0.00024673506
Cojata,4320,2024-01-07,8.7,8.659865,0,0.00014820615
Cojata,4320,2024-01-08,11.54,11.388365,0,0.0001786402
Cojata,4320,2024-01-09,10.83,10.669636,0,0.00018463451
Cojata,4320,2024-01-10,13.05,12.302281,0,0.00025303644
Cojata,4320,2024-01-11,10.49,10.174495,0,8.41401e-05
Cojata,4320,2024-01-12,14.92,14.789569,0,0.00012028492
Cojata,4320,2024-01-13,11.57,11.324111,0,0.0001284616
Cojata,4320,2024-01-14,10.61,10.498516,0,8.974059e-05
Cojata,4320,2024-01-15,5.81,5.7489796,0,0.0002580763
Cojata,4320,2024-01-16,4.92,5.198385,0,0.0004142624
Cojata,4320,2024-01-17,6.45,6.6269097,0,0.00029062098
Cojata,4320,2024-01-18,7.08,7.175346,0,0.00037766242
Cojata,4320,2024-01-19,9.46,9.458875,0,0.00026906838
Cojata,4320,2024-01-20,11.21,11.118827,0,0.00016215493
Cojata,4320,2024-01-21,8.64,8.912856,0,0.0003562275
Cojata,4320,2024-01-22,11.17,11.108096,0,0.0001466799
Cojata,4320,2024-01-23,6.05,5.8193345,0,0.00030303377
Cojata,4320,2024-01-24,4.65,4.7196145,0,0.0004820185
Cojata,4320,2024-01-25,5.57,5.5552917,0,0.0006214956
Cojata,4320,2024-01-26,12.92,12.057425,0,0.00051722466
Cojata,4320,2024-01-27,5.03,5.2505736,0,0.00044356863
Cojata,4320,2024-01-28,6.7,6.588278,0,0.00036905461
Cojata,4320,2024-01-29,6.66,6.8332815,0,0.0005526999
Cojata,4320,2024-01-30,9.77,9.5741825,0,0.0002512263
Cojata,4320,2024-01-31,3.31,3.1827562,0,0.00069420855
Cojata,4320,2024-02-01,5.18,5.224572,0,0.0006227096
Cojata,4320,2024-02-02,7.85,7.851656,0,0.00070677965
Cojata,4320,2024-02-03,5.94,5.869765,0,0.00059868564
Cojata,4320,2024-02-04,11.65,11.455432,0,0.00043011815
Cojata,4320,2024-02-05,8.39,8.27817,0,0.00023740111
Cojata,4320,2024-02-06,5.87,5.6388526,0,0.0003753867
Cojata,4320,2024-02-07,8.72,8.659061,0,0.00024353522
Cojata,4320,2024-02-08,7.51,7.4012237,0,0.00027425247
Cojata,4320,2024-02-09,8.53,8.229171,0,0.00022214591
Cojata,4320,2024-02-10,6.51,6.5473866,0,0.0005894107
Cojata,4320,2024-02-11,6.87,6.609204,0,0.000296013
Cojata,4320,2024-02-12,7.87,7.6038632,0,0.0003447033
Cojata,4320,2024-02-13,7.81,7.546802,0,0.0003328701
Cojata,4320,2024-02-14,6.69,6.3742924,0,0.00031348044
Cojata,4320,2024-02-15,4.08,3.9558375,0,0.0007206612
Cojata,4320,2024-02-16,5.0,4.8983355,0,0.00075553416
Cojata,4320,2024-02-17,6.01,6.057746,0,0.0006281623
Cojata,4320,2024-02-18,5.48,5.02358,0,0.0006681357
Cojata,4320,2024-02-19,1.15,1.3551714,0,0.0029950165
Cojata,4320,2024-02-20,9.93,9.491545,0,0.0006819138
Cojata,4320,2024-02-21,8.28,8.389981,0,0.00040263435
Cojata,4320,2024-02-22,7.6,7.322694,0,0.0004324488
Cojata,4320,2024-02-23,5.87,5.501729,0,0.00030777446
Cojata,4320,2024-02-24,8.46,8.125538,0,0.00044836904
Cojata,4320,2024-02-25,6.31,6.0488443,0,0.00044507283
Cojata,4320,2024-02-26,4.45,4.3430266,0,0.0006545868
Cojata,4320,2024-02-27,4.92,4.8247104,0,0.0024351394
Cojata,4320,2024-02-28,6.03,5.9365463,0,0.0008983078
Cojata,4320,2024-02-29,6.24,6.0738,0,0.00073938904
Cojata,4320,2024-03-01,4.2,4.108991,0,0.0012353073
Cojata,4320,2024-03-02,3.2,3.233552,0,0.0028676754
Cojata,4320,2024-03-03,3.6,3.5858755,0,0.0021525382
Cojata,4320,2024-03-04,5.04,5.277997,0,0.0010052961
Cojata,4320,2024-03-05,7.21,7.197866,0,0.0010922326
Cojata,4320,2024-03-06,5.68,5.730513,0,0.0015631953
Cojata,4320,2024-03-07,2.84,2.6071923,0,0.0012306167
Cojata,4320,2024-03-08,5.6,5.601529,0,0.0006226102
Cojata,4320,2024-03-09,3.1,3.0009162,0,0.0018228169
Cojata,4320,2024-03-10,3.24,3.3172343,0,0.0017270895
Cojata,4320,2024-03-11,6.37,6.6301966,0,0.0008448166
Cojata,4320,2024-03-12,1.89,1.9760817,0,0.0073427674
Cojata,4320,2024-03-13,5.16,5.1165805,0,0.0016013577
Cojata,4320,2024-03-14,-0.6,-0.31579912,1,0.97215545
Cojata,4320,2024-03-15,2.88,3.0695016,0,0.0023588908
Cojata,4320,2024-03-16,2.33,2.3140907,0,0.0048294263
Cojata,4320,2024-03-17,5.01,4.5942893,0,0.06315202
Cojata,4320,2024-03-18,-1.83,-1.570935,1,0.98925287
Cojata,4320,2024-03-19,1.77,1.9093652,0,0.011456105
Cojata,4320,2024-03-20,4.31,4.0864577,0,0.003945883
Cojata,4320,2024-03-21,3.32,3.1210237,0,0.0037407225
Cojata,4320,2024-03-22,1.27,1.4276525,0,0.0059324466
Cojata,4320,2024-03-23,6.96,6.58136,0,0.0010853605
Cojata,4320,2024-03-24,1.31,1.3671958,0,0.007847765
Cojata,4320,2024-03-25,5.44,5.196967,0,0.0014812851
Cojata,4320,2024-03-26,2.85,2.909724,0,0.0023064415
Cojata,4320,2024-03-27,0.77,0.77283025,0,0.023534656
Cojata,4320,2024-03-28,4.37,3.977046,0,0.0022293516
Cojata,4320,2024-03-29,5.71,5.5800223,0,0.001872077
Cojata,4320,2024-03-30,0.47,0.33782467,0,0.02215606
Cojata,4320,2024-03-31,1.26,0.85131264,0,0.006726904
Cojata,4320,2024-04-01,3.68,3.5870256,0,0.0030124737
Cojata,4320,2024-04-02,3.31,3.1858094,0,0.0041840076
Cojata,4320,2024-04-03,4.15,4.103403,0,0.0030076485
Cojata,4320,2024-04-04,1.3,1.0705355,0,0.007258547
Cojata,4320,2024-04-05,3.98,3.7225246,0,0.0024301752
Cojata,4320,2024-04-06,2.51,2.340508,0,0.0075549027
Cojata,4320,2024-04-07,-0.41,-0.38664362,1,0.9466539
Cojata,4320,2024-04-08,0.9,0.8803426,0,0.013065183
Cojata,4320,2024-04-09,0.39,0.3397557,0,0.042256102
Cojata,4320,2024-04-10,0.28,0.23878898,0,0.07752355
Cojata,4320,2024-04-11,3.33,3.3410828,0,0.0040604826
Cojata,4320,2024-04-12,0.27,0.18701446,0,0.11697758
Cojata,4320,2024-04-13,-0.13,-0.029665986,1,0.8439107
Cojata,4320,2024-04-14,0.54,0.5741603,0,0.025524382
Cojata,4320,2024-04-15,-0.91,-0.93674225,1,0.98765695
Cojata,4320,2024-04-16,-1.95,-1.9657719,1,0.9912265
Cojata,4320,2024-04-17,-1.64,-1.6882735,1,0.98983383
Cojata,4320,2024-04-18,-0.51,-0.5790041,1,0.98052776
Cojata,4320,2024-04-19,1.01,0.98772705,0,0.04193739
Cojata,4320,2024-04-20,0.35,0.35132536,0,0.16951157
Cojata,4320,2024-04-21,-0.98,-1.0641698,1,0.9871156
Cojata,4320,2024-04-22,0.83,0.8473529,0,0.016611598
Cojata,4320,2024-04-23,-3.78,-3.8047876,1,0.99586666
Cojata,4320,2024-04-24,-0.16,-0.22723556,1,0.94679904
Cojata,4320,2024-04-25,-4.65,-4.620714,1,0.9980034
Cojata,4320,2024-04-26,0.33,0.30866224,0,0.031269293
Cojata,4320,2024-04-27,-0.76,-0.8893721,1,0.9851105
Cojata,4320,2024-04-28,-2.65,-2.7320151,1,0.99481684
Cojata,4320,2024-04-29,-1.71,-1.8114662,1,0.9893824
Cojata,4320,2024-04-30,0.99,0.9163011,0,0.017772049
Cojata,4320,2024-05-01,-0.84,-1.0017009,1,0.98734623
Cojata,4320,2024-05-02,5.12,4.4646363,0,0.003806642
Cojata,4320,2024-05-03,-5.79,-5.2814636,1,0.9987348
Cojata,4320,2024-05-04,-1.98,-1.841526,1,0.9912949
Cojata,4320,2024-05-05,-1.06,-1.2825639,1,0.98924947
Cojata,4320,2024-05-06,-6.8,-5.5201693,1,0.9971475
Cojata,4320,2024-05-07,3.13,2.850226,0,0.008172041
Cojata,4320,2024-05-08,-1.38,-1.6608007,1,0.99277836
Cojata,4320,2024-05-09,-3.14,-3.1452682,1,0.9946725
Cojata,4320,2024-05-10,-5.11,-4.9824324,1,0.99781716
Cojata,4320,2024-05-11,0.51,0.36471182,0,0.058185164
Cojata,4320,2024-05-12,-2.27,-2.4518535,1,0.99384415
Cojata,4320,2024-05-13,0.56,0.37555358,0,0.10337361
Cojata,4320,2024-05-14,-1.03,-1.0016689,1,0.9792499
Cojata,4320,2024-05-15,-4.93,-4.8789377,1,0.99618995
Cojata,4320,2024-05-16,-0.44,-0.742339,1,0.9790325
Cojata,4320,2024-05-17,-0.57,-0.9054688,1,0.95319957
Cojata,4320,2024-05-18,-3.53,-3.4492452,1,0.99798137
Cojata,4320,2024-05-19,-0.75,-0.860675,1,0.98710144
Cojata,4320,2024-05-20,-1.69,-1.8589478,1,0.9931733
Cojata,4320,2024-05-21,0.32,0.08498167,0,0.03986139
Cojata,4320,2024-05-22,-3.24,-3.4317935,1,0.992622
Cojata,4320,2024-05-23,-1.72,-1.8093442,1,0.9933181
Cojata,4320,2024-05-24,-0.89,-1.0883621,1,0.958958
Cojata,4320,2024-05-25,-5.29,-5.2179446,1,0.99641705
Cojata,4320,2024-05-26,-1.86,-2.0355325,1,0.99323684
Cojata,4320,2024-05-27,-4.87,-4.762208,1,0.997931
Cojata,4320,2024-05-28,-1.68,-1.7912122,1,0.99411327
Cojata,4320,2024-05-29,-2.83,-2.7925732,1,0.99638474
Cojata,4320,2024-05-30,-0.37,-0.5622264,1,0.96438384
Cojata,4320,2024-05-31,-1.8,-1.962264,1,0.99366224
Cojata,4320,2024-06-01,1.04,0.56174576,0,0.10520006
Cojata,4320,2024-06-02,-2.0,-2.0917885,1,0.990917
Cojata,4320,2024-06-03,-3.32,-3.5054376,1,0.9957669
Cojata,4320,2024-06-04,-4.05,-4.089563,1,0.9962645
Cojata,4320,2024-06-05,-3.2,-3.3107393,1,0.9963755
Cojata,4320,2024-06-06,-6.76,-6.6826496,1,0.99917245
Cojata,4320,2024-06-07,-2.53,-2.5467749,1,0.9961377
Cojata,4320,2024-06-08,-1.41,-1.6149709,1,0.9876265
Cojata,4320,2024-06-09,-5.03,-5.048097,1,0.99892044
Cojata,4320,2024-06-10,-1.68,-1.7700485,1,0.99420726
Cojata,4320,2024-06-11,-5.32,-5.228598,1,0.99900395
Cojata,4320,2024-06-12,-2.49,-2.608546,1,0.99683374
Cojata,4320,2024-06-13,-3.22,-3.1203187,1,0.9981053
Cojata,4320,2024-06-14,1.39,0.86011696,0,0.053916447
Cojata,4320,2024-06-15,-3.06,-3.129638,1,0.9959416
Cojata,4320,2024-06-16,-1.2,-1.5819485,1,0.99208504
Cojata,4320,2024-06-17,-4.2,-4.280448,1,0.99362504
Cojata,4320,2024-06-18,-7.66,-7.0922966,1,0.998293
Cojata,4320,2024-06-19,-4.71,-4.8698726,1,0.9989267
Cojata,4320,2024-06-20,-3.28,-3.2717035,1,0.99781126
Cojata,4320,2024-06-21,-0.0,-0.40571728,1,0.5860762
Cojata,4320,2024-06-22,-3.01,-3.297876,1,0.99565953
Cojata,4320,2024-06-23,-0.03,-0.31544936,1,0.5950578
Cojata,4320,2024-06-24,-4.63,-4.9686007,1,0.9977957
Cojata,4320,2024-06-25,-0.91,-1.1729797,1,0.99162227
Cojata,4320,2024-06-26,-4.75,-4.791791,1,0.99761546
Cojata,4320,2024-06-27,-5.17,-5.2522974,1,0.99729055
Cojata,4320,2024-06-28,-4.42,-4.417834,1,0.99731594
Cojata,4320,2024-06-29,-7.42,-7.2738924,1,0.99937135
Cojata,4320,2024-06-30,-0.95,-0.9920513,1,0.99254817
Cojata,4320,2024-07-01,0.33,-0.07552632,0,0.08040844
Cojata,4320,2024-07-02,-2.61,-2.6011505,1,0.9963954
Cojata,4320,2024-07-03,-0.87,-0.9816705,1,0.9880162
Cojata,4320,2024-07-04,-0.9,-1.0730553,1,0.9885949
Cojata,4320,2024-07-05,-8.37,-7.942606,1,0.99879956
Cojata,4320,2024-07-06,-3.21,-3.353037,1,0.9967991
Cojata,4320,2024-07-07,0.38,0.17929046,0,0.053028863
Cojata,4320,2024-07-08,-4.51,-4.560292,1,0.998681
Cojata,4320,2024-07-09,0.62,0.30995932,0,0.07360833
Cojata,4320,2024-07-10,-1.95,-1.9954174,1,0.99244964
Cojata,4320,2024-07-11,-0.98,-1.1158724,1,0.990122
Cojata,4320,2024-07-12,-1.99,-1.95895,1,0.9921967
Cojata,4320,2024-07-13,0.07,-0.3288287,0,0.5042913
Cojata,4320,2024-07-14,-0.26,-0.41996524,1,0.88921446
Cojata,4320,2024-07-15,-4.05,-4.176142,1,0.99813205
Cojata,4320,2024-07-16,2.59,2.5324824,0,0.007803172
Cojata,4320,2024-07-17,-1.66,-1.7425246,1,0.98908406
Cojata,4320,2024-07-18,-2.76,-2.8501396,1,0.991711
Cojata,4320,2024-07-19,-1.32,-1.360655,1,0.99105763
Cojata,4320,2024-07-20,2.33,2.0488358,0,0.012194817
Cojata,4320,2024-07-21,-2.7,-2.4902399,1,0.99445844
Cojata,4320,2024-07-22,-2.66,-2.7535033,1,0.99552107
Cojata,4320,2024-07-23,-3.07,-3.06132,1,0.99167
Cojata,4320,2024-07-24,-0.85,-0.8588517,1,0.9915427
Cojata,4320,2024-07-25,1.19,1.0714226,0,0.017277436
Cojata,4320,2024-07-26,-1.18,-1.0784839,1,0.9781332
Cojata,4320,2024-07-27,-0.42,-0.51038164,1,0.97782683
Cojata,4320,2024-07-28,2.0,1.865676,0,0.0060995882
Cojata,4320,2024-07-29,-3.1,-3.149733,1,0.99381244
Cojata,4320,2024-07-30,-0.56,-0.5507398,1,0.9428492
Cojata,4320,2024-07-31,-2.6,-2.7198555,1,0.99309385
Cojata,4320,2024-08-01,1.79,1.3755082,0,0.02055049
Cojata,4320,2024-08-02,1.56,1.4403758,0,0.007788731
Cojata,4320,2024-08-03,-2.91,-2.5949733,1,0.99382186
Cojata,4320,2024-08-04,0.22,0.206786,0,0.16897267
Cojata,4320,2024-08-05,-4.21,-3.9851034,1,0.997474
Cojata,4320,2024-08-06,-1.9,-1.7746509,1,0.99410194
Cojata,4320,2024-08-07,1.99,1.6342572,0,0.019145869
Cojata,4320,2024-08-08,1.67,1.5410892,0,0.023365427
Cojata,4320,2024-08-09,1.71,1.6351942,0,0.0071029123
Cojata,4320,2024-08-10,-1.06,-1.0127082,1,0.9817625
Cojata,4320,2024-08-11,1.31,1.2637918,0,0.0075468984
Cojata,4320,2024-08-12,0.75,0.7408651,0,0.026932748
Cojata,4320,2024-08-13,3.55,3.4784644,0,0.0044461545
Cojata,4320,2024-08-14,-1.89,-1.70466,1,0.9583041
Cojata,4320,2024-08-15,2.32,2.1738608,0,0.006151106
Cojata,4320,2024-08-16,1.91,1.8880694,0,0.010945961
Cojata,4320,2024-08-17,3.14,2.9026272,0,0.004740878
Cojata,4320,2024-08-18,-0.46,-0.3269479,1,0.8475383
Cojata,4320,2024-08-19,6.35,6.1641684,0,0.0014133339
Cojata,4320,2024-08-20,-0.61,-0.550498,1,0.97099584
Cojata,4320,2024-08-21,2.37,2.2967064,0,0.0062847272
Cojata,4320,2024-08-22,1.94,1.7958734,0,0.0038347086
Cojata,4320,2024-08-23,-3.37,-3.0342526,1,0.9965461
Cojata,4320,2024-08-24,1.64,1.6564144,0,0.0070929755
Cojata,4320,2024-08-25,2.74,2.7775679,0,0.011189796
Cojata,4320,2024-08-26,0.58,0.6092173,0,0.030453943
Cojata,4320,2024-08-27,1.75,1.8745551,0,0.0051169763
Cojata,4320,2024-08-28,1.82,1.7951823,0,0.0084675215
Cojata,4320,2024-08-29,-2.37,-2.4866104,1,0.9841888
Cojata,4320,2024-08-30,3.11,3.017228,0,0.0050999806
Cojata,4320,2024-08-31,-2.74,-2.5280874,1,0.9953069
Cojata,4320,2024-09-01,1.56,1.4069855,0,0.033356845
Cojata,4320,2024-09-02,3.03,2.841522,0,0.0040691714
Cojata,4320,2024-09-03,3.07,2.9133258,0,0.0036302905
Cojata,4320,2024-09-04,-0.96,-0.9297275,1,0.9674191
Cojata,4320,2024-09-05,-1.78,-1.6594248,1,0.98355144
Cojata,4320,2024-09-06,0.92,0.7473726,0,0.034174185
Cojata,4320,2024-09-07,2.49,2.1487715,0,0.024456419
Cojata,4320,2024-09-08,1.52,1.4897585,0,0.013640581
Cojata,4320,2024-09-09,6.64,6.331701,0,0.0009450386
Cojata,4320,2024-09-10,-0.32,-0.2260245,1,0.8463522
Cojata,4320,2024-09-11,2.31,2.3846755,0,0.004137038
Cojata,4320,2024-09-12,2.59,2.732798,0,0.0025599075
Cojata,4320,2024-09-13,2.88,2.9419835,0,0.0030971267
Cojata,4320,2024-09-14,1.85,1.9233512,0,0.0054117357
Cojata,4320,2024-09-15,2.64,2.5866044,0,0.004650848
Cojata,4320,2024-09-16,3.99,4.1630626,0,0.0024932756
Cojata,4320,2024-09-17,2.3,2.3715603,0,0.0027230356
Cojata,4320,2024-09-18,1.81,1.946899,0,0.003537987
Cojata,4320,2024-09-19,8.02,8.009589,0,0.00093357166
Cojata,4320,2024-09-20,3.88,3.590368,0,0.0019859807
Cojata,4320,2024-09-21,-0.59,-0.3865832,1,0.7686721
Cojata,4320,2024-09-22,4.86,4.931378,0,0.0033669325
Cojata,4320,2024-09-23,3.41,3.0880818,0,0.0022884477
Cojata,4320,2024-09-24,4.27,4.03747,0,0.0015529785
Cojata,4320,2024-09-25,4.43,4.4792423,0,0.0013409473
Cojata,4320,2024-09-26,6.43,6.399575,0,0.001072645
Cojata,4320,2024-09-27,1.34,1.3969144,0,0.002793837
Cojata,4320,2024-09-28,6.09,5.7249923,0,0.00064097124
Cojata,4320,2024-09-29,5.26,5.0349836,0,0.00093335164
Cojata,4320,2024-09-30,7.35,6.8502116,0,0.0009936653
Cojata,4320,2024-10-01,2.01,2.0519454,0,0.003507268
Cojata,4320,2024-10-02,1.96,2.0482023,0,0.0074643698
Cojata,4320,2024-10-03,5.43,5.52203,0,0.00076174387
Cojata,4320,2024-10-04,2.81,2.511968,0,0.01389806
Cojata,4320,2024-10-05,2.45,2.596393,0,0.0021282276
Cojata,4320,2024-10-06,6.4,6.3516707,0,0.0011350445
Cojata,4320,2024-10-07,0.48,0.46383905,0,0.14838943
Cojata,4320,2024-10-08,3.97,4.1779366,0,0.0015413822
Cojata,4320,2024-10-09,8.06,7.9060345,0,0.00080813066
Cojata,4320,2024-10-10,5.08,4.834882,0,0.0007280882
Cojata,4320,2024-10-11,8.35,8.165159,0,0.000453421
Cojata,4320,2024-10-12,7.62,7.58957,0,0.0002462143
Cojata,4320,2024-10-13,6.24,6.8739853,0,0.00055176555
Cojata,4320,2024-10-14,3.34,3.3370812,0,0.00067211455
Cojata,4320,2024-10-15,5.36,5.417756,0,0.0006549303
Cojata,4320,2024-10-16,8.08,7.7160087,0,0.0006836776
Cojata,4320,2024-10-17,7.77,7.7389903,0,0.00046282544
Cojata,4320,2024-10-18,5.15,5.2754793,0,0.00044950566
Cojata,4320,2024-10-19,8.44,8.445561,0,0.0002964657
Cojata,4320,2024-10-20,9.76,9.747151,0,0.0002305276
Cojata,4320,2024-10-21,4.06,4.078244,0,0.00035817822
Cojata,4320,2024-10-22,5.47,5.541622,0,0.00036042524
Cojata,4320,2024-10-23,6.8,7.0622277,0,0.00036437027
Cojata,4320,2024-10-24,6.89,6.947744,0,0.00059199973
Cojata,4320,2024-10-25,7.83,7.6391926,0,0.00025776055
Cojata,4320,2024-10-26,7.02,6.988514,0,0.00032830183
Cojata,4320,2024-10-27,6.66,6.3130293,0,0.00037106127
Cojata,4320,2024-10-28,8.76,8.6494,0,0.00019250996
Cojata,4320,2024-10-29,8.81,8.819777,0,0.00021664049
Cojata,4320,2024-10-30,7.23,7.1078305,0,0.0001708156
Cojata,4320,2024-10-31,6.54,6.375765,0,0.00030592765
Cojata,4320,2024-11-01,9.12,8.881196,0,9.854992e-05
Cojata,4320,2024-11-02,11.86,11.501414,0,0.00020795167
Cojata,4320,2024-11-03,8.93,8.9962845,0,0.00014995519
Cojata,4320,2024-11-04,7.24,6.9977145,0,0.00012385762
Cojata,4320,2024-11-05,9.76,9.820111,0,0.00013365723
Cojata,4320,2024-11-06,5.31,5.2095633,0,0.00019439231
Cojata,4320,2024-11-07,5.49,5.725477,0,0.00034318285
Cojata,4320,2024-11-08,1.37,2.0830357,0,0.0059565045
Cojata,4320,2024-11-09,10.42,10.116768,0,0.00043149386
Cojata,4320,2024-11-10,7.49,7.5957007,0,0.00032266192
Cojata,4320,2024-11-11,5.51,5.8620543,0,0.00038243554
Cojata,4320,2024-11-12,7.3,7.379738,0,0.0001473501
Cojata,4320,2024-11-13,10.08,9.934084,0,0.00014983797
Cojata,4320,2024-11-14,11.48,11.233079,0,6.114182e-05
Cojata,4320,2024-11-15,9.89,9.941997,0,0.00011766446
Cojata,4320,2024-11-16,6.49,6.3681407,0,0.00013914377
Cojata,4320,2024-11-17,6.9,6.8603377,0,0.00015450534
Cojata,4320,2024-11-18,6.94,6.773132,0,0.00023218399
Cojata,4320,2024-11-19,7.11,7.1624675,0,0.00027055654
Cojata,4320,2024-11-20,7.6,7.4852567,0,0.0004934629
Cojata,4320,2024-11-21,8.37,8.338889,0,0.00020369832
Cojata,4320,2024-11-22,7.81,8.194533,0,0.0011523619
Cojata,4320,2024-11-23,9.67,9.726373,0,0.00049370545
Cojata,4320,2024-11-24,13.92,13.616485,0,6.289562e-05
Cojata,4320,2024-11-25,6.38,6.650765,0,0.00051818567
Cojata,4320,2024-11-26,14.56,14.2285795,0,6.4728905e-05
Cojata,4320,2024-11-27,5.47,5.841028,0,0.00022559136
Cojata,4320,2024-11-28,8.69,8.625061,0,0.00028646464
Cojata,4320,2024-11-29,11.21,10.970727,0,0.00010469572
Cojata,4320,2024-11-30,8.35,8.418474,0,0.00020038035
Cojata,4320,2024-12-01,9.0,8.866776,0,0.00029031138
Cojata,4320,2024-12-02,12.42,12.231109,0,0.0001074192
Cojata,4320,2024-12-03,8.9,8.858216,0,0.000120926066
Cojata,4320,2024-12-04,8.55,8.346709,0,0.000103733466
Cojata,4320,2024-12-05,9.01,8.8152485,0,0.00020745835
Cojata,4320,2024-12-06,9.32,9.221366,0,0.00010987793
Cojata,4320,2024-12-07,7.74,7.635218,0,0.00017936355
Cojata,4320,2024-12-08,7.51,7.3275023,0,0.0001454584
Cojata,4320,2024-12-09,5.05,5.04682,0,0.000394111
Cojata,4320,2024-12-10,10.13,9.972244,0,0.00023583409
Cojata,4320,2024-12-11,11.0,10.851173,0,0.00030053497
Cojata,4320,2024-12-12,8.7,8.693823,0,0.00013184872
Cojata,4320,2024-12-13,4.29,4.6419744,0,0.00018694004
Cojata,4320,2024-12-14,9.05,9.046722,0,0.000107611224
Cojata,4320,2024-12-15,9.63,9.5767,0,0.0001821294
Cojata,4320,2024-12-16,11.67,11.390743,0,0.00012512627
Cojata,4320,2024-12-17,8.58,8.5656805,0,0.00010623753
Cojata,4320,2024-12-18,8.66,8.732271,0,0.00010939231
Cojata,4320,2024-12-19,9.44,9.2297,0,0.000102456834
Cojata,4320,2024-12-20,12.18,12.054227,0,0.0001558545
Cojata,4320,2024-12-21,10.3,10.317767,0,0.000103279235
Cojata,4320,2024-12-22,10.46,10.612567,0,0.00014555955
Cojata,4320,2024-12-23,10.96,10.601408,0,7.34865e-05
Cojata,4320,2024-12-24,7.88,7.900407,0,0.0001115589
Crucero,4130,2024-01-01,7.19,7.132413,0,0.00019261573
Crucero,4130,2024-01-02,7.87,7.7966266,0,0.0005085505
Crucero,4130,2024-01-03,8.51,8.395575,0,0.00019689964
Crucero,4130,2024-01-04,8.67,8.6820755,0,0.00014558993
Crucero,4130,2024-01-05,9.9,9.783942,0,0.0001013002
Crucero,4130,2024-01-06,5.73,5.7674384,0,0.000173687
Crucero,4130,2024-01-07,6.08,6.0893025,0,0.00022495922
Crucero,4130,2024-01-08,7.23,7.360396,0,0.00041798383
Crucero,4130,2024-01-09,8.19,8.120451,0,0.00025433916
Crucero,4130,2024-01-10,9.46,9.197858,0,0.00037937643
Crucero,4130,2024-01-11,9.82,9.780336,0,0.0001863851
Crucero,4130,2024-01-12,7.81,7.722576,0,0.00014358699
Crucero,4130,2024-01-13,6.33,6.36716,0,0.00022075152
Crucero,4130,2024-01-14,5.48,5.568572,0,0.00024840102
Crucero,4130,2024-01-15,9.55,9.562464,0,0.00046217383
Crucero,4130,2024-01-16,9.36,9.383032,0,0.00029087046
Crucero,4130,2024-01-17,4.77,4.8329453,0,0.00040821376
Crucero,4130,2024-01-18,7.08,7.3349423,0,0.00032254626
Crucero,4130,2024-01-19,8.74,8.684022,0,0.0004465643
Crucero,4130,2024-01-20,9.96,10.017529,0,0.00046608594
Crucero,4130,2024-01-21,8.05,8.070585,0,0.00017235054
Crucero,4130,2024-01-22,9.78,9.688193,0,0.00018055196
Crucero,4130,2024-01-23,14.4,14.102021,0,4.2724405e-05
Crucero,4130,2024-01-24,12.41,12.282102,0,0.00016100865
Crucero,4130,2024-01-25,6.42,6.4148517,0,0.00077789545
Crucero,4130,2024-01-26,7.38,7.4271216,0,0.00019842359
Crucero,4130,2024-01-27,11.48,11.418397,0,0.00019202472
Crucero,4130,2024-01-28,10.82,10.396983,0,0.00011892489
Crucero,4130,2024-01-29,12.92,12.466937,0,0.00012761429
Crucero,4130,2024-01-30,10.51,10.313759,0,7.7936114e-05
Crucero,4130,2024-01-31,10.94,10.741417,0,8.6007625e-05
Crucero,4130,2024-02-01,6.04,5.9587693,0,0.0002059047
Crucero,4130,2024-02-02,9.72,9.594805,0,0.00014933248
Crucero,4130,2024-02-03,7.42,7.2560883,0,0.00028788534
Crucero,4130,2024-02-04,7.98,7.68827,0,0.0002782033
Crucero,4130,2024-02-05,9.06,8.974707,0,0.0002507599
Crucero,4130,2024-02-06,8.63,8.604256,0,0.0008037423
Crucero,4130,2024-02-07,4.14,4.1711984,0,0.00032761614
Crucero,4130,2024-02-08,8.19,8.143733,0,0.00026858755
Crucero,4130,2024-02-09,10.27,10.228,0,0.0003651478
Crucero,4130,2024-02-10,12.7,12.162833,0,0.00025597127
Crucero,4130,2024-02-11,12.14,11.74555,0,7.251886e-05
Crucero,4130,2024-02-12,8.49,8.350154,0,0.00011488922
Crucero,4130,2024-02-13,7.07,7.027151,0,0.00023950709
Crucero,4130,2024-02-14,5.92,5.823331,0,0.0004305388
Crucero,4130,2024-02-15,7.86,7.5454097,0,0.0004009605
Crucero,4130,2024-02-16,6.94,6.733898,0,0.00028437097
Crucero,4130,2024-02-17,6.73,6.5280046,0,0.00037329955
Crucero,4130,2024-02-18,10.03,9.917246,0,0.00022766486
Crucero,4130,2024-02-19,9.04,8.729749,0,0.0003172501
Crucero,4130,2024-02-20,10.03,9.593967,0,0.0004925597
Crucero,4130,2024-02-21,2.65,2.7110744,0,0.0007008143
Crucero,4130,2024-02-22,9.19,8.78005,0,0.00019669003
Crucero,4130,2024-02-23,6.01,6.0119896,0,0.0004072564
Crucero,4130,2024-02-24,7.03,6.6142244,0,0.00039543436
Crucero,4130,2024-02-25,6.54,6.5929265,0,0.0008774202
Crucero,4130,2024-02-26,1.69,1.7728226,0,0.0016161667
Crucero,4130,2024-02-27,6.92,6.727099,0,0.0004392159
Crucero,4130,2024-02-28,9.61,9.468715,0,0.00034784782
Crucero,4130,2024-02-29,7.52,7.5464005,0,0.00031992595
Crucero,4130,2024-03-01,9.28,9.079118,0,0.0001815271
Crucero,4130,2024-03-02,3.53,3.217907,0,0.0006200786
Crucero,4130,2024-03-03,3.37,3.2346609,0,0.0011182624
Crucero,4130,2024-03-04,7.26,6.9835014,0,0.000565643
Crucero,4130,2024-03-05,1.84,1.8697505,0,0.0034087787
Crucero,4130,2024-03-06,3.72,3.6489244,0,0.0016540445
Crucero,4130,2024-03-07,4.89,4.873907,0,0.0017454962
Crucero,4130,2024-03-08,3.11,3.189572,0,0.0017701456
Crucero,4130,2024-03-09,6.31,6.240992,0,0.0012896236
Crucero,4130,2024-03-10,5.46,5.2296176,0,0.0011457349
Crucero,4130,2024-03-11,3.86,3.781439,0,0.0017018692
Crucero,4130,2024-03-12,-1.63,-1.3643949,1,0.96328884
Crucero,4130,2024-03-13,3.54,3.6273263,0,0.0017960038
Crucero,4130,2024-03-14,2.07,2.1640966,0,0.0050837183
Crucero,4130,2024-03-15,4.98,4.955989,0,0.0021560192
Crucero,4130,2024-03-16,5.73,5.6431394,0,0.0012423162
Crucero,4130,2024-03-17,5.11,4.9481397,0,0.0008317722
Crucero,4130,2024-03-18,4.89,4.5258174,0,0.0018372411
Crucero,4130,2024-03-19,2.53,2.0159452,0,0.003422421
Crucero,4130,2024-03-20,5.57,5.434962,0,0.0012521078
Crucero,4130,2024-03-21,-0.33,-0.22329144,1,0.95301795
Crucero,4130,2024-03-22,2.19,2.3240817,0,0.003026481
Crucero,4130,2024-03-23,0.89,0.8106158,0,0.011651972
Crucero,4130,2024-03-24,0.05,0.1543419,0,0.31715053
Crucero,4130,2024-03-25,1.43,1.4876083,0,0.007046815
Crucero,4130,2024-03-26,0.88,0.977323,0,0.022288196
Crucero,4130,2024-03-27,-0.34,-0.27223638,1,0.96306765
Crucero,4130,2024-03-28,5.03,4.9677095,0,0.0026420625
Crucero,4130,2024-03-29,4.51,4.4650035,0,0.003098704
Crucero,4130,2024-03-30,5.81,5.6198688,0,0.0010332287
Crucero,4130,2024-03-31,6.54,6.2130284,0,0.0056840065
Crucero,4130,2024-04-01,-1.07,-0.75647277,1,0.7074542
Crucero,4130,2024-04-02,-3.05,-2.5263216,1,0.9890148
Crucero,4130,2024-04-03,0.16,0.17177922,0,0.28812107
Crucero,4130,2024-04-04,1.79,1.6853173,0,0.014692212
Crucero,4130,2024-04-05,-1.85,-1.7307767,1,0.9911247
Crucero,4130,2024-04-06,-1.16,-1.1251376,1,0.98702335
Crucero,4130,2024-04-07,-0.73,-0.5627928,1,0.9805345
Crucero,4130,2024-04-08,0.1,0.20930447,0,0.22581057
Crucero,4130,2024-04-09,2.64,2.616149,0,0.004768379
Crucero,4130,2024-04-10,0.45,0.60202575,0,0.020558884
Crucero,4130,2024-04-11,-3.8,-2.485535,1,0.9796378
Crucero,4130,2024-04-12,2.04,1.9390035,0,0.00544353
Crucero,4130,2024-04-13,-1.92,-1.9387163,1,0.9913641
Crucero,4130,2024-04-14,0.84,0.67845696,0,0.019360716
Crucero,4130,2024-04-15,0.3,0.23486269,0,0.081026234
Crucero,4130,2024-04-16,-2.45,-2.1642811,1,0.9929119
Crucero,4130,2024-04-17,-2.35,-2.2930624,1,0.99217355
Crucero,4130,2024-04-18,3.27,3.0058832,0,0.006259379
Crucero,4130,2024-04-19,0.82,0.55386436,0,0.01706786
Crucero,4130,2024-04-20,1.67,1.5725362,0,0.0073742643
Crucero,4130,2024-04-21,-0.23,-0.25680616,1,0.925373
Crucero,4130,2024-04-22,0.27,-0.049945816,0,0.122867666
Crucero,4130,2024-04-23,3.05,2.8800964,0,0.004217236
Crucero,4130,2024-04-24,0.84,0.61679333,0,0.015376845
Crucero,4130,2024-04-25,3.59,3.468246,0,0.0040244884
Crucero,4130,2024-04-26,3.5,3.1052892,0,0.003903698
Crucero,4130,2024-04-27,-2.08,-2.0339968,1,0.99067897
Crucero,4130,2024-04-28,1.01,1.0979382,0,0.037883043
Crucero,4130,2024-04-29,-1.87,-1.9763408,1,0.99227726
Crucero,4130,2024-04-30,3.69,3.3709285,0,0.0050443565
Crucero,4130,2024-05-01,2.51,2.3096213,0,0.005675683
Crucero,4130,2024-05-02,3.7,3.203668,0,0.004357435
Crucero,4130,2024-05-03,1.53,1.3848159,0,0.007610438
Crucero,4130,2024-05-04,-1.91,-1.973541,1,0.9908047
Crucero,4130,2024-05-05,2.73,2.5807211,0,0.0045656413
Crucero,4130,2024-05-06,-1.53,-1.5601275,1,0.9859729
Crucero,4130,2024-05-07,0.9,0.57060933,0,0.017838284
Crucero,4130,2024-05-08,-0.27,-0.40519932,1,0.96504307
Crucero,4130,2024-05-09,4.17,3.7346208,0,0.004794259
Crucero,4130,2024-05-10,7.55,6.8675356,0,0.002002747
Crucero,4130,2024-05-11,2.04,2.1194212,0,0.0069301827
Crucero,4130,2024-05-12,1.57,1.4636265,0,0.0061571957
Crucero,4130,2024-05-13,-2.99,-3.1150074,1,0.9938788
Crucero,4130,2024-05-14,1.8,1.6533407,0,0.010094812
Crucero,4130,2024-05-15,0.73,0.308808,0,0.13261877
Crucero,4130,2024-05-16,0.4,0.32011405,0,0.072523214
Crucero,4130,2024-05-17,-0.79,-0.8307517,1,0.98742306
Crucero,4130,2024-05-18,-3.32,-3.3838646,1,0.99629825
Crucero,4130,2024-05-19,-1.94,-2.17586,1,0.99162924
Crucero,4130,2024-05-20,-0.9,-1.0457269,1,0.98889565
Crucero,4130,2024-05-21,-2.53,-2.5816329,1,0.99099267
Crucero,4130,2024-05-22,-0.18,-0.28436118,1,0.95966804
Crucero,4130,2024-05-23,-0.98,-1.220632,1,0.984073
Crucero,4130,2024-05-24,-1.43,-1.5265594,1,0.99061185
Crucero,4130,2024-05-25,2.7,2.5600653,0,0.005480886
Crucero,4130,2024-05-26,-2.41,-2.6508884,1,0.99464583
Crucero,4130,2024-05-27,-0.32,-0.34750828,1,0.946721
Crucero,4130,2024-05-28,-6.03,-6.4088526,1,0.99534816
Crucero,4130,2024-05-29,2.19,1.8655208,0,0.012431182
Crucero,4130,2024-05-30,1.52,1.2130233,0,0.032181475
Crucero,4130,2024-05-31,-1.72,-1.7402103,1,0.9932285
Crucero,4130,2024-06-01,-5.01,-5.155332,1,0.9978435
Crucero,4130,2024-06-02,-0.98,-0.9228547,1,0.9567812
Crucero,4130,2024-06-03,-0.93,-1.1250323,1,0.9898699
Crucero,4130,2024-06-04,-2.74,-2.683295,1,0.9968014
Crucero,4130,2024-06-05,-3.59,-3.7483265,1,0.99773127
Crucero,4130,2024-06-06,-1.48,-1.7716455,1,0.99189854
Crucero,4130,2024-06-07,2.15,1.8748124,0,0.015181625
Crucero,4130,2024-06-08,-1.82,-1.844551,1,0.99134153
Crucero,4130,2024-06-09,-2.88,-3.0314908,1,0.99222684
Crucero,4130,2024-06-10,1.04,0.60009164,0,0.013364714
Crucero,4130,2024-06-11,-3.38,-3.2229483,1,0.9962436
Crucero,4130,2024-06-12,-0.13,-0.47905874,1,0.9386965
Crucero,4130,2024-06-13,2.05,1.7603656,0,0.009672746
Crucero,4130,2024-06-14,-1.59,-1.9111298,1,0.9885283
Crucero,4130,2024-06-15,-7.99,-8.057754,1,0.99928504
Crucero,4130,2024-06-16,-4.1,-4.139476,1,0.9973109
Crucero,4130,2024-06-17,-0.76,-1.0234003,1,0.9550914
Crucero,4130,2024-06-18,-6.37,-6.1926417,1,0.99921715
Crucero,4130,2024-06-19,-5.22,-5.277099,1,0.9990275
Crucero,4130,2024-06-20,0.71,0.26384255,0,0.04368331
Crucero,4130,2024-06-21,1.7,1.0637023,0,0.013849105
Crucero,4130,2024-06-22,-4.81,-4.746395,1,0.9983637
Crucero,4130,2024-06-23,-4.37,-4.316258,1,0.9947508
Crucero,4130,2024-06-24,-1.75,-1.850501,1,0.9939634
Crucero,4130,2024-06-25,-3.3,-3.2783484,1,0.9978775
Crucero,4130,2024-06-26,-2.33,-2.4238122,1,0.9900095
Crucero,4130,2024-06-27,-2.35,-2.2690637,1,0.9963924
Crucero,4130,2024-06-28,-4.91,-4.9614253,1,0.998522
Crucero,4130,2024-06-29,1.42,1.1428671,0,0.017192187
Crucero,4130,2024-06-30,3.11,2.592143,0,0.005478846
Crucero,4130,2024-07-01,-1.91,-2.0896022,1,0.9937611
Crucero,4130,2024-07-02,-4.34,-4.5122337,1,0.997035
Crucero,4130,2024-07-03,-2.8,-4.741584,1,0.9557483
Crucero,4130,2024-07-04,-0.19,-0.25200573,1,0.96002287
Crucero,4130,2024-07-05,-0.77,-0.99191755,1,0.9897245
Crucero,4130,2024-07-06,-3.28,-3.270036,1,0.9946531
Crucero,4130,2024-07-07,0.66,0.41957057,0,0.027578829
Crucero,4130,2024-07-08,-3.05,-3.0958452,1,0.996594
Crucero,4130,2024-07-09,-3.73,-3.7913628,1,0.99820435
Crucero,4130,2024-07-10,-3.83,-3.9907234,1,0.9955504
Crucero,4130,2024-07-11,-1.62,-1.5230724,1,0.98855466
Crucero,4130,2024-07-12,-2.73,-2.5829484,1,0.99377656
Crucero,4130,2024-07-13,2.29,1.8986062,0,0.009558226
Crucero,4130,2024-07-14,0.12,0.03191783,0,0.41230416
Crucero,4130,2024-07-15,-3.38,-3.5099716,1,0.99450386
Crucero,4130,2024-07-16,-2.23,-2.0380583,1,0.9866398
Crucero,4130,2024-07-17,0.1,-0.07316694,0,0.22275393
Crucero,4130,2024-07-18,-1.78,-2.0949323,1,0.97595096
Crucero,4130,2024-07-19,-1.44,-1.6296463,1,0.987832
Crucero,4130,2024-07-20,-3.53,-3.4233522,1,0.9951957
Crucero,4130,2024-07-21,1.99,1.79875,0,0.018163942
Crucero,4130,2024-07-22,-3.07,-2.9468563,1,0.99583036
Crucero,4130,2024-07-23,-4.93,-4.9942465,1,0.99863666
Crucero,4130,2024-07-24,-3.25,-3.3046494,1,0.9966581
Crucero,4130,2024-07-25,0.59,0.61525846,0,0.032442775
Crucero,4130,2024-07-26,-2.33,-2.4834285,1,0.994165
Crucero,4130,2024-07-27,-0.36,-0.39718762,1,0.9800276
Crucero,4130,2024-07-28,-0.75,-0.83209825,1,0.9733935
Crucero,4130,2024-07-29,0.61,0.72909164,0,0.017981503
Crucero,4130,2024-07-30,0.71,0.48299012,0,0.015433273
Crucero,4130,2024-07-31,2.22,1.8562422,0,0.008857664
Crucero,4130,2024-08-01,-1.6,-1.6216848,1,0.98943824
Crucero,4130,2024-08-02,-1.93,-2.1317363,1,0.9901017
Crucero,4130,2024-08-03,-0.84,-0.85961795,1,0.98099774
Crucero,4130,2024-08-04,1.51,1.2751007,0,0.010698703
Crucero,4130,2024-08-05,0.92,0.7917784,0,0.01908043
Crucero,4130,2024-08-06,-1.55,-1.4730941,1,0.98414755
Crucero,4130,2024-08-07,0.28,0.43334436,0,0.030216957
Crucero,4130,2024-08-08,1.93,1.6557274,0,0.08419621
Crucero,4130,2024-08-09,-1.35,-1.4037681,1,0.9894031
Crucero,4130,2024-08-10,-1.82,-1.7679852,1,0.9885167
Crucero,4130,2024-08-11,0.03,-0.27200285,0,0.5884284
Crucero,4130,2024-08-12,2.3,2.0350354,0,0.006657626
Crucero,4130,2024-08-13,-1.52,-1.4006441,1,0.98833084
Crucero,4130,2024-08-14,0.35,0.30775607,0,0.045224793
Crucero,4130,2024-08-15,0.42,0.29241455,0,0.02140876
Crucero,4130,2024-08-16,-1.48,-1.5024008,1,0.98769414
Crucero,4130,2024-08-17,0.0,-0.15130778,0,0.33210662
Crucero,4130,2024-08-18,0.98,0.96142,0,0.010196024
Crucero,4130,2024-08-19,1.23,1.1629782,0,0.01947282
Crucero,4130,2024-08-20,0.93,0.83965176,0,0.094990954
Crucero,4130,2024-08-21,2.56,2.632008,0,0.003922501
Crucero,4130,2024-08-22,3.33,3.3468668,0,0.0047136066
Crucero,4130,2024-08-23,-1.82,-1.8897678,1,0.98913646
Crucero,4130,2024-08-24,-4.53,-4.0941772,1,0.99785066
Crucero,4130,2024-08-25,4.65,4.4557004,0,0.002614843
Crucero,4130,2024-08-26,3.86,3.7036324,0,0.0039393627
Crucero,4130,2024-08-27,3.07,2.8862088,0,0.003495962
Crucero,4130,2024-08-28,-0.74,-0.7608462,1,0.8541274
Crucero,4130,2024-08-29,1.95,1.7449899,0,0.004116465
Crucero,4130,2024-08-30,4.27,4.187571,0,0.0025311944
Crucero,4130,2024-08-31,-1.23,-1.1577021,1,0.9835186
Crucero,4130,2024-09-01,1.24,1.0560313,0,0.030638997
Crucero,4130,2024-09-02,7.44,6.6237445,0,0.0006023257
Crucero,4130,2024-09-03,4.46,4.346821,0,0.0017796863
Crucero,4130,2024-09-04,-1.08,-0.9298902,1,0.949824
Crucero,4130,2024-09-05,2.9,2.8323228,0,0.0023544221
Crucero,4130,2024-09-06,7.44,7.141139,0,0.0013001745
Crucero,4130,2024-09-07,3.41,3.4371045,0,0.0019782712
Crucero,4130,2024-09-08,2.74,2.591248,0,0.0023683682
Crucero,4130,2024-09-09,8.71,8.455528,0,0.00047255162
Crucero,4130,2024-09-10,5.47,4.772094,0,0.002959878
Crucero,4130,2024-09-11,2.53,2.6502028,0,0.0021110293
Crucero,4130,2024-09-12,1.27,1.273008,0,0.0066533294
Crucero,4130,2024-09-13,1.14,1.4003196,0,0.006940222
Crucero,4130,2024-09-14,0.84,0.9422476,0,0.037528023
Crucero,4130,2024-09-15,6.26,6.0215654,0,0.000951774
Crucero,4130,2024-09-16,5.83,5.529066,0,0.0011763995
Crucero,4130,2024-09-17,4.41,4.3176317,0,0.0013083664
Crucero,4130,2024-09-18,2.99,2.9347093,0,0.0023264505
Crucero,4130,2024-09-19,8.87,8.544139,0,0.00030339454
Crucero,4130,2024-09-20,3.62,3.6043475,0,0.0010050571
Crucero,4130,2024-09-21,6.46,6.336355,0,0.0007017473
Crucero,4130,2024-09-22,7.24,7.238893,0,0.0005420641
Crucero,4130,2024-09-23,8.61,8.61534,0,0.00054815103
Crucero,4130,2024-09-24,2.33,2.4420428,0,0.0006138582
Crucero,4130,2024-09-25,1.87,1.90503,0,0.0029176914
Crucero,4130,2024-09-26,4.13,4.1466856,0,0.001510771
Crucero,4130,2024-09-27,7.93,8.037755,0,0.0010141771
Crucero,4130,2024-09-28,7.04,6.8786798,0,0.00069701474
Crucero,4130,2024-09-29,6.06,5.947886,0,0.000514869
Crucero,4130,2024-09-30,7.78,7.335933,0,0.00020468638
Crucero,4130,2024-10-01,11.43,10.776116,0,0.00010332091
Crucero,4130,2024-10-02,3.5,3.6293387,0,0.0005122237
Crucero,4130,2024-10-03,7.79,7.8798423,0,0.00027868993
Crucero,4130,2024-10-04,4.07,4.1069846,0,0.00068674947
Crucero,4130,2024-10-05,7.89,7.837895,0,0.00034705503
Crucero,4130,2024-10-06,8.16,8.076954,0,0.000381495
Crucero,4130,2024-10-07,3.07,3.2028844,0,0.0009538547
Crucero,4130,2024-10-08,7.12,6.990957,0,0.0002425342
Crucero,4130,2024-10-09,7.35,7.3330126,0,0.0003699095
Crucero,4130,2024-10-10,7.52,7.601033,0,0.0005170785
Crucero,4130,2024-10-11,8.97,8.745362,0,0.00017214706
Crucero,4130,2024-10-12,8.95,8.651774,0,0.00011487574
Crucero,4130,2024-10-13,8.55,8.431063,0,8.8972345e-05
Crucero,4130,2024-10-14,5.86,5.791195,0,0.00020667868
Crucero,4130,2024-10-15,6.32,6.324775,0,0.000347664
Crucero,4130,2024-10-16,5.78,5.6661553,0,0.00050339295
Crucero,4130,2024-10-17,7.86,7.6750464,0,0.00028021418
Crucero,4130,2024-10-18,4.41,4.322181,0,0.0007682615
Crucero,4130,2024-10-19,9.8,9.519447,0,0.00032416717
Crucero,4130,2024-10-20,6.91,7.2142196,0,0.00028063607
Crucero,4130,2024-10-21,5.2,5.259836,0,0.00046084396
Crucero,4130,2024-10-22,5.84,5.8299317,0,0.00032744848
Crucero,4130,2024-10-23,7.05,7.2207985,0,0.00039506642
Crucero,4130,2024-10-24,7.43,7.330464,0,0.0003806146
Crucero,4130,2024-10-25,7.59,7.4810944,0,0.0003409734
Crucero,4130,2024-10-26,7.34,7.203584,0,0.00066543143
Crucero,4130,2024-10-27,9.72,9.477758,0,0.00016473446
Crucero,4130,2024-10-28,8.84,8.475962,0,8.358854e-05
Crucero,4130,2024-10-29,3.24,3.3362167,0,0.00027506583
Crucero,4130,2024-10-30,5.27,5.5007215,0,0.00038138955
Crucero,4130,2024-10-31,7.64,7.6642323,0,0.00033512482
Crucero,4130,2024-11-01,15.86,15.21864,0,0.00052916695
Crucero,4130,2024-11-02,7.93,7.804741,0,0.00013354525
Crucero,4130,2024-11-03,10.72,10.427343,0,0.00028714605
Crucero,4130,2024-11-04,7.31,7.1013284,0,0.000113261805
Crucero,4130,2024-11-05,6.03,5.791119,0,0.00021324164
Crucero,4130,2024-11-06,10.01,9.786848,0,0.00011881346
Crucero,4130,2024-11-07,10.29,9.812875,0,8.171226e-05
Crucero,4130,2024-11-08,12.48,12.019686,0,9.880031e-05
Crucero,4130,2024-11-09,9.15,8.978292,0,0.000116061245
Crucero,4130,2024-11-10,10.33,10.170865,0,8.4512736e-05
Crucero,4130,2024-11-11,7.63,7.4176736,0,0.00011742234
Crucero,4130,2024-11-12,6.94,6.82272,0,0.00020237552
Crucero,4130,2024-11-13,13.79,13.457337,0,0.00018243617
Crucero,4130,2024-11-14,7.36,7.393403,0,0.00017352197
Crucero,4130,2024-11-15,7.86,7.8333545,0,0.00020369579
Crucero,4130,2024-11-16,9.69,9.718075,0,0.00010378392
Crucero,4130,2024-11-17,10.48,10.1629305,0,8.318713e-05
Crucero,4130,2024-11-18,10.94,10.716088,0,8.482674e-05
Crucero,4130,2024-11-19,10.99,11.0983515,0,0.000109700995
Crucero,4130,2024-11-20,12.31,12.052297,0,9.8716024e-05
Crucero,4130,2024-11-21,8.1,8.001825,0,0.000106001455
Crucero,4130,2024-11-22,11.63,11.433444,0,0.00014512286
Crucero,4130,2024-11-23,10.32,10.282964,0,7.44949e-05
Crucero,4130,2024-11-24,7.76,7.7482653,0,9.426897e-05
Crucero,4130,2024-11-25,10.25,10.149648,0,8.222e-05
Crucero,4130,2024-11-26,5.54,5.6572475,0,0.00014248728
Crucero,4130,2024-11-27,6.45,6.517979,0,0.0002578844
Crucero,4130,2024-11-28,5.58,5.910154,0,0.00030667434
Crucero,4130,2024-11-29,3.68,3.7887337,0,0.0009891593
Crucero,4130,2024-11-30,12.44,12.240181,0,0.00047390652
Crucero,4130,2024-12-01,9.04,8.922704,0,0.0002198083
Crucero,4130,2024-12-02,13.31,13.172333,0,8.0919395e-05
Crucero,4130,2024-12-03,12.58,12.547261,0,9.170486e-05
Crucero,4130,2024-12-04,11.35,11.152789,0,5.9232487e-05
Crucero,4130,2024-12-05,12.92,12.663285,0,0.0002233397
Crucero,4130,2024-12-06,7.76,7.620138,0,0.000116987816
Crucero,4130,2024-12-07,12.08,12.57583,0,0.0002897042
Crucero,4130,2024-12-08,11.47,11.327053,0,7.9171106e-05
Crucero,4130,2024-12-09,11.06,10.93384,0,0.00012392225
Crucero,4130,2024-12-10,5.77,5.8577094,0,0.00014688745
Crucero,4130,2024-12-11,6.06,6.266665,0,0.00022289444
Crucero,4130,2024-12-12,11.28,11.384217,0,0.0002464635
Crucero,4130,2024-12-13,9.47,9.782223,0,0.0013975971
Crucero,4130,2024-12-14,10.1,10.01127,0,0.00012785046
Crucero,4130,2024-12-15,8.79,8.680426,0,0.00010055307
Crucero,4130,2024-12-16,13.09,12.9299135,0,5.9246326e-05
Crucero,4130,2024-12-17,9.34,9.206718,0,7.981278e-05
Crucero,4130,2024-12-18,11.91,11.746222,0,0.0001274303
Crucero,4130,2024-12-19,6.31,6.3442264,0,0.00012302297
Crucero,4130,2024-12-20,6.29,6.379766,0,0.0002140683
Crucero,4130,2024-12-21,12.79,12.15476,0,7.628805e-05
Crucero,4130,2024-12-22,9.02,8.89988,0,0.00022110119
Crucero,4130,2024-12-23,7.62,7.6691756,0,0.00014040552
Crucero,4130,2024-12-24,11.16,11.045556,0,0.00013124976
Crucero Alto,4470,2024-01-01,3.72,3.7545555,0,0.0005686388
Crucero Alto,4470,2024-01-02,3.33,3.3311417,0,0.0016945242
Crucero Alto,4470,2024-01-03,3.34,3.5123987,0,0.0014154183
Crucero Alto,4470,2024-01-04,8.62,8.658217,0,0.0008741748
Crucero Alto,4470,2024-01-05,5.04,5.0060883,0,0.0011758982
Crucero Alto,4470,2024-01-06,12.02,11.574875,0,0.00032899427
Crucero Alto,4470,2024-01-07,6.0,5.963023,0,0.00039906186
Crucero Alto,4470,2024-01-08,0.01,0.42299318,0,0.13953124
Crucero Alto,4470,2024-01-09,6.79,6.687932,0,0.0008352948
Crucero Alto,4470,2024-01-10,6.55,6.401802,0,0.0007508486
Crucero Alto,4470,2024-01-11,5.61,5.5790052,0,0.0009891443
Crucero Alto,4470,2024-01-12,0.88,0.78541994,0,0.0048186006
Crucero Alto,4470,2024-01-13,2.51,2.643413,0,0.0023331405
Crucero Alto,4470,2024-01-14,4.51,4.231996,0,0.0025793312
Crucero Alto,4470,2024-01-15,4.03,4.331229,0,0.0021206238
Crucero Alto,4470,2024-01-16,8.61,8.567146,0,0.00059000344
Crucero Alto,4470,2024-01-17,6.1,6.0563464,0,0.00068199314
Crucero Alto,4470,2024-01-18,3.75,3.8231761,0,0.0011553884
Crucero Alto,4470,2024-01-19,4.43,4.254464,0,0.0008961052
Crucero Alto,4470,2024-01-20,3.13,3.1314437,0,0.0019665998
Crucero Alto,4470,2024-01-21,3.54,3.317393,0,0.0017567588
Crucero Alto,4470,2024-01-22,1.31,1.3307779,0,0.014037745
Crucero Alto,4470,2024-01-23,2.73,2.914235,0,0.0023830656
Crucero Alto,4470,2024-01-24,5.31,5.1595006,0,0.0019067763
Crucero Alto,4470,2024-01-25,8.81,8.599742,0,0.0007839735
Crucero Alto,4470,2024-01-26,4.05,3.9423642,0,0.0011497894
Crucero Alto,4470,2024-01-27,6.87,6.638274,0,0.00073364377
Crucero Alto,4470,2024-01-28,5.42,5.1904473,0,0.0012041831
Crucero Alto,4470,2024-01-29,0.41,0.42458785,0,0.009456207
Crucero Alto,4470,2024-01-30,0.17,0.38845903,0,0.112737745
Crucero Alto,4470,2024-01-31,2.02,2.0851805,0,0.010409365
Crucero Alto,4470,2024-02-01,1.49,1.3823744,0,0.007978388
Crucero Alto,4470,2024-02-02,2.84,2.7866514,0,0.0037774155
Crucero Alto,4470,2024-02-03,4.04,3.8544123,0,0.0025466925
Crucero Alto,4470,2024-02-04,5.73,5.499876,0,0.0015736275
Crucero Alto,4470,2024-02-05,5.37,5.338468,0,0.0013997982
Crucero Alto,4470,2024-02-06,-0.14,-0.02714861,1,0.7113887
Crucero Alto,4470,2024-02-07,-0.48,-0.107677855,1,0.9406761
Crucero Alto,4470,2024-02-08,2.42,2.46443,0,0.0032425527
Crucero Alto,4470,2024-02-09,5.04,4.839594,0,0.0027230694
Crucero Alto,4470,2024-02-10,2.48,2.7061777,0,0.0037934391
Crucero Alto,4470,2024-02-11,3.23,3.2571988,0,0.0019836542
Crucero Alto,4470,2024-02-12,2.7,2.7223911,0,0.0025297164
Crucero Alto,4470,2024-02-13,4.66,4.8377423,0,0.0015311912
Crucero Alto,4470,2024-02-14,2.53,2.303919,0,0.003183048
Crucero Alto,4470,2024-02-15,3.79,3.8558643,0,0.0019817292
Crucero Alto,4470,2024-02-16,-2.84,-2.4305122,1,0.9911294
Crucero Alto,4470,2024-02-17,2.52,2.6175094,0,0.0030541734
Crucero Alto,4470,2024-02-18,0.99,0.7805358,0,0.008669509
Crucero Alto,4470,2024-02-19,4.06,3.9415026,0,0.0030197275
Crucero Alto,4470,2024-02-20,1.51,1.4186395,0,0.0076090842
Crucero Alto,4470,2024-02-21,-1.06,-0.840877,1,0.9832186
Crucero Alto,4470,2024-02-22,0.77,0.8232512,0,0.0130283665
Crucero Alto,4470,2024-02-23,3.01,2.7546713,0,0.0043162634
Crucero Alto,4470,2024-02-24,-1.46,-1.3535652,1,0.9898969
Crucero Alto,4470,2024-02-25,3.93,3.808714,0,0.0028856008
Crucero Alto,4470,2024-02-26,0.42,0.28247496,0,0.03567226
Crucero Alto,4470,2024-02-27,3.32,3.2282834,0,0.004490556
Crucero Alto,4470,2024-02-28,2.48,2.5464795,0,0.0046425313
Crucero Alto,4470,2024-02-29,4.56,4.4255652,0,0.0033844425
Crucero Alto,4470,2024-03-01,0.92,0.8580044,0,0.012563955
Crucero Alto,4470,2024-03-02,-0.06,-0.20458359,1,0.8856834
Crucero Alto,4470,2024-03-03,3.35,3.3757906,0,0.00415401
Crucero Alto,4470,2024-03-04,2.17,2.3557005,0,0.0056690583
Crucero Alto,4470,2024-03-05,3.29,3.125032,0,0.0033804064
Crucero Alto,4470,2024-03-06,-0.99,-1.1131444,1,0.98165864
Crucero Alto,4470,2024-03-07,1.17,0.99025464,0,0.017013127
Crucero Alto,4470,2024-03-08,5.3,5.029238,0,0.0027847372
Crucero Alto,4470,2024-03-09,-0.45,-0.5279996,1,0.9537135
Crucero Alto,4470,2024-03-10,-6.71,-6.1155515,1,0.9968959
Crucero Alto,4470,2024-03-11,-1.25,-1.3676105,1,0.9902284
Crucero Alto,4470,2024-03-12,0.24,0.1261081,0,0.08353411
Crucero Alto,4470,2024-03-13,-0.81,-0.9575216,1,0.9900006
Crucero Alto,4470,2024-03-14,-1.26,-1.2273198,1,0.9906837
Crucero Alto,4470,2024-03-15,-1.51,-1.683262,1,0.9894561
Crucero Alto,4470,2024-03-16,-1.27,-1.31392,1,0.98745
Crucero Alto,4470,2024-03-17,2.1,1.9301277,0,0.016130207
Crucero Alto,4470,2024-03-18,-1.72,-1.7037029,1,0.99148625
Crucero Alto,4470,2024-03-19,3.48,3.3471148,0,0.005024043
Crucero Alto,4470,2024-03-20,3.42,3.1799612,0,0.011638664
Crucero Alto,4470,2024-03-21,-3.02,-2.7849698,1,0.9918942
Crucero Alto,4470,2024-03-22,0.95,0.71200347,0,0.011414593
Crucero Alto,4470,2024-03-23,-0.38,-0.71964324,1,0.9734943
Crucero Alto,4470,2024-03-24,-0.74,-0.7635353,1,0.9866324
Crucero Alto,4470,2024-03-25,0.95,0.9470695,0,0.015249453
Crucero Alto,4470,2024-03-26,0.18,0.094764255,0,0.12773378
Crucero Alto,4470,2024-03-27,2.77,2.600388,0,0.0064262333
Crucero Alto,4470,2024-03-28,2.52,2.571397,0,0.00627715
Crucero Alto,4470,2024-03-29,-5.18,-5.004623,1,0.99570674
Crucero Alto,4470,2024-03-30,2.6,2.3359458,0,0.0067990096
Crucero Alto,4470,2024-03-31,-5.17,-4.6540465,1,0.9956617
Crucero Alto,4470,2024-04-01,0.07,-0.53124183,0,0.48121062
Crucero Alto,4470,2024-04-02,1.94,1.5911235,0,0.04714247
Crucero Alto,4470,2024-04-03,-1.51,-1.5351446,1,0.9933915
Crucero Alto,4470,2024-04-04,-1.71,-1.7056996,1,0.9918182
Crucero Alto,4470,2024-04-05,-0.1,-0.026296077,1,0.7945173
Crucero Alto,4470,2024-04-06,-1.04,-1.1989869,1,0.9901738
Crucero Alto,4470,2024-04-07,2.22,1.9915216,0,0.008547276
Crucero Alto,4470,2024-04-08,-2.78,-2.8283641,1,0.9961325
Crucero Alto,4470,2024-04-09,-2.51,-2.431541,1,0.99473274
Crucero Alto,4470,2024-04-10,0.26,0.014322312,0,0.084086746
Crucero Alto,4470,2024-04-11,-0.36,-0.45109302,1,0.9815072
Crucero Alto,4470,2024-04-12,-2.09,-2.1069472,1,0.99379224
Crucero Alto,4470,2024-04-13,-2.62,-2.7262166,1,0.9950728
Crucero Alto,4470,2024-04-14,-7.28,-7.0785294,1,0.9992483
Crucero Alto,4470,2024-04-15,-4.68,-4.6522193,1,0.9990965
Crucero Alto,4470,2024-04-16,-2.17,-2.172014,1,0.99678975
Crucero Alto,4470,2024-04-17,-2.84,-3.1030192,1,0.9977825
Crucero Alto,4470,2024-04-18,-2.34,-2.4752514,1,0.9951698
Crucero Alto,4470,2024-04-19,-5.66,-5.6577272,1,0.99902296
Crucero Alto,4470,2024-04-20,-6.7,-6.501489,1,0.99918324
Crucero Alto,4470,2024-04-21,-2.84,-3.1012383,1,0.99604225
Crucero Alto,4470,2024-04-22,-1.08,-1.1699839,1,0.9955201
Crucero Alto,4470,2024-04-23,2.61,2.321501,0,0.014058722
Crucero Alto,4470,2024-04-24,-1.09,-1.1048096,1,0.988171
Crucero Alto,4470,2024-04-25,-3.59,-3.3100486,1,0.9919831
Crucero Alto,4470,2024-04-26,-0.76,-1.024293,1,0.9867225
Crucero Alto,4470,2024-04-27,-4.63,-4.5293536,1,0.9972772
Crucero Alto,4470,2024-04-28,-4.06,-4.240794,1,0.99640274
Crucero Alto,4470,2024-04-29,-1.95,-2.2838006,1,0.9964767
Crucero Alto,4470,2024-04-30,-5.31,-5.086849,1,0.99867225
Crucero Alto,4470,2024-05-01,-6.78,-6.8575745,1,0.99870443
Crucero Alto,4470,2024-05-02,-2.47,-2.8172941,1,0.9958359
Crucero Alto,4470,2024-05-03,-4.03,-4.2803707,1,0.9989191
Crucero Alto,4470,2024-05-04,-5.61,-5.642131,1,0.99795365
Crucero Alto,4470,2024-05-05,-5.56,-5.4813504,1,0.99877733
Crucero Alto,4470,2024-05-06,-5.54,-5.7009645,1,0.9994454
Crucero Alto,4470,2024-05-07,-5.26,-5.5591,1,0.9985852
Crucero Alto,4470,2024-05-08,-3.7,-3.7484293,1,0.997832
Crucero Alto,4470,2024-05-09,-3.28,-3.6897063,1,0.9982911
Crucero Alto,4470,2024-05-10,0.49,0.09557714,0,0.119618416
Crucero Alto,4470,2024-05-11,-4.91,-4.993192,1,0.9988242
Crucero Alto,4470,2024-05-12,-1.27,-1.7506744,1,0.9922661
Crucero Alto,4470,2024-05-13,-4.96,-5.181497,1,0.9965669
Crucero Alto,4470,2024-05-14,-6.72,-6.852098,1,0.99945027
Crucero Alto,4470,2024-05-15,-3.69,-4.2653003,1,0.9980129
Crucero Alto,4470,2024-05-16,-2.84,-3.200508,1,0.99793506
Crucero Alto,4470,2024-05-17,-4.03,-4.251992,1,0.9984469
Crucero Alto,4470,2024-05-18,-4.8,-4.798267,1,0.998279
Crucero Alto,4470,2024-05-19,-7.04,-6.895552,1,0.9994836
Crucero Alto,4470,2024-05-20,-8.0,-8.531992,1,0.997003
Crucero Alto,4470,2024-05-21,-7.23,-7.4131126,1,0.9986833
Crucero Alto,4470,2024-05-22,-11.74,-11.374565,1,0.9997199
Crucero Alto,4470,2024-05-23,-5.94,-6.2321205,1,0.998998
Crucero Alto,4470,2024-05-24,-7.56,-7.5578604,1,0.9997204
Crucero Alto,4470,2024-05-25,-5.72,-8.434395,1,0.9928229
Crucero Alto,4470,2024-05-26,-8.32,-8.358226,1,0.9996798
Crucero Alto,4470,2024-05-27,-3.97,-4.1416693,1,0.99764854
Crucero Alto,4470,2024-05-28,-2.95,-3.343464,1,0.9978169
Crucero Alto,4470,2024-05-29,-6.37,-6.31233,1,0.99935526
Crucero Alto,4470,2024-05-30,-2.35,-2.3928156,1,0.99608433
Crucero Alto,4470,2024-05-31,-4.5,-4.3542295,1,0.9978575
Crucero Alto,4470,2024-06-01,-6.99,-7.3397045,1,0.9992537
Crucero Alto,4470,2024-06-02,-4.45,-4.819301,1,0.9983767
Crucero Alto,4470,2024-06-03,-7.01,-7.0360126,1,0.999567
Crucero Alto,4470,2024-06-04,-6.8,-6.858157,1,0.9996388
Crucero Alto,4470,2024-06-05,-3.17,-3.6500251,1,0.9971003
Crucero Alto,4470,2024-06-06,-6.45,-6.558799,1,0.9994966
Crucero Alto,4470,2024-06-07,-6.01,-6.0240793,1,0.99934846
Crucero Alto,4470,2024-06-08,-2.66,-3.2426755,1,0.9983558
Crucero Alto,4470,2024-06-09,-4.23,-4.655024,1,0.99833894
Crucero Alto,4470,2024-06-10,-9.17,-9.286498,1,0.9996674
Crucero Alto,4470,2024-06-11,-6.96,-7.01761,1,0.9994543
Crucero Alto,4470,2024-06-12,-10.28,-9.928511,1,0.99972373
Crucero Alto,4470,2024-06-13,-6.94,-7.474068,1,0.99916804
Crucero Alto,4470,2024-06-14,-8.57,-8.424572,1,0.99898714
Crucero Alto,4470,2024-06-15,-7.33,-9.565303,1,0.9985672
Crucero Alto,4470,2024-06-16,-5.2,-5.6779184,1,0.99947304
Crucero Alto,4470,2024-06-17,-5.18,-5.6754236,1,0.9992914
Crucero Alto,4470,2024-06-18,-6.87,-6.880379,1,0.9994325
Crucero Alto,4470,2024-06-19,-9.27,-9.479466,1,0.9996685
Crucero Alto,4470,2024-06-20,-5.67,-5.9138737,1,0.9987386
Crucero Alto,4470,2024-06-21,1.73,1.1222919,0,0.03347887
Crucero Alto,4470,2024-06-22,-8.36,-8.249097,1,0.9996018
Crucero Alto,4470,2024-06-23,-7.3,-7.6982875,1,0.9993882
Crucero Alto,4470,2024-06-24,-4.73,-4.7964234,1,0.9970783
Crucero Alto,4470,2024-06-25,-6.39,-6.597649,1,0.998524
Crucero Alto,4470,2024-06-26,-7.05,-8.118648,1,0.99452823
Crucero Alto,4470,2024-06-27,-7.76,-7.9556217,1,0.99969923
Crucero Alto,4470,2024-06-28,-5.75,-6.4193645,1,0.9992342
Crucero Alto,4470,2024-06-29,-4.58,-5.0147877,1,0.9989378
Crucero Alto,4470,2024-06-30,-6.59,-6.8644705,1,0.99955827
Crucero Alto,4470,2024-07-01,-2.51,-3.1226938,1,0.99802566
Crucero Alto,4470,2024-07-02,-6.68,-6.879069,1,0.9994636
Crucero Alto,4470,2024-07-03,-10.38,-10.874811,1,0.99956113
Crucero Alto,4470,2024-07-04,-4.86,-5.268346,1,0.9985121
Crucero Alto,4470,2024-07-05,-7.48,-7.430709,1,0.9996954
Crucero Alto,4470,2024-07-06,-4.16,-4.638804,1,0.99891293
Crucero Alto,4470,2024-07-07,-5.19,-5.569413,1,0.998279
Crucero Alto,4470,2024-07-08,-7.05,-7.1197424,1,0.9996075
Crucero Alto,4470,2024-07-09,-9.09,-8.696201,1,0.99967706
Crucero Alto,4470,2024-07-10,-4.9,-5.300769,1,0.99922824
Crucero Alto,4470,2024-07-11,0.32,-0.03805078,0,0.15193059
Crucero Alto,4470,2024-07-12,-1.2,-1.4747721,1,0.9946262
Crucero Alto,4470,2024-07-13,-5.88,-6.050949,1,0.99864596
Crucero Alto,4470,2024-07-14,-6.42,-6.5058923,1,0.9992706
Crucero Alto,4470,2024-07-15,-3.02,-3.689917,1,0.9974406
Crucero Alto,4470,2024-07-16,-3.38,-3.7860456,1,0.9979499
Crucero Alto,4470,2024-07-17,-6.05,-5.9660163,1,0.99924266
Crucero Alto,4470,2024-07-18,-5.7,-5.773332,1,0.9992506
Crucero Alto,4470,2024-07-19,-5.05,-5.109156,1,0.99913126
Crucero Alto,4470,2024-07-20,-6.87,-6.728341,1,0.9995111
Crucero Alto,4470,2024-07-21,-9.45,-9.671326,1,0.9994154
Crucero Alto,4470,2024-07-22,-1.49,-1.7679347,1,0.99638784
Crucero Alto,4470,2024-07-23,-7.48,-7.463966,1,0.9995858
Crucero Alto,4470,2024-07-24,-4.9,-5.3653007,1,0.9984969
Crucero Alto,4470,2024-07-25,0.3,-0.13667805,0,0.08012088
Crucero Alto,4470,2024-07-26,-11.18,-8.284924,1,0.9980914
Crucero Alto,4470,2024-07-27,-7.15,-6.943555,1,0.9918572
Crucero Alto,4470,2024-07-28,-4.75,-5.015957,1,0.99898297
Crucero Alto,4470,2024-07-29,-6.89,-8.350378,1,0.99582136
Crucero Alto,4470,2024-07-30,-8.88,-8.847839,1,0.9997727
Crucero Alto,4470,2024-07-31,-4.21,-4.714973,1,0.9984444
Crucero Alto,4470,2024-08-01,-2.38,-2.56122,1,0.99789304
Crucero Alto,4470,2024-08-02,-7.9,-7.474319,1,0.9995895
Crucero Alto,4470,2024-08-03,2.46,1.8862182,0,0.011397763
Crucero Alto,4470,2024-08-04,-2.78,-3.0760574,1,0.99096197
Crucero Alto,4470,2024-08-05,-8.05,-7.1109867,1,0.9991605
Crucero Alto,4470,2024-08-06,-5.61,-5.893245,1,0.99837613
Crucero Alto,4470,2024-08-07,-1.3,-1.4086471,1,0.9431802
Crucero Alto,4470,2024-08-08,-3.35,-3.569592,1,0.9984326
Crucero Alto,4470,2024-08-09,-3.22,-3.620397,1,0.9965353
Crucero Alto,4470,2024-08-10,-1.08,-1.2796557,1,0.9905172
Crucero Alto,4470,2024-08-11,-4.85,-4.55976,1,0.99853516
Crucero Alto,4470,2024-08-12,-2.02,-2.1087155,1,0.994547
Crucero Alto,4470,2024-08-13,-1.8,-2.520638,1,0.98819286
Crucero Alto,4470,2024-08-14,-5.56,-5.680659,1,0.99835914
Crucero Alto,4470,2024-08-15,-3.9,-4.230424,1,0.99032754
Crucero Alto,4470,2024-08-16,-4.38,-4.7240953,1,0.99875057
Crucero Alto,4470,2024-08-17,-2.7,-2.8181007,1,0.99668
Crucero Alto,4470,2024-08-18,-3.62,-3.5138576,1,0.9946406
Crucero Alto,4470,2024-08-19,-0.64,-0.7671979,1,0.9906639
Crucero Alto,4470,2024-08-20,-6.23,-5.982704,1,0.99690634
Crucero Alto,4470,2024-08-21,-3.61,-3.8164945,1,0.99501824
Crucero Alto,4470,2024-08-22,0.08,-0.22914249,0,0.6676938
Crucero Alto,4470,2024-08-23,-0.03,-0.039081108,1,0.62695706
Crucero Alto,4470,2024-08-24,0.45,0.3617279,0,0.21174495
Crucero Alto,4470,2024-08-25,-1.92,-1.8907374,1,0.98376507
Crucero Alto,4470,2024-08-26,-0.3,-0.4960086,1,0.95359206
Crucero Alto,4470,2024-08-27,-0.14,-0.1527884,1,0.80776215
Crucero Alto,4470,2024-08-28,-3.16,-3.160413,1,0.9835329
Crucero Alto,4470,2024-08-29,-4.2,-3.9750187,1,0.99552506
Crucero Alto,4470,2024-08-30,-1.99,-2.048484,1,0.9946589
Crucero Alto,4470,2024-08-31,-2.48,-2.7695534,1,0.9923138
Crucero Alto,4470,2024-09-01,-0.28,-0.47194305,1,0.92767304
Crucero Alto,4470,2024-09-02,-4.37,-4.3363895,1,0.99813926
Crucero Alto,4470,2024-09-03,-0.65,-0.81980807,1,0.95706046
Crucero Alto,4470,2024-09-04,-5.09,-4.6861167,1,0.9986897
Crucero Alto,4470,2024-09-05,-0.9,-2.0412822,1,0.9589669
Crucero Alto,4470,2024-09-06,3.67,3.2309377,0,0.0061490745
Crucero Alto,4470,2024-09-07,-1.43,-1.349634,1,0.9898953
Crucero Alto,4470,2024-09-08,2.58,2.378228,0,0.005075253
Crucero Alto,4470,2024-09-09,1.42,1.0215943,0,0.019513344
Crucero Alto,4470,2024-09-10,-1.14,-1.0943303,1,0.9323548
Crucero Alto,4470,2024-09-11,-1.72,-1.8296791,1,0.98440534
Crucero Alto,4470,2024-09-12,3.82,3.484895,0,0.0032541782
Crucero Alto,4470,2024-09-13,2.58,2.3828986,0,0.005548404
Crucero Alto,4470,2024-09-14,-0.07,-0.27078655,1,0.8321763
Crucero Alto,4470,2024-09-15,-2.3,-2.1145525,1,0.99013066
Crucero Alto,4470,2024-09-16,1.45,1.5946509,0,0.006656169
Crucero Alto,4470,2024-09-17,1.33,1.2001806,0,0.008501128
Crucero Alto,4470,2024-09-18,1.68,1.3464726,0,0.01725752
Crucero Alto,4470,2024-09-19,0.94,1.0400126,0,0.032515943
Crucero Alto,4470,2024-09-20,3.32,2.937308,0,0.0027517616
Crucero Alto,4470,2024-09-21,-0.0,-0.100114696,1,0.3875162
Crucero Alto,4470,2024-09-22,-4.27,-4.025915,1,0.9969893
Crucero Alto,4470,2024-09-23,-1.34,-1.199614,1,0.9796944
Crucero Alto,4470,2024-09-24,5.26,4.665988,0,0.0027009821
Crucero Alto,4470,2024-09-25,-2.09,-1.7246777,1,0.9889348
Crucero Alto,4470,2024-09-26,1.08,1.1844873,0,0.013530284
Crucero Alto,4470,2024-09-27,-4.7,-4.899427,1,0.9908636
Crucero Alto,4470,2024-09-28,0.41,0.19843262,0,0.07517763
Crucero Alto,4470,2024-09-29,2.21,2.1435263,0,0.0068537733
Crucero Alto,4470,2024-09-30,0.85,0.6845586,0,0.09960886
Crucero Alto,4470,2024-10-01,1.73,1.6269265,0,0.019264799
Crucero Alto,4470,2024-10-02,3.81,3.4998734,0,0.0029099998
Crucero Alto,4470,2024-10-03,-2.37,-2.2889545,1,0.9932649
Crucero Alto,4470,2024-10-04,5.65,5.40571,0,0.001436891
Crucero Alto,4470,2024-10-05,-0.73,-0.24427797,1,0.88403994
Crucero Alto,4470,2024-10-06,4.54,4.1528525,0,0.0017931183
Crucero Alto,4470,2024-10-07,0.85,0.76033914,0,0.028920548
Crucero Alto,4470,2024-10-08,0.22,0.42311358,0,0.05856553
Crucero Alto,4470,2024-10-09,4.82,4.5942607,0,0.0017281224
Crucero Alto,4470,2024-10-10,3.62,3.5758207,0,0.0028043385
Crucero Alto,4470,2024-10-11,-0.01,0.034446858,1,0.313217
Crucero Alto,4470,2024-10-12,3.71,3.8131688,0,0.002211803
Crucero Alto,4470,2024-10-13,6.74,6.634605,0,0.001332883
Crucero Alto,4470,2024-10-14,3.24,3.412418,0,0.0015707316
Crucero Alto,4470,2024-10-15,0.05,0.1484619,0,0.124739654
Crucero Alto,4470,2024-10-16,4.08,3.5720437,0,0.010400847
Crucero Alto,4470,2024-10-17,3.42,3.2675452,0,0.002041281
Crucero Alto,4470,2024-10-18,0.23,0.13585702,0,0.040954616
Crucero Alto,4470,2024-10-19,3.9,3.8801758,0,0.0023949358
Crucero Alto,4470,2024-10-20,1.84,1.9011685,0,0.0039560534
Crucero Alto,4470,2024-10-21,3.3,2.959333,0,0.0021523824
Crucero Alto,4470,2024-10-22,2.27,2.2826302,0,0.010404488
Crucero Alto,4470,2024-10-23,2.62,2.5574667,0,0.002496805
Crucero Alto,4470,2024-10-24,5.63,5.471025,0,0.0014136793
Crucero Alto,4470,2024-10-25,1.22,1.3698343,0,0.011272481
Crucero Alto,4470,2024-10-26,5.97,5.8182836,0,0.001042737
Crucero Alto,4470,2024-10-27,4.07,3.7948058,0,0.0015401967
Crucero Alto,4470,2024-10-28,6.91,6.4942827,0,0.0009163892
Crucero Alto,4470,2024-10-29,2.65,2.7683883,0,0.0029087064
Crucero Alto,4470,2024-10-30,3.24,3.1805007,0,0.0026845413
Crucero Alto,4470,2024-10-31,1.67,1.7430874,0,0.010673804
Crucero Alto,4470,2024-11-01,3.95,3.9459596,0,0.002039534
Crucero Alto,4470,2024-11-02,4.44,4.2739882,0,0.0018029707
Crucero Alto,4470,2024-11-03,5.33,5.0738025,0,0.0014058221
Crucero Alto,4470,2024-11-04,8.0,7.6586256,0,0.00070111325
Crucero Alto,4470,2024-11-05,5.96,5.7626543,0,0.00065693073
Crucero Alto,4470,2024-11-06,5.8,5.86628,0,0.0003917493
Crucero Alto,4470,2024-11-07,1.69,1.8117229,0,0.0019377614
Crucero Alto,4470,2024-11-08,4.87,5.0796876,0,0.001079157
Crucero Alto,4470,2024-11-09,3.75,3.572396,0,0.0020468505
Crucero Alto,4470,2024-11-10,4.11,3.857936,0,0.0014508208
Crucero Alto,4470,2024-11-11,3.22,3.2345254,0,0.0015428088
Crucero Alto,4470,2024-11-12,5.66,5.438822,0,0.0010140602
Crucero Alto,4470,2024-11-13,2.31,2.1694393,0,0.0038538037
Crucero Alto,4470,2024-11-14,7.11,6.8738194,0,0.0010214701
Crucero Alto,4470,2024-11-15,2.32,2.4465897,0,0.0031168733
Crucero Alto,4470,2024-11-16,6.15,5.905727,0,0.0011127129
Crucero Alto,4470,2024-11-17,3.46,3.2885244,0,0.0012383702
Crucero Alto,4470,2024-11-18,7.37,7.025628,0,0.0008525008
Crucero Alto,4470,2024-11-19,5.14,4.853159,0,0.00075557624
Crucero Alto,4470,2024-11-20,0.89,1.2286018,0,0.0075883577
Crucero Alto,4470,2024-11-21,3.84,4.068199,0,0.001760354
Crucero Alto,4470,2024-11-22,1.33,1.1479055,0,0.016838226
Crucero Alto,4470,2024-11-23,6.37,6.2227454,0,0.0010254292
Crucero Alto,4470,2024-11-24,5.06,5.204436,0,0.0012782478
Crucero Alto,4470,2024-11-25,-0.93,-0.79389346,1,0.9077586
Crucero Alto,4470,2024-11-26,5.27,5.312036,0,0.0010422013
Crucero Alto,4470,2024-11-27,2.78,3.0037236,0,0.0020242156
Crucero Alto,4470,2024-11-28,3.21,3.2774558,0,0.0020853956
Crucero Alto,4470,2024-11-29,5.76,5.427326,0,0.0011907814
Crucero Alto,4470,2024-11-30,3.96,3.9826927,0,0.0014092615
Crucero Alto,4470,2024-12-01,9.05,8.72261,0,0.0010168885
Crucero Alto,4470,2024-12-02,4.61,4.5242968,0,0.0009985303
Crucero Alto,4470,2024-12-03,4.52,4.3570566,0,0.0009604211
Crucero Alto,4470,2024-12-04,10.05,9.689041,0,0.00029882215
Crucero Alto,4470,2024-12-05,5.12,5.0996137,0,0.00092648546
Crucero Alto,4470,2024-12-06,7.57,7.3489704,0,0.00048959267
Crucero Alto,4470,2024-12-07,7.08,7.052299,0,0.0002812677
Crucero Alto,4470,2024-12-08,6.73,6.691463,0,0.00036872178
Crucero Alto,4470,2024-12-09,4.93,4.779101,0,0.0008221336
Crucero Alto,4470,2024-12-10,5.62,5.514334,0,0.00067044125
Crucero Alto,4470,2024-12-11,6.15,5.8683677,0,0.00070557365
Crucero Alto,4470,2024-12-12,5.12,4.898453,0,0.000925769
Crucero Alto,4470,2024-12-13,2.97,2.8454936,0,0.0014621782
Crucero Alto,4470,2024-12-14,4.71,4.5767317,0,0.0012370875
Crucero Alto,4470,2024-12-15,3.88,3.665206,0,0.002366895
Crucero Alto,4470,2024-12-16,7.36,7.102343,0,0.00093219266
Crucero Alto,4470,2024-12-17,10.37,10.053053,0,0.00087112735
Crucero Alto,4470,2024-12-18,4.75,4.555459,0,0.00044604635
Crucero Alto,4470,2024-12-19,4.53,4.439887,0,0.0006167138
Crucero Alto,4470,2024-12-20,6.85,6.6153746,0,0.00040445258
Crucero Alto,4470,2024-12-21,6.0,5.68591,0,0.0008289578
Crucero Alto,4470,2024-12-22,11.39,10.51276,0,0.00014662382
Crucero Alto,4470,2024-12-23,-3.56,-2.7050576,1,0.96500725
Crucero Alto,4470,2024-12-24,6.15,6.2672095,0,0.001353138
Desaguadero,3808,2024-01-01,11.8,11.862999,0,0.0001586993
Desaguadero,3808,2024-01-02,9.91,10.23039,0,0.0001475004
Desaguadero,3808,2024-01-03,16.87,16.841152,0,0.000107221786
Desaguadero,3808,2024-01-04,13.83,13.792107,0,6.767332e-05
Desaguadero,3808,2024-01-05,13.52,13.644211,0,0.00011091029
Desaguadero,3808,2024-01-06,14.32,14.508233,0,0.0001097215
Desaguadero,3808,2024-01-07,16.43,16.53887,0,7.685027e-05
Desaguadero,3808,2024-01-08,11.06,11.366021,0,8.636415e-05
Desaguadero,3808,2024-01-09,15.13,15.189874,0,0.0001063615
Desaguadero,3808,2024-01-10,12.91,12.8225355,0,0.00011734914
Desaguadero,3808,2024-01-11,14.62,13.381835,0,0.00036731194
Desaguadero,3808,2024-01-12,11.52,11.675299,0,0.00013947759
Desaguadero,3808,2024-01-13,13.73,14.250023,0,0.00026085012
Desaguadero,3808,2024-01-14,16.14,16.09547,0,9.030398e-05
Desaguadero,3808,2024-01-15,12.54,12.654053,0,0.00022496353
Desaguadero,3808,2024-01-16,16.41,15.928327,0,2.802906e-05
Desaguadero,3808,2024-01-17,10.73,10.814236,0,9.55064e-05
Desaguadero,3808,2024-01-18,12.26,12.309943,0,0.00017576652
Desaguadero,3808,2024-01-19,13.98,15.359975,0,0.00018246
Desaguadero,3808,2024-01-20,12.82,12.734116,0,7.63545e-05
Desaguadero,3808,2024-01-21,9.41,9.615542,0,0.00011585404
Desaguadero,3808,2024-01-22,12.1,12.094754,0,0.00010841264
Desaguadero,3808,2024-01-23,14.38,14.182877,0,0.00011652456
Desaguadero,3808,2024-01-24,15.65,15.449395,0,0.00010266828
Desaguadero,3808,2024-01-25,14.38,14.50977,0,0.00010320245
Desaguadero,3808,2024-01-26,11.98,12.016354,0,7.353438e-05
Desaguadero,3808,2024-01-27,12.13,12.080276,0,9.562031e-05
Desaguadero,3808,2024-01-28,9.9,9.928925,0,0.00011275382
Desaguadero,3808,2024-01-29,13.31,13.209564,0,0.00010449913
Desaguadero,3808,2024-01-30,12.7,13.008953,0,0.00011193644
Desaguadero,3808,2024-01-31,9.51,9.589205,0,0.00012156008
Desaguadero,3808,2024-02-01,10.24,10.184669,0,0.00011360069
Desaguadero,3808,2024-02-02,9.61,9.633419,0,0.00012209889
Desaguadero,3808,2024-02-03,16.3,15.490346,0,0.0001562676
Desaguadero,3808,2024-02-04,13.1,13.037335,0,8.972938e-05
Desaguadero,3808,2024-02-05,15.68,13.212139,0,0.00049403403
Desaguadero,3808,2024-02-06,10.21,10.40708,0,0.000109174835
Desaguadero,3808,2024-02-07,5.55,5.7233753,0,0.0002821774
Desaguadero,3808,2024-02-08,8.43,8.549549,0,0.00019989221
Desaguadero,3808,2024-02-09,9.11,8.97231,0,0.00033320126
Desaguadero,3808,2024-02-10,9.57,9.594726,0,0.00019655393
Desaguadero,3808,2024-02-11,14.81,14.442518,0,0.00013038232
Desaguadero,3808,2024-02-12,11.82,11.53004,0,0.0001530944
Desaguadero,3808,2024-02-13,8.12,8.31865,0,0.00018209867
Desaguadero,3808,2024-02-14,9.81,9.766966,0,0.00013294542
Desaguadero,3808,2024-02-15,7.3,7.570223,0,0.0007583444
Desaguadero,3808,2024-02-16,10.64,10.304817,0,0.00021257883
Desaguadero,3808,2024-02-17,12.15,11.897278,0,6.2736755e-05
Desaguadero,3808,2024-02-18,12.19,11.947024,0,0.00010357423
Desaguadero,3808,2024-02-19,11.58,11.557419,0,7.922775e-05
Desaguadero,3808,2024-02-20,10.29,10.428551,0,0.0002146942
Desaguadero,3808,2024-02-21,12.21,11.890174,0,0.00011857804
Desaguadero,3808,2024-02-22,8.67,8.772373,0,0.00016639316
Desaguadero,3808,2024-02-23,14.44,14.084092,0,0.0001229682
Desaguadero,3808,2024-02-24,8.86,8.956454,0,0.00020183767
Desaguadero,3808,2024-02-25,9.52,9.134553,0,0.00015997278
Desaguadero,3808,2024-02-26,9.28,9.061307,0,0.00013139276
Desaguadero,3808,2024-02-27,9.95,9.447053,0,0.00012063468
Desaguadero,3808,2024-02-28,6.79,7.0135355,0,0.00024008712
Desaguadero,3808,2024-02-29,10.26,9.888005,0,0.00016179692
Desaguadero,3808,2024-03-01,12.24,11.978173,0,0.00018747806
Desaguadero,3808,2024-03-02,10.18,9.901369,0,0.00014569465
Desaguadero,3808,2024-03-03,7.79,7.9273653,0,0.00028887927
Desaguadero,3808,2024-03-04,14.06,13.993473,0,0.00018048966
Desaguadero,3808,2024-03-05,14.48,14.364136,0,0.00017119029
Desaguadero,3808,2024-03-06,9.45,9.040258,0,0.00013256035
Desaguadero,3808,2024-03-07,7.07,7.028271,0,0.0001457141
Desaguadero,3808,2024-03-08,9.12,8.9316225,0,0.00018944211
Desaguadero,3808,2024-03-09,7.14,7.2715316,0,0.0008812165
Desaguadero,3808,2024-03-10,6.98,6.704104,0,0.00042328835
Desaguadero,3808,2024-03-11,5.83,5.71593,0,0.00040777095
Desaguadero,3808,2024-03-12,8.17,7.8972363,0,0.00035169482
Desaguadero,3808,2024-03-13,6.49,6.299339,0,0.000603714
Desaguadero,3808,2024-03-14,10.15,10.046674,0,0.00054297753
Desaguadero,3808,2024-03-15,8.14,8.130935,0,0.00028263757
Desaguadero,3808,2024-03-16,2.14,2.3395102,0,0.00089435274
Desaguadero,3808,2024-03-17,10.7,10.637698,0,0.00036228946
Desaguadero,3808,2024-03-18,6.89,7.166887,0,0.0005155172
Desaguadero,3808,2024-03-19,5.95,5.8442707,0,0.0004794462
Desaguadero,3808,2024-03-20,7.41,7.099114,0,0.0003272219
Desaguadero,3808,2024-03-21,4.24,4.136673,0,0.0010648201
Desaguadero,3808,2024-03-22,4.94,4.689666,0,0.0012786156
Desaguadero,3808,2024-03-23,1.45,1.4527141,0,0.014203906
Desaguadero,3808,2024-03-24,6.2,5.981815,0,0.0017664336
Desaguadero,3808,2024-03-25,5.24,5.2178974,0,0.0012326145
Desaguadero,3808,2024-03-26,3.68,3.754702,0,0.0020774049
Desaguadero,3808,2024-03-27,0.61,0.50322,0,0.00994227
Desaguadero,3808,2024-03-28,2.29,2.2264793,0,0.004888766
Desaguadero,3808,2024-03-29,6.27,6.3504286,0,0.0010853052
Desaguadero,3808,2024-03-30,7.46,7.358291,0,0.0009082495
Desaguadero,3808,2024-03-31,2.37,2.4076586,0,0.0030100315
Desaguadero,3808,2024-04-01,8.23,7.9069376,0,0.00038103864
Desaguadero,3808,2024-04-02,3.4,3.5333045,0,0.0013401353
Desaguadero,3808,2024-04-03,4.71,4.6870627,0,0.00071169616
Desaguadero,3808,2024-04-04,9.23,8.820922,0,0.0014705075
Desaguadero,3808,2024-04-05,5.54,5.361156,0,0.0008471794
Desaguadero,3808,2024-04-06,8.8,8.635669,0,0.0005768415
Desaguadero,3808,2024-04-07,6.28,6.1979914,0,0.00031390483
Desaguadero,3808,2024-04-08,3.55,3.436948,0,0.0014533554
Desaguadero,3808,2024-04-09,5.07,4.905295,0,0.00061564316
Desaguadero,3808,2024-04-10,3.13,3.2008317,0,0.0014526367
Desaguadero,3808,2024-04-11,10.58,9.984792,0,0.00042755724
Desaguadero,3808,2024-04-12,2.15,2.1692376,0,0.002323283
Desaguadero,3808,2024-04-13,4.97,4.596429,0,0.0008570975
Desaguadero,3808,2024-04-14,2.82,2.7754407,0,0.0054611233
Desaguadero,3808,2024-04-15,3.92,4.375829,0,0.013432146
Desaguadero,3808,2024-04-16,3.85,3.424951,0,0.0031355242
Desaguadero,3808,2024-04-17,3.52,3.5411594,0,0.0024001251
Desaguadero,3808,2024-04-18,5.99,6.0361433,0,0.0009748005
Desaguadero,3808,2024-04-19,2.04,2.1142497,0,0.004706784
Desaguadero,3808,2024-04-20,-0.62,-0.25901234,1,0.915495
Desaguadero,3808,2024-04-21,3.91,3.6528487,0,0.0028597887
Desaguadero,3808,2024-04-22,3.26,3.236028,0,0.0040069236
Desaguadero,3808,2024-04-23,-0.77,-0.5499725,1,0.92853016
Desaguadero,3808,2024-04-24,5.44,5.130893,0,0.0023425126
Desaguadero,3808,2024-04-25,4.87,4.767805,0,0.0025536546
Desaguadero,3808,2024-04-26,1.56,1.4716871,0,0.0093592405
Desaguadero,3808,2024-04-27,2.8,2.5825698,0,0.0022929977
Desaguadero,3808,2024-04-28,4.28,4.3198204,0,0.0014581596
Desaguadero,3808,2024-04-29,-3.8,-3.3174298,1,0.99711704
Desaguadero,3808,2024-04-30,0.03,0.12629743,0,0.55155337
Desaguadero,3808,2024-05-01,3.61,3.2496505,0,0.094030306
Desaguadero,3808,2024-05-02,0.37,0.17694385,0,0.05802296
Desaguadero,3808,2024-05-03,-5.43,-5.3172035,1,0.9986299
Desaguadero,3808,2024-05-04,3.52,3.4400997,0,0.0044825696
Desaguadero,3808,2024-05-05,3.38,3.2369225,0,0.004402543
Desaguadero,3808,2024-05-06,2.28,2.314336,0,0.0050993613
Desaguadero,3808,2024-05-07,3.9,3.6461952,0,0.0029603844
Desaguadero,3808,2024-05-08,3.16,3.0384684,0,0.004262556
Desaguadero,3808,2024-05-09,-0.64,-0.4567886,1,0.96518254
Desaguadero,3808,2024-05-10,-0.09,-0.11444108,1,0.7734815
Desaguadero,3808,2024-05-11,3.55,3.3166716,0,0.004242792
Desaguadero,3808,2024-05-12,0.76,0.71513903,0,0.016792197
Desaguadero,3808,2024-05-13,-0.05,-0.13369049,1,0.5107555
Desaguadero,3808,2024-05-14,0.03,0.0012901213,0,0.25576684
Desaguadero,3808,2024-05-15,7.31,6.9338565,0,0.0022152343
Desaguadero,3808,2024-05-16,2.21,1.980134,0,0.0060579153
Desaguadero,3808,2024-05-17,2.97,2.7673361,0,0.0030310825
Desaguadero,3808,2024-05-18,2.39,2.2910352,0,0.0031858936
Desaguadero,3808,2024-05-19,2.68,2.7102647,0,0.004298402
Desaguadero,3808,2024-05-20,2.23,2.094216,0,0.0047577415
Desaguadero,3808,2024-05-21,3.27,2.9867868,0,0.0028262779
Desaguadero,3808,2024-05-22,3.59,3.273967,0,0.004238499
Desaguadero,3808,2024-05-23,0.85,0.8855517,0,0.009398764
Desaguadero,3808,2024-05-24,1.43,1.4883369,0,0.010150596
Desaguadero,3808,2024-05-25,5.4,5.1498647,0,0.0054124007
Desaguadero,3808,2024-05-26,0.59,0.5688039,0,0.03055545
Desaguadero,3808,2024-05-27,3.09,3.004685,0,0.0037504537
Desaguadero,3808,2024-05-28,1.09,1.012719,0,0.010343795
Desaguadero,3808,2024-05-29,5.99,5.562372,0,0.002224553
Desaguadero,3808,2024-05-30,7.85,7.20114,0,0.001108283
Desaguadero,3808,2024-05-31,6.24,5.927524,0,0.001130436
Desaguadero,3808,2024-06-01,-0.01,0.4139773,1,0.14992823
Desaguadero,3808,2024-06-02,0.6,0.6619801,0,0.028365724
Desaguadero,3808,2024-06-03,0.91,0.7508937,0,0.009978594
Desaguadero,3808,2024-06-04,-2.4,-2.2934062,1,0.9921761
Desaguadero,3808,2024-06-05,4.0,3.736805,0,0.0049523665
Desaguadero,3808,2024-06-06,-0.83,-0.76802903,1,0.9789386
Desaguadero,3808,2024-06-07,2.24,1.9763073,0,0.009381607
Desaguadero,3808,2024-06-08,-0.17,-0.17940135,1,0.66394264
Desaguadero,3808,2024-06-09,2.31,2.2532418,0,0.0065260134
Desaguadero,3808,2024-06-10,0.59,0.48253623,0,0.020517522
Desaguadero,3808,2024-06-11,2.71,2.6206453,0,0.0054714927
Desaguadero,3808,2024-06-12,-1.04,-0.9261499,1,0.98178816
Desaguadero,3808,2024-06-13,3.32,3.3405802,0,0.003205974
Desaguadero,3808,2024-06-14,4.81,4.688708,0,0.0019461282
Desaguadero,3808,2024-06-15,-3.59,-3.3870249,1,0.9924136
Desaguadero,3808,2024-06-16,-2.38,-2.153115,1,0.99094814
Desaguadero,3808,2024-06-17,-0.34,-0.4139535,1,0.96333706
Desaguadero,3808,2024-06-18,1.96,1.8641403,0,0.008629439
Desaguadero,3808,2024-06-19,-2.32,-2.2606034,1,0.99231756
Desaguadero,3808,2024-06-20,1.68,1.5510765,0,0.008663396
Desaguadero,3808,2024-06-21,2.86,2.7377434,0,0.0057479157
Desaguadero,3808,2024-06-22,-0.05,-0.11148648,1,0.819856
Desaguadero,3808,2024-06-23,0.92,0.86492866,0,0.01283009
Desaguadero,3808,2024-06-24,4.02,3.7299407,0,0.002504914
Desaguadero,3808,2024-06-25,0.24,0.1772026,0,0.08218732
Desaguadero,3808,2024-06-26,-3.47,-3.4886785,1,0.9971316
Desaguadero,3808,2024-06-27,2.68,2.7178214,0,0.0053300816
Desaguadero,3808,2024-06-28,1.16,0.9050799,0,0.0559593
Desaguadero,3808,2024-06-29,5.89,5.647172,0,0.0020921533
Desaguadero,3808,2024-06-30,2.09,1.8143716,0,0.0062501435
Desaguadero,3808,2024-07-01,2.65,2.6133049,0,0.0044647353
Desaguadero,3808,2024-07-02,2.08,1.9708934,0,0.008619642
Desaguadero,3808,2024-07-03,4.25,4.1535106,0,0.0020201441
Desaguadero,3808,2024-07-04,5.64,5.230456,0,0.0018143834
Desaguadero,3808,2024-07-05,1.01,0.95197976,0,0.0070098666
Desaguadero,3808,2024-07-06,-0.36,-0.4880408,1,0.9241631
Desaguadero,3808,2024-07-07,1.0,0.8764113,0,0.018152095
Desaguadero,3808,2024-07-08,6.27,6.050522,0,0.0015808444
Desaguadero,3808,2024-07-09,-0.54,-0.5953919,1,0.9694383
Desaguadero,3808,2024-07-10,0.93,1.0209601,0,0.012430914
Desaguadero,3808,2024-07-11,3.51,3.4181979,0,0.003868882
Desaguadero,3808,2024-07-12,3.64,3.484227,0,0.0030151042
Desaguadero,3808,2024-07-13,6.1,5.8752084,0,0.0014165038
Desaguadero,3808,2024-07-14,1.49,1.4083183,0,0.0063756993
Desaguadero,3808,2024-07-15,0.17,0.20410475,0,0.06418906
Desaguadero,3808,2024-07-16,-0.14,-0.027512847,1,0.7245252
Desaguadero,3808,2024-07-17,3.3,3.251189,0,0.003446556
Desaguadero,3808,2024-07-18,-4.37,-4.3642573,1,0.9976035
Desaguadero,3808,2024-07-19,1.0,0.796363,0,0.021122381
Desaguadero,3808,2024-07-20,-0.57,-0.51644117,1,0.9836263
Desaguadero,3808,2024-07-21,2.41,2.2041254,0,0.0058862283
Desaguadero,3808,2024-07-22,2.4,2.5580869,0,0.006957029
Desaguadero,3808,2024-07-23,3.51,3.3426652,0,0.0049992856
Desaguadero,3808,2024-07-24,2.87,2.8025465,0,0.0038640904
Desaguadero,3808,2024-07-25,6.93,6.4134245,0,0.0008316851
Desaguadero,3808,2024-07-26,0.14,0.018971467,0,0.22682497
Desaguadero,3808,2024-07-27,1.23,1.2123588,0,0.009985267
Desaguadero,3808,2024-07-28,0.34,0.22350235,0,0.06731116
Desaguadero,3808,2024-07-29,2.84,2.8332667,0,0.0033021506
Desaguadero,3808,2024-07-30,1.65,1.5023923,0,0.013750447
Desaguadero,3808,2024-07-31,0.92,0.8895703,0,0.011531628
Desaguadero,3808,2024-08-01,1.24,1.5615506,0,0.006935301
Desaguadero,3808,2024-08-02,4.26,4.1287217,0,0.0027119608
Desaguadero,3808,2024-08-03,3.79,3.5806596,0,0.0028283212
Desaguadero,3808,2024-08-04,4.4,4.2152624,0,0.0021045462
Desaguadero,3808,2024-08-05,6.94,6.8963127,0,0.0009838833
Desaguadero,3808,2024-08-06,0.89,1.048996,0,0.1285572
Desaguadero,3808,2024-08-07,0.58,0.57662314,0,0.036917277
Desaguadero,3808,2024-08-08,5.99,5.5790935,0,0.0014246717
Desaguadero,3808,2024-08-09,-0.73,-0.6156393,1,0.9718632
Desaguadero,3808,2024-08-10,3.23,3.259776,0,0.0027408702
Desaguadero,3808,2024-08-11,3.55,3.4974022,0,0.0026672245
Desaguadero,3808,2024-08-12,1.33,1.2965083,0,0.006452534
Desaguadero,3808,2024-08-13,8.38,7.835429,0,0.0030640636
Desaguadero,3808,2024-08-14,2.54,2.3043914,0,0.0030885949
Desaguadero,3808,2024-08-15,6.95,6.5157137,0,0.0008426704
Desaguadero,3808,2024-08-16,6.31,6.101065,0,0.00064648694
Desaguadero,3808,2024-08-17,2.5,2.5633063,0,0.0023644497
Desaguadero,3808,2024-08-18,7.79,7.5646596,0,0.00047580327
Desaguadero,3808,2024-08-19,6.37,6.219996,0,0.001101312
Desaguadero,3808,2024-08-20,9.82,9.330063,0,0.00036667657
Desaguadero,3808,2024-08-21,6.41,6.2700377,0,0.00039429398
Desaguadero,3808,2024-08-22,4.48,4.5634723,0,0.0005423984
Desaguadero,3808,2024-08-23,3.53,3.4293385,0,0.0012410969
Desaguadero,3808,2024-08-24,4.23,4.145627,0,0.0017688458
Desaguadero,3808,2024-08-25,2.76,2.8143184,0,0.0039614025
Desaguadero,3808,2024-08-26,5.54,5.5967083,0,0.0012107961
Desaguadero,3808,2024-08-27,-0.44,-0.27281678,1,0.9200409
Desaguadero,3808,2024-08-28,5.67,5.560715,0,0.0012575927
Desaguadero,3808,2024-08-29,5.51,5.488966,0,0.0013088849
Desaguadero,3808,2024-08-30,7.23,7.022403,0,0.00053209136
Desaguadero,3808,2024-08-31,1.85,2.2866602,0,0.0019423852
Desaguadero,3808,2024-09-01,4.65,4.7448072,0,0.0008782922
Desaguadero,3808,2024-09-02,6.6,6.5657253,0,0.00114245
Desaguadero,3808,2024-09-03,8.83,8.572321,0,0.00045702615
Desaguadero,3808,2024-09-04,7.78,7.525349,0,0.00029531843
Desaguadero,3808,2024-09-05,1.32,1.4306474,0,0.0016732144
Desaguadero,3808,2024-09-06,7.66,7.549216,0,0.0003728779
Desaguadero,3808,2024-09-07,8.14,7.957915,0,0.00046015935
Desaguadero,3808,2024-09-08,7.93,7.6217566,0,0.00043362714
Desaguadero,3808,2024-09-09,7.0,6.9265037,0,0.00025558742
Desaguadero,3808,2024-09-10,8.61,8.207765,0,0.00020628552
Desaguadero,3808,2024-09-11,5.85,5.7551546,0,0.00025747734
Desaguadero,3808,2024-09-12,8.98,8.730934,0,0.00013111078
Desaguadero,3808,2024-09-13,2.57,2.9068186,0,0.00050377595
Desaguadero,3808,2024-09-14,6.11,5.9383674,0,0.00063090574
Desaguadero,3808,2024-09-15,6.58,6.6172767,0,0.00049934676
Desaguadero,3808,2024-09-16,10.88,10.807174,0,0.0004120774
Desaguadero,3808,2024-09-17,5.57,5.509312,0,0.00041774442
Desaguadero,3808,2024-09-18,7.79,7.4878855,0,0.00033680297
Desaguadero,3808,2024-09-19,9.0,8.894155,0,0.00023328196
Desaguadero,3808,2024-09-20,8.11,8.023175,0,0.00016894263
Desaguadero,3808,2024-09-21,4.27,4.2322416,0,0.0005667169
Desaguadero,3808,2024-09-22,12.61,12.31015,0,0.0003502155
Desaguadero,3808,2024-09-23,9.89,9.879376,0,0.00013384817
Desaguadero,3808,2024-09-24,6.72,6.950489,0,0.0001915478
Desaguadero,3808,2024-09-25,8.15,8.2392235,0,0.00018253118
Desaguadero,3808,2024-09-26,5.73,5.632985,0,0.00022445383
Desaguadero,3808,2024-09-27,6.88,6.8702335,0,0.00024879925
Desaguadero,3808,2024-09-28,7.97,7.9953403,0,0.00028870825
Desaguadero,3808,2024-09-29,8.0,7.8809924,0,0.00037540655
Desaguadero,3808,2024-09-30,6.83,6.8178277,0,0.00034253518
Desaguadero,3808,2024-10-01,9.65,9.705496,0,0.00012565679
Desaguadero,3808,2024-10-02,10.79,10.640884,0,0.00021597864
Desaguadero,3808,2024-10-03,11.89,11.557767,0,8.868409e-05
Desaguadero,3808,2024-10-04,9.01,9.032185,0,9.5398536e-05
Desaguadero,3808,2024-10-05,12.72,12.619531,0,8.27867e-05
Desaguadero,3808,2024-10-06,10.23,10.239477,0,0.00011569892
Desaguadero,3808,2024-10-07,16.45,15.821558,0,3.656118e-05
Desaguadero,3808,2024-10-08,4.72,4.9549456,0,0.0001720637
Desaguadero,3808,2024-10-09,10.28,10.259929,0,0.00014843824
Desaguadero,3808,2024-10-10,8.11,8.193804,0,0.00018276594
Desaguadero,3808,2024-10-11,10.18,10.066466,0,0.000108967026
Desaguadero,3808,2024-10-12,13.35,13.435776,0,0.00012749375
Desaguadero,3808,2024-10-13,14.93,14.577133,0,0.00026894067
Desaguadero,3808,2024-10-14,13.82,13.9917345,0,7.354195e-05
Desaguadero,3808,2024-10-15,8.56,8.727429,0,7.129918e-05
Desaguadero,3808,2024-10-16,10.36,10.53434,0,0.000101177015
Desaguadero,3808,2024-10-17,8.43,8.564435,0,8.9465546e-05
Desaguadero,3808,2024-10-18,9.87,9.6930065,0,8.4045074e-05
Desaguadero,3808,2024-10-19,4.41,4.8271646,0,0.00022685251
Desaguadero,3808,2024-10-20,10.35,10.161309,0,9.376369e-05
Desaguadero,3808,2024-10-21,13.99,13.644857,0,0.00013182584
Desaguadero,3808,2024-10-22,14.61,14.2170725,0,0.00015024829
Desaguadero,3808,2024-10-23,9.46,9.433919,0,5.593504e-05
Desaguadero,3808,2024-10-24,7.53,7.7819285,0,0.0001107262
Desaguadero,3808,2024-10-25,13.4,13.442678,0,0.00017573033
Desaguadero,3808,2024-10-26,9.1,9.253368,0,8.426664e-05
Desaguadero,3808,2024-10-27,13.29,13.263466,0,4.8016158e-05
Desaguadero,3808,2024-10-28,9.92,10.01279,0,7.7604534e-05
Desaguadero,3808,2024-10-29,5.47,5.4465137,0,0.00016539505
Desaguadero,3808,2024-10-30,9.86,9.973607,0,0.00013615287
Desaguadero,3808,2024-10-31,8.5,8.710841,0,0.00012826418
Desaguadero,3808,2024-11-01,10.16,10.287643,0,0.00019906409
Desaguadero,3808,2024-11-02,12.53,12.289499,0,6.643451e-05
Desaguadero,3808,2024-11-03,14.52,14.458814,0,5.204529e-05
Desaguadero,3808,2024-11-04,9.22,9.36682,0,7.534521e-05
Desaguadero,3808,2024-11-05,12.29,12.451625,0,5.4740136e-05
Desaguadero,3808,2024-11-06,9.7,9.830573,0,8.7124245e-05
Desaguadero,3808,2024-11-07,15.02,14.991425,0,0.00011795103
Desaguadero,3808,2024-11-08,14.02,14.00933,0,5.5155037e-05
Desaguadero,3808,2024-11-09,12.52,12.620198,0,2.9860012e-05
Desaguadero,3808,2024-11-10,14.15,14.194014,0,7.9413214e-05
Desaguadero,3808,2024-11-11,15.99,15.760493,0,3.3068718e-05
Desaguadero,3808,2024-11-12,16.79,16.77409,0,3.6153342e-05
Desaguadero,3808,2024-11-13,11.27,11.345898,0,9.575316e-05
Desaguadero,3808,2024-11-14,11.26,11.371272,0,4.6002286e-05
Desaguadero,3808,2024-11-15,11.11,11.137531,0,3.5479465e-05
Desaguadero,3808,2024-11-16,13.82,13.724078,0,2.9477938e-05
Desaguadero,3808,2024-11-17,13.6,13.481037,0,8.1429505e-05
Desaguadero,3808,2024-11-18,13.55,13.518654,0,5.326811e-05
Desaguadero,3808,2024-11-19,11.0,11.175291,0,3.816846e-05
Desaguadero,3808,2024-11-20,11.67,11.823799,0,9.738861e-05
Desaguadero,3808,2024-11-21,12.27,12.318583,0,3.136193e-05
Desaguadero,3808,2024-11-22,9.14,9.23258,0,6.263173e-05
Desaguadero,3808,2024-11-23,7.51,7.754064,0,0.000100042824
Desaguadero,3808,2024-11-24,12.46,12.451219,0,0.00020011458
Desaguadero,3808,2024-11-25,10.83,10.760536,0,0.00010337994
Desaguadero,3808,2024-11-26,13.66,13.706735,0,8.5177955e-05
Desaguadero,3808,2024-11-27,13.61,13.483542,0,9.4111245e-05
Desaguadero,3808,2024-11-28,18.17,17.544888,0,7.895073e-05
Desaguadero,3808,2024-11-29,15.96,16.021183,0,5.5397988e-05
Desaguadero,3808,2024-11-30,8.34,8.614745,0,0.00011346796
Desaguadero,3808,2024-12-01,12.1,12.20321,0,4.3541775e-05
Desaguadero,3808,2024-12-02,14.23,14.389322,0,8.245367e-05
Desaguadero,3808,2024-12-03,16.57,16.259687,0,0.00013811981
Desaguadero,3808,2024-12-04,16.88,16.893322,0,9.6647665e-05
Desaguadero,3808,2024-12-05,14.43,14.480448,0,5.985504e-05
Desaguadero,3808,2024-12-06,17.38,17.167297,0,6.941876e-05
Desaguadero,3808,2024-12-07,7.05,7.4736943,0,0.000114205235
Desaguadero,3808,2024-12-08,18.1,17.794512,0,0.00011278168
Desaguadero,3808,2024-12-09,14.95,15.084027,0,0.00010831809
Desaguadero,3808,2024-12-10,10.89,10.991436,0,6.832956e-05
Desaguadero,3808,2024-12-11,16.32,14.7553625,0,0.00024512465
Desaguadero,3808,2024-12-12,16.77,16.777115,0,9.757108e-05
Desaguadero,3808,2024-12-13,9.62,9.835969,0,9.336059e-05
Desaguadero,3808,2024-12-14,9.26,9.484461,0,9.4323004e-05
Desaguadero,3808,2024-12-15,10.8,10.795934,0,0.0001068413
Desaguadero,3808,2024-12-16,9.99,10.075046,0,6.3765925e-05
Desaguadero,3808,2024-12-17,11.79,11.743889,0,0.00037254018
Desaguadero,3808,2024-12-18,10.78,10.762334,0,0.000110402325
Desaguadero,3808,2024-12-19,14.13,13.912039,0,0.0001224516
Desaguadero,3808,2024-12-20,12.26,12.192913,0,9.9569246e-05
Desaguadero,3808,2024-12-21,12.12,12.004329,0,9.3362374e-05
Desaguadero,3808,2024-12-22,13.31,13.421165,0,9.07085e-05
Desaguadero,3808,2024-12-23,10.75,10.903948,0,6.0935647e-05
Desaguadero,3808,2024-12-24,14.92,14.805447,0,6.76052e-05
Juli,3812,2024-01-01,6.35,6.4514112,0,0.00066506467
Juli,3812,2024-01-02,2.87,3.1514804,0,0.001228604
Juli,3812,2024-01-03,12.47,12.242059,0,0.00016281851
Juli,3812,2024-01-04,10.01,9.95173,0,0.0003681103
Juli,3812,2024-01-05,-0.15,0.37070945,1,0.36167493
Juli,3812,2024-01-06,6.14,6.373437,0,0.00080943113
Juli,3812,2024-01-07,2.96,3.2034543,0,0.0014350886
Juli,3812,2024-01-08,5.45,5.6225476,0,0.0012915406
Juli,3812,2024-01-09,7.26,7.318874,0,0.00035988944
Juli,3812,2024-01-10,6.46,6.479385,0,0.0006625503
Juli,3812,2024-01-11,2.35,2.5263104,0,0.0017014067
Juli,3812,2024-01-12,2.52,2.880923,0,0.0014773612
Juli,3812,2024-01-13,4.15,4.5422277,0,0.002618662
Juli,3812,2024-01-14,2.41,2.6292162,0,0.002415304
Juli,3812,2024-01-15,6.03,6.0949335,0,0.0007104628
Juli,3812,2024-01-16,4.51,4.7117295,0,0.0011050722
Juli,3812,2024-01-17,4.22,5.0994477,0,0.005752076
Juli,3812,2024-01-18,2.77,2.994055,0,0.0013638216
Juli,3812,2024-01-19,1.83,1.9126731,0,0.002371356
Juli,3812,2024-01-20,8.88,8.664325,0,0.0005389115
Juli,3812,2024-01-21,3.8,3.7929513,0,0.0023032506
Juli,3812,2024-01-22,2.11,2.3710246,0,0.0015902406
Juli,3812,2024-01-23,2.21,2.4152138,0,0.0018402062
Juli,3812,2024-01-24,4.56,4.508345,0,0.0019954664
Juli,3812,2024-01-25,1.24,1.8031422,0,0.01188376
Juli,3812,2024-01-26,4.4,4.473204,0,0.0015514408
Juli,3812,2024-01-27,-2.54,-2.1760836,1,0.9875541
Juli,3812,2024-01-28,7.97,7.561791,0,0.00091120705
Juli,3812,2024-01-29,4.69,4.938041,0,0.0013458316
Juli,3812,2024-01-30,6.49,6.559308,0,0.00065015996
Juli,3812,2024-01-31,3.23,3.510041,0,0.0009148948
Juli,3812,2024-02-01,2.42,2.5946894,0,0.0017091109
Juli,3812,2024-02-02,6.23,6.6097865,0,0.0010578699
Juli,3812,2024-02-03,3.69,3.7826567,0,0.001935706
Juli,3812,2024-02-04,5.32,5.3602543,0,0.0008755002
Juli,3812,2024-02-05,5.32,5.3058157,0,0.0006558113
Juli,3812,2024-02-06,2.09,2.160161,0,0.0015394401
Juli,3812,2024-02-07,3.97,4.234285,0,0.0005895119
Juli,3812,2024-02-08,5.74,5.7570844,0,0.0013531387
Juli,3812,2024-02-09,4.74,4.7381926,0,0.0011866038
Juli,3812,2024-02-10,4.67,4.73488,0,0.0011534041
Juli,3812,2024-02-11,1.25,1.6391351,0,0.0020813528
Juli,3812,2024-02-12,2.83,3.130348,0,0.004252846
Juli,3812,2024-02-13,3.03,3.3201373,0,0.0021756627
Juli,3812,2024-02-14,1.48,1.786185,0,0.0044001024
Juli,3812,2024-02-15,1.75,1.7248499,0,0.0100403465
Juli,3812,2024-02-16,5.2,5.4064617,0,0.0008672811
Juli,3812,2024-02-17,3.33,3.3947277,0,0.0026446886
Juli,3812,2024-02-18,-0.17,0.2626038,1,0.60476696
Juli,3812,2024-02-19,0.09,0.4848617,0,0.076147184
Juli,3812,2024-02-20,1.1,1.1487354,0,0.005248221
Juli,3812,2024-02-21,1.58,1.8412832,0,0.004654847
Juli,3812,2024-02-22,2.1,2.3976035,0,0.0054545854
Juli,3812,2024-02-23,3.26,3.3982885,0,0.0021160708
Juli,3812,2024-02-24,5.68,5.83941,0,0.0016100194
Juli,3812,2024-02-25,1.36,1.5693064,0,0.0033764679
Juli,3812,2024-02-26,1.99,2.0850358,0,0.0029219296
Juli,3812,2024-02-27,4.78,4.970341,0,0.00086905184
Juli,3812,2024-02-28,5.33,5.2376857,0,0.0009006016
Juli,3812,2024-02-29,-5.29,-4.3583755,1,0.98028654
Juli,3812,2024-03-01,2.78,3.0680766,0,0.002252531
Juli,3812,2024-03-02,0.37,0.51856494,0,0.024519084
Juli,3812,2024-03-03,1.88,1.7016845,0,0.013479026
Juli,3812,2024-03-04,-2.25,-2.084285,1,0.99048716
Juli,3812,2024-03-05,-0.27,-0.46763572,1,0.477615
Juli,3812,2024-03-06,0.98,1.1884056,0,0.012589044
Juli,3812,2024-03-07,3.97,4.093561,0,0.0046270755
Juli,3812,2024-03-08,-0.82,-0.66664344,1,0.98199666
Juli,3812,2024-03-09,-5.09,-4.4701967,1,0.99244785
Juli,3812,2024-03-10,1.92,1.9840143,0,0.006940324
Juli,3812,2024-03-11,0.34,0.53659153,0,0.029002167
Juli,3812,2024-03-12,0.99,0.9455365,0,0.018911008
Juli,3812,2024-03-13,1.08,1.1119366,0,0.010157018
Juli,3812,2024-03-14,0.44,0.6231679,0,0.018084545
Juli,3812,2024-03-15,-2.18,-2.2164218,1,0.98790145
Juli,3812,2024-03-16,3.26,3.1354828,0,0.005047579
Juli,3812,2024-03-17,-3.06,-2.7384436,1,0.9943666
Juli,3812,2024-03-18,-6.54,-6.331985,1,0.9989942
Juli,3812,2024-03-19,0.53,0.3953451,0,0.040134642
Juli,3812,2024-03-20,0.72,0.48145002,0,0.022772815
Juli,3812,2024-03-21,0.66,0.68779,0,0.05971754
Juli,3812,2024-03-22,3.32,3.4875553,0,0.004130726
Juli,3812,2024-03-23,-6.7,-5.638372,1,0.99708647
Juli,3812,2024-03-24,1.03,1.0127276,0,0.014737999
Juli,3812,2024-03-25,2.3,2.1090746,0,0.0060039856
Juli,3812,2024-03-26,-2.96,-2.5790126,1,0.9948698
Juli,3812,2024-03-27,-4.47,-4.3075156,1,0.9920643
Juli,3812,2024-03-28,-3.31,-3.2366996,1,0.994121
Juli,3812,2024-03-29,-2.67,-2.6081743,1,0.99448305
Juli,3812,2024-03-30,-3.44,-3.39028,1,0.994663
Juli,3812,2024-03-31,1.84,1.6083775,0,0.012421024
Juli,3812,2024-04-01,1.03,0.9226903,0,0.03177343
Juli,3812,2024-04-02,0.02,-0.014485716,0,0.49842143
Juli,3812,2024-04-03,0.55,0.04879049,0,0.39727667
Juli,3812,2024-04-04,-5.4,-4.9505982,1,0.9907188
Juli,3812,2024-04-05,-2.86,-2.7540784,1,0.99347794
Juli,3812,2024-04-06,-6.91,-6.5697465,1,0.99608445
Juli,3812,2024-04-07,-2.87,-2.7733417,1,0.994327
Juli,3812,2024-04-08,-2.92,-2.7711122,1,0.99566996
Juli,3812,2024-04-09,-4.86,-4.753363,1,0.9957974
Juli,3812,2024-04-10,-5.15,-5.1703134,1,0.9986527
Juli,3812,2024-04-11,-2.13,-1.9715048,1,0.99197817
Juli,3812,2024-04-12,-6.31,-5.350945,1,0.996496
Juli,3812,2024-04-13,-1.15,-1.2240922,1,0.9802025
Juli,3812,2024-04-14,-1.84,-1.5583106,1,0.9918017
Juli,3812,2024-04-15,-1.49,-1.5233333,1,0.99029773
Juli,3812,2024-04-16,-3.55,-3.3854983,1,0.99705315
Juli,3812,2024-04-17,-4.34,-4.371776,1,0.99790525
Juli,3812,2024-04-18,-5.38,-5.374603,1,0.99889463
Juli,3812,2024-04-19,-6.95,-6.8955383,1,0.9992487
Juli,3812,2024-04-20,-6.82,-6.6864653,1,0.99935764
Juli,3812,2024-04-21,-3.24,-3.230504,1,0.9984345
Juli,3812,2024-04-22,-5.08,-5.2548933,1,0.99884284
Juli,3812,2024-04-23,-1.02,-1.2917936,1,0.9928276
Juli,3812,2024-04-24,-5.07,-5.0186653,1,0.9970042
Juli,3812,2024-04-25,-0.48,-0.7148267,1,0.8715957
Juli,3812,2024-04-26,-6.49,-6.164287,1,0.9984164
Juli,3812,2024-04-27,-2.9,-2.9074013,1,0.99611086
Juli,3812,2024-04-28,-4.99,-5.062448,1,0.9986111
Juli,3812,2024-04-29,-3.33,-3.5125122,1,0.995921
Juli,3812,2024-04-30,-7.15,-6.715214,1,0.99917287
Juli,3812,2024-05-01,-4.44,-4.3464446,1,0.99621767
Juli,3812,2024-05-02,-2.83,-2.9347165,1,0.99361444
Juli,3812,2024-05-03,-0.61,-0.7139715,1,0.9900913
Juli,3812,2024-05-04,-3.41,-3.395992,1,0.9961159
Juli,3812,2024-05-05,-4.06,-4.315271,1,0.99667716
Juli,3812,2024-05-06,-4.2,-4.114031,1,0.9982809
Juli,3812,2024-05-07,-4.12,-4.257204,1,0.9986291
Juli,3812,2024-05-08,-6.81,-6.6929245,1,0.9992005
Juli,3812,2024-05-09,-4.25,-4.076872,1,0.99683243
Juli,3812,2024-05-10,-6.63,-6.450215,1,0.9992772
Juli,3812,2024-05-11,-3.82,-4.107026,1,0.99870133
Juli,3812,2024-05-12,-9.03,-8.8218775,1,0.9995641
Juli,3812,2024-05-13,-6.42,-5.8509717,1,0.9973585
Juli,3812,2024-05-14,-2.96,-2.972956,1,0.99672925
Juli,3812,2024-05-15,-6.08,-5.9801583,1,0.9992243
Juli,3812,2024-05-16,-10.88,-10.2934675,1,0.99962485
Juli,3812,2024-05-17,-7.13,-6.850366,1,0.9992524
Juli,3812,2024-05-18,-4.47,-4.5435133,1,0.99798524
Juli,3812,2024-05-19,-5.75,-5.777797,1,0.99818844
Juli,3812,2024-05-20,-4.59,-4.4878674,1,0.99850583
Juli,3812,2024-05-21,-0.76,-0.9662149,1,0.98681855
Juli,3812,2024-05-22,-8.48,-8.148705,1,0.9994987
Juli,3812,2024-05-23,-10.24,-9.903996,1,0.9994972
Juli,3812,2024-05-24,-4.69,-4.7165413,1,0.99611
Juli,3812,2024-05-25,-0.95,-1.4769348,1,0.9867443
Juli,3812,2024-05-26,-9.59,-10.191434,1,0.999081
Juli,3812,2024-05-27,-9.06,-9.115479,1,0.99959403
Juli,3812,2024-05-28,-9.55,-9.341246,1,0.9995421
Juli,3812,2024-05-29,-5.43,-5.547706,1,0.9990728
Juli,3812,2024-05-30,-1.7,-2.1312134,1,0.99544805
Juli,3812,2024-05-31,-6.53,-6.375028,1,0.99898666
Juli,3812,2024-06-01,-11.16,-11.224765,1,0.99951303
Juli,3812,2024-06-02,-6.51,-6.6069756,1,0.99934214
Juli,3812,2024-06-03,-4.21,-4.298498,1,0.9989141
Juli,3812,2024-06-04,-9.55,-9.321777,1,0.9996246
Juli,3812,2024-06-05,-4.15,-4.250066,1,0.99634236
Juli,3812,2024-06-06,-10.37,-10.029346,1,0.9996749
Juli,3812,2024-06-07,-6.71,-6.886526,1,0.99937963
Juli,3812,2024-06-08,-6.32,-6.432351,1,0.99932253
Juli,3812,2024-06-09,-9.89,-9.524563,1,0.9996643
Juli,3812,2024-06-10,-8.54,-8.537889,1,0.9996166
Juli,3812,2024-06-11,-4.88,-4.9417744,1,0.9976331
Juli,3812,2024-06-12,-4.1,-4.254597,1,0.9960731
Juli,3812,2024-06-13,-6.53,-6.2145886,1,0.99911803
Juli,3812,2024-06-14,-5.15,-5.130125,1,0.9971897
Juli,3812,2024-06-15,-5.64,-5.6604495,1,0.99879456
Juli,3812,2024-06-16,-4.96,-5.022878,1,0.9985977
Juli,3812,2024-06-17,-7.62,-7.2719064,1,0.9981306
Juli,3812,2024-06-18,-10.83,-9.150531,1,0.9973738
Juli,3812,2024-06-19,-6.37,-6.1349955,1,0.9984819
Juli,3812,2024-06-20,-11.64,-11.385463,1,0.9996481
Juli,3812,2024-06-21,-5.37,-5.526176,1,0.9992631
Juli,3812,2024-06-22,-8.71,-9.02882,1,0.9994597
Juli,3812,2024-06-23,-8.18,-8.47495,1,0.9995803
Juli,3812,2024-06-24,-6.08,-6.1874886,1,0.9951841
Juli,3812,2024-06-25,-5.95,-6.1317186,1,0.9992944
Juli,3812,2024-06-26,-0.48,-0.9022475,1,0.9846719
Juli,3812,2024-06-27,-7.12,-7.072594,1,0.99021274
Juli,3812,2024-06-28,-5.31,-5.186337,1,0.9989511
Juli,3812,2024-06-29,0.22,-0.33564907,0,0.29004058
Juli,3812,2024-06-30,-8.67,-8.486329,1,0.99951506
Juli,3812,2024-07-01,-5.1,-5.104254,1,0.9975267
Juli,3812,2024-07-02,-9.06,-8.911378,1,0.99960107
Juli,3812,2024-07-03,-6.38,-6.3032966,1,0.99859136
Juli,3812,2024-07-04,-12.24,-10.815246,1,0.9997795
Juli,3812,2024-07-05,-7.62,-7.6142535,1,0.9995702
Juli,3812,2024-07-06,-9.77,-9.767038,1,0.99959654
Juli,3812,2024-07-07,-5.05,-5.361059,1,0.9990308
Juli,3812,2024-07-08,-0.7,-1.0142045,1,0.9909067
Juli,3812,2024-07-09,-6.05,-5.9077363,1,0.99938214
Juli,3812,2024-07-10,-7.32,-7.3291907,1,0.99950624
Juli,3812,2024-07-11,-6.37,-6.4209156,1,0.99917763
Juli,3812,2024-07-12,-6.44,-6.169467,1,0.99921525
Juli,3812,2024-07-13,-7.87,-7.82664,1,0.99956554
Juli,3812,2024-07-14,-7.56,-7.5450068,1,0.99951863
Juli,3812,2024-07-15,-2.14,-2.355394,1,0.996974
Juli,3812,2024-07-16,-3.89,-3.973178,1,0.9978763
Juli,3812,2024-07-17,-0.2,-0.3278217,1,0.88778186
Juli,3812,2024-07-18,-0.41,-0.45979935,1,0.9773283
Juli,3812,2024-07-19,-5.6,-5.4174666,1,0.9982139
Juli,3812,2024-07-20,-6.13,-6.1028852,1,0.99856585
Juli,3812,2024-07-21,-2.13,-2.0630774,1,0.9944548
Juli,3812,2024-07-22,-5.72,-5.6809497,1,0.9987997
Juli,3812,2024-07-23,-7.96,-7.889154,1,0.99946517
Juli,3812,2024-07-24,-7.64,-7.600424,1,0.9993414
Juli,3812,2024-07-25,-4.06,-4.0283346,1,0.9987888
Juli,3812,2024-07-26,-5.79,-5.736742,1,0.9992111
Juli,3812,2024-07-27,-7.12,-6.772989,1,0.9992106
Juli,3812,2024-07-28,-2.57,-2.5762975,1,0.9926596
Juli,3812,2024-07-29,-2.15,-2.2587187,1,0.9944595
Juli,3812,2024-07-30,-6.44,-6.593193,1,0.9978917
Juli,3812,2024-07-31,-2.39,-2.5195715,1,0.996793
Juli,3812,2024-08-01,-5.34,-5.1705117,1,0.99707866
Juli,3812,2024-08-02,-2.84,-2.746047,1,0.99546
Juli,3812,2024-08-03,-6.04,-5.8148074,1,0.9989219
Juli,3812,2024-08-04,-3.46,-3.5757341,1,0.99698466
Juli,3812,2024-08-05,-4.46,-4.1833687,1,0.99848217
Juli,3812,2024-08-06,-4.1,-3.586629,1,0.9801462
Juli,3812,2024-08-07,-3.1,-3.2310898,1,0.9962606
Juli,3812,2024-08-08,-3.09,-2.807902,1,0.99465114
Juli,3812,2024-08-09,-1.11,-1.247448,1,0.9895403
Juli,3812,2024-08-10,-4.12,-4.2645717,1,0.9976421
Juli,3812,2024-08-11,0.04,-0.011780624,0,0.45456806
Juli,3812,2024-08-12,-2.69,-2.5971992,1,0.993211
Juli,3812,2024-08-13,-2.76,-2.627193,1,0.9928444
Juli,3812,2024-08-14,-0.91,-0.7601097,1,0.9806692
Juli,3812,2024-08-15,-3.18,-3.1250331,1,0.9966143
Juli,3812,2024-08-16,-4.28,-3.9747503,1,0.9955545
Juli,3812,2024-08-17,-0.43,-0.47591323,1,0.95175254
Juli,3812,2024-08-18,-2.68,-2.4138372,1,0.99280506
Juli,3812,2024-08-19,-4.32,-4.1324162,1,0.9973031
Juli,3812,2024-08-20,-3.5,-3.2435637,1,0.99708074
Juli,3812,2024-08-21,-1.52,-1.564102,1,0.9871269
Juli,3812,2024-08-22,-0.43,-0.28716683,1,0.960594
Juli,3812,2024-08-23,-0.1,-0.21529669,1,0.83884233
Juli,3812,2024-08-24,-1.15,-1.0794859,1,0.96093255
Juli,3812,2024-08-25,-1.21,-1.1742022,1,0.9851068
Juli,3812,2024-08-26,-0.13,-0.19859159,1,0.79548
Juli,3812,2024-08-27,-2.96,-2.7256749,1,0.9858106
Juli,3812,2024-08-28,-3.7,-3.5774162,1,0.99379045
Juli,3812,2024-08-29,-4.93,-4.9411187,1,0.99795026
Juli,3812,2024-08-30,2.76,2.3713107,0,0.012203062
Juli,3812,2024-08-31,-0.77,-1.0015572,1,0.98439294
Juli,3812,2024-09-01,-3.43,-3.0780087,1,0.99529266
Juli,3812,2024-09-02,-2.66,-2.430819,1,0.99164385
Juli,3812,2024-09-03,-3.22,-3.32899,1,0.9956189
Juli,3812,2024-09-04,1.07,0.9594702,0,0.012371596
Juli,3812,2024-09-05,-1.14,-1.0962247,1,0.9851517
Juli,3812,2024-09-06,-1.08,-0.9540978,1,0.98368025
Juli,3812,2024-09-07,-4.08,-3.430161,1,0.9911901
Juli,3812,2024-09-08,-0.01,-0.11833649,1,0.53712296
Juli,3812,2024-09-09,1.43,1.1459197,0,0.04323376
Juli,3812,2024-09-10,0.86,0.8911601,0,0.022696631
Juli,3812,2024-09-11,-5.43,-4.9887094,1,0.997143
Juli,3812,2024-09-12,5.25,4.9162154,0,0.0018530744
Juli,3812,2024-09-13,-1.48,-1.1917439,1,0.98260975
Juli,3812,2024-09-14,-2.23,-1.8859829,1,0.98989105
Juli,3812,2024-09-15,1.87,1.5247923,0,0.01107415
Juli,3812,2024-09-16,0.34,0.21290626,0,0.026589317
Juli,3812,2024-09-17,2.2,2.3279586,0,0.0042511765
Juli,3812,2024-09-18,-0.88,-0.65335983,1,0.9754793
Juli,3812,2024-09-19,2.37,2.3763838,0,0.004948089
Juli,3812,2024-09-20,1.33,1.2678728,0,0.011889657
Juli,3812,2024-09-21,-4.09,-3.6276,1,0.99178725
Juli,3812,2024-09-22,0.02,0.30976555,0,0.43941075
Juli,3812,2024-09-23,-1.14,-1.1184182,1,0.9662771
Juli,3812,2024-09-24,-0.84,-0.97038734,1,0.95603645
Juli,3812,2024-09-25,-0.23,-0.078572996,1,0.89371735
Juli,3812,2024-09-26,1.8,1.5861539,0,0.018124644
Juli,3812,2024-09-27,1.43,1.6122681,0,0.0063481852
Juli,3812,2024-09-28,3.5,3.3921301,0,0.002813398
Juli,3812,2024-09-29,5.84,5.6763296,0,0.0013468676
Juli,3812,2024-09-30,1.97,1.8702781,0,0.0056339796
Juli,3812,2024-10-01,2.3,2.2806711,0,0.0038435678
Juli,3812,2024-10-02,-2.16,-1.9994059,1,0.98252827
Juli,3812,2024-10-03,-3.58,-3.121762,1,0.99563736
Juli,3812,2024-10-04,3.5,3.0647624,0,0.002719662
Juli,3812,2024-10-05,4.37,4.1004553,0,0.003151622
Juli,3812,2024-10-06,-1.15,-0.8801025,1,0.96709764
Juli,3812,2024-10-07,1.15,1.1300504,0,0.05466713
Juli,3812,2024-10-08,4.97,4.5982795,0,0.0013754874
Juli,3812,2024-10-09,5.12,4.903289,0,0.0013344231
Juli,3812,2024-10-10,-1.63,-1.3156372,1,0.9710015
Juli,3812,2024-10-11,-1.25,-0.66286695,1,0.93408227
Juli,3812,2024-10-12,6.05,5.5359793,0,0.001143266
Juli,3812,2024-10-13,6.16,6.175911,0,0.0008550329
Juli,3812,2024-10-14,6.59,6.543242,0,0.0007689928
Juli,3812,2024-10-15,3.32,3.398971,0,0.00069401803
Juli,3812,2024-10-16,-0.77,-0.31776693,1,0.92841136
Juli,3812,2024-10-17,1.06,1.3662314,0,0.023505813
Juli,3812,2024-10-18,0.49,0.49280846,0,0.046656795
Juli,3812,2024-10-19,2.9,2.899289,0,0.0024381054
Juli,3812,2024-10-20,3.31,3.3237386,0,0.0021334814
Juli,3812,2024-10-21,3.14,3.150485,0,0.0028216734
Juli,3812,2024-10-22,5.53,5.4804296,0,0.00084315025
Juli,3812,2024-10-23,2.6,3.07815,0,0.032713402
Juli,3812,2024-10-24,2.64,2.7304373,0,0.001290745
Juli,3812,2024-10-25,3.64,3.8787372,0,0.0014525322
Juli,3812,2024-10-26,3.54,3.616927,0,0.0017967521
Juli,3812,2024-10-27,1.51,1.608871,0,0.008589898
Juli,3812,2024-10-28,-0.55,-0.15984029,1,0.9502929
Juli,3812,2024-10-29,3.09,3.4412222,0,0.0027288431
Juli,3812,2024-10-30,2.58,2.7726083,0,0.0036122634
Juli,3812,2024-10-31,-2.48,-2.1144838,1,0.98674077
Juli,3812,2024-11-01,6.78,6.5462475,0,0.0010147783
Juli,3812,2024-11-02,6.86,6.6400023,0,0.0008641169
Juli,3812,2024-11-03,7.09,7.006535,0,0.00029113487
Juli,3812,2024-11-04,2.52,3.4462676,0,0.015826775
Juli,3812,2024-11-05,3.3,3.42539,0,0.00095424516
Juli,3812,2024-11-06,1.06,1.4199691,0,0.015427167
Juli,3812,2024-11-07,2.76,2.8208709,0,0.002656371
Juli,3812,2024-11-08,4.27,4.24107,0,0.0012706473
Juli,3812,2024-11-09,7.02,6.823131,0,0.0007705223
Juli,3812,2024-11-10,3.8,3.7888904,0,0.0007492212
Juli,3812,2024-11-11,5.04,4.98517,0,0.00071774377
Juli,3812,2024-11-12,10.47,10.361367,0,0.00034319036
Juli,3812,2024-11-13,0.26,0.50062704,0,0.005568385
Juli,3812,2024-11-14,9.46,9.068629,0,0.0003109542
Juli,3812,2024-11-15,4.53,5.04628,0,0.0003281951
Juli,3812,2024-11-16,2.63,3.0465343,0,0.0007604511
Juli,3812,2024-11-17,7.35,7.355938,0,0.00039956396
Juli,3812,2024-11-18,3.28,3.3650439,0,0.0012501534
Juli,3812,2024-11-19,9.31,9.2014885,0,0.00042820803
Juli,3812,2024-11-20,6.65,6.7245755,0,0.00033966007
Juli,3812,2024-11-21,4.89,5.290005,0,0.0004499309
Juli,3812,2024-11-22,7.29,7.383106,0,0.00025265676
Juli,3812,2024-11-23,9.18,9.446394,0,0.00038758363
Juli,3812,2024-11-24,6.92,6.8512096,0,0.00020746331
Juli,3812,2024-11-25,4.14,4.2343082,0,0.00037649035
Juli,3812,2024-11-26,4.93,5.2315345,0,0.00048403104
Juli,3812,2024-11-27,8.16,8.090889,0,0.0001656452
Juli,3812,2024-11-28,4.6,4.6247144,0,0.0008381619
Juli,3812,2024-11-29,14.47,14.184626,0,0.00019412096
Juli,3812,2024-11-30,4.12,4.2907443,0,0.00051522837
Juli,3812,2024-12-01,9.3,9.2637005,0,0.0004648868
Juli,3812,2024-12-02,6.0,6.280412,0,0.00021871785
Juli,3812,2024-12-03,9.06,8.908971,0,0.00028713042
Juli,3812,2024-12-04,4.45,4.6654167,0,0.00021942404
Juli,3812,2024-12-05,1.69,2.160156,0,0.0007800154
Juli,3812,2024-12-06,6.04,6.119592,0,0.00040406684
Juli,3812,2024-12-07,8.28,8.338743,0,0.000281335
Juli,3812,2024-12-08,8.14,8.032093,0,0.00035423788
Juli,3812,2024-12-09,10.69,10.552433,0,0.00012749947
Juli,3812,2024-12-10,9.54,9.5788965,0,0.00010688858
Juli,3812,2024-12-11,5.51,5.6669583,0,0.00016700593
Juli,3812,2024-12-12,4.52,4.5921593,0,0.00040392875
Juli,3812,2024-12-13,7.65,7.664712,0,0.00028908838
Juli,3812,2024-12-14,2.49,2.6626127,0,0.0011231289
Juli,3812,2024-12-15,5.03,5.0173936,0,0.0005770397
Juli,3812,2024-12-16,6.09,5.9097624,0,0.00058140303
Juli,3812,2024-12-17,3.21,3.29661,0,0.00087258243
Juli,3812,2024-12-18,5.31,5.393977,0,0.00051672646
Juli,3812,2024-12-19,7.01,7.0955477,0,0.00056029117
Juli,3812,2024-12-20,7.0,6.974917,0,0.0004551356
Juli,3812,2024-12-21,3.77,4.008725,0,0.00045156517
Juli,3812,2024-12-22,4.86,5.0513887,0,0.0005101699
Juli,3812,2024-12-23,4.76,4.9456663,0,0.0006708752
Juli,3812,2024-12-24,2.32,2.346589,0,0.0012561447
Juliaca,3824,2024-01-01,13.89,14.038743,0,0.00010459853
Juliaca,3824,2024-01-02,13.16,12.890909,0,0.000109409004
Juliaca,3824,2024-01-03,13.08,13.366452,0,0.00012767356
Juliaca,3824,2024-01-04,11.97,12.14961,0,0.00014007589
Juliaca,3824,2024-01-05,15.78,14.994404,0,0.00020643763
Juliaca,3824,2024-01-06,15.29,14.899698,0,0.0001315871
Juliaca,3824,2024-01-07,11.46,11.592269,0,9.599956e-05
Juliaca,3824,2024-01-08,12.69,12.782758,0,0.00012861541
Juliaca,3824,2024-01-09,11.28,11.4937315,0,7.2353076e-05
Juliaca,3824,2024-01-10,18.38,17.768082,0,6.0111302e-05
Juliaca,3824,2024-01-11,11.54,11.563697,0,6.0931583e-05
Juliaca,3824,2024-01-12,15.09,15.077413,0,8.9611545e-05
Juliaca,3824,2024-01-13,18.71,18.175097,0,6.650899e-05
Juliaca,3824,2024-01-14,12.8,12.854771,0,0.000120177494
Juliaca,3824,2024-01-15,7.59,8.042632,0,0.000108748834
Juliaca,3824,2024-01-16,15.64,14.188959,0,0.00034767148
Juliaca,3824,2024-01-17,10.62,10.956881,0,9.8132805e-05
Juliaca,3824,2024-01-18,10.16,10.26765,0,0.00014693943
Juliaca,3824,2024-01-19,16.24,16.103388,0,0.00010476522
Juliaca,3824,2024-01-20,8.51,8.758963,0,0.00011591381
Juliaca,3824,2024-01-21,15.24,14.022314,0,0.00032666617
Juliaca,3824,2024-01-22,11.02,11.263298,0,0.00014856737
Juliaca,3824,2024-01-23,6.86,7.0555854,0,0.0002120432
Juliaca,3824,2024-01-24,13.65,13.561731,0,8.6715445e-05
Juliaca,3824,2024-01-25,5.8,6.016055,0,0.0003461602
Juliaca,3824,2024-01-26,11.19,10.839222,0,0.00010210494
Juliaca,3824,2024-01-27,7.21,7.4047704,0,0.00024334164
Juliaca,3824,2024-01-28,10.43,10.385763,0,0.0001804869
Juliaca,3824,2024-01-29,12.89,13.0574875,0,0.00013481808
Juliaca,3824,2024-01-30,12.1,12.069993,0,9.7269534e-05
Juliaca,3824,2024-01-31,11.47,11.329099,0,5.222955e-05
Juliaca,3824,2024-02-01,13.37,12.940396,0,0.00020401282
Juliaca,3824,2024-02-02,10.75,10.658406,0,9.45256e-05
Juliaca,3824,2024-02-03,10.08,10.0381565,0,0.00012433404
Juliaca,3824,2024-02-04,11.25,11.311521,0,9.452849e-05
Juliaca,3824,2024-02-05,8.82,8.82885,0,0.00015351818
Juliaca,3824,2024-02-06,12.53,12.463248,0,0.00010055979
Juliaca,3824,2024-02-07,10.48,10.570145,0,0.0001285252
Juliaca,3824,2024-02-08,12.05,11.777258,0,6.29456e-05
Juliaca,3824,2024-02-09,9.68,9.572539,0,9.962709e-05
Juliaca,3824,2024-02-10,11.27,11.097894,0,0.00011197315
Juliaca,3824,2024-02-11,11.55,11.639338,0,9.557674e-05
Juliaca,3824,2024-02-12,4.71,5.0944366,0,0.0003113087
Juliaca,3824,2024-02-13,6.06,6.294436,0,0.00030705612
Juliaca,3824,2024-02-14,8.22,8.279469,0,0.00031706956
Juliaca,3824,2024-02-15,9.21,9.134821,0,0.0002649192
Juliaca,3824,2024-02-16,12.64,12.7047,0,0.0003426841
Juliaca,3824,2024-02-17,10.52,10.079543,0,0.00016245873
Juliaca,3824,2024-02-18,10.6,10.564142,0,0.000103166734
Juliaca,3824,2024-02-19,13.06,12.825229,0,0.00010381005
Juliaca,3824,2024-02-20,12.51,12.522284,0,0.00010378501
Juliaca,3824,2024-02-21,6.45,6.6799383,0,0.00013722622
Juliaca,3824,2024-02-22,11.96,11.751386,0,0.00034651053
Juliaca,3824,2024-02-23,9.02,9.130187,0,0.00024046467
Juliaca,3824,2024-02-24,7.31,7.549742,0,0.00020925586
Juliaca,3824,2024-02-25,7.77,7.65587,0,0.00020533634
Juliaca,3824,2024-02-26,6.88,6.743786,0,0.0003204406
Juliaca,3824,2024-02-27,8.65,8.379171,0,0.0002176741
Juliaca,3824,2024-02-28,7.98,7.90728,0,0.00021174358
Juliaca,3824,2024-02-29,11.11,11.209505,0,0.00025216772
Juliaca,3824,2024-03-01,12.78,12.766258,0,0.00016809469
Juliaca,3824,2024-03-02,6.87,6.901434,0,0.00012482524
Juliaca,3824,2024-03-03,4.54,4.808249,0,0.00023429259
Juliaca,3824,2024-03-04,9.36,8.984169,0,0.0003585973
Juliaca,3824,2024-03-05,9.95,9.679031,0,0.0005546123
Juliaca,3824,2024-03-06,8.41,8.13392,0,0.00024487707
Juliaca,3824,2024-03-07,3.51,3.6302288,0,0.00080026203
Juliaca,3824,2024-03-08,5.27,5.3375735,0,0.0008158234
Juliaca,3824,2024-03-09,7.52,7.396912,0,0.0005053258
Juliaca,3824,2024-03-10,5.52,5.479698,0,0.00093923486
Juliaca,3824,2024-03-11,4.46,4.4481664,0,0.00049428747
Juliaca,3824,2024-03-12,12.21,12.450547,0,0.0012296787
Juliaca,3824,2024-03-13,4.23,4.1447144,0,0.0007304567
Juliaca,3824,2024-03-14,9.65,9.249987,0,0.00034318023
Juliaca,3824,2024-03-15,7.58,7.639202,0,0.0003734907
Juliaca,3824,2024-03-16,7.97,7.6490326,0,0.00048586086
Juliaca,3824,2024-03-17,9.17,8.608467,0,0.00021584815
Juliaca,3824,2024-03-18,4.46,4.198279,0,0.0007050665
Juliaca,3824,2024-03-19,5.35,5.375425,0,0.00069064973
Juliaca,3824,2024-03-20,7.15,6.906444,0,0.00041355455
Juliaca,3824,2024-03-21,1.24,1.2570155,0,0.0134228105
Juliaca,3824,2024-03-22,9.83,9.515349,0,0.0005378046
Juliaca,3824,2024-03-23,5.91,5.9725037,0,0.0005014156
Juliaca,3824,2024-03-24,3.13,3.1462455,0,0.001569224
Juliaca,3824,2024-03-25,8.07,7.897087,0,0.00036312468
Juliaca,3824,2024-03-26,5.44,5.1657047,0,0.0012628206
Juliaca,3824,2024-03-27,3.32,3.4840014,0,0.0012119458
Juliaca,3824,2024-03-28,7.38,7.051662,0,0.00043797688
Juliaca,3824,2024-03-29,-0.92,-0.6598005,1,0.9710025
Juliaca,3824,2024-03-30,5.89,5.6627173,0,0.0012256689
Juliaca,3824,2024-03-31,8.03,7.652941,0,0.0007261895
Juliaca,3824,2024-04-01,2.52,2.631597,0,0.0021244416
Juliaca,3824,2024-04-02,1.27,1.8365484,0,0.007349468
Juliaca,3824,2024-04-03,5.37,5.2660275,0,0.0013655956
Juliaca,3824,2024-04-04,2.51,2.310627,0,0.0044563436
Juliaca,3824,2024-04-05,9.76,9.368805,0,0.00069643103
Juliaca,3824,2024-04-06,2.72,2.8210037,0,0.0015208749
Juliaca,3824,2024-04-07,3.46,3.2948825,0,0.0009594127
Juliaca,3824,2024-04-08,5.14,5.0718875,0,0.001011577
Juliaca,3824,2024-04-09,-0.8,-0.44334176,1,0.954509
Juliaca,3824,2024-04-10,3.75,3.454667,0,0.002721728
Juliaca,3824,2024-04-11,6.31,6.0640674,0,0.001093445
Juliaca,3824,2024-04-12,3.22,3.1795557,0,0.0030805247
Juliaca,3824,2024-04-13,0.42,0.33167467,0,0.16350955
Juliaca,3824,2024-04-14,2.09,1.967674,0,0.0043151183
Juliaca,3824,2024-04-15,-1.65,-1.573497,1,0.987605
Juliaca,3824,2024-04-16,2.34,2.3772905,0,0.0077198045
Juliaca,3824,2024-04-17,5.7,5.523249,0,0.0025797542
Juliaca,3824,2024-04-18,1.26,1.3709835,0,0.009249336
Juliaca,3824,2024-04-19,4.48,4.4377747,0,0.0018106877
Juliaca,3824,2024-04-20,-0.99,-0.64200383,1,0.975072
Juliaca,3824,2024-04-21,7.36,6.916744,0,0.0012477172
Juliaca,3824,2024-04-22,5.44,5.2506084,0,0.0011057715
Juliaca,3824,2024-04-23,1.31,1.6999133,0,0.005044215
Juliaca,3824,2024-04-24,-0.88,-0.4797766,1,0.9646452
Juliaca,3824,2024-04-25,1.12,1.0349249,0,0.01060517
Juliaca,3824,2024-04-26,3.05,3.155582,0,0.0054891966
Juliaca,3824,2024-04-27,5.02,5.0352387,0,0.0019179756
Juliaca,3824,2024-04-28,-3.0,-2.9625156,1,0.9948501
Juliaca,3824,2024-04-29,5.26,5.1390758,0,0.0019520397
Juliaca,3824,2024-04-30,2.82,2.7083929,0,0.0041024415
Juliaca,3824,2024-05-01,-0.8,-0.54797953,1,0.91337126
Juliaca,3824,2024-05-02,-4.33,-3.6611357,1,0.98871744
Juliaca,3824,2024-05-03,2.34,2.2204669,0,0.006189918
Juliaca,3824,2024-05-04,2.49,2.4221282,0,0.010882934
Juliaca,3824,2024-05-05,0.34,0.25629944,0,0.07960364
Juliaca,3824,2024-05-06,4.09,3.8027077,0,0.0030828407
Juliaca,3824,2024-05-07,6.82,6.4786544,0,0.0018981628
Juliaca,3824,2024-05-08,0.69,1.2169977,0,0.05432654
Juliaca,3824,2024-05-09,-0.2,-0.23686385,1,0.9229395
Juliaca,3824,2024-05-10,5.87,5.3282456,0,0.001981833
Juliaca,3824,2024-05-11,0.96,0.96183795,0,0.017915457
Juliaca,3824,2024-05-12,3.12,3.018541,0,0.004161833
Juliaca,3824,2024-05-13,-0.06,-0.05355909,1,0.78338915
Juliaca,3824,2024-05-14,4.25,4.2825246,0,0.0037264482
Juliaca,3824,2024-05-15,-1.79,-1.8370055,1,0.9898718
Juliaca,3824,2024-05-16,1.67,1.3944148,0,0.0076086884
Juliaca,3824,2024-05-17,2.02,1.9694883,0,0.006005599
Juliaca,3824,2024-05-18,0.76,0.64416885,0,0.012157777
Juliaca,3824,2024-05-19,-0.39,-0.33976087,1,0.9448915
Juliaca,3824,2024-05-20,5.58,5.2493396,0,0.0025085444
Juliaca,3824,2024-05-21,3.07,3.12101,0,0.0056964033
Juliaca,3824,2024-05-22,-1.14,-0.483377,1,0.73318446
Juliaca,3824,2024-05-23,-3.71,-3.3013334,1,0.9940625
Juliaca,3824,2024-05-24,4.63,4.4050455,0,0.0043455563
Juliaca,3824,2024-05-25,-1.45,-1.3966354,1,0.9929488
Juliaca,3824,2024-05-26,1.04,0.9670913,0,0.017728144
Juliaca,3824,2024-05-27,1.08,0.7793048,0,0.029620849
Juliaca,3824,2024-05-28,1.53,1.478458,0,0.009076053
Juliaca,3824,2024-05-29,-3.45,-3.2995656,1,0.9954265
Juliaca,3824,2024-05-30,-0.16,0.02449802,1,0.8448296
Juliaca,3824,2024-05-31,0.63,0.6559523,0,0.028769307
Juliaca,3824,2024-06-01,0.54,0.56258875,0,0.025945809
Juliaca,3824,2024-06-02,2.42,2.4564514,0,0.004368121
Juliaca,3824,2024-06-03,1.02,0.86074996,0,0.028110558
Juliaca,3824,2024-06-04,1.75,1.7426488,0,0.007942182
Juliaca,3824,2024-06-05,-0.82,-0.87467957,1,0.976694
Juliaca,3824,2024-06-06,4.89,4.606397,0,0.002922163
Juliaca,3824,2024-06-07,-0.18,-0.08289836,1,0.9141605
Juliaca,3824,2024-06-08,1.33,1.3788992,0,0.007730943
Juliaca,3824,2024-06-09,0.75,0.62317324,0,0.024026552
Juliaca,3824,2024-06-10,1.6,1.5526911,0,0.010791503
Juliaca,3824,2024-06-11,3.46,3.2672758,0,0.006031673
Juliaca,3824,2024-06-12,-1.65,-1.644717,1,0.9899368
Juliaca,3824,2024-06-13,2.54,2.2845542,0,0.0059830886
Juliaca,3824,2024-06-14,2.25,2.0386918,0,0.005785233
Juliaca,3824,2024-06-15,0.82,0.6365561,0,0.03848558
Juliaca,3824,2024-06-16,0.95,0.81485385,0,0.030519648
Juliaca,3824,2024-06-17,-2.47,-2.6163692,1,0.9952177
Juliaca,3824,2024-06-18,-0.43,-0.44800353,1,0.9701572
Juliaca,3824,2024-06-19,-4.33,-4.2465563,1,0.9969747
Juliaca,3824,2024-06-20,-0.33,-0.36621043,1,0.96322644
Juliaca,3824,2024-06-21,0.29,0.19446129,0,0.10909361
Juliaca,3824,2024-06-22,-3.05,-3.0311885,1,0.9974419
Juliaca,3824,2024-06-23,1.2,1.1378374,0,0.014315774
Juliaca,3824,2024-06-24,3.49,3.201782,0,0.0042936294
Juliaca,3824,2024-06-25,1.07,0.8738272,0,0.015730781
Juliaca,3824,2024-06-26,0.55,0.46019623,0,0.029359385
Juliaca,3824,2024-06-27,-0.74,-0.76152086,1,0.9795141
Juliaca,3824,2024-06-28,1.55,1.5975008,0,0.009714657
Juliaca,3824,2024-06-29,-1.89,-1.8592418,1,0.9912595
Juliaca,3824,2024-06-30,-5.34,-5.17248,1,0.9986156
Juliaca,3824,2024-07-01,4.65,4.216802,0,0.0038776945
Juliaca,3824,2024-07-02,3.15,2.7673936,0,0.005762844
Juliaca,3824,2024-07-03,-1.95,-1.664754,1,0.9881897
Juliaca,3824,2024-07-04,-2.83,-2.5214934,1,0.9933681
Juliaca,3824,2024-07-05,1.07,0.9322518,0,0.22908883
Juliaca,3824,2024-07-06,1.0,1.1589161,0,0.01798669
Juliaca,3824,2024-07-07,2.91,2.774063,0,0.003283785
Juliaca,3824,2024-07-08,0.04,0.16534509,0,0.4136179
Juliaca,3824,2024-07-09,3.73,3.6941843,0,0.0036071711
Juliaca,3824,2024-07-10,0.37,0.24458073,0,0.064299695
Juliaca,3824,2024-07-11,3.92,3.6782277,0,0.002868967
Juliaca,3824,2024-07-12,0.54,0.3701733,0,0.022412032
Juliaca,3824,2024-07-13,-1.12,-1.3280455,1,0.976298
Juliaca,3824,2024-07-14,0.13,0.18167531,0,0.18067129
Juliaca,3824,2024-07-15,2.7,2.7995558,0,0.005883927
Juliaca,3824,2024-07-16,1.96,1.5547798,0,0.06734143
Juliaca,3824,2024-07-17,1.23,1.3056166,0,0.0114222905
Juliaca,3824,2024-07-18,-1.45,-1.4783517,1,0.98704857
Juliaca,3824,2024-07-19,1.11,1.0980026,0,0.015801111
Juliaca,3824,2024-07-20,-0.36,-0.2364702,1,0.95664024
Juliaca,3824,2024-07-21,-0.36,-0.20584789,1,0.9591681
Juliaca,3824,2024-07-22,3.83,3.8663125,0,0.003641716
Juliaca,3824,2024-07-23,-0.54,-0.51836133,1,0.9322389
Juliaca,3824,2024-07-24,-0.6,-0.61560935,1,0.9366985
Juliaca,3824,2024-07-25,2.28,2.1212318,0,0.006998011
Juliaca,3824,2024-07-26,-0.69,-0.7256488,1,0.97932786
Juliaca,3824,2024-07-27,0.31,0.056040224,0,0.40053618
Juliaca,3824,2024-07-28,6.59,6.3727794,0,0.0013755693
Juliaca,3824,2024-07-29,1.41,1.2397355,0,0.010504004
Juliaca,3824,2024-07-30,3.57,3.4103456,0,0.0033746553
Juliaca,3824,2024-07-31,8.23,7.6386476,0,0.0010000727
Juliaca,3824,2024-08-01,2.52,2.3224256,0,0.0028613964
Juliaca,3824,2024-08-02,3.41,3.199972,0,0.0022267872
Juliaca,3824,2024-08-03,2.94,2.8419743,0,0.003137555
Juliaca,3824,2024-08-04,1.4,1.3931942,0,0.005168783
Juliaca,3824,2024-08-05,2.56,2.660912,0,0.0056933793
Juliaca,3824,2024-08-06,1.94,1.8565886,0,0.007801606
Juliaca,3824,2024-08-07,0.17,0.16748267,0,0.25015897
Juliaca,3824,2024-08-08,4.56,4.146055,0,0.00249645
Juliaca,3824,2024-08-09,-2.04,-1.883626,1,0.98921293
Juliaca,3824,2024-08-10,2.57,2.467889,0,0.0048902254
Juliaca,3824,2024-08-11,1.95,1.9947745,0,0.007825942
Juliaca,3824,2024-08-12,0.14,0.18535118,0,0.40632063
Juliaca,3824,2024-08-13,4.37,4.2764616,0,0.002857349
Juliaca,3824,2024-08-14,0.37,0.4135309,0,0.07174899
Juliaca,3824,2024-08-15,2.01,1.9757338,0,0.006676997
Juliaca,3824,2024-08-16,4.91,4.9351826,0,0.0022300496
Juliaca,3824,2024-08-17,-1.62,-1.6091764,1,0.9860858
Juliaca,3824,2024-08-18,5.98,5.7970347,0,0.0014136591
Juliaca,3824,2024-08-19,3.27,3.2010367,0,0.003112997
Juliaca,3824,2024-08-20,2.72,2.7156,0,0.00390136
Juliaca,3824,2024-08-21,0.12,0.16173528,0,0.15308458
Juliaca,3824,2024-08-22,3.87,3.911903,0,0.0023991799
Juliaca,3824,2024-08-23,3.79,3.3721983,0,0.0032122857
Juliaca,3824,2024-08-24,5.22,5.1733103,0,0.0012948464
Juliaca,3824,2024-08-25,2.8,2.9098027,0,0.0024687403
Juliaca,3824,2024-08-26,1.68,1.7177913,0,0.011375782
Juliaca,3824,2024-08-27,5.02,5.1187577,0,0.0022273657
Juliaca,3824,2024-08-28,2.89,2.9019172,0,0.0049864864
Juliaca,3824,2024-08-29,5.72,5.69639,0,0.0011138455
Juliaca,3824,2024-08-30,1.99,2.1125214,0,0.005330261
Juliaca,3824,2024-08-31,6.65,6.8640347,0,0.0009973344
Juliaca,3824,2024-09-01,8.48,8.188199,0,0.00029703608
Juliaca,3824,2024-09-02,4.43,4.129993,0,0.0009707989
Juliaca,3824,2024-09-03,8.31,8.088749,0,0.00039779118
Juliaca,3824,2024-09-04,6.94,6.996647,0,0.00036760655
Juliaca,3824,2024-09-05,5.99,5.978758,0,0.0007052201
Juliaca,3824,2024-09-06,5.23,5.1417336,0,0.00045736888
Juliaca,3824,2024-09-07,4.02,3.9362059,0,0.00077883375
Juliaca,3824,2024-09-08,8.48,8.468169,0,0.00071644055
Juliaca,3824,2024-09-09,8.06,8.011418,0,0.00047090856
Juliaca,3824,2024-09-10,3.04,3.2120779,0,0.00088123034
Juliaca,3824,2024-09-11,6.04,6.108358,0,0.00057952636
Juliaca,3824,2024-09-12,3.83,3.9229867,0,0.00085498445
Juliaca,3824,2024-09-13,7.11,7.0755796,0,0.000979437
Juliaca,3824,2024-09-14,7.85,7.936702,0,0.0004760276
Juliaca,3824,2024-09-15,2.16,2.3405337,0,0.0027204212
Juliaca,3824,2024-09-16,5.94,5.6989627,0,0.0005493758
Juliaca,3824,2024-09-17,7.34,7.4350786,0,0.0005875475
Juliaca,3824,2024-09-18,6.65,6.7329926,0,0.00059075543
Juliaca,3824,2024-09-19,10.96,10.416579,0,0.00011057248
Juliaca,3824,2024-09-20,2.62,2.6365814,0,0.0005227236
Juliaca,3824,2024-09-21,10.06,9.608717,0,0.000265901
Juliaca,3824,2024-09-22,4.57,4.958335,0,0.00041563637
Juliaca,3824,2024-09-23,1.54,1.6640078,0,0.0025527258
Juliaca,3824,2024-09-24,7.82,7.711564,0,0.00022830676
Juliaca,3824,2024-09-25,6.79,6.67172,0,0.0003578463
Juliaca,3824,2024-09-26,7.43,7.284544,0,0.00053192984
Juliaca,3824,2024-09-27,8.63,8.594464,0,0.00021978965
Juliaca,3824,2024-09-28,8.82,8.802358,0,0.000119057404
Juliaca,3824,2024-09-29,6.28,6.274193,0,0.00017823034
Juliaca,3824,2024-09-30,9.74,9.535707,0,0.00021810664
Juliaca,3824,2024-10-01,2.78,2.9757764,0,0.0006864144
Juliaca,3824,2024-10-02,7.71,7.557887,0,0.00037439942
Juliaca,3824,2024-10-03,10.93,10.94004,0,0.00028834157
Juliaca,3824,2024-10-04,8.94,9.048951,0,0.00021021794
Juliaca,3824,2024-10-05,8.44,8.409462,0,0.000114436014
Juliaca,3824,2024-10-06,7.53,7.6242623,0,0.00025468352
Juliaca,3824,2024-10-07,9.36,9.487981,0,0.00017796729
Juliaca,3824,2024-10-08,7.85,7.789581,0,0.00013191073
Juliaca,3824,2024-10-09,10.23,10.311051,0,0.00010223491
Juliaca,3824,2024-10-10,7.47,7.4421635,0,0.00012275626
Juliaca,3824,2024-10-11,12.69,12.415001,0,0.0001105944
Juliaca,3824,2024-10-12,10.28,10.221399,0,9.662196e-05
Juliaca,3824,2024-10-13,13.58,13.611098,0,0.0001032555
Juliaca,3824,2024-10-14,8.14,8.344242,0,0.00014723383
Juliaca,3824,2024-10-15,12.22,12.065192,0,0.00016072502
Juliaca,3824,2024-10-16,6.02,6.3222747,0,0.00019243895
Juliaca,3824,2024-10-17,11.06,10.974308,0,0.00013960799
Juliaca,3824,2024-10-18,9.06,9.209057,0,0.00016016784
Juliaca,3824,2024-10-19,9.73,9.619997,0,8.008426e-05
Juliaca,3824,2024-10-20,11.36,11.437872,0,6.398442e-05
Juliaca,3824,2024-10-21,11.52,11.289873,0,7.227074e-05
Juliaca,3824,2024-10-22,11.88,11.457666,0,5.321927e-05
Juliaca,3824,2024-10-23,10.73,10.725919,0,6.466783e-05
Juliaca,3824,2024-10-24,11.29,11.266513,0,4.454281e-05
Juliaca,3824,2024-10-25,9.45,9.682677,0,7.008825e-05
Juliaca,3824,2024-10-26,8.46,8.474929,0,7.8169374e-05
Juliaca,3824,2024-10-27,10.63,10.615911,0,0.00010754321
Juliaca,3824,2024-10-28,4.93,5.093523,0,0.00016073883
Juliaca,3824,2024-10-29,11.43,11.308168,0,7.3428644e-05
Juliaca,3824,2024-10-30,12.65,12.433568,0,7.946177e-05
Juliaca,3824,2024-10-31,12.14,12.039639,0,8.674307e-05
Juliaca,3824,2024-11-01,9.12,9.162466,0,7.898304e-05
Juliaca,3824,2024-11-02,5.63,5.659472,0,0.00014760788
Juliaca,3824,2024-11-03,12.46,12.300556,0,5.9626647e-05
Juliaca,3824,2024-11-04,8.87,8.931918,0,0.00010631861
Juliaca,3824,2024-11-05,7.68,7.989265,0,0.00012846246
Juliaca,3824,2024-11-06,13.32,13.296806,0,8.7038876e-05
Juliaca,3824,2024-11-07,7.66,7.6800237,0,0.00010951286
Juliaca,3824,2024-11-08,10.78,10.579928,0,0.00012400854
Juliaca,3824,2024-11-09,15.7,15.493109,0,6.626741e-05
Juliaca,3824,2024-11-10,9.64,9.764204,0,8.69764e-05
Juliaca,3824,2024-11-11,8.71,8.763221,0,9.418415e-05
Juliaca,3824,2024-11-12,12.65,12.623455,0,3.53338e-05
Juliaca,3824,2024-11-13,12.2,12.169079,0,5.7241337e-05
Juliaca,3824,2024-11-14,7.28,7.5387664,0,0.0001310508
Juliaca,3824,2024-11-15,11.59,11.962973,0,0.00020830751
Juliaca,3824,2024-11-16,14.49,15.266903,0,0.00015584707
Juliaca,3824,2024-11-17,15.08,15.278478,0,9.7304975e-05
Juliaca,3824,2024-11-18,10.94,11.094546,0,4.2602183e-05
Juliaca,3824,2024-11-19,12.84,12.854236,0,6.2421306e-05
Juliaca,3824,2024-11-20,13.04,13.014894,0,6.832194e-05
Juliaca,3824,2024-11-21,14.22,14.281689,0,3.9422885e-05
Juliaca,3824,2024-11-22,11.5,11.530595,0,6.166142e-05
Juliaca,3824,2024-11-23,15.0,14.94074,0,2.4847897e-05
Juliaca,3824,2024-11-24,9.96,10.075466,0,6.872341e-05
Juliaca,3824,2024-11-25,13.77,13.940241,0,4.4315584e-05
Juliaca,3824,2024-11-26,9.4,9.778173,0,6.8e-05
Juliaca,3824,2024-11-27,7.48,7.610752,0,0.00010405167
Juliaca,3824,2024-11-28,13.54,13.544089,0,0.000109952765
Juliaca,3824,2024-11-29,19.4,17.336248,0,0.00011407222
Juliaca,3824,2024-11-30,12.85,13.205544,0,0.00010988651
Juliaca,3824,2024-12-01,11.59,11.693562,0,0.00011791729
Juliaca,3824,2024-12-02,15.24,15.332363,0,5.504968e-05
Juliaca,3824,2024-12-03,11.04,11.19732,0,9.810951e-05
Juliaca,3824,2024-12-04,7.78,7.908211,0,8.8025736e-05
Juliaca,3824,2024-12-05,14.61,14.237978,0,3.6489186e-05
Juliaca,3824,2024-12-06,16.2,16.246832,0,9.3280505e-05
Juliaca,3824,2024-12-07,12.61,12.854549,0,0.00011635868
Juliaca,3824,2024-12-08,13.09,13.0487995,0,5.108807e-05
Juliaca,3824,2024-12-09,10.78,11.058278,0,9.557737e-05
Juliaca,3824,2024-12-10,11.89,11.956772,0,5.467774e-05
Juliaca,3824,2024-12-11,12.82,12.852493,0,9.75429e-05
Juliaca,3824,2024-12-12,12.38,12.228588,0,0.00010751665
Juliaca,3824,2024-12-13,12.33,12.308518,0,8.647334e-05
Juliaca,3824,2024-12-14,4.39,4.697346,0,0.00020676109
Juliaca,3824,2024-12-15,12.67,12.881081,0,0.00017704774
Juliaca,3824,2024-12-16,8.94,9.289771,0,9.568526e-05
Juliaca,3824,2024-12-17,13.47,13.653375,0,0.00012698975
Juliaca,3824,2024-12-18,14.91,15.010914,0,5.4655844e-05
Juliaca,3824,2024-12-19,13.61,13.641072,0,8.7062785e-05
Juliaca,3824,2024-12-20,9.38,9.491288,0,7.548286e-05
Juliaca,3824,2024-12-21,10.17,10.360546,0,9.40968e-05
Juliaca,3824,2024-12-22,12.09,12.11662,0,3.4386507e-05
Juliaca,3824,2024-12-23,14.39,14.450957,0,4.885932e-05
Juliaca,3824,2024-12-24,14.74,15.408342,0,0.00015501592
Lampa,3872,2024-01-01,4.82,5.1298094,0,0.0003247227
Lampa,3872,2024-01-02,6.25,6.6280375,0,0.0004174335
Lampa,3872,2024-01-03,11.68,11.654615,0,0.00014855646
Lampa,3872,2024-01-04,11.41,11.318917,0,0.00021496211
Lampa,3872,2024-01-05,11.44,11.624274,0,0.00010807605
Lampa,3872,2024-01-06,13.79,13.962483,0,0.00026335052
Lampa,3872,2024-01-07,12.51,12.2899885,0,8.199044e-05
Lampa,3872,2024-01-08,11.19,11.269244,0,0.00010898719
Lampa,3872,2024-01-09,12.83,12.800472,0,8.8581146e-05
Lampa,3872,2024-01-10,10.86,10.925437,0,0.00010466757
Lampa,3872,2024-01-11,11.79,11.810974,0,0.00010889358
Lampa,3872,2024-01-12,7.02,7.0626016,0,0.00012463446
Lampa,3872,2024-01-13,10.35,10.499936,0,0.000110282796
Lampa,3872,2024-01-14,12.83,12.865488,0,0.00013628094
Lampa,3872,2024-01-15,7.05,7.3297954,0,0.00013433174
Lampa,3872,2024-01-16,9.79,9.872903,0,0.00016974434
Lampa,3872,2024-01-17,5.62,6.159854,0,0.00030011695
Lampa,3872,2024-01-18,11.16,11.154676,0,0.00035631223
Lampa,3872,2024-01-19,12.83,12.802804,0,0.00014560396
Lampa,3872,2024-01-20,10.62,10.742314,0,9.767712e-05
Lampa,3872,2024-01-21,6.95,7.3316092,0,0.0001239278
Lampa,3872,2024-01-22,2.9,2.90042,0,0.0019126012
Lampa,3872,2024-01-23,12.88,11.970119,0,0.00011068925
Lampa,3872,2024-01-24,6.31,6.481131,0,0.00044264528
Lampa,3872,2024-01-25,12.2,11.760043,0,0.000107776345
Lampa,3872,2024-01-26,7.63,7.7322974,0,0.00018658799
Lampa,3872,2024-01-27,5.55,5.651845,0,0.00025323435
Lampa,3872,2024-01-28,6.08,6.304824,0,0.001591576
Lampa,3872,2024-01-29,9.4,9.399518,0,0.00039758987
Lampa,3872,2024-01-30,10.37,10.288923,0,0.00030254907
Lampa,3872,2024-01-31,6.45,6.709023,0,0.00036411558
Lampa,3872,2024-02-01,11.57,11.589006,0,0.00029002616
Lampa,3872,2024-02-02,9.09,9.243603,0,0.0017615276
Lampa,3872,2024-02-03,11.76,11.585983,0,0.00016017731
Lampa,3872,2024-02-04,9.66,9.475938,0,0.00014043417
Lampa,3872,2024-02-05,4.62,4.889957,0,0.00035697644
Lampa,3872,2024-02-06,12.94,13.182305,0,0.0002748215
Lampa,3872,2024-02-07,12.47,12.228876,0,0.000102418446
Lampa,3872,2024-02-08,9.43,9.290086,0,0.00012416721
Lampa,3872,2024-02-09,7.88,7.9990015,0,0.00021656118
Lampa,3872,2024-02-10,8.16,8.078145,0,0.00021524925
Lampa,3872,2024-02-11,8.19,8.057232,0,0.0002367745
Lampa,3872,2024-02-12,8.89,8.7562,0,0.00018267777
Lampa,3872,2024-02-13,6.12,5.9462214,0,0.00029089098
Lampa,3872,2024-02-14,9.64,9.743689,0,0.00017821963
Lampa,3872,2024-02-15,5.29,5.468986,0,0.0004223017
Lampa,3872,2024-02-16,9.59,9.474518,0,0.0002461535
Lampa,3872,2024-02-17,7.7,7.648279,0,0.00023112335
Lampa,3872,2024-02-18,3.65,3.7462964,0,0.00069531397
Lampa,3872,2024-02-19,8.59,8.379804,0,0.00045710825
Lampa,3872,2024-02-20,7.27,7.216071,0,0.00047515807
Lampa,3872,2024-02-21,8.13,8.058023,0,0.00031447696
Lampa,3872,2024-02-22,8.35,8.065614,0,0.0002748624
Lampa,3872,2024-02-23,6.95,6.788068,0,0.00026610214
Lampa,3872,2024-02-24,6.36,6.181419,0,0.0002816976
Lampa,3872,2024-02-25,6.48,6.633831,0,0.0004628614
Lampa,3872,2024-02-26,4.98,4.9802694,0,0.0005254461
Lampa,3872,2024-02-27,5.74,5.8194656,0,0.00039696533
Lampa,3872,2024-02-28,8.06,8.080025,0,0.0014406417
Lampa,3872,2024-02-29,5.89,6.1011324,0,0.00078383303
Lampa,3872,2024-03-01,6.2,6.273278,0,0.00031843458
Lampa,3872,2024-03-02,9.01,8.817424,0,0.00024737176
Lampa,3872,2024-03-03,9.91,9.834838,0,0.00029145562
Lampa,3872,2024-03-04,5.47,5.484747,0,0.00032189654
Lampa,3872,2024-03-05,5.05,4.981223,0,0.00036392195
Lampa,3872,2024-03-06,3.8,3.7938912,0,0.0007993612
Lampa,3872,2024-03-07,5.82,5.633582,0,0.0010321052
Lampa,3872,2024-03-08,5.99,5.939157,0,0.0010551458
Lampa,3872,2024-03-09,5.74,5.7893896,0,0.0006038222
Lampa,3872,2024-03-10,4.09,4.0078197,0,0.0012207441
Lampa,3872,2024-03-11,6.99,6.89632,0,0.0006666648
Lampa,3872,2024-03-12,2.78,2.748089,0,0.0018576814
Lampa,3872,2024-03-13,3.19,3.3615324,0,0.0019827888
Lampa,3872,2024-03-14,6.48,6.4057426,0,0.0025213906
Lampa,3872,2024-03-15,7.14,7.0390496,0,0.0010279415
Lampa,3872,2024-03-16,10.96,10.821725,0,0.00066639576
Lampa,3872,2024-03-17,3.2,3.2946782,0,0.00087886263
Lampa,3872,2024-03-18,7.07,7.024675,0,0.00025775883
Lampa,3872,2024-03-19,4.6,4.6358867,0,0.0007382621
Lampa,3872,2024-03-20,10.23,9.848505,0,0.00075237564
Lampa,3872,2024-03-21,-1.19,-0.8567527,1,0.89595574
Lampa,3872,2024-03-22,4.36,4.6554103,0,0.0012795342
Lampa,3872,2024-03-23,4.29,4.256983,0,0.0015045295
Lampa,3872,2024-03-24,2.97,2.9414895,0,0.0034806528
Lampa,3872,2024-03-25,2.84,2.8961756,0,0.0031979324
Lampa,3872,2024-03-26,6.41,6.6366286,0,0.000842984
Lampa,3872,2024-03-27,3.73,3.7160285,0,0.0021837624
Lampa,3872,2024-03-28,3.97,3.8585007,0,0.001620191
Lampa,3872,2024-03-29,2.63,2.6236546,0,0.0016066472
Lampa,3872,2024-03-30,2.58,2.540482,0,0.003250229
Lampa,3872,2024-03-31,3.15,3.3353784,0,0.0026469901
Lampa,3872,2024-04-01,2.97,3.039492,0,0.0030396986
Lampa,3872,2024-04-02,0.9,0.9652337,0,0.019176047
Lampa,3872,2024-04-03,5.36,5.0275645,0,0.0018410797
Lampa,3872,2024-04-04,1.68,1.6150463,0,0.0066861557
Lampa,3872,2024-04-05,0.18,0.3846537,0,0.21454723
Lampa,3872,2024-04-06,2.35,2.5399935,0,0.0042745373
Lampa,3872,2024-04-07,5.57,5.567976,0,0.001890494
Lampa,3872,2024-04-08,0.59,0.8971018,0,0.020097582
Lampa,3872,2024-04-09,2.55,2.6480231,0,0.0035522592
Lampa,3872,2024-04-10,2.12,2.074745,0,0.0051197517
Lampa,3872,2024-04-11,2.95,2.9968586,0,0.0039756843
Lampa,3872,2024-04-12,-1.2,-1.2220545,1,0.9877121
Lampa,3872,2024-04-13,2.27,2.4337447,0,0.0040106
Lampa,3872,2024-04-14,2.72,2.7987616,0,0.004277039
Lampa,3872,2024-04-15,-1.28,-1.333078,1,0.986401
Lampa,3872,2024-04-16,3.22,3.063508,0,0.0032899352
Lampa,3872,2024-04-17,0.55,0.42597136,0,0.041225776
Lampa,3872,2024-04-18,-0.02,-0.011646254,1,0.22962892
Lampa,3872,2024-04-19,3.15,3.0232532,0,0.004188419
Lampa,3872,2024-04-20,6.18,6.0287375,0,0.0015248175
Lampa,3872,2024-04-21,-4.0,-3.783913,1,0.99561334
Lampa,3872,2024-04-22,0.61,0.61290383,0,0.017177755
Lampa,3872,2024-04-23,-2.24,-2.1562123,1,0.9917223
Lampa,3872,2024-04-24,-1.02,-0.906013,1,0.98548687
Lampa,3872,2024-04-25,-1.34,-1.2686596,1,0.9868045
Lampa,3872,2024-04-26,2.51,2.4096813,0,0.006000398
Lampa,3872,2024-04-27,-1.73,-1.6454153,1,0.9874194
Lampa,3872,2024-04-28,3.27,2.6011696,0,0.09603201
Lampa,3872,2024-04-29,-1.33,-1.2612401,1,0.9866218
Lampa,3872,2024-04-30,-1.84,-2.0028887,1,0.9911227
Lampa,3872,2024-05-01,-3.81,-3.6441908,1,0.9946397
Lampa,3872,2024-05-02,0.52,0.4278752,0,0.041798767
Lampa,3872,2024-05-03,0.99,1.0005207,0,0.042257305
Lampa,3872,2024-05-04,2.41,2.2115033,0,0.007270741
Lampa,3872,2024-05-05,-3.13,-3.0871234,1,0.99539655
Lampa,3872,2024-05-06,1.76,1.5666778,0,0.008218729
Lampa,3872,2024-05-07,0.79,0.7603128,0,0.031227771
Lampa,3872,2024-05-08,1.67,1.5094484,0,0.007502311
Lampa,3872,2024-05-09,1.87,1.7666924,0,0.0055810898
Lampa,3872,2024-05-10,0.87,0.7643229,0,0.012046416
Lampa,3872,2024-05-11,0.35,0.26551604,0,0.06675338
Lampa,3872,2024-05-12,-0.66,-0.55315626,1,0.92643106
Lampa,3872,2024-05-13,4.13,3.8890464,0,0.004241859
Lampa,3872,2024-05-14,1.45,1.4637388,0,0.01539734
Lampa,3872,2024-05-15,0.05,0.08081557,0,0.30742988
Lampa,3872,2024-05-16,-3.79,-3.4470105,1,0.9919993
Lampa,3872,2024-05-17,-1.06,-0.9632773,1,0.98310846
Lampa,3872,2024-05-18,-0.19,-0.014235054,1,0.7507924
Lampa,3872,2024-05-19,-5.71,-5.492086,1,0.99828976
Lampa,3872,2024-05-20,-1.63,-1.5478017,1,0.9920785
Lampa,3872,2024-05-21,-1.09,-1.0227695,1,0.9887784
Lampa,3872,2024-05-22,-2.01,-2.0685024,1,0.99351186
Lampa,3872,2024-05-23,0.57,0.6849537,0,0.16056532
Lampa,3872,2024-05-24,4.71,4.645747,0,0.003711588
Lampa,3872,2024-05-25,-3.81,-3.6509109,1,0.995605
Lampa,3872,2024-05-26,-0.34,-0.283144,1,0.9677926
Lampa,3872,2024-05-27,1.65,1.3938054,0,0.017286068
Lampa,3872,2024-05-28,1.23,1.0399858,0,0.032994073
Lampa,3872,2024-05-29,-4.82,-4.519311,1,0.99430794
Lampa,3872,2024-05-30,-1.59,-1.6449735,1,0.9880185
Lampa,3872,2024-05-31,1.98,1.6724418,0,0.008279515
Lampa,3872,2024-06-01,3.7,3.2092984,0,0.0055468753
Lampa,3872,2024-06-02,-0.22,-0.28844547,1,0.9586486
Lampa,3872,2024-06-03,-3.72,-3.7430472,1,0.99564266
Lampa,3872,2024-06-04,0.28,0.3664811,0,0.12666152
Lampa,3872,2024-06-05,-4.18,-4.031339,1,0.9931657
Lampa,3872,2024-06-06,0.86,0.7283952,0,0.021182092
Lampa,3872,2024-06-07,-0.84,-0.7709539,1,0.9837652
Lampa,3872,2024-06-08,-0.88,-0.86750907,1,0.9814408
Lampa,3872,2024-06-09,-2.31,-2.3204439,1,0.9920604
Lampa,3872,2024-06-10,3.31,3.211874,0,0.0053194766
Lampa,3872,2024-06-11,-0.73,-0.69097596,1,0.9723104
Lampa,3872,2024-06-12,3.45,3.0854373,0,0.005532438
Lampa,3872,2024-06-13,-0.25,-0.18618003,1,0.8747797
Lampa,3872,2024-06-14,-4.57,-4.6202545,1,0.9981578
Lampa,3872,2024-06-15,-2.5,-2.2596774,1,0.9930133
Lampa,3872,2024-06-16,-1.24,-1.3318199,1,0.9882124
Lampa,3872,2024-06-17,-2.24,-2.349799,1,0.995533
Lampa,3872,2024-06-18,0.28,0.15691467,0,0.05211064
Lampa,3872,2024-06-19,-1.47,-1.7697922,1,0.98871875
Lampa,3872,2024-06-20,-5.63,-5.6601562,1,0.99802965
Lampa,3872,2024-06-21,-1.9,-1.8812128,1,0.9911703
Lampa,3872,2024-06-22,-3.86,-3.6978116,1,0.9975485
Lampa,3872,2024-06-23,-5.2,-5.093825,1,0.9980059
Lampa,3872,2024-06-24,0.59,0.5066886,0,0.03931041
Lampa,3872,2024-06-25,0.53,0.31119198,0,0.03263197
Lampa,3872,2024-06-26,-1.45,-1.5241066,1,0.9901715
Lampa,3872,2024-06-27,-0.87,-0.8889311,1,0.98368925
Lampa,3872,2024-06-28,-1.63,-1.6316465,1,0.9884493
Lampa,3872,2024-06-29,-1.82,-1.7679344,1,0.9927031
Lampa,3872,2024-06-30,-5.28,-5.441704,1,0.99557847
Lampa,3872,2024-07-01,0.03,0.081042655,0,0.65327626
Lampa,3872,2024-07-02,-4.73,-4.437798,1,0.9947001
Lampa,3872,2024-07-03,-4.16,-4.24683,1,0.9985085
Lampa,3872,2024-07-04,-1.0,-1.1537162,1,0.9882058
Lampa,3872,2024-07-05,1.87,1.7386625,0,0.017195951
Lampa,3872,2024-07-06,1.42,1.2521058,0,0.011091871
Lampa,3872,2024-07-07,-0.0,0.08625617,1,0.4494067
Lampa,3872,2024-07-08,-4.52,-4.675504,1,0.99782383
Lampa,3872,2024-07-09,0.4,0.5047249,0,0.020315109
Lampa,3872,2024-07-10,0.53,0.6063639,0,0.01931796
Lampa,3872,2024-07-11,-3.18,-3.2219608,1,0.996349
Lampa,3872,2024-07-12,2.95,2.660696,0,0.005770291
Lampa,3872,2024-07-13,-3.33,-3.2323086,1,0.99538994
Lampa,3872,2024-07-14,3.59,3.2019088,0,0.0036323662
Lampa,3872,2024-07-15,2.18,2.034006,0,0.006014912
Lampa,3872,2024-07-16,-5.09,-4.7970967,1,0.9982418
Lampa,3872,2024-07-17,-1.11,-0.9265516,1,0.9835841
Lampa,3872,2024-07-18,-2.07,-1.9850903,1,0.990559
Lampa,3872,2024-07-19,-1.22,-1.1456549,1,0.9837572
Lampa,3872,2024-07-20,3.98,3.8020113,0,0.0032477952
Lampa,3872,2024-07-21,-0.93,-0.80284303,1,0.9849834
Lampa,3872,2024-07-22,3.92,3.7362201,0,0.0031521705
Lampa,3872,2024-07-23,-1.63,-1.4995009,1,0.9856916
Lampa,3872,2024-07-24,1.76,1.5538952,0,0.013798316
Lampa,3872,2024-07-25,1.39,1.2842501,0,0.023062037
Lampa,3872,2024-07-26,1.72,1.7141644,0,0.0071035684
Lampa,3872,2024-07-27,-3.5,-3.3264003,1,0.995849
Lampa,3872,2024-07-28,1.29,1.3177844,0,0.024754616
Lampa,3872,2024-07-29,0.39,0.4036401,0,0.056848623
Lampa,3872,2024-07-30,1.42,1.3946289,0,0.010647909
Lampa,3872,2024-07-31,-4.36,-4.327397,1,0.9971943
Lampa,3872,2024-08-01,0.73,0.79838425,0,0.044829402
Lampa,3872,2024-08-02,-1.26,-1.1185966,1,0.98413175
Lampa,3872,2024-08-03,3.94,3.7157788,0,0.0033534423
Lampa,3872,2024-08-04,2.18,2.0855095,0,0.012905454
Lampa,3872,2024-08-05,-2.87,-2.5435162,1,0.9926011
Lampa,3872,2024-08-06,1.34,1.6838106,0,0.021328187
Lampa,3872,2024-08-07,-0.13,-0.00073805597,1,0.7137053
Lampa,3872,2024-08-08,5.17,4.894235,0,0.0024129981
Lampa,3872,2024-08-09,0.75,0.6454201,0,0.043496266
Lampa,3872,2024-08-10,4.02,3.8592122,0,0.0029903115
Lampa,3872,2024-08-11,-2.62,-2.244045,1,0.9867836
Lampa,3872,2024-08-12,0.84,0.9374188,0,0.017068533
Lampa,3872,2024-08-13,1.12,1.219481,0,0.009794803
Lampa,3872,2024-08-14,3.34,3.320068,0,0.002854894
Lampa,3872,2024-08-15,2.27,2.1528645,0,0.005491714
Lampa,3872,2024-08-16,-0.65,-0.43358356,1,0.97078675
Lampa,3872,2024-08-17,1.84,1.988865,0,0.008600914
Lampa,3872,2024-08-18,2.34,2.315226,0,0.0045011695
Lampa,3872,2024-08-19,0.66,0.7748071,0,0.08195795
Lampa,3872,2024-08-20,0.56,0.5858244,0,0.079873085
Lampa,3872,2024-08-21,5.96,5.829685,0,0.0019837597
Lampa,3872,2024-08-22,-1.79,-1.6925749,1,0.9864971
Lampa,3872,2024-08-23,0.23,0.41837743,0,0.03180872
Lampa,3872,2024-08-24,-0.75,-0.54341227,1,0.9701254
Lampa,3872,2024-08-25,5.19,5.1574526,0,0.0023597449
Lampa,3872,2024-08-26,-0.63,-0.30189738,1,0.8948398
Lampa,3872,2024-08-27,1.04,0.9683845,0,0.009484817
Lampa,3872,2024-08-28,0.65,0.58384037,0,0.026791688
Lampa,3872,2024-08-29,-1.69,-1.7649316,1,0.9849835
Lampa,3872,2024-08-30,1.85,1.8875604,0,0.008017924
Lampa,3872,2024-08-31,4.71,4.6482253,0,0.0013140824
Lampa,3872,2024-09-01,5.35,4.978673,0,0.001434926
Lampa,3872,2024-09-02,-0.26,-0.3201899,1,0.6949169
Lampa,3872,2024-09-03,1.62,2.0931048,0,0.0028456443
Lampa,3872,2024-09-04,2.42,2.4045177,0,0.017544437
Lampa,3872,2024-09-05,3.12,3.2363875,0,0.0033731593
Lampa,3872,2024-09-06,1.98,1.9800016,0,0.0037000915
Lampa,3872,2024-09-07,8.17,7.7399697,0,0.000267403
Lampa,3872,2024-09-08,2.17,2.1566868,0,0.0025189884
Lampa,3872,2024-09-09,0.87,0.66839945,0,0.0055565843
Lampa,3872,2024-09-10,5.1,5.230895,0,0.0018942577
Lampa,3872,2024-09-11,6.99,6.8980527,0,0.001712683
Lampa,3872,2024-09-12,1.75,1.9094282,0,0.0047179214
Lampa,3872,2024-09-13,7.07,7.0835,0,0.0007381777
Lampa,3872,2024-09-14,5.95,6.141477,0,0.0007596366
Lampa,3872,2024-09-15,2.5,2.533527,0,0.00209344
Lampa,3872,2024-09-16,6.62,6.3679276,0,0.00032641308
Lampa,3872,2024-09-17,2.01,2.1534536,0,0.0031961405
Lampa,3872,2024-09-18,0.56,0.66218054,0,0.06931119
Lampa,3872,2024-09-19,1.82,2.1136239,0,0.0035886238
Lampa,3872,2024-09-20,5.4,5.6085377,0,0.002046801
Lampa,3872,2024-09-21,5.51,5.620956,0,0.00089485303
Lampa,3872,2024-09-22,6.5,6.4671917,0,0.00048338922
Lampa,3872,2024-09-23,5.1,5.124274,0,0.00068751007
Lampa,3872,2024-09-24,1.87,1.7801701,0,0.004422313
Lampa,3872,2024-09-25,10.78,9.906757,0,0.00013818423
Lampa,3872,2024-09-26,3.9,4.2239227,0,0.000583082
Lampa,3872,2024-09-27,6.64,6.7579813,0,0.00030622032
Lampa,3872,2024-09-28,2.66,3.053516,0,0.0010955047
Lampa,3872,2024-09-29,4.43,4.5462446,0,0.0010353047
Lampa,3872,2024-09-30,8.16,7.7347293,0,0.00059814093
Lampa,3872,2024-10-01,3.71,3.7295256,0,0.0015951352
Lampa,3872,2024-10-02,8.48,8.198034,0,0.0004088741
Lampa,3872,2024-10-03,6.04,6.1647615,0,0.0005439115
Lampa,3872,2024-10-04,5.89,5.9692345,0,0.0007974079
Lampa,3872,2024-10-05,5.37,5.5097594,0,0.00058400753
Lampa,3872,2024-10-06,6.87,6.978422,0,0.0003180129
Lampa,3872,2024-10-07,9.86,9.858187,0,0.00030586784
Lampa,3872,2024-10-08,7.68,7.6135745,0,0.00016464683
Lampa,3872,2024-10-09,4.64,4.6793847,0,0.00036932845
Lampa,3872,2024-10-10,12.06,11.81163,0,0.00012106695
Lampa,3872,2024-10-11,5.06,5.1943655,0,0.00039594888
Lampa,3872,2024-10-12,9.74,9.518509,0,0.00021677128
Lampa,3872,2024-10-13,-0.2,0.4473462,1,0.20158608
Lampa,3872,2024-10-14,4.03,4.381625,0,0.0010626465
Lampa,3872,2024-10-15,6.76,6.6376057,0,0.00068981794
Lampa,3872,2024-10-16,4.07,3.9409778,0,0.0013509007
Lampa,3872,2024-10-17,6.91,7.0410233,0,0.00066606345
Lampa,3872,2024-10-18,8.94,8.826856,0,0.0004073828
Lampa,3872,2024-10-19,7.57,7.5583816,0,0.00030714864
Lampa,3872,2024-10-20,12.06,11.902142,0,7.3440264e-05
Lampa,3872,2024-10-21,8.92,8.790975,0,0.000102771126
Lampa,3872,2024-10-22,7.1,7.1745143,0,0.00010293943
Lampa,3872,2024-10-23,3.88,4.0444155,0,0.0002603929
Lampa,3872,2024-10-24,7.74,7.8629675,0,0.00026914457
Lampa,3872,2024-10-25,6.89,7.1056557,0,0.00031424468
Lampa,3872,2024-10-26,5.53,5.705707,0,0.00030912427
Lampa,3872,2024-10-27,6.67,6.7163677,0,0.00027521377
Lampa,3872,2024-10-28,7.82,7.8243527,0,0.0002421975
Lampa,3872,2024-10-29,6.87,6.879751,0,0.00031263637
Lampa,3872,2024-10-30,13.74,13.434316,0,0.0001985945
Lampa,3872,2024-10-31,8.42,8.482588,0,0.00015846583
Lampa,3872,2024-11-01,6.81,6.986658,0,0.00020010103
Lampa,3872,2024-11-02,13.62,13.483808,0,7.8813755e-05
Lampa,3872,2024-11-03,7.3,7.369055,0,0.0001700964
Lampa,3872,2024-11-04,10.99,10.9886465,0,0.00013077454
Lampa,3872,2024-11-05,10.58,10.65901,0,6.846294e-05
Lampa,3872,2024-11-06,14.27,13.845045,0,9.834808e-05
Lampa,3872,2024-11-07,7.89,7.9351416,0,7.4941716e-05
Lampa,3872,2024-11-08,9.43,9.401466,0,0.00010394526
Lampa,3872,2024-11-09,7.02,7.130931,0,0.00012198263
Lampa,3872,2024-11-10,13.08,12.931592,0,0.00013129081
Lampa,3872,2024-11-11,3.11,3.702606,0,0.0002191044
Lampa,3872,2024-11-12,15.76,15.213484,0,0.000188854
Lampa,3872,2024-11-13,9.98,9.783649,0,0.00010958233
Lampa,3872,2024-11-14,10.27,9.979137,0,6.7945875e-05
Lampa,3872,2024-11-15,12.23,12.198652,0,5.005715e-05
Lampa,3872,2024-11-16,9.47,9.603575,0,7.88991e-05
Lampa,3872,2024-11-17,5.95,6.1358614,0,0.0001351896
Lampa,3872,2024-11-18,9.74,10.221309,0,7.7014905e-05
Lampa,3872,2024-11-19,13.66,13.356722,0,9.410721e-05
Lampa,3872,2024-11-20,10.44,10.455249,0,9.7048935e-05
Lampa,3872,2024-11-21,13.36,13.462507,0,0.00013167283
Lampa,3872,2024-11-22,9.07,9.180316,0,7.700793e-05
Lampa,3872,2024-11-23,11.61,11.617688,0,5.2981173e-05
Lampa,3872,2024-11-24,5.28,5.539607,0,0.00015626372
Lampa,3872,2024-11-25,9.77,9.828658,0,0.00019279782
Lampa,3872,2024-11-26,10.0,9.899663,0,0.00011237203
Lampa,3872,2024-11-27,8.27,8.533686,0,0.00015890827
Lampa,3872,2024-11-28,12.34,12.187147,0,0.000123554
Lampa,3872,2024-11-29,10.26,10.2497015,0,0.00011518694
Lampa,3872,2024-11-30,9.87,9.845592,0,0.00011187177
Lampa,3872,2024-12-01,12.61,12.721468,0,0.00011823582
Lampa,3872,2024-12-02,11.52,11.472661,0,8.929397e-05
Lampa,3872,2024-12-03,9.46,9.299162,0,7.548286e-05
Lampa,3872,2024-12-04,14.14,13.888981,0,2.7443386e-05
Lampa,3872,2024-12-05,10.44,10.587006,0,6.0054925e-05
Lampa,3872,2024-12-06,6.42,6.5812907,0,0.00013080696
Lampa,3872,2024-12-07,11.41,11.409665,0,0.0001191852
Lampa,3872,2024-12-08,9.26,9.35388,0,0.000103397484
Lampa,3872,2024-12-09,6.08,6.0849476,0,0.00018902747
Lampa,3872,2024-12-10,9.61,9.898061,0,7.474374e-05
Lampa,3872,2024-12-11,10.27,10.268558,0,9.565934e-05
Lampa,3872,2024-12-12,10.54,10.522775,0,9.161115e-05
Lampa,3872,2024-12-13,11.26,11.209428,0,0.00012140845
Lampa,3872,2024-12-14,6.16,6.330844,0,0.00012477348
Lampa,3872,2024-12-15,0.75,1.2694443,0,0.0013917052
Lampa,3872,2024-12-16,7.73,7.927499,0,0.0003558709
Lampa,3872,2024-12-17,12.37,11.820095,0,0.0003938015
Lampa,3872,2024-12-18,6.83,7.068778,0,0.00024637868
Lampa,3872,2024-12-19,12.21,12.11413,0,0.00012243057
Lampa,3872,2024-12-20,11.81,11.660088,0,0.00013744897
Lampa,3872,2024-12-21,5.21,5.4245257,0,0.00024268293
Lampa,3872,2024-12-22,10.37,10.549972,0,0.00019733982
Lampa,3872,2024-12-23,8.12,8.135453,0,0.00013124138
Lampa,3872,2024-12-24,12.19,12.173159,0,0.00014700908
Macusani,4345,2024-01-01,12.22,11.896715,0,0.00011172561
Macusani,4345,2024-01-02,10.05,9.940435,0,0.00020830352
Macusani,4345,2024-01-03,4.73,4.844296,0,0.00035282
Macusani,4345,2024-01-04,8.22,8.265114,0,0.00019560567
Macusani,4345,2024-01-05,8.66,8.764194,0,0.00025673409
Macusani,4345,2024-01-06,8.98,9.023355,0,0.00019278275
Macusani,4345,2024-01-07,8.1,8.041506,0,0.00016966456
Macusani,4345,2024-01-08,9.2,9.138413,0,0.00027056944
Macusani,4345,2024-01-09,11.53,11.346616,0,8.2287064e-05
Macusani,4345,2024-01-10,9.21,9.076812,0,0.00016605383
Macusani,4345,2024-01-11,7.04,6.926589,0,0.00024230538
Macusani,4345,2024-01-12,7.12,7.228633,0,0.00021142584
Macusani,4345,2024-01-13,9.87,9.910521,0,0.00033447944
Macusani,4345,2024-01-14,6.0,6.1526933,0,0.0003415209
Macusani,4345,2024-01-15,9.05,9.217549,0,0.00021893962
Macusani,4345,2024-01-16,3.6,3.8789809,0,0.0006901237
Macusani,4345,2024-01-17,7.4,7.4414134,0,0.00030673778
Macusani,4345,2024-01-18,6.08,6.2422633,0,0.00081444194
Macusani,4345,2024-01-19,9.05,9.075518,0,0.00045902713
Macusani,4345,2024-01-20,11.16,10.972498,0,0.00031795923
Macusani,4345,2024-01-21,8.46,8.4326515,0,0.00015644918
Macusani,4345,2024-01-22,7.69,7.4948792,0,0.00018725492
Macusani,4345,2024-01-23,9.56,9.325756,0,0.0003181524
Macusani,4345,2024-01-24,4.99,5.0838666,0,0.00029168942
Macusani,4345,2024-01-25,7.96,8.067569,0,0.00025090005
Macusani,4345,2024-01-26,7.23,7.2767653,0,0.00039480778
Macusani,4345,2024-01-27,7.55,7.390887,0,0.00039186748
Macusani,4345,2024-01-28,12.03,11.794216,0,0.00032065023
Macusani,4345,2024-01-29,6.06,6.1645494,0,0.00021930985
Macusani,4345,2024-01-30,6.94,7.067857,0,0.00029360285
Macusani,4345,2024-01-31,9.28,9.477539,0,0.00017265271
Macusani,4345,2024-02-01,4.05,4.0636945,0,0.0006550171
Macusani,4345,2024-02-02,7.37,7.29233,0,0.00053749664
Macusani,4345,2024-02-03,6.07,6.334017,0,0.00052843307
Macusani,4345,2024-02-04,7.03,6.83603,0,0.000422558
Macusani,4345,2024-02-05,1.26,1.3388071,0,0.0033951453
Macusani,4345,2024-02-06,6.03,6.1763535,0,0.0008452989
Macusani,4345,2024-02-07,6.42,6.302702,0,0.0009365424
Macusani,4345,2024-02-08,6.59,6.557551,0,0.0004028161
Macusani,4345,2024-02-09,8.88,9.050592,0,0.0013062696
Macusani,4345,2024-02-10,9.84,9.670857,0,0.00040690773
Macusani,4345,2024-02-11,7.28,7.2168694,0,0.0002617188
Macusani,4345,2024-02-12,4.88,4.6943564,0,0.00042530886
Macusani,4345,2024-02-13,7.55,7.3497405,0,0.00053207815
Macusani,4345,2024-02-14,6.43,6.3831267,0,0.00077044225
Macusani,4345,2024-02-15,7.97,7.675071,0,0.00034247315
Macusani,4345,2024-02-16,7.31,6.907285,0,0.00047676032
Macusani,4345,2024-02-17,6.57,6.414411,0,0.00041152842
Macusani,4345,2024-02-18,1.46,1.6599171,0,0.0031316427
Macusani,4345,2024-02-19,-1.25,-0.4959035,1,0.95808774
Macusani,4345,2024-02-20,7.55,7.5010567,0,0.0011384061
Macusani,4345,2024-02-21,2.04,2.2238452,0,0.006165248
Macusani,4345,2024-02-22,6.01,5.8666525,0,0.0007679658
Macusani,4345,2024-02-23,2.81,2.9439828,0,0.0017370665
Macusani,4345,2024-02-24,4.98,5.0692725,0,0.0011830684
Macusani,4345,2024-02-25,7.89,7.821677,0,0.00093655265
Macusani,4345,2024-02-26,6.46,6.187061,0,0.0007603858
Macusani,4345,2024-02-27,6.7,6.871839,0,0.0045323414
Macusani,4345,2024-02-28,3.94,3.687021,0,0.0007949546
Macusani,4345,2024-02-29,4.52,4.8292613,0,0.0007731738
Macusani,4345,2024-03-01,2.05,2.3504114,0,0.004251328
Macusani,4345,2024-03-02,1.06,1.0969049,0,0.0093708355
Macusani,4345,2024-03-03,0.96,1.2486304,0,0.012666464
Macusani,4345,2024-03-04,3.3,3.257229,0,0.004162165
Macusani,4345,2024-03-05,1.44,1.6028022,0,0.008821547
Macusani,4345,2024-03-06,1.31,1.3290522,0,0.0076213973
Macusani,4345,2024-03-07,5.0,4.4308395,0,0.0047643166
Macusani,4345,2024-03-08,4.97,5.229495,0,0.0016886209
Macusani,4345,2024-03-09,1.78,1.7184513,0,0.003848283
Macusani,4345,2024-03-10,4.81,4.872847,0,0.0016121408
Macusani,4345,2024-03-11,-0.54,0.824878,1,0.14981359
Macusani,4345,2024-03-12,0.73,0.6951603,0,0.0144130215
Macusani,4345,2024-03-13,1.32,1.1445829,0,0.008320318
Macusani,4345,2024-03-14,1.05,1.2463306,0,0.012257856
Macusani,4345,2024-03-15,2.07,2.2959683,0,0.0060356646
Macusani,4345,2024-03-16,3.26,3.3199198,0,0.005493149
Macusani,4345,2024-03-17,3.0,3.2485056,0,0.004353599
Macusani,4345,2024-03-18,0.36,0.21792546,0,0.30599782
Macusani,4345,2024-03-19,-0.16,-0.068468586,1,0.929497
Macusani,4345,2024-03-20,-1.46,-1.2247916,1,0.9852272
Macusani,4345,2024-03-21,2.64,2.6293817,0,0.059398204
Macusani,4345,2024-03-22,5.07,5.095378,0,0.002510052
Macusani,4345,2024-03-23,1.67,1.6120989,0,0.008491761
Macusani,4345,2024-03-24,-0.08,0.08128272,1,0.81378406
Macusani,4345,2024-03-25,3.06,2.9090905,0,0.0029341148
Macusani,4345,2024-03-26,2.78,2.7915282,0,0.003925515
Macusani,4345,2024-03-27,1.1,1.1837764,0,0.008179024
Macusani,4345,2024-03-28,0.89,1.0079391,0,0.008640946
Macusani,4345,2024-03-29,3.24,3.240847,0,0.003005423
Macusani,4345,2024-03-30,0.65,0.81386024,0,0.014948953
Macusani,4345,2024-03-31,-5.68,-5.202142,1,0.9986193
Macusani,4345,2024-04-01,4.62,4.4379077,0,0.0033804658
Macusani,4345,2024-04-02,-0.59,-0.28911695,1,0.95321864
Macusani,4345,2024-04-03,4.99,4.7431254,0,0.0032849025
Macusani,4345,2024-04-04,-1.37,-0.9458038,1,0.985886
Macusani,4345,2024-04-05,2.14,1.809373,0,0.018832862
Macusani,4345,2024-04-06,3.55,3.1903944,0,0.002051085
Macusani,4345,2024-04-07,3.44,3.307962,0,0.0048809936
Macusani,4345,2024-04-08,0.61,0.5780938,0,0.035106845
Macusani,4345,2024-04-09,-0.87,-0.8635211,1,0.976309
Macusani,4345,2024-04-10,0.2,0.13959774,0,0.081466034
Macusani,4345,2024-04-11,-0.16,-0.19202572,1,0.9367685
Macusani,4345,2024-04-12,-4.14,-4.062189,1,0.99594337
Macusani,4345,2024-04-13,-1.31,-1.286663,1,0.9877874
Macusani,4345,2024-04-14,0.46,0.46845472,0,0.14357238
Macusani,4345,2024-04-15,2.48,2.508665,0,0.0068700244
Macusani,4345,2024-04-16,1.92,1.8455561,0,0.008067469
Macusani,4345,2024-04-17,1.63,1.4900314,0,0.0166155
Macusani,4345,2024-04-18,0.71,0.6671434,0,0.1102295
Macusani,4345,2024-04-19,0.02,-0.03609524,0,0.26179522
Macusani,4345,2024-04-20,-4.27,-4.259543,1,0.99699247
Macusani,4345,2024-04-21,-6.41,-5.8065886,1,0.9986058
Macusani,4345,2024-04-22,-3.37,-3.2520185,1,0.99371237
Macusani,4345,2024-04-23,-1.74,-1.0054791,1,0.91349936
Macusani,4345,2024-04-24,-3.19,-2.9150834,1,0.9966055
Macusani,4345,2024-04-25,-4.24,-4.143537,1,0.99770504
Macusani,4345,2024-04-26,-2.35,-2.124004,1,0.99525404
Macusani,4345,2024-04-27,-1.56,-1.5563653,1,0.9934987
Macusani,4345,2024-04-28,-7.07,-6.6757665,1,0.99918205
Macusani,4345,2024-04-29,-2.99,-2.8102288,1,0.99456763
Macusani,4345,2024-04-30,-0.72,-0.8304631,1,0.986626
Macusani,4345,2024-05-01,-0.05,-0.059999228,1,0.7428328
Macusani,4345,2024-05-02,-0.49,-0.59873116,1,0.92017937
Macusani,4345,2024-05-03,-0.09,-0.29218125,1,0.80332077
Macusani,4345,2024-05-04,-0.74,-0.7338339,1,0.94301915
Macusani,4345,2024-05-05,-1.07,-1.1067253,1,0.98620284
Macusani,4345,2024-05-06,3.94,3.5845897,0,0.0040763374
Macusani,4345,2024-05-07,1.97,1.6152349,0,0.011687368
Macusani,4345,2024-05-08,-0.86,-0.84113646,1,0.98310626
Macusani,4345,2024-05-09,-0.26,-0.17656597,1,0.95203435
Macusani,4345,2024-05-10,-1.79,-1.7988297,1,0.9906206
Macusani,4345,2024-05-11,0.08,-0.23969983,0,0.21810196
Macusani,4345,2024-05-12,-4.83,-4.798864,1,0.9945451
Macusani,4345,2024-05-13,-3.32,-3.357669,1,0.99798787
Macusani,4345,2024-05-14,-3.89,-3.8761108,1,0.9967283
Macusani,4345,2024-05-15,-4.31,-4.2820683,1,0.9986877
Macusani,4345,2024-05-16,-3.62,-3.4815686,1,0.9955923
Macusani,4345,2024-05-17,-1.9,-1.9036769,1,0.99410725
Macusani,4345,2024-05-18,1.09,0.8315364,0,0.025876919
Macusani,4345,2024-05-19,-0.57,-0.7728875,1,0.9844834
Macusani,4345,2024-05-20,-6.2,-6.077074,1,0.99901843
Macusani,4345,2024-05-21,-2.18,-2.2054353,1,0.99458164
Macusani,4345,2024-05-22,-2.46,-2.5555713,1,0.995909
Macusani,4345,2024-05-23,-1.89,-2.1077979,1,0.99478525
Macusani,4345,2024-05-24,-5.76,-5.7769794,1,0.9985637
Macusani,4345,2024-05-25,-3.46,-3.517284,1,0.996729
Macusani,4345,2024-05-26,-2.38,-2.475728,1,0.99615085
Macusani,4345,2024-05-27,-6.12,-5.9602757,1,0.9975253
Macusani,4345,2024-05-28,-3.02,-2.8987043,1,0.9951668
Macusani,4345,2024-05-29,-4.04,-4.0018873,1,0.99610656
Macusani,4345,2024-05-30,-5.04,-4.9920893,1,0.9988986
Macusani,4345,2024-05-31,-6.53,-6.2740865,1,0.99831945
Macusani,4345,2024-06-01,-1.19,-1.324772,1,0.9921624
Macusani,4345,2024-06-02,-4.56,-4.621688,1,0.9978466
Macusani,4345,2024-06-03,-4.8,-4.793337,1,0.9966698
Macusani,4345,2024-06-04,1.47,1.1118073,0,0.01993135
Macusani,4345,2024-06-05,-1.16,-1.2554697,1,0.9911498
Macusani,4345,2024-06-06,1.54,1.3382317,0,0.014698109
Macusani,4345,2024-06-07,-5.37,-5.351269,1,0.99739695
Macusani,4345,2024-06-08,-3.03,-3.1108112,1,0.99577844
Macusani,4345,2024-06-09,-8.01,-7.704104,1,0.9993255
Macusani,4345,2024-06-10,-5.48,-5.3599734,1,0.9990602
Macusani,4345,2024-06-11,-3.98,-3.8455887,1,0.99846435
Macusani,4345,2024-06-12,-7.59,-7.328032,1,0.99937636
Macusani,4345,2024-06-13,-2.14,-2.1280181,1,0.99611485
Macusani,4345,2024-06-14,-4.63,-4.7084446,1,0.99813616
Macusani,4345,2024-06-15,-5.84,-5.759896,1,0.99905425
Macusani,4345,2024-06-16,-3.44,-3.325862,1,0.9968003
Macusani,4345,2024-06-17,-2.85,-2.7724462,1,0.997858
Macusani,4345,2024-06-18,-1.92,-1.9067125,1,0.9953093
Macusani,4345,2024-06-19,-5.26,-4.738567,1,0.9879507
Macusani,4345,2024-06-20,-6.17,-6.411938,1,0.9973067
Macusani,4345,2024-06-21,-5.82,-6.313068,1,0.99715817
Macusani,4345,2024-06-22,-7.47,-7.310225,1,0.9994816
Macusani,4345,2024-06-23,-6.61,-6.3645067,1,0.99819547
Macusani,4345,2024-06-24,-1.67,-2.0248687,1,0.9945431
Macusani,4345,2024-06-25,-7.48,-7.23732,1,0.99928856
Macusani,4345,2024-06-26,-6.61,-6.5664434,1,0.9991622
Macusani,4345,2024-06-27,-6.39,-6.1883945,1,0.9989967
Macusani,4345,2024-06-28,-3.06,-3.1419713,1,0.9964059
Macusani,4345,2024-06-29,-2.22,-2.4557345,1,0.9944476
Macusani,4345,2024-06-30,-3.94,-3.8928676,1,0.99756277
Macusani,4345,2024-07-01,-2.36,-2.620751,1,0.99437237
Macusani,4345,2024-07-02,-5.52,-5.3945174,1,0.9988154
Macusani,4345,2024-07-03,-1.34,-1.366262,1,0.9843797
Macusani,4345,2024-07-04,-3.59,-3.4927127,1,0.99836904
Macusani,4345,2024-07-05,-2.34,-2.4993792,1,0.99422354
Macusani,4345,2024-07-06,-3.82,-3.787853,1,0.99803716
Macusani,4345,2024-07-07,-0.96,-1.0471326,1,0.99216074
Macusani,4345,2024-07-08,-0.35,-0.43155777,1,0.9778112
Macusani,4345,2024-07-09,-4.23,-4.1294136,1,0.99835485
Macusani,4345,2024-07-10,-4.71,-4.784423,1,0.99739826
Macusani,4345,2024-07-11,1.53,1.2591598,0,0.036889784
Macusani,4345,2024-07-12,-0.24,-0.4232548,1,0.9233698
Macusani,4345,2024-07-13,-5.08,-4.6258483,1,0.9958468
Macusani,4345,2024-07-14,-1.48,-1.7052131,1,0.97508585
Macusani,4345,2024-07-15,-5.51,-5.2508783,1,0.99708825
Macusani,4345,2024-07-16,0.7,0.535887,0,0.04130114
Macusani,4345,2024-07-17,-4.72,-4.5023823,1,0.99858034
Macusani,4345,2024-07-18,-6.39,-6.319447,1,0.9981331
Macusani,4345,2024-07-19,-4.16,-4.2007446,1,0.998324
Macusani,4345,2024-07-20,-4.57,-4.4452434,1,0.99759394
Macusani,4345,2024-07-21,0.47,0.40754,0,0.07097686
Macusani,4345,2024-07-22,-0.19,-0.5750259,1,0.9094104
Macusani,4345,2024-07-23,0.19,0.050931647,0,0.25841784
Macusani,4345,2024-07-24,-4.02,-4.1341953,1,0.9957743
Macusani,4345,2024-07-25,-0.92,-0.91681916,1,0.9792687
Macusani,4345,2024-07-26,-4.81,-4.563003,1,0.9951969
Macusani,4345,2024-07-27,0.15,0.12195032,0,0.13990986
Macusani,4345,2024-07-28,-4.52,-4.557815,1,0.99790025
Macusani,4345,2024-07-29,-1.52,-1.4720954,1,0.992258
Macusani,4345,2024-07-30,-1.75,-1.6475329,1,0.9927322
Macusani,4345,2024-07-31,-6.38,-6.137635,1,0.9989951
Macusani,4345,2024-08-01,1.64,1.4710894,0,0.012162056
Macusani,4345,2024-08-02,0.65,0.7180245,0,0.023264749
Macusani,4345,2024-08-03,1.67,1.5787998,0,0.012710112
Macusani,4345,2024-08-04,-2.38,-2.4357758,1,0.99181175
Macusani,4345,2024-08-05,-0.09,-0.13045943,1,0.91531885
Macusani,4345,2024-08-06,-4.5,-4.7017665,1,0.98498005
Macusani,4345,2024-08-07,-1.86,-1.8256489,1,0.99230593
Macusani,4345,2024-08-08,1.63,1.6111795,0,0.010856633
Macusani,4345,2024-08-09,0.76,0.5888551,0,0.022360329
Macusani,4345,2024-08-10,3.39,3.4049168,0,0.0038926532
Macusani,4345,2024-08-11,-2.85,-2.5759034,1,0.9936179
Macusani,4345,2024-08-12,0.78,0.63116455,0,0.068941265
Macusani,4345,2024-08-13,3.18,2.994031,0,0.0029973425
Macusani,4345,2024-08-14,0.14,0.24228945,0,0.29281008
Macusani,4345,2024-08-15,-1.42,-1.4317976,1,0.98827386
Macusani,4345,2024-08-16,-6.25,-5.3887253,1,0.99321884
Macusani,4345,2024-08-17,-1.71,-1.7449424,1,0.99323225
Macusani,4345,2024-08-18,-4.44,-4.5879965,1,0.9907927
Macusani,4345,2024-08-19,-0.3,-0.22112079,1,0.9681234
Macusani,4345,2024-08-20,1.92,1.8468683,0,0.01456459
Macusani,4345,2024-08-21,3.12,2.9388325,0,0.0049788454
Macusani,4345,2024-08-22,-0.33,-0.27332544,1,0.9385705
Macusani,4345,2024-08-23,0.96,0.951582,0,0.016073588
Macusani,4345,2024-08-24,3.86,3.8350258,0,0.0029670082
Macusani,4345,2024-08-25,3.68,3.4770608,0,0.0033569166
Macusani,4345,2024-08-26,-2.66,-2.602878,1,0.99423814
Macusani,4345,2024-08-27,-1.05,-0.7419363,1,0.9734403
Macusani,4345,2024-08-28,4.12,3.904059,0,0.0027651845
Macusani,4345,2024-08-29,-2.7,-2.3134465,1,0.99529946
Macusani,4345,2024-08-30,-2.95,-2.504156,1,0.99304813
Macusani,4345,2024-08-31,3.08,3.2345033,0,0.004143724
Macusani,4345,2024-09-01,2.9,2.8460407,0,0.0053191134
Macusani,4345,2024-09-02,4.29,4.3169937,0,0.002249818
Macusani,4345,2024-09-03,6.11,5.9580765,0,0.0012129673
Macusani,4345,2024-09-04,2.05,2.18039,0,0.0064511583
Macusani,4345,2024-09-05,-1.31,-1.401436,1,0.975684
Macusani,4345,2024-09-06,1.12,1.3410655,0,0.0082221115
Macusani,4345,2024-09-07,-2.02,-2.061955,1,0.99121714
Macusani,4345,2024-09-08,-3.89,-3.7322898,1,0.9979103
Macusani,4345,2024-09-09,3.34,2.9631708,0,0.09829878
Macusani,4345,2024-09-10,-0.53,-0.6372984,1,0.97061557
Macusani,4345,2024-09-11,0.09,0.10018453,0,0.35826045
Macusani,4345,2024-09-12,1.77,1.7018901,0,0.008934394
Macusani,4345,2024-09-13,-1.08,-0.99063665,1,0.9768312
Macusani,4345,2024-09-14,6.32,6.181808,0,0.0020433918
Macusani,4345,2024-09-15,-0.96,-0.8566333,1,0.9735064
Macusani,4345,2024-09-16,2.75,2.912006,0,0.0025365935
Macusani,4345,2024-09-17,3.36,3.3371937,0,0.0021886274
Macusani,4345,2024-09-18,3.96,4.014302,0,0.002367546
Macusani,4345,2024-09-19,1.23,1.3188734,0,0.012556036
Macusani,4345,2024-09-20,4.13,4.1603236,0,0.0016787881
Macusani,4345,2024-09-21,1.99,2.3407917,0,0.0033219082
Macusani,4345,2024-09-22,0.53,0.6834915,0,0.031057803
Macusani,4345,2024-09-23,4.78,4.6917086,0,0.0017089312
Macusani,4345,2024-09-24,1.75,1.6035095,0,0.018618152
Macusani,4345,2024-09-25,7.96,7.9718113,0,0.0011357713
Macusani,4345,2024-09-26,5.13,5.1122384,0,0.0007571649
Macusani,4345,2024-09-27,7.33,7.079004,0,0.000642256
Macusani,4345,2024-09-28,2.65,2.8274224,0,0.0011943602
Macusani,4345,2024-09-29,4.59,4.709414,0,0.000982335
Macusani,4345,2024-09-30,5.43,5.4667883,0,0.00074814307
Macusani,4345,2024-10-01,3.39,3.2999604,0,0.0012564636
Macusani,4345,2024-10-02,5.52,5.373924,0,0.00095160864
Macusani,4345,2024-10-03,6.25,6.1486907,0,0.00071176904
Macusani,4345,2024-10-04,4.49,4.5632133,0,0.0010958888
Macusani,4345,2024-10-05,4.86,4.7653103,0,0.0008561604
Macusani,4345,2024-10-06,5.5,5.711058,0,0.0006780651
Macusani,4345,2024-10-07,3.8,3.9680529,0,0.0011540827
Macusani,4345,2024-10-08,6.38,6.20636,0,0.0009825138
Macusani,4345,2024-10-09,6.96,6.6993623,0,0.00057585054
Macusani,4345,2024-10-10,9.14,8.808839,0,0.00035042738
Macusani,4345,2024-10-11,2.59,2.7782445,0,0.0006684411
Macusani,4345,2024-10-12,5.86,5.7377157,0,0.00058632734
Macusani,4345,2024-10-13,4.85,5.004099,0,0.0008496572
Macusani,4345,2024-10-14,6.16,6.079145,0,0.00083598593
Macusani,4345,2024-10-15,3.65,3.7971258,0,0.00084635883
Macusani,4345,2024-10-16,5.91,6.044677,0,0.0008069583
Macusani,4345,2024-10-17,4.43,4.365211,0,0.0016583303
Macusani,4345,2024-10-18,10.09,9.888188,0,0.00044713423
Macusani,4345,2024-10-19,1.9,1.9815917,0,0.0010491383
Macusani,4345,2024-10-20,7.84,7.605479,0,0.0003825637
Macusani,4345,2024-10-21,4.49,4.8727694,0,0.0007210084
Macusani,4345,2024-10-22,6.27,6.1631126,0,0.00043397164
Macusani,4345,2024-10-23,7.27,7.179625,0,0.00047839168
Macusani,4345,2024-10-24,4.87,4.914102,0,0.00068742945
Macusani,4345,2024-10-25,7.34,7.229557,0,0.00031229976
Macusani,4345,2024-10-26,5.99,6.0412407,0,0.00048165914
Macusani,4345,2024-10-27,1.61,1.8752127,0,0.0016259337
Macusani,4345,2024-10-28,4.4,4.3613634,0,0.00079019764
Macusani,4345,2024-10-29,5.84,6.0071983,0,0.00073121034
Macusani,4345,2024-10-30,7.79,7.5254154,0,0.0005272233
Macusani,4345,2024-10-31,3.63,4.077472,0,0.00072967715
Macusani,4345,2024-11-01,12.1,11.922545,0,0.00030026806
Macusani,4345,2024-11-02,8.0,8.062901,0,0.0004563153
Macusani,4345,2024-11-03,5.45,5.5583344,0,0.00034840076
Macusani,4345,2024-11-04,8.45,8.399951,0,0.00024540833
Macusani,4345,2024-11-05,7.82,7.823415,0,0.00027106958
Macusani,4345,2024-11-06,4.64,4.710676,0,0.00038135154
Macusani,4345,2024-11-07,2.9,3.276206,0,0.00084365427
Macusani,4345,2024-11-08,8.3,8.134822,0,0.0005487368
Macusani,4345,2024-11-09,7.89,7.869203,0,0.00042962556
Macusani,4345,2024-11-10,3.37,3.8748212,0,0.0004580478
Macusani,4345,2024-11-11,6.69,6.7699127,0,0.00040396492
Macusani,4345,2024-11-12,10.72,10.289948,0,0.00019779493
Macusani,4345,2024-11-13,14.25,13.753955,0,0.00018222998
Macusani,4345,2024-11-14,12.65,12.283938,0,4.641695e-05
Macusani,4345,2024-11-15,10.77,10.844231,0,8.467883e-05
Macusani,4345,2024-11-16,6.53,6.611952,0,0.00012845389
Macusani,4345,2024-11-17,13.2,13.326782,0,0.00015691233
Macusani,4345,2024-11-18,7.94,8.039559,0,0.00018097545
Macusani,4345,2024-11-19,9.45,9.432302,0,0.00020387612
Macusani,4345,2024-11-20,8.38,8.421079,0,0.00012204896
Macusani,4345,2024-11-21,6.78,6.82289,0,0.00021956302
Macusani,4345,2024-11-22,12.25,11.981124,0,5.911602e-05
Macusani,4345,2024-11-23,10.78,10.462442,0,8.787276e-05
Macusani,4345,2024-11-24,8.12,8.130176,0,0.00012222213
Macusani,4345,2024-11-25,10.77,10.674962,0,0.00011490795
Macusani,4345,2024-11-26,11.82,11.567539,0,4.418498e-05
Macusani,4345,2024-11-27,7.84,7.7422047,0,0.00019726082
Macusani,4345,2024-11-28,8.44,8.62525,0,0.00013028266
Macusani,4345,2024-11-29,11.11,11.078738,0,0.000121599274
Macusani,4345,2024-11-30,6.65,6.6954155,0,0.00022493242
Macusani,4345,2024-12-01,10.04,10.068288,0,0.00016191484
Macusani,4345,2024-12-02,7.76,7.74533,0,0.00015607326
Macusani,4345,2024-12-03,11.78,11.618769,0,0.00022395211
Macusani,4345,2024-12-04,9.82,9.769134,0,9.502212e-05
Macusani,4345,2024-12-05,7.94,7.6651793,0,0.00023492181
Macusani,4345,2024-12-06,9.72,9.57542,0,0.00014698441
Macusani,4345,2024-12-07,10.64,10.55971,0,6.744036e-05
Macusani,4345,2024-12-08,8.02,7.9759245,0,8.5884276e-05
Macusani,4345,2024-12-09,10.96,10.761055,0,8.3577215e-05
Macusani,4345,2024-12-10,6.65,6.6361265,0,0.00011917167
Macusani,4345,2024-12-11,8.63,8.7107315,0,0.0004590455
Macusani,4345,2024-12-12,5.38,5.622889,0,0.00027386108
Macusani,4345,2024-12-13,10.06,9.9629755,0,0.00023155502
Macusani,4345,2024-12-14,2.02,2.5967298,0,0.00068240304
Macusani,4345,2024-12-15,9.13,9.108884,0,0.00029136756
Macusani,4345,2024-12-16,7.42,7.309726,0,0.00022916167
Macusani,4345,2024-12-17,4.12,4.3828006,0,0.00047129567
Macusani,4345,2024-12-18,10.25,10.330729,0,0.0001685997
Macusani,4345,2024-12-19,6.25,6.342248,0,0.0003237993
Macusani,4345,2024-12-20,10.46,10.400432,0,0.00038980244
Macusani,4345,2024-12-21,12.98,12.754476,0,0.000101336715
Macusani,4345,2024-12-22,11.81,11.8463,0,0.000172883
Macusani,4345,2024-12-23,5.56,5.782866,0,0.00014949989
Macusani,4345,2024-12-24,9.17,9.371063,0,0.00022226945
Mazocruz,3990,2024-01-01,13.17,13.400084,0,0.00015151594
Mazocruz,3990,2024-01-02,7.21,7.4979787,0,0.00019789493
Mazocruz,3990,2024-01-03,12.3,12.1904745,0,0.00017282218
Mazocruz,3990,2024-01-04,9.89,10.023207,0,0.00011334435
Mazocruz,3990,2024-01-05,15.29,15.0535755,0,6.615401e-05
Mazocruz,3990,2024-01-06,12.02,12.013598,0,0.00011277995
Mazocruz,3990,2024-01-07,9.37,9.468622,0,0.000113248745
Mazocruz,3990,2024-01-08,9.26,9.470687,0,0.00014571856
Mazocruz,3990,2024-01-09,9.74,9.670436,0,0.00010127701
Mazocruz,3990,2024-01-10,11.19,11.155591,0,0.00010860644
Mazocruz,3990,2024-01-11,10.53,10.765993,0,0.00012092273
Mazocruz,3990,2024-01-12,13.53,13.519161,0,0.000113434966
Mazocruz,3990,2024-01-13,13.44,13.614376,0,7.2403665e-05
Mazocruz,3990,2024-01-14,10.74,10.697328,0,7.1270224e-05
Mazocruz,3990,2024-01-15,9.25,9.394762,0,9.951552e-05
Mazocruz,3990,2024-01-16,5.88,6.1657157,0,0.00012430036
Mazocruz,3990,2024-01-17,14.11,12.92739,0,0.00072373275
Mazocruz,3990,2024-01-18,13.4,13.399107,0,0.00015131308
Mazocruz,3990,2024-01-19,11.98,11.964419,0,0.0001079823
Mazocruz,3990,2024-01-20,13.18,13.174565,0,8.5532425e-05
Mazocruz,3990,2024-01-21,8.87,9.05573,0,0.00012483631
Mazocruz,3990,2024-01-22,8.35,8.551513,0,0.00011709385
Mazocruz,3990,2024-01-23,9.36,9.55495,0,0.00039488627
Mazocruz,3990,2024-01-24,8.73,8.689712,0,0.00018090679
Mazocruz,3990,2024-01-25,9.9,9.726663,0,0.0002564222
Mazocruz,3990,2024-01-26,13.8,13.690966,0,0.00014507082
Mazocruz,3990,2024-01-27,10.74,10.730964,0,0.00010866445
Mazocruz,3990,2024-01-28,9.03,9.102148,0,0.00012117308
Mazocruz,3990,2024-01-29,10.66,10.512874,0,0.00010425408
Mazocruz,3990,2024-01-30,7.09,7.20065,0,0.00013673106
Mazocruz,3990,2024-01-31,9.23,9.147167,0,0.000199812
Mazocruz,3990,2024-02-01,9.14,9.19955,0,0.0001961488
Mazocruz,3990,2024-02-02,12.76,12.4629135,0,0.00014239804
Mazocruz,3990,2024-02-03,15.6,13.164227,0,0.00043155352
Mazocruz,3990,2024-02-04,9.78,9.613337,0,0.00017139119
Mazocruz,3990,2024-02-05,4.25,4.6089244,0,0.00034009083
Mazocruz,3990,2024-02-06,8.15,8.406073,0,0.00022363609
Mazocruz,3990,2024-02-07,14.16,13.724085,0,0.00017032752
Mazocruz,3990,2024-02-08,13.3,13.036652,0,9.343016e-05
Mazocruz,3990,2024-02-09,13.5,13.353755,0,0.00012560312
Mazocruz,3990,2024-02-10,9.42,9.349827,0,0.00012483631
Mazocruz,3990,2024-02-11,8.42,8.532587,0,0.00013873412
Mazocruz,3990,2024-02-12,9.36,9.2260685,0,0.00018186684
Mazocruz,3990,2024-02-13,9.15,8.994179,0,0.0001281066
Mazocruz,3990,2024-02-14,7.69,7.567733,0,0.00016690245
Mazocruz,3990,2024-02-15,7.5,7.423428,0,0.00026492804
Mazocruz,3990,2024-02-16,10.79,10.509506,0,9.4065035e-05
Mazocruz,3990,2024-02-17,8.61,8.599591,0,0.00013389105
Mazocruz,3990,2024-02-18,8.46,8.492326,0,0.00014846117
Mazocruz,3990,2024-02-19,10.42,10.304084,0,0.00015993144
Mazocruz,3990,2024-02-20,11.26,10.936495,0,0.0001722285
Mazocruz,3990,2024-02-21,6.92,6.911175,0,0.000121889614
Mazocruz,3990,2024-02-22,14.13,12.931743,0,0.00051992346
Mazocruz,3990,2024-02-23,9.12,9.223552,0,0.00021832864
Mazocruz,3990,2024-02-24,8.93,8.957112,0,0.00022137248
Mazocruz,3990,2024-02-25,10.99,10.699557,0,8.369198e-05
Mazocruz,3990,2024-02-26,10.82,10.872224,0,0.00025127063
Mazocruz,3990,2024-02-27,8.22,8.041706,0,0.00012130453
Mazocruz,3990,2024-02-28,7.92,7.741009,0,0.00021961305
Mazocruz,3990,2024-02-29,9.11,8.991087,0,0.0002349747
Mazocruz,3990,2024-03-01,11.57,11.38893,0,0.00022933172
Mazocruz,3990,2024-03-02,6.32,6.174402,0,0.00032795116
Mazocruz,3990,2024-03-03,7.63,7.3927627,0,0.00019590263
Mazocruz,3990,2024-03-04,8.88,8.737127,0,0.00093676464
Mazocruz,3990,2024-03-05,9.26,9.249731,0,0.00019764261
Mazocruz,3990,2024-03-06,7.53,7.388031,0,0.00028789247
Mazocruz,3990,2024-03-07,4.47,4.270501,0,0.0007474657
Mazocruz,3990,2024-03-08,6.39,6.388685,0,0.0003595652
Mazocruz,3990,2024-03-09,5.88,5.745781,0,0.0009066919
Mazocruz,3990,2024-03-10,7.19,7.1344786,0,0.0006022554
Mazocruz,3990,2024-03-11,9.15,9.174821,0,0.0004013848
Mazocruz,3990,2024-03-12,11.62,11.421846,0,0.00017956871
Mazocruz,3990,2024-03-13,0.92,1.3813424,0,0.006848764
Mazocruz,3990,2024-03-14,5.12,5.056682,0,0.0010416693
Mazocruz,3990,2024-03-15,3.01,3.0799892,0,0.0050234566
Mazocruz,3990,2024-03-16,8.77,8.412761,0,0.00066963024
Mazocruz,3990,2024-03-17,3.48,3.5116148,0,0.0008428648
Mazocruz,3990,2024-03-18,7.06,6.9497714,0,0.0007423437
Mazocruz,3990,2024-03-19,8.78,8.787171,0,0.00031664968
Mazocruz,3990,2024-03-20,9.86,9.759783,0,0.0003313816
Mazocruz,3990,2024-03-21,10.34,10.176794,0,0.00015673811
Mazocruz,3990,2024-03-22,4.3,4.1358514,0,0.00021588005
Mazocruz,3990,2024-03-23,4.24,4.443149,0,0.0003533606
Mazocruz,3990,2024-03-24,4.69,4.342981,0,0.0013208298
Mazocruz,3990,2024-03-25,7.09,6.891438,0,0.0007527339
Mazocruz,3990,2024-03-26,5.52,5.434674,0,0.00091347756
Mazocruz,3990,2024-03-27,6.7,6.517735,0,0.0005006228
Mazocruz,3990,2024-03-28,1.01,1.008092,0,0.0045513436
Mazocruz,3990,2024-03-29,5.8,5.544067,0,0.0012535212
Mazocruz,3990,2024-03-30,3.37,3.372282,0,0.002241428
Mazocruz,3990,2024-03-31,6.23,6.1141133,0,0.0011507577
Mazocruz,3990,2024-04-01,6.22,6.1903477,0,0.00077505526
Mazocruz,3990,2024-04-02,8.41,8.1769495,0,0.0004936309
Mazocruz,3990,2024-04-03,2.88,2.871046,0,0.0017362515
Mazocruz,3990,2024-04-04,6.43,5.9728785,0,0.0007040372
Mazocruz,3990,2024-04-05,5.21,5.1885815,0,0.0009060744
Mazocruz,3990,2024-04-06,3.54,3.3137958,0,0.0021102058
Mazocruz,3990,2024-04-07,5.01,4.8161144,0,0.00069097494
Mazocruz,3990,2024-04-08,1.12,1.1583586,0,0.0052917125
Mazocruz,3990,2024-04-09,5.73,5.3957386,0,0.0009560812
Mazocruz,3990,2024-04-10,0.35,0.6094127,0,0.029088091
Mazocruz,3990,2024-04-11,3.99,3.9730926,0,0.0021354356
Mazocruz,3990,2024-04-12,1.51,1.6740396,0,0.007033991
Mazocruz,3990,2024-04-13,-0.93,-0.6627267,1,0.93260443
Mazocruz,3990,2024-04-14,0.28,0.555614,0,0.06723105
Mazocruz,3990,2024-04-15,7.56,7.1617813,0,0.0016791455
Mazocruz,3990,2024-04-16,4.28,4.0600686,0,0.0032718363
Mazocruz,3990,2024-04-17,2.6,2.7071822,0,0.002341276
Mazocruz,3990,2024-04-18,1.83,1.7942703,0,0.0032247733
Mazocruz,3990,2024-04-19,5.19,5.117218,0,0.0016952722
Mazocruz,3990,2024-04-20,0.2,0.15531257,0,0.08764965
Mazocruz,3990,2024-04-21,2.01,2.1168003,0,0.0040214313
Mazocruz,3990,2024-04-22,3.53,3.4359019,0,0.0033597462
Mazocruz,3990,2024-04-23,-1.47,-1.4388514,1,0.98651403
Mazocruz,3990,2024-04-24,0.5,1.3450394,0,0.052457243
Mazocruz,3990,2024-04-25,2.61,2.5800142,0,0.0035353198
Mazocruz,3990,2024-04-26,1.97,1.9467051,0,0.006323395
Mazocruz,3990,2024-04-27,-0.07,-0.013668654,1,0.60559714
Mazocruz,3990,2024-04-28,6.69,6.333177,0,0.0022799715
Mazocruz,3990,2024-04-29,0.57,0.6161092,0,0.028083757
Mazocruz,3990,2024-04-30,6.63,6.1331673,0,0.0012686918
Mazocruz,3990,2024-05-01,2.55,2.7193778,0,0.0032817163
Mazocruz,3990,2024-05-02,0.43,0.47811005,0,0.01692079
Mazocruz,3990,2024-05-03,-0.37,1.0327274,1,0.029321058
Mazocruz,3990,2024-05-04,-1.8,-1.6079262,1,0.99087816
Mazocruz,3990,2024-05-05,2.09,2.0241008,0,0.006982861
Mazocruz,3990,2024-05-06,3.86,3.7201974,0,0.0031750726
Mazocruz,3990,2024-05-07,-0.64,-0.61871284,1,0.9772176
Mazocruz,3990,2024-05-08,3.73,3.3587587,0,0.0036345825
Mazocruz,3990,2024-05-09,5.29,5.152695,0,0.0023302888
Mazocruz,3990,2024-05-10,1.3,1.2364218,0,0.017532023
Mazocruz,3990,2024-05-11,1.68,1.5173929,0,0.005234862
Mazocruz,3990,2024-05-12,5.34,4.821467,0,0.0021234045
Mazocruz,3990,2024-05-13,0.76,0.7315135,0,0.013633468
Mazocruz,3990,2024-05-14,1.85,1.8445014,0,0.005887107
Mazocruz,3990,2024-05-15,-0.13,-0.080161236,1,0.6997246
Mazocruz,3990,2024-05-16,-2.03,-2.1440809,1,0.9918744
Mazocruz,3990,2024-05-17,4.14,3.9207501,0,0.0047028875
Mazocruz,3990,2024-05-18,0.06,0.030630805,0,0.37777054
Mazocruz,3990,2024-05-19,3.3,2.9829085,0,0.0047636
Mazocruz,3990,2024-05-20,-0.78,-0.55499876,1,0.96435934
Mazocruz,3990,2024-05-21,1.23,1.1173971,0,0.009524968
Mazocruz,3990,2024-05-22,0.78,0.63348055,0,0.02225151
Mazocruz,3990,2024-05-23,-0.84,-0.7629775,1,0.9691562
Mazocruz,3990,2024-05-24,0.47,0.33197293,0,0.04231983
Mazocruz,3990,2024-05-25,3.35,3.332245,0,0.0048325094
Mazocruz,3990,2024-05-26,2.99,2.750353,0,0.005272071
Mazocruz,3990,2024-05-27,-0.78,-0.5554855,1,0.96262723
Mazocruz,3990,2024-05-28,1.64,1.4123667,0,0.013096546
Mazocruz,3990,2024-05-29,-4.84,-4.989237,1,0.9967816
Mazocruz,3990,2024-05-30,3.22,3.0545044,0,0.0060493224
Mazocruz,3990,2024-05-31,-0.3,-0.46425146,1,0.95978016
Mazocruz,3990,2024-06-01,4.66,4.225715,0,0.0037513736
Mazocruz,3990,2024-06-02,0.53,0.36894846,0,0.0147008505
Mazocruz,3990,2024-06-03,-0.39,-0.35728598,1,0.97164017
Mazocruz,3990,2024-06-04,-0.4,-0.26099223,1,0.96248025
Mazocruz,3990,2024-06-05,4.56,4.380143,0,0.0053533292
Mazocruz,3990,2024-06-06,7.1,6.692798,0,0.0014186815
Mazocruz,3990,2024-06-07,1.72,1.6457982,0,0.003166786
Mazocruz,3990,2024-06-08,1.46,1.2519192,0,0.008356596
Mazocruz,3990,2024-06-09,2.75,2.6263428,0,0.004032064
Mazocruz,3990,2024-06-10,5.99,5.643392,0,0.0017384727
Mazocruz,3990,2024-06-11,-2.41,-2.2412283,1,0.9914442
Mazocruz,3990,2024-06-12,-1.02,-0.795554,1,0.97786945
Mazocruz,3990,2024-06-13,2.06,1.5103011,0,0.00713903
Mazocruz,3990,2024-06-14,0.38,0.26726645,0,0.043914124
Mazocruz,3990,2024-06-15,4.33,4.050801,0,0.0036264532
Mazocruz,3990,2024-06-16,2.31,1.9928694,0,0.008396656
Mazocruz,3990,2024-06-17,0.28,0.30891597,0,0.0513035
Mazocruz,3990,2024-06-18,0.63,0.70288366,0,0.12970854
Mazocruz,3990,2024-06-19,-2.18,-2.2666166,1,0.99056154
Mazocruz,3990,2024-06-20,-4.38,-4.420125,1,0.9975654
Mazocruz,3990,2024-06-21,-1.02,-0.9503558,1,0.98547435
Mazocruz,3990,2024-06-22,3.47,3.242279,0,0.004869522
Mazocruz,3990,2024-06-23,-2.64,-2.4802327,1,0.99351126
Mazocruz,3990,2024-06-24,-0.41,-0.481261,1,0.94386023
Mazocruz,3990,2024-06-25,0.82,0.58601016,0,0.01862788
Mazocruz,3990,2024-06-26,-3.28,-3.1900234,1,0.99555427
Mazocruz,3990,2024-06-27,5.75,5.4531465,0,0.005356364
Mazocruz,3990,2024-06-28,2.54,2.3426733,0,0.01003857
Mazocruz,3990,2024-06-29,-3.73,-3.109123,1,0.9898902
Mazocruz,3990,2024-06-30,-1.55,-1.5310798,1,0.9867209
Mazocruz,3990,2024-07-01,2.1,1.8751866,0,0.008883123
Mazocruz,3990,2024-07-02,2.76,2.6725988,0,0.006009523
Mazocruz,3990,2024-07-03,-2.3,-2.2843897,1,0.99199814
Mazocruz,3990,2024-07-04,-1.83,-1.6706967,1,0.98920435
Mazocruz,3990,2024-07-05,1.85,1.6957078,0,0.010124537
Mazocruz,3990,2024-07-06,0.39,0.33403406,0,0.024472201
Mazocruz,3990,2024-07-07,-0.51,-0.3737312,1,0.94666564
Mazocruz,3990,2024-07-08,-0.25,-0.17542209,1,0.8210328
Mazocruz,3990,2024-07-09,2.79,2.7948515,0,0.00599571
Mazocruz,3990,2024-07-10,-4.07,-3.9904864,1,0.99696857
Mazocruz,3990,2024-07-11,-0.24,-0.14228815,1,0.89677787
Mazocruz,3990,2024-07-12,-4.63,-4.5615015,1,0.99792296
Mazocruz,3990,2024-07-13,-2.4,-2.5554852,1,0.9956292
Mazocruz,3990,2024-07-14,-1.41,-1.1972111,1,0.9885738
Mazocruz,3990,2024-07-15,-2.28,-2.321697,1,0.9953923
Mazocruz,3990,2024-07-16,6.89,6.364398,0,0.0018227007
Mazocruz,3990,2024-07-17,1.56,1.2764715,0,0.012141799
Mazocruz,3990,2024-07-18,-1.97,-1.7505811,1,0.9616302
Mazocruz,3990,2024-07-19,-0.49,-0.3176466,1,0.9676109
Mazocruz,3990,2024-07-20,-1.55,-1.3891443,1,0.9893828
Mazocruz,3990,2024-07-21,-1.02,-0.836431,1,0.98353404
Mazocruz,3990,2024-07-22,1.73,1.5353045,0,0.058707915
Mazocruz,3990,2024-07-23,-0.07,0.07787417,1,0.8551122
Mazocruz,3990,2024-07-24,2.66,2.6126065,0,0.0059924317
Mazocruz,3990,2024-07-25,-1.25,-1.2538449,1,0.98323387
Mazocruz,3990,2024-07-26,-1.08,-0.9185583,1,0.9794027
Mazocruz,3990,2024-07-27,0.45,0.42980662,0,0.04220424
Mazocruz,3990,2024-07-28,-1.28,-1.4837354,1,0.95712817
Mazocruz,3990,2024-07-29,-0.82,-0.6621127,1,0.98406684
Mazocruz,3990,2024-07-30,6.1,5.701077,0,0.001734795
Mazocruz,3990,2024-07-31,4.05,3.8930855,0,0.0024151008
Mazocruz,3990,2024-08-01,-2.42,-2.0555284,1,0.98758197
Mazocruz,3990,2024-08-02,6.16,5.8901687,0,0.004625984
Mazocruz,3990,2024-08-03,-4.32,-3.875305,1,0.9957182
Mazocruz,3990,2024-08-04,0.44,1.0520498,0,0.19224119
Mazocruz,3990,2024-08-05,2.72,2.5261035,0,0.005512444
Mazocruz,3990,2024-08-06,1.35,1.1710756,0,0.027136186
Mazocruz,3990,2024-08-07,4.39,4.0876775,0,0.0018689691
Mazocruz,3990,2024-08-08,5.02,4.8146305,0,0.0019826856
Mazocruz,3990,2024-08-09,-0.53,-0.2581626,1,0.8545618
Mazocruz,3990,2024-08-10,0.88,0.9191174,0,0.009340364
Mazocruz,3990,2024-08-11,2.59,2.441957,0,0.0039175693
Mazocruz,3990,2024-08-12,-1.03,-0.9613506,1,0.96778035
Mazocruz,3990,2024-08-13,4.35,4.0901,0,0.0016735101
Mazocruz,3990,2024-08-14,4.56,4.3391495,0,0.002456004
Mazocruz,3990,2024-08-15,2.72,2.5072398,0,0.0027712318
Mazocruz,3990,2024-08-16,1.15,0.96754444,0,0.0056903516
Mazocruz,3990,2024-08-17,1.64,1.6618773,0,0.0058982554
Mazocruz,3990,2024-08-18,4.62,4.5134234,0,0.0020815877
Mazocruz,3990,2024-08-19,2.81,2.8077269,0,0.004036162
Mazocruz,3990,2024-08-20,3.07,3.0360582,0,0.002389676
Mazocruz,3990,2024-08-21,9.19,8.959647,0,0.00069956644
Mazocruz,3990,2024-08-22,2.67,2.5883677,0,0.0020471895
Mazocruz,3990,2024-08-23,5.64,5.479251,0,0.0007572183
Mazocruz,3990,2024-08-24,5.66,5.570849,0,0.0008314268
Mazocruz,3990,2024-08-25,2.13,2.114701,0,0.0025720983
Mazocruz,3990,2024-08-26,6.07,6.0438604,0,0.0008968898
Mazocruz,3990,2024-08-27,8.64,8.423328,0,0.00032458684
Mazocruz,3990,2024-08-28,1.99,2.1533678,0,0.0017530926
Mazocruz,3990,2024-08-29,4.82,4.781317,0,0.0009012441
Mazocruz,3990,2024-08-30,4.42,4.3704367,0,0.0011678899
Mazocruz,3990,2024-08-31,1.5,1.6880618,0,0.003271264
Mazocruz,3990,2024-09-01,1.45,1.750154,0,0.0044224076
Mazocruz,3990,2024-09-02,9.19,8.606962,0,0.0003459939
Mazocruz,3990,2024-09-03,2.64,2.681658,0,0.0020678018
Mazocruz,3990,2024-09-04,6.14,5.8368955,0,0.0008261292
Mazocruz,3990,2024-09-05,3.33,3.5555089,0,0.0012865143
Mazocruz,3990,2024-09-06,4.37,4.3445115,0,0.0010634131
Mazocruz,3990,2024-09-07,5.98,5.852837,0,0.00072463613
Mazocruz,3990,2024-09-08,4.18,4.239836,0,0.0011853933
Mazocruz,3990,2024-09-09,5.43,5.343099,0,0.0009069762
Mazocruz,3990,2024-09-10,1.17,1.0939912,0,0.0041014813
Mazocruz,3990,2024-09-11,4.83,4.753888,0,0.001308296
Mazocruz,3990,2024-09-12,6.0,5.7569637,0,0.0009184469
Mazocruz,3990,2024-09-13,3.72,3.8716137,0,0.0014696094
Mazocruz,3990,2024-09-14,6.15,6.137444,0,0.00090135954
Mazocruz,3990,2024-09-15,8.04,7.8993793,0,0.00069464766
Mazocruz,3990,2024-09-16,1.76,1.695265,0,0.008847197
Mazocruz,3990,2024-09-17,3.89,4.2612085,0,0.0008858099
Mazocruz,3990,2024-09-18,3.99,3.947015,0,0.0016316002
Mazocruz,3990,2024-09-19,5.12,5.1707497,0,0.0010942942
Mazocruz,3990,2024-09-20,7.08,7.083507,0,0.0006894354
Mazocruz,3990,2024-09-21,9.47,9.271101,0,0.000347169
Mazocruz,3990,2024-09-22,10.43,10.333468,0,0.00016043289
Mazocruz,3990,2024-09-23,8.37,8.226777,0,0.00013288675
Mazocruz,3990,2024-09-24,8.91,8.653568,0,0.00011165149
Mazocruz,3990,2024-09-25,3.88,4.4273396,0,0.00037555402
Mazocruz,3990,2024-09-26,5.92,5.9107566,0,0.000326302
Mazocruz,3990,2024-09-27,7.61,7.5083814,0,0.00029550178
Mazocruz,3990,2024-09-28,4.49,4.550519,0,0.0009267693
Mazocruz,3990,2024-09-29,6.36,6.168636,0,0.0004931098
Mazocruz,3990,2024-09-30,9.01,8.761037,0,0.0003368473
Mazocruz,3990,2024-10-01,4.25,4.287713,0,0.0007560048
Mazocruz,3990,2024-10-02,7.77,7.879956,0,0.00037439403
Mazocruz,3990,2024-10-03,7.83,7.7751827,0,0.00043387068
Mazocruz,3990,2024-10-04,4.8,5.03953,0,0.0005139509
Mazocruz,3990,2024-10-05,9.41,9.371594,0,0.00025765685
Mazocruz,3990,2024-10-06,9.49,9.597362,0,0.00023897924
Mazocruz,3990,2024-10-07,2.46,2.7105386,0,0.000929818
Mazocruz,3990,2024-10-08,12.01,11.747884,0,0.00024505807
Mazocruz,3990,2024-10-09,6.56,6.7247777,0,0.00023984528
Mazocruz,3990,2024-10-10,3.3,3.4928055,0,0.0007568882
Mazocruz,3990,2024-10-11,10.66,10.416107,0,0.00019095733
Mazocruz,3990,2024-10-12,9.49,9.424599,0,0.00021243072
Mazocruz,3990,2024-10-13,4.59,5.007525,0,0.00024246574
Mazocruz,3990,2024-10-14,8.88,8.943069,0,0.00017932079
Mazocruz,3990,2024-10-15,10.36,10.339824,0,7.622413e-05
Mazocruz,3990,2024-10-16,8.97,9.044929,0,0.00013173877
Mazocruz,3990,2024-10-17,9.3,9.150649,0,0.0001014538
Mazocruz,3990,2024-10-18,12.7,12.470805,0,6.817752e-05
Mazocruz,3990,2024-10-19,10.69,10.844602,0,0.00016617293
Mazocruz,3990,2024-10-20,7.48,7.396959,0,9.1972055e-05
Mazocruz,3990,2024-10-21,11.02,11.149071,0,0.00012389211
Mazocruz,3990,2024-10-22,10.04,10.034376,0,7.097709e-05
Mazocruz,3990,2024-10-23,9.43,9.500485,0,9.509337e-05
Mazocruz,3990,2024-10-24,9.53,9.592279,0,6.453193e-05
Mazocruz,3990,2024-10-25,5.33,5.468295,0,0.00014924679
Mazocruz,3990,2024-10-26,8.71,8.814187,0,0.00019615983
Mazocruz,3990,2024-10-27,8.41,8.4217205,0,0.00016334472
Mazocruz,3990,2024-10-28,5.87,6.009545,0,0.00028222182
Mazocruz,3990,2024-10-29,9.23,9.244984,0,0.00016354266
Mazocruz,3990,2024-10-30,7.35,7.4943767,0,0.00021676715
Mazocruz,3990,2024-10-31,15.36,14.775961,0,3.7002934e-05
Mazocruz,3990,2024-11-01,13.94,13.751157,0,0.000111286055
Mazocruz,3990,2024-11-02,11.54,11.55127,0,6.864815e-05
Mazocruz,3990,2024-11-03,13.58,13.700172,0,4.1000323e-05
Mazocruz,3990,2024-11-04,8.12,8.205966,0,8.307931e-05
Mazocruz,3990,2024-11-05,7.86,7.9694843,0,0.00016256161
Mazocruz,3990,2024-11-06,10.14,10.170523,0,9.972822e-05
Mazocruz,3990,2024-11-07,10.65,10.543754,0,9.640642e-05
Mazocruz,3990,2024-11-08,11.4,11.023943,0,4.776571e-05
Mazocruz,3990,2024-11-09,13.46,13.427994,0,6.416908e-05
Mazocruz,3990,2024-11-10,10.74,10.765579,0,0.00010130753
Mazocruz,3990,2024-11-11,7.42,7.595998,0,9.969732e-05
Mazocruz,3990,2024-11-12,11.06,10.863496,0,7.4264804e-05
Mazocruz,3990,2024-11-13,14.08,13.982648,0,6.810753e-05
Mazocruz,3990,2024-11-14,14.02,14.075086,0,7.993739e-05
Mazocruz,3990,2024-11-15,9.46,9.448946,0,9.725331e-05
Mazocruz,3990,2024-11-16,16.01,16.040144,0,5.882405e-05
Mazocruz,3990,2024-11-17,14.04,14.057596,0,5.319958e-05
Mazocruz,3990,2024-11-18,9.0,9.084504,0,8.507973e-05
Mazocruz,3990,2024-11-19,12.51,12.694699,0,5.4866767e-05
Mazocruz,3990,2024-11-20,10.07,10.136457,0,0.00011390157
Mazocruz,3990,2024-11-21,11.83,11.653798,0,8.7903936e-05
Mazocruz,3990,2024-11-22,12.6,12.599332,0,9.9890785e-05
Mazocruz,3990,2024-11-23,11.78,11.71785,0,5.5533394e-05
Mazocruz,3990,2024-11-24,11.53,11.583987,0,3.3856122e-05
Mazocruz,3990,2024-11-25,9.03,9.039087,0,0.00010664444
Mazocruz,3990,2024-11-26,12.38,12.481405,0,0.00012965
Mazocruz,3990,2024-11-27,10.2,10.051406,0,6.534564e-05
Mazocruz,3990,2024-11-28,14.07,14.040048,0,6.340055e-05
Mazocruz,3990,2024-11-29,14.37,14.429609,0,4.276798e-05
Mazocruz,3990,2024-11-30,13.11,13.128153,0,5.6962916e-05
Mazocruz,3990,2024-12-01,11.53,11.704666,0,6.689873e-05
Mazocruz,3990,2024-12-02,11.91,12.004957,0,0.00010350551
Mazocruz,3990,2024-12-03,13.51,14.492327,0,0.00022213277
Mazocruz,3990,2024-12-04,16.02,15.75189,0,3.8404614e-05
Mazocruz,3990,2024-12-05,18.43,13.103113,0,0.0006501978
Mazocruz,3990,2024-12-06,10.55,10.70394,0,8.5842024e-05
Mazocruz,3990,2024-12-07,16.1,15.821216,0,0.00015073318
Mazocruz,3990,2024-12-08,12.36,12.268735,0,0.00014234916
Mazocruz,3990,2024-12-09,15.22,15.261446,0,7.8142395e-05
Mazocruz,3990,2024-12-10,12.39,12.676006,0,9.342882e-05
Mazocruz,3990,2024-12-11,10.29,10.415918,0,8.2119164e-05
Mazocruz,3990,2024-12-12,12.13,12.226938,0,0.00010737925
Mazocruz,3990,2024-12-13,12.87,12.855091,0,5.1637682e-05
Mazocruz,3990,2024-12-14,11.86,11.896697,0,0.00012695124
Mazocruz,3990,2024-12-15,13.11,13.007852,0,5.2452917e-05
Mazocruz,3990,2024-12-16,12.82,12.821661,0,0.0001663608
Mazocruz,3990,2024-12-17,9.39,9.419779,0,5.6633115e-05
Mazocruz,3990,2024-12-18,12.37,12.456193,0,5.348898e-05
Mazocruz,3990,2024-12-19,15.72,15.509846,0,9.5642376e-05
Mazocruz,3990,2024-12-20,14.22,14.382774,0,9.271331e-05
Mazocruz,3990,2024-12-21,11.89,11.92932,0,0.00010087538
Mazocruz,3990,2024-12-22,15.55,15.448769,0,7.658062e-05
Mazocruz,3990,2024-12-23,11.91,11.868741,0,9.558604e-05
Mazocruz,3990,2024-12-24,14.25,13.945572,0,7.548286e-05
Puno,3825,2024-01-01,15.46,15.287526,0,0.0001114801
Puno,3825,2024-01-02,13.35,13.161746,0,3.8261718e-05
Puno,3825,2024-01-03,13.0,12.947717,0,8.919014e-05
Puno,3825,2024-01-04,14.7,14.605634,0,0.00012000905
Puno,3825,2024-01-05,11.77,11.754084,0,8.9611545e-05
Puno,3825,2024-01-06,16.62,16.486124,0,0.00010958546
Puno,3825,2024-01-07,10.72,10.775544,0,0.00012901229
Puno,3825,2024-01-08,14.27,13.811449,0,0.000113973394
Puno,3825,2024-01-09,16.16,15.9697485,0,8.200772e-05
Puno,3825,2024-01-10,9.07,9.105165,0,9.395083e-05
Puno,3825,2024-01-11,11.6,11.672421,0,0.000118084274
Puno,3825,2024-01-12,15.24,14.710377,0,0.00013435018
Puno,3825,2024-01-13,15.2,14.997772,0,0.00010773331
Puno,3825,2024-01-14,11.84,11.754591,0,9.913619e-05
Puno,3825,2024-01-15,10.39,10.457282,0,0.000108309
Puno,3825,2024-01-16,14.58,15.377591,0,0.00015279719
Puno,3825,2024-01-17,15.1,16.166882,0,0.00012518391
Puno,3825,2024-01-18,9.2,9.383636,0,0.00011034886
Puno,3825,2024-01-19,9.07,9.038337,0,0.00011984619
Puno,3825,2024-01-20,12.53,12.525029,0,0.000102690996
Puno,3825,2024-01-21,13.45,13.315238,0,9.952112e-05
Puno,3825,2024-01-22,11.06,11.024473,0,0.0001956773
Puno,3825,2024-01-23,13.45,13.351151,0,9.5053925e-05
Puno,3825,2024-01-24,9.89,9.947047,0,0.00014518444
Puno,3825,2024-01-25,6.34,6.3015695,0,0.00025927118
Puno,3825,2024-01-26,10.56,10.530998,0,0.00014522336
Puno,3825,2024-01-27,11.71,11.565057,0,0.00021753405
Puno,3825,2024-01-28,10.8,11.056432,0,0.00024251107
Puno,3825,2024-01-29,8.55,8.54689,0,0.00010139539
Puno,3825,2024-01-30,6.78,7.085367,0,0.00027087607
Puno,3825,2024-01-31,9.96,9.858185,0,0.0001446392
Puno,3825,2024-02-01,13.44,13.103494,0,0.00020419322
Puno,3825,2024-02-02,14.24,13.898617,0,6.603482e-05
Puno,3825,2024-02-03,13.96,13.7844095,0,7.642808e-05
Puno,3825,2024-02-04,8.86,8.916293,0,0.00010386262
Puno,3825,2024-02-05,7.94,8.095769,0,0.00013687389
Puno,3825,2024-02-06,11.96,11.779222,0,0.00014115189
Puno,3825,2024-02-07,12.28,12.1061735,0,8.146112e-05
Puno,3825,2024-02-08,11.6,11.55992,0,6.753233e-05
Puno,3825,2024-02-09,5.45,5.693376,0,0.00028204024
Puno,3825,2024-02-10,8.23,8.104551,0,0.00023442622
Puno,3825,2024-02-11,10.26,10.359666,0,0.00029171724
Puno,3825,2024-02-12,11.47,11.241461,0,0.00029659466
Puno,3825,2024-02-13,12.09,12.016432,0,0.00010372694
Puno,3825,2024-02-14,10.42,10.436963,0,9.3231596e-05
Puno,3825,2024-02-15,10.84,10.640307,0,0.00012373214
Puno,3825,2024-02-16,10.15,9.878771,0,9.477752e-05
Puno,3825,2024-02-17,11.6,11.391099,0,7.220716e-05
Puno,3825,2024-02-18,10.58,10.443447,0,8.15159e-05
Puno,3825,2024-02-19,9.9,9.605721,0,0.0001000702
Puno,3825,2024-02-20,8.94,8.814484,0,0.00038460636
Puno,3825,2024-02-21,9.71,9.40075,0,0.00010685464
Puno,3825,2024-02-22,10.66,10.365233,0,0.00010259665
Puno,3825,2024-02-23,10.07,9.50358,0,0.00011379855
Puno,3825,2024-02-24,10.22,10.03988,0,9.9691424e-05
Puno,3825,2024-02-25,12.54,12.284719,0,0.00015184266
Puno,3825,2024-02-26,9.73,9.528839,0,0.000108445
Puno,3825,2024-02-27,7.33,7.272359,0,0.00011640983
Puno,3825,2024-02-28,11.07,10.995129,0,0.00013856
Puno,3825,2024-02-29,5.38,5.548888,0,0.000327421
Puno,3825,2024-03-01,6.01,5.7472086,0,0.00058761187
Puno,3825,2024-03-02,9.44,9.228725,0,0.00028307308
Puno,3825,2024-03-03,9.81,9.649937,0,0.00044633853
Puno,3825,2024-03-04,5.29,5.432158,0,0.00073798816
Puno,3825,2024-03-05,7.36,7.3088675,0,0.00023876652
Puno,3825,2024-03-06,6.74,6.5433826,0,0.00035867863
Puno,3825,2024-03-07,6.87,6.683432,0,0.00035800377
Puno,3825,2024-03-08,10.37,9.96311,0,0.0009168927
Puno,3825,2024-03-09,9.63,9.2322645,0,0.00022452531
Puno,3825,2024-03-10,7.75,7.63524,0,0.00017217103
Puno,3825,2024-03-11,6.31,6.0276494,0,0.00042596413
Puno,3825,2024-03-12,4.16,4.0739026,0,0.00058724935
Puno,3825,2024-03-13,11.0,10.935428,0,0.00056625984
Puno,3825,2024-03-14,8.84,8.504462,0,0.0002950612
Puno,3825,2024-03-15,5.46,5.691281,0,0.0005090221
Puno,3825,2024-03-16,8.89,8.6771965,0,0.00043574453
Puno,3825,2024-03-17,6.8,6.5685782,0,0.00029125786
Puno,3825,2024-03-18,6.12,6.093055,0,0.0003370442
Puno,3825,2024-03-19,7.79,7.633191,0,0.00038761378
Puno,3825,2024-03-20,4.75,4.683454,0,0.0010198666
Puno,3825,2024-03-21,5.61,5.6661625,0,0.004148593
Puno,3825,2024-03-22,6.69,6.448151,0,0.0004685366
Puno,3825,2024-03-23,5.08,4.9530454,0,0.0014038099
Puno,3825,2024-03-24,7.89,7.676106,0,0.00037646628
Puno,3825,2024-03-25,10.79,10.505688,0,0.0003417696
Puno,3825,2024-03-26,4.19,4.1479607,0,0.0004172354
Puno,3825,2024-03-27,1.78,1.6825376,0,0.002561693
Puno,3825,2024-03-28,0.87,1.1529764,0,0.018030493
Puno,3825,2024-03-29,5.43,5.653243,0,0.0009820571
Puno,3825,2024-03-30,4.07,3.9878836,0,0.0024994535
Puno,3825,2024-03-31,6.19,5.962182,0,0.0010228652
Puno,3825,2024-04-01,5.91,5.680331,0,0.0011805339
Puno,3825,2024-04-02,1.46,1.6041517,0,0.0035192722
Puno,3825,2024-04-03,0.86,0.9402433,0,0.008704231
Puno,3825,2024-04-04,6.07,5.9452715,0,0.0011927487
Puno,3825,2024-04-05,5.61,5.4979663,0,0.0021078486
Puno,3825,2024-04-06,4.11,4.072749,0,0.0017922379
Puno,3825,2024-04-07,0.91,1.3046341,0,0.016786829
Puno,3825,2024-04-08,6.15,5.9352045,0,0.001042376
Puno,3825,2024-04-09,8.08,7.819279,0,0.0009927531
Puno,3825,2024-04-10,5.53,5.43672,0,0.0008501431
Puno,3825,2024-04-11,2.61,2.7949264,0,0.0008883016
Puno,3825,2024-04-12,4.76,4.4938736,0,0.0020165308
Puno,3825,2024-04-13,1.1,1.0551723,0,0.0074184192
Puno,3825,2024-04-14,7.1,6.6474304,0,0.0008627134
Puno,3825,2024-04-15,4.55,4.580226,0,0.0011935454
Puno,3825,2024-04-16,-0.14,0.1591339,1,0.78422326
Puno,3825,2024-04-17,3.4,3.4945028,0,0.0023487078
Puno,3825,2024-04-18,5.26,5.010424,0,0.0022072922
Puno,3825,2024-04-19,3.19,2.9200013,0,0.0029760636
Puno,3825,2024-04-20,3.22,3.0556562,0,0.0065978146
Puno,3825,2024-04-21,0.79,0.8123463,0,0.010387647
Puno,3825,2024-04-22,5.16,5.10838,0,0.002530886
Puno,3825,2024-04-23,2.07,1.8573302,0,0.0064290166
Puno,3825,2024-04-24,-1.79,-1.6228627,1,0.9860308
Puno,3825,2024-04-25,2.54,2.4990613,0,0.0041123736
Puno,3825,2024-04-26,5.81,5.538699,0,0.0022201408
Puno,3825,2024-04-27,2.3,2.1014426,0,0.0063599804
Puno,3825,2024-04-28,7.58,7.340977,0,0.0008802153
Puno,3825,2024-04-29,4.26,4.1143456,0,0.0011707692
Puno,3825,2024-04-30,4.01,3.8891952,0,0.001233717
Puno,3825,2024-05-01,2.82,2.9870374,0,0.0023843085
Puno,3825,2024-05-02,2.88,2.7089505,0,0.0054340796
Puno,3825,2024-05-03,2.31,2.4080048,0,0.004121042
Puno,3825,2024-05-04,2.14,1.7643722,0,0.04166244
Puno,3825,2024-05-05,4.13,3.8601973,0,0.0035053503
Puno,3825,2024-05-06,0.34,0.39806274,0,0.1418283
Puno,3825,2024-05-07,-0.07,0.129065,1,0.5609318
Puno,3825,2024-05-08,-0.29,-0.23420136,1,0.9613453
Puno,3825,2024-05-09,7.57,7.0817075,0,0.0011895365
Puno,3825,2024-05-10,3.78,3.2970111,0,0.0033337304
Puno,3825,2024-05-11,3.14,3.0119286,0,0.0029171503
Puno,3825,2024-05-12,-0.32,-0.30993724,1,0.9488563
Puno,3825,2024-05-13,3.86,3.7619286,0,0.0033627492
Puno,3825,2024-05-14,1.96,1.8442503,0,0.007423301
Puno,3825,2024-05-15,2.74,2.7409818,0,0.0054085134
Puno,3825,2024-05-16,-0.3,-0.37864286,1,0.9593322
Puno,3825,2024-05-17,2.49,2.3786914,0,0.0052622897
Puno,3825,2024-05-18,0.95,0.82427937,0,0.011625688
Puno,3825,2024-05-19,0.08,0.080698885,0,0.39545143
Puno,3825,2024-05-20,3.73,3.5408587,0,0.003403476
Puno,3825,2024-05-21,-1.97,-2.1740882,1,0.99108946
Puno,3825,2024-05-22,3.21,2.7340868,0,0.005056322
Puno,3825,2024-05-23,3.49,3.377126,0,0.00438185
Puno,3825,2024-05-24,-0.47,-0.61958665,1,0.9681272
Puno,3825,2024-05-25,-0.39,-0.34200943,1,0.95211154
Puno,3825,2024-05-26,1.08,0.9066525,0,0.019855509
Puno,3825,2024-05-27,2.34,2.3405137,0,0.005341477
Puno,3825,2024-05-28,1.21,1.1377501,0,0.011001071
Puno,3825,2024-05-29,2.66,2.5837603,0,0.0042297374
Puno,3825,2024-05-30,5.89,5.547596,0,0.0022245687
Puno,3825,2024-05-31,0.15,0.1190285,0,0.1150657
Puno,3825,2024-06-01,-2.86,-2.7924857,1,0.9939138
Puno,3825,2024-06-02,3.46,3.1977828,0,0.004329263
Puno,3825,2024-06-03,5.53,5.3424063,0,0.0029271813
Puno,3825,2024-06-04,2.26,2.0112436,0,0.005287402
Puno,3825,2024-06-05,-1.49,-1.3026917,1,0.9850797
Puno,3825,2024-06-06,0.9,0.8200333,0,0.01124823
Puno,3825,2024-06-07,-1.61,-1.7445868,1,0.99044764
Puno,3825,2024-06-08,2.78,2.6594055,0,0.007351844
Puno,3825,2024-06-09,-2.22,-2.1665776,1,0.9907636
Puno,3825,2024-06-10,0.44,0.28003162,0,0.053151373
Puno,3825,2024-06-11,-1.31,-1.3657652,1,0.9880234
Puno,3825,2024-06-12,1.52,1.4045291,0,0.011232501
Puno,3825,2024-06-13,0.32,0.20521638,0,0.04826641
Puno,3825,2024-06-14,1.66,1.7822888,0,0.00971625
Puno,3825,2024-06-15,1.24,1.127352,0,0.0180834
Puno,3825,2024-06-16,-1.25,-1.4400496,1,0.9806389
Puno,3825,2024-06-17,2.79,2.7266946,0,0.0037630855
Puno,3825,2024-06-18,1.11,1.0877618,0,0.011079953
Puno,3825,2024-06-19,-1.25,-1.466253,1,0.9888465
Puno,3825,2024-06-20,6.82,6.258379,0,0.0015737445
Puno,3825,2024-06-21,2.44,2.3945405,0,0.003329047
Puno,3825,2024-06-22,0.91,1.0279977,0,0.017563673
Puno,3825,2024-06-23,4.86,4.4886336,0,0.0024125217
Puno,3825,2024-06-24,5.97,5.5945907,0,0.0016961019
Puno,3825,2024-06-25,1.04,0.85029894,0,0.030800864
Puno,3825,2024-06-26,2.29,1.9974722,0,0.0067854347
Puno,3825,2024-06-27,-1.03,-1.181458,1,0.9541523
Puno,3825,2024-06-28,1.13,0.9746074,0,0.020462323
Puno,3825,2024-06-29,1.01,0.6634196,0,0.089611754
Puno,3825,2024-06-30,2.01,1.911144,0,0.006223663
Puno,3825,2024-07-01,2.38,2.2005363,0,0.0055136597
Puno,3825,2024-07-02,2.96,2.9209714,0,0.0042105746
Puno,3825,2024-07-03,2.17,2.1374643,0,0.0039680176
Puno,3825,2024-07-04,-1.44,-1.3448178,1,0.9823539
Puno,3825,2024-07-05,-0.7,-0.5542217,1,0.9602484
Puno,3825,2024-07-06,0.28,0.01446077,0,0.26308373
Puno,3825,2024-07-07,0.98,1.0802761,0,0.01137634
Puno,3825,2024-07-08,4.35,4.3540454,0,0.0029861876
Puno,3825,2024-07-09,-1.2,-1.2253814,1,0.9848621
Puno,3825,2024-07-10,0.85,0.81715417,0,0.013974153
Puno,3825,2024-07-11,4.18,3.7698767,0,0.0018683928
Puno,3825,2024-07-12,1.1,0.97271436,0,0.017372392
Puno,3825,2024-07-13,3.04,2.9755623,0,0.0042973678
Puno,3825,2024-07-14,1.61,1.6391897,0,0.0144417025
Puno,3825,2024-07-15,2.65,2.4714391,0,0.0032701558
Puno,3825,2024-07-16,1.49,1.4707985,0,0.00890975
Puno,3825,2024-07-17,3.79,3.7029772,0,0.0029839892
Puno,3825,2024-07-18,-1.66,-1.5703666,1,0.98704547
Puno,3825,2024-07-19,1.33,1.1838629,0,0.008501868
Puno,3825,2024-07-20,3.02,2.8806071,0,0.0037277
Puno,3825,2024-07-21,3.66,3.2457538,0,0.004243406
Puno,3825,2024-07-22,6.11,5.7663817,0,0.0017151216
Puno,3825,2024-07-23,1.5,1.4160643,0,0.00698019
Puno,3825,2024-07-24,6.26,5.836447,0,0.0016513907
Puno,3825,2024-07-25,0.94,1.1362649,0,0.008423131
Puno,3825,2024-07-26,5.96,5.523633,0,0.0014178468
Puno,3825,2024-07-27,4.76,4.437502,0,0.0016754629
Puno,3825,2024-07-28,0.48,0.52963924,0,0.020248896
Puno,3825,2024-07-29,3.58,3.2982843,0,0.0020795423
Puno,3825,2024-07-30,2.79,2.4837832,0,0.0024883389
Puno,3825,2024-07-31,4.54,4.3338037,0,0.0018486178
Puno,3825,2024-08-01,2.52,2.3379443,0,0.0040422007
Puno,3825,2024-08-02,2.42,2.4742491,0,0.004133379
Puno,3825,2024-08-03,6.67,6.516369,0,0.0013227056
Puno,3825,2024-08-04,3.05,2.8786273,0,0.0030378092
Puno,3825,2024-08-05,5.43,5.3182707,0,0.0016186438
Puno,3825,2024-08-06,2.85,2.603939,0,0.0033770793
Puno,3825,2024-08-07,7.67,7.2821174,0,0.00073187676
Puno,3825,2024-08-08,1.88,1.9802514,0,0.0029591334
Puno,3825,2024-08-09,2.13,2.0344522,0,0.002910087
Puno,3825,2024-08-10,7.61,6.999897,0,0.0007603539
Puno,3825,2024-08-11,2.79,2.7311277,0,0.003566545
Puno,3825,2024-08-12,8.01,7.436203,0,0.00043159752
Puno,3825,2024-08-13,6.26,6.331136,0,0.0011099359
Puno,3825,2024-08-14,3.75,3.556872,0,0.0014889785
Puno,3825,2024-08-15,-0.26,-0.05056412,1,0.85754615
Puno,3825,2024-08-16,4.23,4.2627916,0,0.0024106726
Puno,3825,2024-08-17,4.64,4.3265567,0,0.0014833226
Puno,3825,2024-08-18,7.39,7.161938,0,0.0010571233
Puno,3825,2024-08-19,8.51,8.401259,0,0.000588392
Puno,3825,2024-08-20,2.95,2.8941576,0,0.0018173428
Puno,3825,2024-08-21,6.81,6.8232126,0,0.0004393633
Puno,3825,2024-08-22,6.84,6.7120714,0,0.00037516686
Puno,3825,2024-08-23,7.69,7.571801,0,0.00048772298
Puno,3825,2024-08-24,6.32,6.0260496,0,0.00044468947
Puno,3825,2024-08-25,0.32,0.39054117,0,0.20184591
Puno,3825,2024-08-26,4.91,4.7448354,0,0.0010420027
Puno,3825,2024-08-27,2.5,2.6451113,0,0.0043104943
Puno,3825,2024-08-28,4.97,5.0225315,0,0.0013162638
Puno,3825,2024-08-29,8.11,7.37002,0,0.0004499395
Puno,3825,2024-08-30,6.56,6.2794795,0,0.0010802884
Puno,3825,2024-08-31,8.8,8.556285,0,0.0004967937
Puno,3825,2024-09-01,6.84,7.01341,0,0.00022988887
Puno,3825,2024-09-02,2.82,3.022157,0,0.0007683256
Puno,3825,2024-09-03,-0.14,0.13038366,1,0.42918807
Puno,3825,2024-09-04,6.61,6.4173927,0,0.00055237126
Puno,3825,2024-09-05,5.85,5.637008,0,0.0012661587
Puno,3825,2024-09-06,4.09,4.1845684,0,0.0013088307
Puno,3825,2024-09-07,2.37,2.4706807,0,0.0026562118
Puno,3825,2024-09-08,4.94,4.7729096,0,0.0016283907
Puno,3825,2024-09-09,6.39,6.378243,0,0.00091143587
Puno,3825,2024-09-10,8.72,8.430692,0,0.00026937743
Puno,3825,2024-09-11,7.64,7.581437,0,0.00020758936
Puno,3825,2024-09-12,11.31,10.637951,0,0.00025842543
Puno,3825,2024-09-13,4.84,4.961989,0,0.0002620501
Puno,3825,2024-09-14,9.78,9.170459,0,0.0005116109
Puno,3825,2024-09-15,7.81,7.713783,0,0.00016225809
Puno,3825,2024-09-16,9.53,9.097114,0,0.0002877657
Puno,3825,2024-09-17,6.82,6.7901416,0,0.00016386968
Puno,3825,2024-09-18,10.67,10.450531,0,0.0002054754
Puno,3825,2024-09-19,8.83,8.700343,0,0.00014539392
Puno,3825,2024-09-20,6.47,6.4401126,0,0.00018801977
Puno,3825,2024-09-21,8.19,7.825838,0,0.0001685825
Puno,3825,2024-09-22,7.72,7.652277,0,0.00016615313
Puno,3825,2024-09-23,9.68,9.451646,0,0.0001948869
Puno,3825,2024-09-24,5.64,5.7569385,0,0.00020184941
Puno,3825,2024-09-25,8.61,8.595009,0,0.00021930003
Puno,3825,2024-09-26,9.83,9.636734,0,9.292795e-05
Puno,3825,2024-09-27,9.01,9.227834,0,0.00017358932
Puno,3825,2024-09-28,12.34,11.841844,0,5.9306985e-05
Puno,3825,2024-09-29,10.94,10.650438,0,6.258975e-05
Puno,3825,2024-09-30,9.05,9.131242,0,0.00012623529
Puno,3825,2024-10-01,9.73,9.889285,0,7.349723e-05
Puno,3825,2024-10-02,10.01,10.203854,0,8.322918e-05
Puno,3825,2024-10-03,10.39,10.225341,0,0.00012429467
Puno,3825,2024-10-04,4.97,5.2220144,0,0.00017603807
Puno,3825,2024-10-05,8.84,8.876615,0,0.00014137104
Puno,3825,2024-10-06,6.0,6.0818553,0,0.00023120866
Puno,3825,2024-10-07,13.01,12.7005005,0,7.7531826e-05
Puno,3825,2024-10-08,9.74,9.831547,0,6.680527e-05
Puno,3825,2024-10-09,9.54,9.721101,0,0.000146292
Puno,3825,2024-10-10,12.35,12.322449,0,7.4303905e-05
Puno,3825,2024-10-11,11.25,11.373808,0,8.58476e-05
Puno,3825,2024-10-12,7.52,7.597694,0,0.00013092664
Puno,3825,2024-10-13,10.27,10.295804,0,0.00013773302
Puno,3825,2024-10-14,9.73,9.849347,0,0.00011265098
Puno,3825,2024-10-15,6.34,6.532035,0,0.00022728638
Puno,3825,2024-10-16,9.04,8.941121,0,0.00015533272
Puno,3825,2024-10-17,10.44,10.345113,0,0.00019724031
Puno,3825,2024-10-18,10.68,10.703511,0,7.23744e-05
Puno,3825,2024-10-19,7.33,7.2797656,0,0.00013585278
Puno,3825,2024-10-20,13.99,14.034235,0,0.00010676023
Puno,3825,2024-10-21,10.92,11.020615,0,8.474896e-05
Puno,3825,2024-10-22,11.38,11.437855,0,8.690187e-05
Puno,3825,2024-10-23,12.38,12.320875,0,7.548286e-05
Puno,3825,2024-10-24,9.47,9.571942,0,7.4859e-05
Puno,3825,2024-10-25,12.68,12.820115,0,3.2280903e-05
Puno,3825,2024-10-26,10.69,10.892229,0,7.2584306e-05
Puno,3825,2024-10-27,9.44,9.322459,0,7.43032e-05
Puno,3825,2024-10-28,13.19,13.170608,0,3.2108295e-05
Puno,3825,2024-10-29,15.57,15.700126,0,0.00011583603
Puno,3825,2024-10-30,13.74,13.968545,0,8.2292565e-05
Puno,3825,2024-10-31,14.3,14.105262,0,2.7162187e-05
Puno,3825,2024-11-01,10.79,10.755562,0,4.5694567e-05
Puno,3825,2024-11-02,8.16,8.387935,0,9.9763594e-05
Puno,3825,2024-11-03,15.92,15.773264,0,8.1887614e-05
Puno,3825,2024-11-04,17.36,17.402813,0,7.327622e-05
Puno,3825,2024-11-05,16.17,15.609565,0,3.7082806e-05
Puno,3825,2024-11-06,11.54,11.623778,0,0.00011317123
Puno,3825,2024-11-07,9.57,9.783062,0,0.000107118256
Puno,3825,2024-11-08,9.88,9.879628,0,8.6644446e-05
Puno,3825,2024-11-09,8.38,8.345567,0,8.4951556e-05
Puno,3825,2024-11-10,12.34,12.195664,0,0.00015657768
Puno,3825,2024-11-11,16.68,16.424665,0,5.703303e-05
Puno,3825,2024-11-12,12.38,12.231299,0,6.58136e-05
Puno,3825,2024-11-13,13.53,13.3468275,0,0.000108727574
Puno,3825,2024-11-14,16.31,16.198515,0,6.832194e-05
Puno,3825,2024-11-15,11.84,11.705932,0,5.8742542e-05
Puno,3825,2024-11-16,18.02,17.717756,0,6.544997e-05
Puno,3825,2024-11-17,17.99,17.616425,0,4.8232454e-05
Puno,3825,2024-11-18,12.74,12.595033,0,0.0001295037
Puno,3825,2024-11-19,11.57,11.672417,0,6.214068e-05
Puno,3825,2024-11-20,14.84,14.888913,0,6.8202426e-05
Puno,3825,2024-11-21,12.23,12.120689,0,9.518863e-05
Puno,3825,2024-11-22,10.24,10.385024,0,5.0542963e-05
Puno,3825,2024-11-23,16.36,15.978237,0,0.00010012843
Puno,3825,2024-11-24,16.25,15.9688635,0,5.0457773e-05
Puno,3825,2024-11-25,13.65,13.910801,0,0.000115637486
Puno,3825,2024-11-26,10.17,10.233162,0,8.0426435e-05
Puno,3825,2024-11-27,10.31,10.366863,0,0.00012317873
Puno,3825,2024-11-28,13.69,13.371857,0,4.6645873e-05
Puno,3825,2024-11-29,12.21,12.074462,0,3.4006327e-05
Puno,3825,2024-11-30,12.6,12.610632,0,5.65698e-05
Puno,3825,2024-12-01,16.01,15.789713,0,2.8274708e-05
Puno,3825,2024-12-02,15.34,15.540673,0,9.713254e-05
Puno,3825,2024-12-03,17.0,16.782299,0,7.570539e-05
Puno,3825,2024-12-04,11.11,11.359323,0,4.7786212e-05
Puno,3825,2024-12-05,12.74,12.816613,0,7.3201976e-05
Puno,3825,2024-12-06,15.53,15.399085,0,9.410138e-05
Puno,3825,2024-12-07,14.74,14.642011,0,2.6216707e-05
Puno,3825,2024-12-08,17.49,16.970295,0,3.182336e-05
Puno,3825,2024-12-09,14.71,14.857852,0,5.8107446e-05
Puno,3825,2024-12-10,18.34,18.068504,0,6.771198e-05
Puno,3825,2024-12-11,15.03,15.163955,0,6.9687776e-05
Puno,3825,2024-12-12,16.4,15.947564,0,0.000103051105
Puno,3825,2024-12-13,12.93,13.149603,0,9.2220056e-05
Puno,3825,2024-12-14,13.76,13.9021435,0,9.3734096e-05
Puno,3825,2024-12-15,16.01,15.6988125,0,2.8836512e-05
Puno,3825,2024-12-16,17.74,17.538355,0,7.570539e-05
Puno,3825,2024-12-17,15.53,15.63869,0,6.414106e-05
Puno,3825,2024-12-18,13.47,13.2126465,0,0.00010644541
Puno,3825,2024-12-19,17.09,16.682772,0,7.549826e-05
Puno,3825,2024-12-20,8.17,8.412738,0,9.381225e-05
Puno,3825,2024-12-21,10.06,10.198182,0,0.0001307784
Puno,3825,2024-12-22,15.28,15.502272,0,0.00011138935
Puno,3825,2024-12-23,13.56,13.499797,0,6.852512e-05
Puno,3825,2024-12-24,15.01,14.814922,0,6.571764e-05
Yunguyo,3826,2024-01-01,8.95,9.054334,0,9.6446136e-05
Yunguyo,3826,2024-01-02,9.47,9.484235,0,9.372748e-05
Yunguyo,3826,2024-01-03,10.97,11.138568,0,0.00029657484
Yunguyo,3826,2024-01-04,9.52,9.344765,0,0.00011646213
Yunguyo,3826,2024-01-05,10.85,10.807755,0,0.00012145569
Yunguyo,3826,2024-01-06,6.35,6.7598124,0,0.00013346862
Yunguyo,3826,2024-01-07,7.0,7.0559545,0,0.00017330171
Yunguyo,3826,2024-01-08,9.08,9.107809,0,0.00018231288
Yunguyo,3826,2024-01-09,9.51,9.700861,0,0.00016692345
Yunguyo,3826,2024-01-10,6.36,6.5348253,0,0.00022298649
Yunguyo,3826,2024-01-11,12.58,12.245832,0,0.0001772256
Yunguyo,3826,2024-01-12,9.54,9.546998,0,0.00014224605
Yunguyo,3826,2024-01-13,11.14,11.183179,0,8.739034e-05
Yunguyo,3826,2024-01-14,6.31,6.55097,0,0.00013685222
Yunguyo,3826,2024-01-15,4.98,5.17562,0,0.0005322742
Yunguyo,3826,2024-01-16,10.94,10.930586,0,0.00014728129
Yunguyo,3826,2024-01-17,13.24,12.740429,0,0.00034492486
Yunguyo,3826,2024-01-18,10.58,10.729548,0,0.00011058207
Yunguyo,3826,2024-01-19,7.51,7.4787793,0,0.00015069265
Yunguyo,3826,2024-01-20,8.05,8.124199,0,0.00014436046
Yunguyo,3826,2024-01-21,15.23,15.00113,0,0.00022241085
Yunguyo,3826,2024-01-22,9.55,9.64547,0,0.00021267634
Yunguyo,3826,2024-01-23,8.37,8.471999,0,0.00018726957
Yunguyo,3826,2024-01-24,9.74,9.735601,0,0.00015209307
Yunguyo,3826,2024-01-25,7.24,7.327379,0,0.00014873946
Yunguyo,3826,2024-01-26,10.11,10.093643,0,0.00014817873
Yunguyo,3826,2024-01-27,5.13,5.4225345,0,0.00021837006
Yunguyo,3826,2024-01-28,10.13,10.119766,0,0.00023740587
Yunguyo,3826,2024-01-29,8.83,8.785262,0,0.00027240356
Yunguyo,3826,2024-01-30,13.08,12.993898,0,0.00022338952
Yunguyo,3826,2024-01-31,6.11,6.2310033,0,0.00013578868
Yunguyo,3826,2024-02-01,5.33,5.515172,0,0.00025304416
Yunguyo,3826,2024-02-02,7.7,7.6668625,0,0.00018401392
Yunguyo,3826,2024-02-03,2.53,2.6649728,0,0.0012819214
Yunguyo,3826,2024-02-04,11.14,11.077972,0,0.00032234093
Yunguyo,3826,2024-02-05,4.94,5.0540705,0,0.0007107469
Yunguyo,3826,2024-02-06,3.41,3.7889988,0,0.0008371845
Yunguyo,3826,2024-02-07,8.6,8.6792,0,0.00037020037
Yunguyo,3826,2024-02-08,6.79,6.77072,0,0.00041416765
Yunguyo,3826,2024-02-09,9.55,9.511309,0,0.00019802724
Yunguyo,3826,2024-02-10,12.18,11.895172,0,0.00019911592
Yunguyo,3826,2024-02-11,6.43,6.5416474,0,0.00020192104
Yunguyo,3826,2024-02-12,8.71,8.545302,0,0.00034398717
Yunguyo,3826,2024-02-13,3.82,4.188512,0,0.0006591153
Yunguyo,3826,2024-02-14,8.24,8.1500225,0,0.00024086186
Yunguyo,3826,2024-02-15,7.53,7.6416817,0,0.00039756222
Yunguyo,3826,2024-02-16,9.62,9.5073395,0,0.00018266299
Yunguyo,3826,2024-02-17,3.96,4.1477942,0,0.00039299767
Yunguyo,3826,2024-02-18,7.59,7.621332,0,0.00023393164
Yunguyo,3826,2024-02-19,7.87,8.039218,0,0.00029193924
Yunguyo,3826,2024-02-20,4.15,4.4881144,0,0.0010566154
Yunguyo,3826,2024-02-21,4.51,4.823728,0,0.00042315724
Yunguyo,3826,2024-02-22,7.4,7.437865,0,0.0006230637
Yunguyo,3826,2024-02-23,6.72,6.650702,0,0.00037437372
Yunguyo,3826,2024-02-24,5.4,5.5287285,0,0.0005115735
Yunguyo,3826,2024-02-25,2.38,2.4991827,0,0.0013255437
Yunguyo,3826,2024-02-26,1.91,2.177635,0,0.0017600055
Yunguyo,3826,2024-02-27,4.76,4.815759,0,0.001714977
Yunguyo,3826,2024-02-28,4.14,4.1593795,0,0.001279299
Yunguyo,3826,2024-02-29,12.97,12.403373,0,0.00034713311
Yunguyo,3826,2024-03-01,4.69,4.614078,0,0.0012724961
Yunguyo,3826,2024-03-02,3.82,3.9406562,0,0.0005375294
Yunguyo,3826,2024-03-03,0.15,0.035576448,0,0.09137278
Yunguyo,3826,2024-03-04,3.0,3.2248137,0,0.0027941095
Yunguyo,3826,2024-03-05,5.51,5.8213773,0,0.0014521885
Yunguyo,3826,2024-03-06,4.17,4.285871,0,0.0013358345
Yunguyo,3826,2024-03-07,5.67,5.6983438,0,0.00090055657
Yunguyo,3826,2024-03-08,7.5,7.4968333,0,0.0006582597
Yunguyo,3826,2024-03-09,6.08,6.0802236,0,0.0007166212
Yunguyo,3826,2024-03-10,1.81,2.1665187,0,0.0016665751
Yunguyo,3826,2024-03-11,1.65,1.7554215,0,0.002545404
Yunguyo,3826,2024-03-12,3.14,3.0705926,0,0.0030409894
Yunguyo,3826,2024-03-13,3.68,3.9367456,0,0.0029750834
Yunguyo,3826,2024-03-14,3.26,3.5088413,0,0.002879888
Yunguyo,3826,2024-03-15,2.3,2.201539,0,0.0034755028
Yunguyo,3826,2024-03-16,0.07,0.20279346,0,0.16269101
Yunguyo,3826,2024-03-17,7.54,7.5041666,0,0.0010357437
Yunguyo,3826,2024-03-18,2.06,2.2007928,0,0.0041201063
Yunguyo,3826,2024-03-19,3.48,3.523039,0,0.0025687828
Yunguyo,3826,2024-03-20,3.37,3.707735,0,0.0021628211
Yunguyo,3826,2024-03-21,4.67,4.9794955,0,0.0013956359
Yunguyo,3826,2024-03-22,3.66,3.7116945,0,0.0023562238
Yunguyo,3826,2024-03-23,3.37,3.2861595,0,0.0028134985
Yunguyo,3826,2024-03-24,6.14,6.077863,0,0.0009477401
Yunguyo,3826,2024-03-25,2.39,2.355885,0,0.0031755855
Yunguyo,3826,2024-03-26,2.38,2.5108616,0,0.0034869865
Yunguyo,3826,2024-03-27,2.77,2.8920794,0,0.0024389348
Yunguyo,3826,2024-03-28,-0.94,-0.71828115,1,0.98077685
Yunguyo,3826,2024-03-29,-1.37,-1.1559254,1,0.9818002
Yunguyo,3826,2024-03-30,2.14,2.2156618,0,0.0049999594
Yunguyo,3826,2024-03-31,2.71,2.970138,0,0.005215423
Yunguyo,3826,2024-04-01,2.57,2.5850055,0,0.0059268787
Yunguyo,3826,2024-04-02,4.4,4.2924585,0,0.002067129
Yunguyo,3826,2024-04-03,4.62,4.5407248,0,0.0016931824
Yunguyo,3826,2024-04-04,-1.44,-1.0797262,1,0.98330367
Yunguyo,3826,2024-04-05,-3.13,-2.5524447,1,0.98785955
Yunguyo,3826,2024-04-06,0.16,0.18717664,0,0.123001836
Yunguyo,3826,2024-04-07,1.22,1.3832936,0,0.013354633
Yunguyo,3826,2024-04-08,2.3,2.2707238,0,0.005438207
Yunguyo,3826,2024-04-09,1.29,1.2279805,0,0.011623233
Yunguyo,3826,2024-04-10,0.84,0.8030005,0,0.013137088
Yunguyo,3826,2024-04-11,-2.79,-2.6813686,1,0.9907075
Yunguyo,3826,2024-04-12,-0.54,-0.5403273,1,0.97284544
Yunguyo,3826,2024-04-13,-0.23,-0.16965418,1,0.95770097
Yunguyo,3826,2024-04-14,6.74,6.548606,0,0.0018776881
Yunguyo,3826,2024-04-15,0.17,0.3825651,0,0.13153541
Yunguyo,3826,2024-04-16,-2.62,-2.2826035,1,0.9887332
Yunguyo,3826,2024-04-17,0.52,0.7049997,0,0.013942678
Yunguyo,3826,2024-04-18,-0.58,-0.37358657,1,0.9691218
Yunguyo,3826,2024-04-19,1.71,1.9026022,0,0.007940883
Yunguyo,3826,2024-04-20,-0.89,-0.88207346,1,0.9170135
Yunguyo,3826,2024-04-21,-1.99,-1.9098984,1,0.99066037
Yunguyo,3826,2024-04-22,-2.63,-2.4441879,1,0.99059886
Yunguyo,3826,2024-04-23,1.86,1.9091305,0,0.009185037
Yunguyo,3826,2024-04-24,-4.41,-4.1669836,1,0.9958597
Yunguyo,3826,2024-04-25,2.61,2.4451222,0,0.0067354892
Yunguyo,3826,2024-04-26,-3.58,-3.3244321,1,0.99683714
Yunguyo,3826,2024-04-27,3.5,3.139547,0,0.007077099
Yunguyo,3826,2024-04-28,1.55,1.3455285,0,0.009193068
Yunguyo,3826,2024-04-29,-3.93,-3.8268492,1,0.997003
Yunguyo,3826,2024-04-30,2.49,2.7197049,0,0.007686073
Yunguyo,3826,2024-05-01,4.58,4.418918,0,0.0037276843
Yunguyo,3826,2024-05-02,2.36,1.92457,0,0.008270382
Yunguyo,3826,2024-05-03,-2.43,-2.321941,1,0.99045765
Yunguyo,3826,2024-05-04,0.48,0.2582323,0,0.06401816
Yunguyo,3826,2024-05-05,0.44,0.31641892,0,0.030724002
Yunguyo,3826,2024-05-06,2.78,2.6427329,0,0.007827435
Yunguyo,3826,2024-05-07,0.18,0.272044,0,0.0651504
Yunguyo,3826,2024-05-08,-5.68,-5.538886,1,0.9981761
Yunguyo,3826,2024-05-09,0.83,0.67682815,0,0.02183548
Yunguyo,3826,2024-05-10,-5.93,-5.554788,1,0.998723
Yunguyo,3826,2024-05-11,-1.98,-2.0223897,1,0.99549097
Yunguyo,3826,2024-05-12,0.88,0.71111315,0,0.016282067
Yunguyo,3826,2024-05-13,1.11,0.82990205,0,0.049773064
Yunguyo,3826,2024-05-14,-3.16,-3.1721861,1,0.9955682
Yunguyo,3826,2024-05-15,-4.25,-4.0887494,1,0.9975253
Yunguyo,3826,2024-05-16,1.89,1.6554871,0,0.010473666
Yunguyo,3826,2024-05-17,-0.09,-0.28247517,1,0.8487847
Yunguyo,3826,2024-05-18,-4.94,-4.8231134,1,0.99672544
Yunguyo,3826,2024-05-19,-4.7,-4.379864,1,0.99734503
Yunguyo,3826,2024-05-20,-0.76,-0.9590319,1,0.9879219
Yunguyo,3826,2024-05-21,-4.34,-4.448349,1,0.99725795
Yunguyo,3826,2024-05-22,-1.86,-2.0274143,1,0.992153
Yunguyo,3826,2024-05-23,-8.31,-7.794708,1,0.99927086
Yunguyo,3826,2024-05-24,-2.93,-2.9237783,1,0.9966018
Yunguyo,3826,2024-05-25,-2.58,-2.604772,1,0.9934623
Yunguyo,3826,2024-05-26,-4.26,-4.271703,1,0.9985291
Yunguyo,3826,2024-05-27,-2.65,-2.6531005,1,0.9940398
Yunguyo,3826,2024-05-28,-4.24,-4.068475,1,0.9962525
Yunguyo,3826,2024-05-29,-3.85,-3.7589653,1,0.9954308
Yunguyo,3826,2024-05-30,0.03,-0.12562868,0,0.57705414
Yunguyo,3826,2024-05-31,0.1,0.26051593,0,0.3110722
Yunguyo,3826,2024-06-01,-4.84,-4.1327,1,0.9931947
Yunguyo,3826,2024-06-02,-3.84,-3.831845,1,0.9976076
Yunguyo,3826,2024-06-03,0.07,-0.06693521,0,0.19998544
Yunguyo,3826,2024-06-04,-2.23,-2.1954093,1,0.99466103
Yunguyo,3826,2024-06-05,-4.21,-4.204466,1,0.9974865
Yunguyo,3826,2024-06-06,-0.84,-0.8236203,1,0.9806892
Yunguyo,3826,2024-06-07,-4.38,-4.3000374,1,0.99674964
Yunguyo,3826,2024-06-08,-1.44,-1.5379015,1,0.9917818
Yunguyo,3826,2024-06-09,0.1,0.035120755,0,0.39513022
Yunguyo,3826,2024-06-10,-3.05,-3.1309664,1,0.99459016
Yunguyo,3826,2024-06-11,-3.43,-3.3163488,1,0.99772185
Yunguyo,3826,2024-06-12,-0.23,-0.21136682,1,0.9121213
Yunguyo,3826,2024-06-13,2.76,2.4256206,0,0.0081869615
Yunguyo,3826,2024-06-14,-2.93,-3.024523,1,0.9942767
Yunguyo,3826,2024-06-15,-3.06,-3.0321095,1,0.9947227
Yunguyo,3826,2024-06-16,-5.17,-4.8303313,1,0.9951781
Yunguyo,3826,2024-06-17,-1.86,-1.9286321,1,0.99274325
Yunguyo,3826,2024-06-18,-3.85,-4.0421877,1,0.99660987
Yunguyo,3826,2024-06-19,-1.75,-1.889851,1,0.9921793
Yunguyo,3826,2024-06-20,-1.55,-1.5472498,1,0.9916461
Yunguyo,3826,2024-06-21,-2.19,-2.1575966,1,0.99163824
Yunguyo,3826,2024-06-22,-6.07,-5.806872,1,0.99768305
Yunguyo,3826,2024-06-23,-1.85,-1.7903894,1,0.99340785
Yunguyo,3826,2024-06-24,-0.32,-0.39099148,1,0.8585635
Yunguyo,3826,2024-06-25,-0.61,-0.7029619,1,0.9756615
Yunguyo,3826,2024-06-26,-1.79,-1.7963465,1,0.991803
Yunguyo,3826,2024-06-27,-7.25,-6.929572,1,0.9990701
Yunguyo,3826,2024-06-28,-0.05,-0.10580216,1,0.4933079
Yunguyo,3826,2024-06-29,-2.24,-2.1318374,1,0.99362224
Yunguyo,3826,2024-06-30,0.36,0.24791767,0,0.11675482
Yunguyo,3826,2024-07-01,0.04,0.055075973,0,0.45116463
Yunguyo,3826,2024-07-02,-3.3,-3.2473712,1,0.9954632
Yunguyo,3826,2024-07-03,-1.59,-1.6092833,1,0.9896299
Yunguyo,3826,2024-07-04,-3.84,-3.7905233,1,0.9975479
Yunguyo,3826,2024-07-05,-2.16,-2.1063974,1,0.9930062
Yunguyo,3826,2024-07-06,2.06,1.9494011,0,0.01113312
Yunguyo,3826,2024-07-07,-6.05,-5.883292,1,0.99896705
Yunguyo,3826,2024-07-08,-1.99,-2.0789483,1,0.9934582
Yunguyo,3826,2024-07-09,1.5,1.2092988,0,0.011041069
Yunguyo,3826,2024-07-10,-0.39,-0.57643574,1,0.9240343
Yunguyo,3826,2024-07-11,-2.18,-2.1435869,1,0.97686666
Yunguyo,3826,2024-07-12,2.83,2.55758,0,0.0056150183
Yunguyo,3826,2024-07-13,2.36,2.3479621,0,0.0047421786
Yunguyo,3826,2024-07-14,-3.19,-2.9699116,1,0.9948649
Yunguyo,3826,2024-07-15,-1.62,-1.5476884,1,0.9888446
Yunguyo,3826,2024-07-16,-3.92,-3.9186754,1,0.9957182
Yunguyo,3826,2024-07-17,-1.18,-1.0872021,1,0.9908427
Yunguyo,3826,2024-07-18,-1.01,-1.0495067,1,0.98450583
Yunguyo,3826,2024-07-19,-0.35,-0.19521604,1,0.95722437
Yunguyo,3826,2024-07-20,-3.99,-3.9246283,1,0.99703777
Yunguyo,3826,2024-07-21,-2.08,-2.0803883,1,0.992677
Yunguyo,3826,2024-07-22,-1.62,-1.3817276,1,0.98839873
Yunguyo,3826,2024-07-23,1.19,0.96150523,0,0.008933588
Yunguyo,3826,2024-07-24,1.75,1.576913,0,0.010805276
Yunguyo,3826,2024-07-25,-2.78,-2.7215302,1,0.9934854
Yunguyo,3826,2024-07-26,4.09,3.2973912,0,0.013009606
Yunguyo,3826,2024-07-27,-2.16,-2.0775864,1,0.98890567
Yunguyo,3826,2024-07-28,1.0,0.8636326,0,0.01619399
Yunguyo,3826,2024-07-29,0.77,0.68479973,0,0.009364513
Yunguyo,3826,2024-07-30,-0.61,-0.44069853,1,0.9702088
Yunguyo,3826,2024-07-31,-0.55,-0.36556545,1,0.9651352
Yunguyo,3826,2024-08-01,0.6,0.6796547,0,0.03982291
Yunguyo,3826,2024-08-02,-0.11,0.11659474,1,0.81797695
Yunguyo,3826,2024-08-03,3.14,3.075577,0,0.0046717743
Yunguyo,3826,2024-08-04,1.59,1.5304604,0,0.011720395
Yunguyo,3826,2024-08-05,0.22,0.35673743,0,0.061376527
Yunguyo,3826,2024-08-06,-3.78,-3.4566493,1,0.9963168
Yunguyo,3826,2024-08-07,1.01,1.0985924,0,0.009793679
Yunguyo,3826,2024-08-08,-0.63,-0.53596306,1,0.98225075
Yunguyo,3826,2024-08-09,1.79,1.5817609,0,0.009122076
Yunguyo,3826,2024-08-10,-1.54,-1.4505787,1,0.9848082
Yunguyo,3826,2024-08-11,-1.75,-1.846111,1,0.99011654
Yunguyo,3826,2024-08-12,2.6,2.5907257,0,0.0052944366
Yunguyo,3826,2024-08-13,-1.63,-1.5740386,1,0.98689526
Yunguyo,3826,2024-08-14,-3.47,-3.338184,1,0.9941147
Yunguyo,3826,2024-08-15,0.29,0.34629336,0,0.07114729
Yunguyo,3826,2024-08-16,0.41,0.20277175,0,0.2544799
Yunguyo,3826,2024-08-17,2.27,2.303706,0,0.0046884245
Yunguyo,3826,2024-08-18,-0.09,0.0055334126,1,0.571358
Yunguyo,3826,2024-08-19,0.57,0.56112874,0,0.04225789
Yunguyo,3826,2024-08-20,0.24,0.275138,0,0.049857978
Yunguyo,3826,2024-08-21,-1.5,-1.5435607,1,0.97722334
Yunguyo,3826,2024-08-22,3.36,3.4095185,0,0.0031637333
Yunguyo,3826,2024-08-23,-2.08,-1.9673721,1,0.99123865
Yunguyo,3826,2024-08-24,6.4,6.223933,0,0.0017826868
Yunguyo,3826,2024-08-25,-2.09,-2.042689,1,0.98528117
Yunguyo,3826,2024-08-26,1.84,1.7057209,0,0.006809618
Yunguyo,3826,2024-08-27,0.53,0.55254817,0,0.030350517
Yunguyo,3826,2024-08-28,0.76,0.7042445,0,0.031622972
Yunguyo,3826,2024-08-29,3.89,4.044526,0,0.0028261852
Yunguyo,3826,2024-08-30,3.64,3.821667,0,0.0024245728
Yunguyo,3826,2024-08-31,0.2,0.26302305,0,0.037876662
Yunguyo,3826,2024-09-01,4.48,4.35262,0,0.0015450448
Yunguyo,3826,2024-09-02,-0.09,0.11685315,1,0.8677015
Yunguyo,3826,2024-09-03,-2.48,-2.0704038,1,0.98105043
Yunguyo,3826,2024-09-04,1.9,1.9520655,0,0.003684613
Yunguyo,3826,2024-09-05,3.88,3.6650238,0,0.0030710644
Yunguyo,3826,2024-09-06,3.24,3.1721966,0,0.0020891938
Yunguyo,3826,2024-09-07,5.64,5.6980653,0,0.0018838502
Yunguyo,3826,2024-09-08,-0.19,0.1375713,1,0.435249
Yunguyo,3826,2024-09-09,7.39,6.9220686,0,0.00043647105
Yunguyo,3826,2024-09-10,6.36,6.204686,0,0.00075060106
Yunguyo,3826,2024-09-11,2.09,2.4043627,0,0.0012779027
Yunguyo,3826,2024-09-12,5.17,5.290088,0,0.0011966252
Yunguyo,3826,2024-09-13,5.56,5.759782,0,0.0010798795
Yunguyo,3826,2024-09-14,5.77,5.6834917,0,0.0009740057
Yunguyo,3826,2024-09-15,7.37,7.3499994,0,0.0005016331
Yunguyo,3826,2024-09-16,10.81,10.59158,0,0.00034981623
Yunguyo,3826,2024-09-17,7.3,6.8515677,0,0.00021662128
Yunguyo,3826,2024-09-18,5.92,5.8352327,0,0.0002969902
Yunguyo,3826,2024-09-19,11.78,11.318381,0,0.00013059883
Yunguyo,3826,2024-09-20,5.58,5.464977,0,0.00032867043
Yunguyo,3826,2024-09-21,5.2,4.8601465,0,0.00053894747
Yunguyo,3826,2024-09-22,10.91,10.802346,0,0.00032671506
Yunguyo,3826,2024-09-23,5.9,6.0077353,0,0.0005724301
Yunguyo,3826,2024-09-24,5.82,5.788726,0,0.00045770258
Yunguyo,3826,2024-09-25,9.42,9.105347,0,0.00012094959
Yunguyo,3826,2024-09-26,4.58,4.554238,0,0.0004877918
Yunguyo,3826,2024-09-27,8.58,8.540021,0,0.00031500566
Yunguyo,3826,2024-09-28,2.8,2.8644495,0,0.0008674563
Yunguyo,3826,2024-09-29,8.52,8.230535,0,0.0004183741
Yunguyo,3826,2024-09-30,7.28,7.3169627,0,0.00052556477
Yunguyo,3826,2024-10-01,6.02,6.0868835,0,0.00040018855
Yunguyo,3826,2024-10-02,6.29,6.2608104,0,0.000238353
Yunguyo,3826,2024-10-03,5.44,5.4175577,0,0.00038958996
Yunguyo,3826,2024-10-04,7.7,7.5997124,0,0.00022048566
Yunguyo,3826,2024-10-05,8.03,8.024284,0,0.0003362146
Yunguyo,3826,2024-10-06,4.19,4.1761556,0,0.0005351946
Yunguyo,3826,2024-10-07,9.61,9.626172,0,0.0002211771
Yunguyo,3826,2024-10-08,4.43,4.3952336,0,0.00042059767
Yunguyo,3826,2024-10-09,6.9,6.9684877,0,0.00038774533
Yunguyo,3826,2024-10-10,11.08,10.960497,0,0.00028851317
Yunguyo,3826,2024-10-11,8.59,8.629415,0,0.00019291496
Yunguyo,3826,2024-10-12,8.59,8.754702,0,0.00019152788
Yunguyo,3826,2024-10-13,7.5,7.376306,0,0.00014183782
Yunguyo,3826,2024-10-14,7.42,7.395,0,0.00024685013
Yunguyo,3826,2024-10-15,11.97,11.648135,0,0.00013515106
Yunguyo,3826,2024-10-16,11.62,11.380999,0,0.00017565009
Yunguyo,3826,2024-10-17,4.24,4.602936,0,0.00023429326
Yunguyo,3826,2024-10-18,7.84,8.153318,0,0.00023408202
Yunguyo,3826,2024-10-19,7.88,7.903191,0,0.00015757083
Yunguyo,3826,2024-10-20,8.22,8.126511,0,0.00015844936
Yunguyo,3826,2024-10-21,8.53,8.346422,0,0.00017243897
Yunguyo,3826,2024-10-22,4.99,5.010231,0,0.00032885536
Yunguyo,3826,2024-10-23,6.11,6.258991,0,0.00033442967
Yunguyo,3826,2024-10-24,10.18,10.139802,0,0.00019732288
Yunguyo,3826,2024-10-25,6.85,7.039764,0,0.00018970185
Yunguyo,3826,2024-10-26,11.4,11.255204,0,7.949345e-05
Yunguyo,3826,2024-10-27,9.84,9.864231,0,0.00011424008
Yunguyo,3826,2024-10-28,6.75,6.8287106,0,0.00015675172
Yunguyo,3826,2024-10-29,12.03,12.011376,0,0.00015731817
Yunguyo,3826,2024-10-30,7.83,7.938252,0,7.455672e-05
Yunguyo,3826,2024-10-31,10.82,10.892525,0,0.00014150726
Yunguyo,3826,2024-11-01,9.67,9.610088,0,6.621075e-05
Yunguyo,3826,2024-11-02,6.22,6.3838673,0,0.00014737863
Yunguyo,3826,2024-11-03,7.95,7.944279,0,0.00013041863
Yunguyo,3826,2024-11-04,9.46,9.455634,0,0.00012615768
Yunguyo,3826,2024-11-05,7.59,7.7361164,0,0.00016993185
Yunguyo,3826,2024-11-06,13.24,13.310225,0,0.00017289603
Yunguyo,3826,2024-11-07,10.9,10.934376,0,0.00011759806
Yunguyo,3826,2024-11-08,5.12,5.4368906,0,0.00017933873
Yunguyo,3826,2024-11-09,6.4,6.7191577,0,0.00020432
Yunguyo,3826,2024-11-10,8.48,8.5489,0,0.0001658399
Yunguyo,3826,2024-11-11,9.64,9.640197,0,0.00023685444
Yunguyo,3826,2024-11-12,8.11,8.225516,0,0.00012901414
Yunguyo,3826,2024-11-13,14.74,14.48934,0,6.0878203e-05
Yunguyo,3826,2024-11-14,8.44,8.701411,0,8.340898e-05
Yunguyo,3826,2024-11-15,12.86,12.84521,0,0.0001242115
Yunguyo,3826,2024-11-16,7.77,7.847537,0,0.00011826716
Yunguyo,3826,2024-11-17,8.65,8.962401,0,0.0001179056
Yunguyo,3826,2024-11-18,10.35,10.38525,0,6.5595246e-05
Yunguyo,3826,2024-11-19,10.16,10.102146,0,9.027919e-05
Yunguyo,3826,2024-11-20,6.85,6.8566456,0,0.00015089365
Yunguyo,3826,2024-11-21,10.6,10.767053,0,0.0001481122
Yunguyo,3826,2024-11-22,8.25,8.429064,0,0.00014018733
Yunguyo,3826,2024-11-23,7.35,7.3145003,0,0.00018952793
Yunguyo,3826,2024-11-24,9.69,9.5851,0,0.00018954312
Yunguyo,3826,2024-11-25,7.73,7.8354607,0,0.00013242
Yunguyo,3826,2024-11-26,11.16,11.385805,0,0.00012058006
Yunguyo,3826,2024-11-27,8.56,8.536588,0,0.00012662083
Yunguyo,3826,2024-11-28,7.82,7.978992,0,0.00018363656
Yunguyo,3826,2024-11-29,8.69,8.722222,0,0.000112991045
Yunguyo,3826,2024-11-30,8.76,8.668561,0,7.458532e-05
Yunguyo,3826,2024-12-01,6.54,6.6609144,0,0.00017562295
Yunguyo,3826,2024-12-02,9.93,9.816352,0,0.00010250139
Yunguyo,3826,2024-12-03,6.31,6.328126,0,0.00021531986
Yunguyo,3826,2024-12-04,11.89,11.707088,0,0.00011254898
Yunguyo,3826,2024-12-05,5.41,5.7677436,0,0.00018567417
Yunguyo,3826,2024-12-06,3.93,4.119074,0,0.00041440775
Yunguyo,3826,2024-12-07,8.4,8.708844,0,0.0006934243
Yunguyo,3826,2024-12-08,12.28,12.212119,0,0.00020780203
Yunguyo,3826,2024-12-09,9.71,9.833453,0,0.00011617253
Yunguyo,3826,2024-12-10,6.28,6.462707,0,0.00017154962
Yunguyo,3826,2024-12-11,11.95,11.9209175,0,0.00019204157
Yunguyo,3826,2024-12-12,8.48,8.728117,0,0.00014961098
Yunguyo,3826,2024-12-13,8.19,8.441289,0,0.00017644944
Yunguyo,3826,2024-12-14,8.73,8.739458,0,0.00014327736
Yunguyo,3826,2024-12-15,9.9,9.889762,0,0.000102807106
Yunguyo,3826,2024-12-16,10.6,10.611429,0,9.870746e-05
Yunguyo,3826,2024-12-17,14.62,14.6676,0,7.300441e-05
Yunguyo,3826,2024-12-18,10.38,10.484174,0,6.322968e-05
Yunguyo,3826,2024-12-19,12.44,12.464558,0,0.00010360751
Yunguyo,3826,2024-12-20,9.11,8.9832535,0,8.548448e-05
Yunguyo,3826,2024-12-21,8.68,8.95111,0,9.698612e-05
Yunguyo,3826,2024-12-22,11.15,11.246918,0,0.00012125989
Yunguyo,3826,2024-12-23,11.74,11.817774,0,0.0001652152
Yunguyo,3826,2024-12-24,8.86,9.077119,0,0.000109419234
