fecha,lat,lon,tmin,helada,tmin_pred_xgb,prob_helada_xgb,tmin_pred_maestro,tmin_pred_rf,prob_frost_rf,prob_helada_mlp,prob_helada_svm,prob_helada_maestro,helada_pred_maestro
2015-01-01,-14.79,-70.72,3.5,0,4.5097756,0.042571057,4.797156283598067,5.228227308995168,0.060388848282517,1.7697642989732034e-45,1.0000000994736041e-07,0.03301653943475659,0
2015-01-02,-14.79,-70.72,1.0,0,3.7090595,0.009931888,3.96998753396688,4.361379584917201,0.0373171369468605,1.1584637273601023e-16,1.0000000994736041e-07,0.014671316884059664,0
2015-01-03,-14.79,-70.72,3.0,0,3.1874766,0.046777066,3.5383314991253307,4.064613847813328,0.0922706734355413,9.853027214735449e-43,1.0000000994736041e-07,0.044053190130663875,0
2015-01-04,-14.79,-70.72,1.5,0,2.813405,0.056685396,2.888595285506939,3.001380713767347,0.0776499374163363,2.070539609367312e-23,1.0000000994736041e-07,0.04313488482490238,0
2015-01-05,-14.79,-70.72,3.5,0,2.484851,0.09210807,2.4997256182459275,2.522037545614819,0.0785303275036973,2.3761414851509487e-48,1.0000000994736041e-07,0.05579693775111068,0
2015-01-06,-14.79,-70.72,4.0,0,3.0344877,0.046608895,3.1001692844023614,3.198691661005904,0.0348951682741212,2.20507188978156e-52,1.0000000994736041e-07,0.02678167873223785,0
2015-01-07,-14.79,-70.72,3.5,0,2.81882,0.12017022,2.8997979314416593,3.0212648286041484,0.1066871174311326,1.3417053611275683e-46,1.0000000994736041e-07,0.07406572722934127,0
2015-01-08,-14.79,-70.72,2.5,0,2.9608767,0.039553657,3.1192862134724937,3.3569004836812337,0.0423026030897931,1.0302900325463652e-33,5.7558680356792506e-06,0.026535424257143284,0
2015-01-09,-14.79,-70.72,-0.5,1,3.2800958,0.037554093,3.3567142402223893,3.4716419005559738,0.0352359994410085,0.999999911115822,0.9999999011725564,0.3737146997813504,0
2015-01-10,-14.79,-70.72,3.5,0,2.2174294,0.13684411,2.1883167904653416,2.1446478761633547,0.1465464843053944,2.7257492412260657e-48,1.0000000994736041e-07,0.0918593987916198,0
2015-01-11,-14.79,-70.72,4.0,0,2.6383255,0.08219252,2.6185050811969104,2.588774452992276,0.1185830174302491,1.533685557585941e-53,1.0000000994736041e-07,0.06434230222907622,0
2015-01-12,-14.79,-70.72,3.0,0,3.41646,0.042666238,3.2846319137123263,3.086889784280816,0.0483653954668118,4.549222400115508e-42,1.0000000994736041e-07,0.02944281694004503,0
2015-01-13,-14.79,-70.72,4.0,0,3.3184712,0.028818386,3.3132656643518987,3.305457360879747,0.0218080157009819,3.7267795983392402e-53,1.0000000994736041e-07,0.01662885481029606,0
2015-01-14,-14.79,-70.72,-1.5,1,2.9670763,0.060309503,3.008078085295616,3.06958076323904,0.0618147320334789,0.9999999999999624,0.99999999999997,0.3896527456600316,0
2015-01-15,-14.79,-70.72,-0.5,1,1.2599739,0.30226925,1.2668405245447252,1.277140461361813,0.2713536688758623,0.9999999768522816,0.9999999999984602,0.537200333532984,1
2015-01-16,-14.79,-70.72,3.5,0,0.42600062,0.4760676,0.293392003220265,0.0944790780506625,0.4908362819280888,1.739668774980273e-46,1.0000000994736041e-07,0.31387455957842814,0
2015-01-17,-14.79,-70.72,3.0,0,2.6937773,0.09141152,2.621452536653905,2.5129653916347627,0.0909328203177279,3.670717629068208e-41,1.0000000994736041e-07,0.05927389309531986,0
2015-01-18,-14.79,-70.72,2.0,0,2.1678274,0.15476751,2.206559266633418,2.264657066583545,0.1442352209978243,4.3254116389198694e-30,1.0000000994736041e-07,0.09743920979934878,0
2015-01-19,-14.79,-70.72,3.0,0,2.743609,0.05740051,2.7461890802993203,2.7500592007483005,0.0399353152228025,4.0710868405804936e-42,1.0000000994736041e-07,0.03207078806684224,0
2015-01-20,-14.79,-70.72,5.5,0,2.8890405,0.06346005,2.9428385801771872,3.0235357004429684,0.0566299727040821,9.277786055043763e-70,1.0000000994736041e-07,0.039200024311226114,0
2015-01-21,-14.79,-70.72,4.5,0,3.6234434,0.03436588,3.680132264239114,3.765165560597785,0.0591202534843483,1.690185776248681e-57,1.0000000994736041e-07,0.029764149045305978,0
2015-01-22,-14.79,-70.72,3.5,0,4.0107756,0.007282494,4.154046551414422,4.368952978536055,0.0095937935807944,3.7032927224986076e-47,1.0000000994736041e-07,0.0054270259742398115,0
2015-01-23,-14.79,-70.72,3.0,0,3.7993946,0.018107638,3.8788996545556182,3.998157236389046,0.0231270963061861,1.8824627429160235e-41,1.0000000994736041e-07,0.013275817191857322,0
2015-01-24,-14.79,-70.72,3.5,0,2.8579142,0.081643336,2.7342439102164793,2.5487384755411977,0.0715073283404845,1.1211616719062515e-46,1.0000000994736041e-07,0.050027381102146835,0
2015-01-25,-14.79,-70.72,4.5,0,2.9060826,0.061752386,2.93147259717146,2.96955759292865,0.0655303782499798,4.027562608885645e-58,1.0000000994736041e-07,0.04127246357499543,0
2015-01-26,-14.79,-70.72,4.0,0,3.6782472,0.014032744,3.6843019374472536,3.6933840436181344,0.0159392921722167,2.6834353220381073e-53,1.0000000994736041e-07,0.009693263051666503,0
2015-01-27,-14.79,-70.72,3.0,0,3.5683403,0.012187076,3.719738902300443,3.946836805751107,0.0108228696537565,1.5223689991668165e-42,1.0000000994736041e-07,0.007512352496128441,0
2015-01-28,-14.79,-70.72,3.5,0,3.5184,0.024596885,3.483758274143745,3.4317956853593627,0.0173622953599749,1.8146821393066088e-47,1.0000000994736041e-07,0.013817613357993962,0
2015-01-29,-14.79,-70.72,2.5,0,3.306125,0.032921746,3.261489564295106,3.1945364107377645,0.0213176610195707,1.254301509665817e-35,1.0000000994736041e-07,0.017917924405872702,0
2015-01-30,-14.79,-70.72,5.0,0,2.9279451,0.04997311,2.8584381388607962,2.7541776971519907,0.0423442268407711,1.5028554786454755e-64,1.0000000994736041e-07,0.03019387155223282,0
2015-01-31,-14.79,-70.72,2.0,0,3.4424064,0.030412026,3.4790747987102404,3.534077396775601,0.048779885797807,4.147182740506513e-29,1.0000000994736041e-07,0.02527818983934359,0
2015-02-01,-14.79,-70.72,4.5,0,2.4500308,0.15498471,2.435534814766231,2.4137908369155774,0.1773046583619484,6.983948206444414e-59,1.0000000994736041e-07,0.107436061008586,0
2015-02-02,-14.79,-70.72,4.0,0,3.3020978,0.068800256,3.309493906306666,3.3205880657666658,0.0530058154163773,1.0147644593741012e-51,1.0000000994736041e-07,0.039981849224914684,0
2015-02-03,-14.79,-70.72,0.0,1,2.7842753,0.096740365,2.9258723463097844,3.138267915774461,0.0724344889711865,0.9884634204799984,0.98312130211078,0.4007503538539726,0
2015-02-04,-14.79,-70.72,1.0,0,1.2329607,0.2875721,1.1372896538481236,0.9937830846203092,0.3686539253566278,1.0974840359004487e-16,1.0000000994736041e-07,0.21124642760698983,0
2015-02-05,-14.79,-70.72,1.5,0,1.2739052,0.2785018,1.264353564291747,1.250026110729367,0.294357070742277,1.6192487587830033e-23,1.0000000994736041e-07,0.1857827662226846,0
2015-02-06,-14.79,-70.72,4.5,0,2.173773,0.13998254,2.035849188097529,1.8289634702438224,0.1443569053369991,3.290846643644253e-58,1.0000000994736041e-07,0.0923009756011012,0
2015-02-07,-14.79,-70.72,3.0,0,3.345295,0.028037386,3.347479752556222,3.350756881390555,0.035199391339403,1.1116150127751726e-41,1.0000000994736041e-07,0.020372917501822393,0
2015-02-08,-14.79,-70.72,4.0,0,3.2321649,0.035821654,3.2748309503346,3.338830025836501,0.0322725489514639,2.5016036624174383e-53,1.0000000994736041e-07,0.022219358585440663,0
2015-02-09,-14.79,-70.72,2.5,0,3.5211093,0.021935886,3.619517322471674,3.767129356179185,0.0153420998132047,4.287615955574144e-36,1.0000000994736041e-07,0.012280205043962903,0
2015-02-10,-14.79,-70.72,5.0,0,3.1774597,0.04060392,3.046946936616977,2.851177791542442,0.0348378685854641,1.624749199932662e-64,1.0000000994736041e-07,0.02466274757564072,0
2015-02-11,-14.79,-70.72,5.5,0,3.8481886,0.0077762674,3.997301591364617,4.220971078411543,0.0158050319306942,4.064275106611613e-69,1.0000000994736041e-07,0.007463218169209752,0
2015-02-12,-14.79,-70.72,5.0,0,4.308555,0.004687861,4.3526412082022246,4.418770520505562,0.0066622558575515,6.460122028172449e-64,1.0000000994736041e-07,0.0036394431072669423,0
2015-02-13,-14.79,-70.72,4.0,0,4.082946,0.036858022,3.9758110193671206,3.815108548417802,0.0324103053063161,6.0438521397955744e-52,1.0000000994736041e-07,0.02262341429189632,0
2015-02-14,-14.79,-70.72,5.5,0,4.139406,0.012817334,4.222962443271485,4.348297108178713,0.0078421817120878,2.8767968372338905e-69,1.0000000994736041e-07,0.0068387364136278305,0
2015-02-15,-14.79,-70.72,6.0,0,4.402942,0.0066830465,4.412352674137119,4.426468685342797,0.0052405737435326,5.800468695616949e-75,1.0000000994736041e-07,0.003911253398061272,0
2015-02-16,-14.79,-70.72,4.5,0,4.9065523,0.0027747222,4.978408445499037,5.086192663747591,0.0047822900432758,1.1919948891086434e-57,1.0000000994736041e-07,0.0024058547829842324,0
2015-02-17,-14.79,-70.72,3.5,0,4.6004415,0.009089284,4.68886405624161,4.821497890604026,0.0063295586269004,2.475001928805321e-47,1.0000000994736041e-07,0.005080131988071611,0
2015-02-18,-14.79,-70.72,1.0,0,3.2970173,0.06813453,3.4814786976913696,3.758170794228425,0.0553319779550584,1.8943061676994815e-16,1.0000000994736041e-07,0.04044669388651904,0
2015-02-19,-14.79,-70.72,0.5,0,1.987725,0.16617,2.0598510985530685,2.168040246382671,0.1455992587493174,1.1033837217528858e-08,0.0011745962843524,0.10201546927421554,0
2015-02-20,-14.79,-70.72,1.5,0,1.323978,0.26723146,1.3908899262844896,1.491257815711224,0.3019343611103161,6.1819014713621956e-24,1.0000000994736041e-07,0.1841113343330963,0
2015-02-21,-14.79,-70.72,4.5,0,1.949371,0.16848642,1.9109675165724238,1.85336229143106,0.1570950641465064,3.6587002423759454e-58,1.0000000994736041e-07,0.1060987812439534,0
2015-02-22,-14.79,-70.72,5.5,0,3.3360386,0.029059337,3.326736593917508,3.31278358479377,0.0297754437541743,5.943773605938967e-69,1.0000000994736041e-07,0.01910341607625378,0
2015-02-23,-14.79,-70.72,6.0,0,4.221691,0.005434956,4.2822848080249845,4.3731755200624605,0.018483884771679,2.103968744414437e-75,1.0000000994736041e-07,0.007447415031505192,0
2015-02-24,-14.79,-70.72,5.5,0,4.984516,0.0031808033,5.023749294637082,5.082599236592705,0.0043909488136517,5.404243468719797e-69,1.0000000994736041e-07,0.002430580799097002,0
2015-02-25,-14.79,-70.72,0.0,1,4.484669,0.015199637,4.5153485167061245,4.56136779176531,0.0234642385602482,0.9854956144117056,0.9495717359579818,0.35189402779411283,0
2015-02-26,-14.79,-70.72,4.0,0,3.1215568,0.032756682,2.9543323160492014,2.703495590123004,0.1734158433560983,2.192236539960114e-53,1.0000000994736041e-07,0.06348960670683099,0
2015-02-27,-14.79,-70.72,6.0,0,3.6245043,0.041955806,3.652642078739243,3.6948487468481073,0.0372568595817669,5.345172766337613e-74,1.0000000994736041e-07,0.02586160497453156,0
2015-02-28,-14.79,-70.72,4.0,0,4.344756,0.018183256,4.308140138250953,4.253216345627382,0.0204054305831343,3.0334216292661335e-52,1.0000000994736041e-07,0.012485783774941781,0
2015-03-01,-14.79,-70.72,4.5,0,4.1507106,0.009173778,4.303943476999664,4.533792792499161,0.0088200648904279,2.998046414843402e-58,1.0000000994736041e-07,0.005856856767129862,0
2015-03-02,-14.79,-70.72,5.0,0,4.113577,0.015172097,4.167788433043057,4.249105582607641,0.0083528737737588,8.709785950523707e-64,1.0000000994736041e-07,0.007816111082129132,0
2015-03-03,-14.79,-70.72,3.5,0,4.088333,0.0065071145,4.136432140921304,4.20858085230326,0.0055528450143651,2.199993129741315e-47,1.0000000994736041e-07,0.003943358579311021,0
2015-03-04,-14.79,-70.72,5.0,0,3.8220146,0.013132817,3.7198754803995513,3.5666668009988776,0.0125207754006142,9.490960641097651e-65,1.0000000994736041e-07,0.008352733570185752,0
2015-03-05,-14.79,-70.72,3.5,0,4.0209975,0.016839987,4.108036421953614,4.238594804884034,0.0115884230594232,9.5548885961841e-47,1.0000000994736041e-07,0.009370537367828452,0
2015-03-06,-14.79,-70.72,5.0,0,3.5988894,0.021684801,3.5414175396672056,3.4552097491680143,0.0157046962993471,3.870333072349382e-64,1.0000000994736041e-07,0.012301104239805622,0
2015-03-07,-14.79,-70.72,5.5,0,4.017731,0.015305219,4.09280123387978,4.20540658469945,0.0105529028929529,4.2708656083228616e-69,1.0000000994736041e-07,0.008522712517887361,0
2015-03-08,-14.79,-70.72,3.5,0,4.17094,0.0042059207,4.240726098832034,4.345405247080084,0.0065504062482373,3.71978530443096e-47,1.0000000994736041e-07,0.003437209119472682,0
2015-03-09,-14.79,-70.72,3.0,0,4.1178093,0.010464952,4.231897574648533,4.403029986621333,0.0144697110457876,3.834800816952321e-42,1.0000000994736041e-07,0.008003661513737772,0
2015-03-10,-14.79,-70.72,5.5,0,2.7354546,0.079413705,2.8002448525235493,2.897430231308873,0.0574896018666967,9.450692359684267e-69,1.0000000994736041e-07,0.0450416923100105,0
2015-03-11,-14.79,-70.72,5.0,0,3.3888915,0.057432447,3.4891587738517567,3.639559684629392,0.0423229532614111,9.885120275652028e-63,1.0000000994736041e-07,0.032798257428424814,0
2015-03-12,-14.79,-70.72,2.0,0,3.4372687,0.060061987,3.5248323632317176,3.656177858079293,0.0632267685523011,1.0577818120405747e-29,1.0000000994736041e-07,0.03998974101569182,0
2015-03-13,-14.79,-70.72,3.0,0,2.4375112,0.14000192,2.463825800644938,2.503297701612344,0.1096604973472644,4.0828583472910996e-41,1.0000000994736041e-07,0.0818988362041808,0
2015-03-14,-14.79,-70.72,3.5,0,2.8004386,0.09482568,2.8668683823281236,2.9665130558203088,0.0782010205445886,1.037859996042549e-46,1.0000000994736041e-07,0.05664930916337807,0
2015-03-15,-14.79,-70.72,1.0,0,2.4627957,0.12407276,2.582796369919378,2.762797374798445,0.0907775760353118,8.002236765830366e-17,1.0000000994736041e-07,0.07065875381059504,0
2015-03-16,-14.79,-70.72,4.0,0,2.585252,0.064471945,2.641336398719275,2.725462996798187,0.0571256540082828,2.898110030658094e-53,1.0000000994736041e-07,0.03970289195248633,0
2015-03-17,-14.79,-70.72,5.5,0,3.0801148,0.048889033,3.1877860859603975,3.349293014900993,0.0332637580447308,2.324808294967347e-68,1.0000000994736041e-07,0.027090303963420728,0
2015-03-18,-14.79,-70.72,3.5,0,3.8662655,0.018556636,3.9853675614353046,4.164020653588262,0.0361190699877803,7.140220788384459e-47,1.0000000994736041e-07,0.01733055859633558,0
2015-03-19,-14.79,-70.72,4.5,0,3.833019,0.009552178,3.9463389995371494,4.116318998842874,0.0147977666290036,3.3872168482153765e-59,1.0000000994736041e-07,0.007782607288702572,0
2015-03-20,-14.79,-70.72,5.0,0,3.8960295,0.015516914,3.863664868828195,3.815117922070488,0.0136268283569439,2.3625992568077096e-64,1.0000000994736041e-07,0.009518983407084661,0
2015-03-21,-14.79,-70.72,4.5,0,4.010034,0.0047808434,4.126511049406328,4.301226623515819,0.0060840403837122,7.431823958924428e-59,1.0000000994736041e-07,0.003498522305115152,0
2015-03-22,-14.79,-70.72,3.0,0,3.4305763,0.05109523,3.4058064447535674,3.368651661883918,0.0355854531225108,2.1203809152542008e-41,1.0000000994736041e-07,0.02855898143675473,0
2015-03-23,-14.79,-70.72,-1.0,1,2.8876195,0.08438909,2.9457987238773944,3.033067559693485,0.0594314696359591,0.9999999999956856,0.99999999999997,0.39736562238992035,0
2015-03-24,-14.79,-70.72,-0.5,1,-0.01316596,0.5773543,-0.0591967117927858,-0.1282428394819645,0.5968508215556797,0.9999999914397294,0.99999999999997,0.7311292497546452,1
2015-03-25,-14.79,-70.72,5.0,0,1.4560734,0.30398053,1.288277731716898,1.0365842292922456,0.328906940423371,2.5141511052989065e-64,1.0000000994736041e-07,0.2050652826270128,0
2015-03-26,-14.79,-70.72,4.0,0,2.982689,0.03892964,3.301903975181731,3.780726437954327,0.0874169120014686,1.193878090664505e-52,1.0000000994736041e-07,0.039850462600442074,0
2015-03-27,-14.79,-70.72,3.0,0,2.1432805,0.18929006,2.1410601366327313,2.137729591581828,0.1451172875662583,6.134272039877597e-42,1.0000000994736041e-07,0.10978672226987898,0
2015-03-28,-14.79,-70.72,0.0,1,2.845835,0.08349965,2.908751858708234,3.003127146770585,0.0737007687934585,0.9853797638116136,0.986020993074738,0.39631420986157095,0
2015-03-29,-14.79,-70.72,0.5,0,1.1806449,0.3374644,1.0820595369223773,0.934181492305943,0.4316336360064481,3.584871685133589e-09,9.117840609007093e-05,0.24761630827982228,0
2015-03-30,-14.79,-70.72,5.0,0,1.7264192,0.2248537,1.7751536709524447,1.848255377381112,0.1706367868107877,1.445520251007264e-63,1.0000000994736041e-07,0.12988984604323778,0
2015-03-31,-14.79,-70.72,1.5,0,2.9273317,0.0626746,3.1324047972799915,3.4400144431999795,0.0506755625711443,7.647229202152715e-23,1.0000000994736041e-07,0.037138793771344776,0
2015-04-01,-14.79,-70.72,3.5,0,2.2255723,0.071959175,2.4594496130883314,2.8102655827208287,0.1040185993923981,2.7560342073566705e-48,1.0000000994736041e-07,0.05639130606772092,0
2015-04-02,-14.79,-70.72,4.5,0,2.581185,0.10510173,2.600941601010242,2.6305765025256056,0.0900135442794202,2.5050292919214056e-57,1.0000000994736041e-07,0.06378968378382754,0
2015-04-03,-14.79,-70.72,3.5,0,2.318348,0.18542816,2.3785755496418015,2.468916874104504,0.1610457443144554,1.4194470327126522e-46,1.0000000994736041e-07,0.11321359429433811,0
2015-04-04,-14.79,-70.72,-1.0,1,2.9068785,0.045867026,3.110342600254842,3.415538750637105,0.0349012575375029,0.999999999996533,0.99999999999997,0.376523836360553,0
2015-04-05,-14.79,-70.72,0.5,0,-0.21746986,0.6013754,-0.17563672685813653,-0.1128870271453414,0.6466588325815249,3.0256084196236223e-09,6.795726928697781e-05,0.40448923396997216,0
2015-04-06,-14.79,-70.72,2.0,0,0.66346824,0.4210539,0.5966690966942907,0.4964703817357268,0.3582355694750204,2.7935795548511172e-30,1.0000000994736041e-07,0.2548395508425076,0
2015-04-07,-14.79,-70.72,4.0,0,0.99260163,0.35102096,0.9670135965459115,0.9286315463647788,0.3094662625912782,1.0371623725310718e-52,1.0000000994736041e-07,0.21569722977738492,0
2015-04-08,-14.79,-70.72,5.5,0,2.8572857,0.050330848,3.0284241950938213,3.285131937734553,0.0659934291008451,4.784447566862951e-70,1.0000000994736041e-07,0.03741384053025502,0
2015-04-09,-14.79,-70.72,1.0,0,3.672062,0.017643033,3.7205961759055226,3.7933974397638064,0.0452654210940436,1.3748024363598768e-16,1.0000000994736041e-07,0.019754702878214597,0
2015-04-10,-14.79,-70.72,2.5,0,2.9703426,0.04052722,3.102899240740725,3.3017342018518128,0.0570435661671582,2.6898613530224725e-37,1.0000000994736041e-07,0.031297611850148954,0
2015-04-11,-14.79,-70.72,3.5,0,2.5551057,0.10410812,2.750029931281384,3.04241627820346,0.0886918931602855,4.668061823523033e-48,1.0000000994736041e-07,0.06304542494808714,0
2015-04-12,-14.79,-70.72,4.0,0,2.7881105,0.064654775,2.7565494541272155,2.709207885318039,0.0615928276461953,1.8119447121029358e-53,1.0000000994736041e-07,0.041107034543860076,0
2015-04-13,-14.79,-70.72,3.5,0,2.8960392,0.048233267,3.115161609160095,3.443845222900237,0.0481387419710008,8.938411133947665e-48,1.0000000994736041e-07,0.031323281041301734,0
2015-04-14,-14.79,-70.72,5.0,0,1.9953707,0.1559724,2.2252756454851994,2.5701330637129987,0.1555650058759242,6.971224809723257e-64,1.0000000994736041e-07,0.10125985676277875,0
2015-04-15,-14.79,-70.72,4.0,0,2.7822773,0.09345208,3.0326085588804372,3.408105447201093,0.1278509582386418,1.840906574686937e-52,1.0000000994736041e-07,0.07106353047159403,0
2015-04-16,-14.79,-70.72,4.5,0,2.9842587,0.030324146,3.3295040252588675,3.8473720131471687,0.0222995342334172,2.0210660543057174e-58,1.0000000994736041e-07,0.01730332637002665,0
2015-04-17,-14.79,-70.72,5.0,0,2.7710834,0.12972675,3.0027019724677144,3.350129831169285,0.0914366763802848,1.1496807630115515e-63,1.0000000994736041e-07,0.07283538041408692,0
2015-04-18,-14.79,-70.72,0.0,1,3.5409858,0.012940204,3.834174763693154,4.273958209232885,0.0189228351557372,0.9772725842555352,0.9687686633568484,0.3509757383013554,0
2015-04-19,-14.79,-70.72,2.3,0,2.1037064,0.08382562,2.4469476359775264,2.9618094899438163,0.1151844373852312,2.366965251872318e-35,1.0000000994736041e-07,0.06389431321557085,0
2015-04-20,-14.79,-70.72,2.0,0,1.9253863,0.21396938,2.3646598338160354,3.023570134540088,0.2348571866184262,8.021927646502661e-30,1.0000000994736041e-07,0.14534645398552934,0
2015-04-21,-14.79,-70.72,5.0,0,1.9129156,0.1944641,1.9649010499762634,2.0428792249406587,0.1917994633062809,5.951394719434458e-65,1.0000000994736041e-07,0.12560228899188575,0
2015-04-22,-14.79,-70.72,-2.0,1,2.0944498,0.1320634,2.558764559319058,3.255236698297645,0.1438365570504913,1.0,0.99999999999997,0.4393731571151429,0
2015-04-23,-14.79,-70.72,2.5,0,0.7403052,0.4014441,0.8165448975265972,0.9309044438164932,0.3833742721367478,4.080762321499216e-38,1.0000000994736041e-07,0.25551773164102587,0
2015-04-24,-14.79,-70.72,3.0,0,1.9708306,0.2493603,2.2428027700154463,2.6507610250386167,0.3017243463640516,1.903895865582623e-40,1.0000000994736041e-07,0.17779342390921696,0
2015-04-25,-14.79,-70.72,3.5,0,1.8603077,0.19546625,2.0123950451284114,2.2405260628210284,0.1591948143842711,1.7457928080925807e-47,1.0000000994736041e-07,0.11617164681528283,0
2015-04-26,-14.79,-70.72,5.0,0,2.0037818,0.12719469,2.330391108920396,2.8203050723009904,0.095511910138764,2.213130495116999e-64,1.0000000994736041e-07,0.07317172954163069,0
2015-04-27,-14.79,-70.72,4.0,0,1.619179,0.23480341,2.290732761984229,3.2980634049605717,0.1371263314761746,2.7497018765258385e-52,1.0000000994736041e-07,0.12331910794285386,0
2015-04-28,-14.79,-70.72,1.5,0,1.6868191,0.2945286,2.0252113073521905,2.5327996183804755,0.1410966264636077,8.741553842539094e-24,1.0000000994736041e-07,0.1454140129390838,0
2015-04-29,-14.79,-70.72,0.0,1,0.44571522,0.44190982,0.6800228045799868,1.031484181449967,0.2400917904733832,0.98559971620549,0.9857201184057413,0.5716739351439741,1
2015-04-30,-14.79,-70.72,-0.5,1,1.3101519,0.30596796,1.514267111902417,1.8204399297560427,0.3357319566823035,0.999999961178889,0.9999999999999604,0.5578083652404628,1
2015-05-01,-14.79,-70.72,5.0,0,0.29590905,0.4930935,0.5613337472365424,0.959470793091356,0.4582175609512094,2.0710436968432052e-64,1.0000000994736041e-07,0.31004800828536433,0
2015-05-02,-14.79,-70.72,-1.5,1,0.21817495,0.5137918,0.6473427988206625,1.2910945720516562,0.3300971453035477,0.9999999999999234,0.99999999999997,0.6288562735910445,1
2015-05-03,-14.79,-70.72,-1.0,1,-2.336445,0.86379164,-2.0307032536864247,-1.5720906342160614,0.8065800711141391,0.9999999999980328,0.99999999999997,0.8943010953338438,1
2015-05-04,-14.79,-70.72,-3.0,1,-1.7569036,0.7532546,-1.8666660657813394,-2.0313097644533484,0.6666774471214972,1.0,0.99999999999997,0.8136423441364447,1
2015-05-05,-14.79,-70.72,-2.5,1,-3.2191908,0.9001615,-3.034742300461004,-2.75806955115251,0.8914950966648919,1.0,0.99999999999997,0.932505053999463,1
2015-05-06,-14.79,-70.72,-3.0,1,-2.7749715,0.89475745,-2.6657736191171235,-2.501976797792809,0.879672071022879,1.0,0.99999999999997,0.927066728806859,1
2015-05-07,-14.79,-70.72,-3.5,1,-2.9565263,0.8912981,-3.0103726712086005,-3.091142228021501,0.9249134224650004,1.0,0.99999999999997,0.9394283617394956,1
2015-05-08,-14.79,-70.72,2.5,0,-3.5068362,0.940088,-3.419115064122494,-3.287533360306235,0.9475499069483102,5.009688109830478e-37,1.0000000994736041e-07,0.6132957870844945,1
2015-05-09,-14.79,-70.72,-1.5,1,-1.2817984,0.66857743,-0.9690950467171411,-0.5000400167928528,0.6170795254477951,0.9999999999999788,0.99999999999997,0.7691259581343297,1
2015-05-10,-14.79,-70.72,-0.5,1,-2.762042,0.8741906,-2.473909725459941,-2.0417113136498526,0.8134659610900148,0.999999971914,0.99999999999997,0.9000064927097999,1
2015-05-11,-14.79,-70.72,-3.5,1,-2.0149553,0.8119795,-1.8132402904943201,-1.5106677762358005,0.6801312788227848,1.0,0.99999999999997,0.8382322086468309,1
2015-05-12,-14.79,-70.72,-2.0,1,-3.719663,0.93350154,-3.540755563388989,-3.272394408472473,0.9198586861798196,1.0,0.99999999999997,0.9526831448539412,1
2015-05-13,-14.79,-70.72,-2.5,1,-2.618917,0.8989513,-2.4633161309940035,-2.2299148274850085,0.8792605602335503,1.0,0.99999999999997,0.9284111230700605,1
2015-05-14,-14.79,-70.72,-2.0,1,-3.4089592,0.9138985,-3.0689213841165994,-2.5588646602914995,0.8981178337385873,1.0,0.99999999999997,0.9392998251215716,1
2015-05-15,-14.79,-70.72,-3.0,1,-2.7009108,0.8898319,-2.4963591541298236,-2.1895316853245594,0.8963643950142977,1.0,0.99999999999997,0.9303504835042846,1
2015-05-16,-14.79,-70.72,1.5,0,-3.289046,0.9181196,-3.293123764751334,-3.2992404118783343,0.9121681432644304,1.0202949396739591e-24,1.0000000994736041e-07,0.5949923179793306,1
2015-05-17,-14.79,-70.72,1.0,0,-1.8264036,0.650453,-1.552615918141234,-1.141934395353085,0.6413045593148519,7.626254293350142e-17,1.0000000994736041e-07,0.42004993279445707,0
2015-05-18,-14.79,-70.72,-4.0,1,-1.8488448,0.6556863,-1.4309555062671295,-0.804121565667824,0.6073114545901974,1.0,0.99999999999997,0.7616836413770547,1
2015-05-19,-14.79,-70.72,-4.5,1,-4.579671,0.9463365,-4.054752154309929,-3.2673738857748225,0.9007586938912736,1.0,0.99999999999997,0.9514453831673775,1
2015-05-20,-14.79,-70.72,-2.0,1,-4.7798953,0.9694211,-4.646222252336812,-4.44571268084203,0.9480073532634244,1.0,0.99999999999997,0.9736995909790227,1
2015-05-21,-14.79,-70.72,-6.0,1,-3.799745,0.92447025,-3.3534316171274408,-2.683961542818601,0.9059632291137538,1.0,0.99999999999997,0.9453535562341215,1
2015-05-22,-14.79,-70.72,-6.5,1,-5.925639,0.97753614,-5.754554801764806,-5.497928504412013,0.9744348051070998,1.0,0.99999999999997,0.9844680905321255,1
2015-05-23,-14.79,-70.72,-7.0,1,-6.3405633,0.9831287,-6.2074506750054805,-6.007781737513701,0.9808829522685268,1.0,0.99999999999997,0.9883599306805535,1
2015-05-24,-14.79,-70.72,-6.0,1,-6.7410893,0.9846534,-6.743078333726196,-6.746061884315491,0.988641151117709,1.0,0.99999999999997,0.9912210353353081,1
2015-05-25,-14.79,-70.72,-4.0,1,-6.218609,0.9770521,-6.090559399998589,-5.898484999996473,0.9805841117381578,1.0,0.99999999999997,0.9861434685214427,1
2015-05-26,-14.79,-70.72,-4.5,1,-5.174982,0.96206343,-5.04790595835991,-4.857291895899774,0.9670769802797444,1.0,0.99999999999997,0.9768452945839188,1
2015-05-27,-14.79,-70.72,-3.5,1,-5.3147492,0.97028166,-5.014807579204084,-4.564895148010211,0.9706884824590136,1.0,0.99999999999997,0.9808051257376995,1
2015-05-28,-14.79,-70.72,-8.0,1,-4.8049445,0.9648525,-4.331568634814567,-3.621504837036416,0.958963237586654,1.0,0.99999999999997,0.9753873462759917,1
2015-05-29,-14.79,-70.72,-8.0,1,-7.7895813,0.9936562,-7.6153900020902086,-7.354103055225522,0.9855877404177248,1.0,0.99999999999997,0.9934559921253128,1
2015-05-30,-14.79,-70.72,-6.5,1,-7.805586,0.99536705,-7.622476938620046,-7.347813346550116,0.9907164730097336,1.0,0.99999999999997,0.9955934094029155,1
2015-05-31,-14.79,-70.72,-6.5,1,-6.8416758,0.9912048,-6.707600041574419,-6.506486403936046,0.9908339504090342,1.0,0.99999999999997,0.9941718651227056,1
2015-06-01,-14.79,-70.72,-3.0,1,-6.7827,0.98037225,-6.660001357261288,-6.475953393153222,0.9848512877202554,1.0,0.99999999999997,0.9885856738160721,1
2015-06-02,-14.79,-70.72,-0.5,1,-5.113312,0.9472114,-4.704347731008012,-4.090901327520031,0.9353175763386764,0.999999993819404,0.99999999999997,0.9621192616654792,1
2015-06-03,-14.79,-70.72,-4.5,1,-3.7061162,0.8639573,-3.518302569396903,-3.2365821234922576,0.8384417295263625,1.0,0.99999999999997,0.9039175738579042,1
2015-06-04,-14.79,-70.72,-6.5,1,-5.65065,0.9723426,-5.210820800438092,-4.55107700109523,0.960658487777861,1.0,0.99999999999997,0.9785174563333536,1
2015-06-05,-14.79,-70.72,-6.5,1,-6.7891316,0.9864709,-6.552926936156936,-6.198619940392341,0.9829636139923028,1.0,0.99999999999997,0.9901538991976864,1
2015-06-06,-14.79,-70.72,-10.0,1,-6.822398,0.98852193,-6.573404709174425,-6.199914772936063,0.987366603107989,1.0,0.99999999999997,0.9921926564323922,1
2015-06-07,-14.79,-70.72,-10.5,1,-9.232242,0.9944753,-9.28927130630912,-9.3748152657728,0.991928018985592,1.0,0.99999999999997,0.9956447606956731,1
2015-06-08,-14.79,-70.72,-10.0,1,-9.791255,0.99733895,-9.736713988327516,-9.65490247081879,0.9965051419252704,1.0,0.99999999999997,0.9980201750775766,1
2015-06-09,-14.79,-70.72,-11.0,1,-9.374105,0.9939756,-9.422263770550114,-9.494501926375287,0.9965729450255654,1.0,0.99999999999997,0.996863343507665,1
2015-06-10,-14.79,-70.72,-4.5,1,-10.3301525,0.9977417,-10.317899400074804,-10.299519750187011,0.996878099508814,1.0,0.99999999999997,0.9982730248526397,1
2015-06-11,-14.79,-70.72,-8.0,1,-7.337847,0.98029673,-6.977287853393204,-6.436449133483007,0.974791917728758,1.0,0.99999999999997,0.9855414308186228,1
2015-06-12,-14.79,-70.72,-10.0,1,-8.470933,0.99301857,-8.212738612136308,-7.8254470303407695,0.9891576116656426,1.0,0.99999999999997,0.9943037829996881,1
2015-06-13,-14.79,-70.72,-11.0,1,-9.413236,0.99650526,-9.370971984625719,-9.3075759615643,0.9945489559541651,1.0,0.99999999999997,0.997141527786245,1
2015-06-14,-14.79,-70.72,-11.5,1,-10.138067,0.9978059,-10.06098254825044,-9.945355870626102,0.9966823898171836,1.0,0.99999999999997,0.9982367819451505,1
2015-06-15,-14.79,-70.72,-9.0,1,-10.694857,0.99779487,-10.715189317692488,-10.74568779423122,0.9973005114933664,1.0,0.99999999999997,0.9984183579480053,1
2015-06-16,-14.79,-70.72,-6.0,1,-9.154384,0.9961195,-9.070573642586437,-8.944858106466091,0.9968341282670836,1.0,0.99999999999997,0.9976920634801205,1
2015-06-17,-14.79,-70.72,-6.5,1,-7.118679,0.98979986,-7.044663537809725,-6.933640344524312,0.9840921468680328,1.0,0.99999999999997,0.9916575950604052,1
2015-06-18,-14.79,-70.72,-6.5,1,-7.2228456,0.99066156,-6.977741860371351,-6.610086250928377,0.9856475682635149,1.0,0.99999999999997,0.9924258164790498,1
2015-06-19,-14.79,-70.72,-6.0,1,-7.195229,0.99040574,-6.848793447739796,-6.329140119349488,0.987664995636397,1.0,0.99999999999997,0.9929415076909145,1
2015-06-20,-14.79,-70.72,-7.5,1,-6.7489185,0.98687625,-6.371670887952369,-5.805799469880924,0.9846959979782304,1.0,0.99999999999997,0.9908154868934644,1
2015-06-21,-14.79,-70.72,-8.0,1,-7.781952,0.9925196,-7.514300294980713,-7.112822737451782,0.9909617733077652,1.0,0.99999999999997,0.994670391992325,1
2015-06-22,-14.79,-70.72,-7.5,1,-8.044653,0.994827,-7.859392555910458,-7.5815018897761455,0.993721485799197,1.0,0.99999999999997,0.9963058957397546,1
2015-06-23,-14.79,-70.72,-8.0,1,-7.879208,0.995171,-7.581631198009523,-7.135265995023807,0.9929176638942872,1.0,0.99999999999997,0.9961851491682816,1
2015-06-24,-14.79,-70.72,-9.0,1,-8.1605425,0.9947766,-8.015981482405223,-7.799139956013059,0.9930645126282815,1.0,0.99999999999997,0.99609116378848,1
2015-06-25,-14.79,-70.72,-7.5,1,-8.931074,0.9964006,-8.803187171038683,-8.611356927596704,0.9949167207459468,1.0,0.99999999999997,0.9972152262237794,1
2015-06-26,-14.79,-70.72,-8.0,1,-7.8310943,0.99540496,-7.565514047700695,-7.167143669251739,0.9935844477892262,1.0,0.99999999999997,0.9964670703367633,1
2015-06-27,-14.79,-70.72,-8.5,1,-8.147393,0.9953799,-8.014827823313057,-7.815980058282644,0.9935567592684952,1.0,0.99999999999997,0.9964499927805439,1
2015-06-28,-14.79,-70.72,-8.5,1,-8.615538,0.9958923,-8.40452286158305,-8.088000153957626,0.994814093705024,1.0,0.99999999999997,0.9970065331115026,1
2015-06-29,-14.79,-70.72,-12.0,1,-8.567586,0.9958324,-8.379928561524828,-8.098442403812067,0.9955144416586598,1.0,0.99999999999997,0.9971956724975934,1
2015-06-30,-14.79,-70.72,-13.0,1,-10.79821,0.9986066,-10.828562326881809,-10.874090817204523,0.9965209097530436,1.0,0.99999999999997,0.9984685829259086,1
2015-07-01,-14.79,-70.72,-11.5,1,-11.823138,0.99915135,-11.84208205696569,-11.870498142414226,0.997683279463118,1.0,0.99999999999997,0.9990079563389309,1
2015-07-02,-14.79,-70.72,-8.0,1,-10.695789,0.9984849,-10.732448442417654,-10.787437606044136,0.9977616021252048,1.0,0.99999999999997,0.9987981956375569,1
2015-07-03,-14.79,-70.72,-3.0,1,-8.614471,0.9957569,-8.535631112186335,-8.417371280465838,0.995157399803738,1.0,0.99999999999997,0.9970621349411168,1
2015-07-04,-14.79,-70.72,-2.5,1,-2.3606935,0.7328658,-2.057593663768448,-1.6029439094211204,0.8127316265553469,1.0,0.99999999999997,0.8503225179665994,1
2015-07-05,-14.79,-70.72,-2.0,1,-4.81317,0.93561804,-4.5983115162845145,-4.276023790711286,0.9332133228300808,1.0,0.99999999999997,0.9574303108490196,1
2015-07-06,-14.79,-70.72,-12.0,1,-4.9449058,0.94472957,-3.8871452566291027,-2.3005044415727567,0.9304380381373842,1.0,0.99999999999997,0.9597867609412107,1
2015-07-07,-14.79,-70.72,-14.5,1,-11.237224,0.99099684,-11.058977356647206,-10.791607391618015,0.9738794520062322,1.0,0.99999999999997,0.9890127296018651,1
2015-07-08,-14.79,-70.72,-15.0,1,-12.92452,0.9989741,-12.732359460446489,-12.44411865111622,0.9903889580283968,1.0,0.99999999999997,0.9967576224085144,1
2015-07-09,-14.79,-70.72,-14.0,1,-13.113407,0.99894804,-13.070039631577377,-13.004988578943442,0.997820745760539,1.0,0.99999999999997,0.9989780377281572,1
2015-07-10,-14.79,-70.72,-15.0,1,-12.605012,0.9989561,-12.670051392214647,-12.767610480536618,0.9977737705405352,1.0,0.99999999999997,0.998966766162156,1
2015-07-11,-14.79,-70.72,-15.5,1,-11.355403,0.998934,-12.083946966198038,-13.176762915495091,0.9977599904160916,1.0,0.99999999999997,0.998954897124823,1
2015-07-12,-14.79,-70.72,-12.5,1,-13.940448,0.998934,-13.631641473715952,-13.168431684289878,0.9977737705405352,1.0,0.99999999999997,0.9989590311621559,1
2015-07-13,-14.79,-70.72,-9.5,1,-11.268427,0.999138,-11.322393396920821,-11.403342992302052,0.9977009014723164,1.0,0.99999999999997,0.9990085704416902,1
2015-07-14,-14.79,-70.72,-9.0,1,-9.373616,0.9971903,-9.212843112173104,-8.971683780432759,0.9964728801116536,1.0,0.99999999999997,0.9979584690334915,1
2015-07-15,-14.79,-70.72,-5.0,1,-8.721654,0.9901045,-8.815457192075765,-8.956161980189412,0.99504989392789,1.0,0.99999999999997,0.9950515431783624,1
2015-07-16,-14.79,-70.72,-10.0,1,-6.453418,0.984568,-6.269351184942648,-5.993250962356621,0.9786679270884704,1.0,0.99999999999997,0.9881991781265365,1
2015-07-17,-14.79,-70.72,-11.0,1,-9.538937,0.9953359,-9.501225799853367,-9.444658999633418,0.9916479648910024,1.0,0.99999999999997,0.9958619544672962,1
2015-07-18,-14.79,-70.72,-11.0,1,-10.332124,0.99788326,-10.162948895665595,-9.909186239163986,0.9956946872091904,1.0,0.99999999999997,0.9979675471627525,1
2015-07-19,-14.79,-70.72,-12.5,1,-10.582897,0.99771786,-10.481718800468725,-10.329951501171813,0.997116322736029,1.0,0.99999999999997,0.9983361478208042,1
2015-07-20,-14.79,-70.72,-13.0,1,-11.537775,0.99865997,-11.441138883383307,-11.29618470845827,0.9973946774821376,1.0,0.99999999999997,0.9987493927446367,1
2015-07-21,-14.79,-70.72,-12.0,1,-12.158102,0.9989699,-12.062571329972268,-11.91927532493067,0.9978063959287026,1.0,0.99999999999997,0.9989813837786061,1
2015-07-22,-14.79,-70.72,-10.0,1,-11.095033,0.9989784,-11.112005009705037,-11.137463024262592,0.9978792968322254,1.0,0.99999999999997,0.9990062290496631,1
2015-07-23,-14.79,-70.72,-9.0,1,-9.722336,0.997959,-9.684943561853917,-9.628854904634789,0.997627570951038,1.0,0.99999999999997,0.9985739212853069,1
2015-07-24,-14.79,-70.72,-7.0,1,-8.890405,0.99661416,-8.894911632925869,-8.901671582314671,0.9961213299533808,1.0,0.99999999999997,0.9976513549860098,1
2015-07-25,-14.79,-70.72,-7.5,1,-7.7864275,0.9941491,-7.580552984104659,-7.271741210261648,0.9920488098143778,1.0,0.99999999999997,0.9955668279443088,1
2015-07-26,-14.79,-70.72,-8.0,1,-7.7390428,0.99407935,-7.475346220791023,-7.079801351977558,0.991417949200018,1.0,0.99999999999997,0.995353157260001,1
2015-07-27,-14.79,-70.72,-11.0,1,-8.170035,0.99533856,-7.999050985579041,-7.742574963947602,0.9931356297678844,1.0,0.99999999999997,0.9963091849303607,1
2015-07-28,-14.79,-70.72,-10.0,1,-10.090579,0.9979672,-10.025509382700386,-9.927904956750965,0.9953724704371788,1.0,0.99999999999997,0.9979002611311492,1
2015-07-29,-14.79,-70.72,-10.0,1,-9.332551,0.99675155,-9.339696421629876,-9.350414554074687,0.9969156528646764,1.0,0.99999999999997,0.9979377383593984,1
2015-07-30,-14.79,-70.72,-11.0,1,-9.499665,0.9966935,-9.467458371526828,-9.419148428817072,0.9966007732431792,1.0,0.99999999999997,0.9978229569729491,1
2015-07-31,-14.79,-70.72,-10.5,1,-10.362135,0.9979328,-10.318742261766138,-10.253653154415344,0.9966754367638534,1.0,0.99999999999997,0.9982791110291513,1
2015-08-01,-14.79,-70.72,-10.0,1,-10.034847,0.9976412,-9.979230695591054,-9.895806238977638,0.9967799418521271,1.0,0.99999999999997,0.9982084025556335,1
2015-08-02,-14.79,-70.72,-9.0,1,-9.557307,0.9961588,-9.508549080337364,-9.43541220084341,0.9963844194991038,1.0,0.99999999999997,0.9975709058497266,1
2015-08-03,-14.79,-70.72,-9.0,1,-8.911631,0.9953453,-8.903382037775673,-8.891008594439182,0.9958093044309124,1.0,0.99999999999997,0.9971136463292691,1
2015-08-04,-14.79,-70.72,-9.5,1,-8.891951,0.99543947,-8.890542840086548,-8.888430600216369,0.9948617392279184,1.0,0.99999999999997,0.9968623362683708,1
2015-08-05,-14.79,-70.72,-9.5,1,-9.023558,0.9947602,-8.903170913948752,-8.722590284871881,0.9948797777748516,1.0,0.99999999999997,0.9966300033324509,1
2015-08-06,-14.79,-70.72,-12.5,1,-8.974757,0.99375445,-8.869255647937972,-8.711003619844927,0.9949229695053984,1.0,0.99999999999997,0.9962909483516149,1
2015-08-07,-14.79,-70.72,-11.5,1,-11.144111,0.9981358,-11.131229023314644,-11.111906058286609,0.995717421485102,1.0,0.99999999999997,0.998062756445526,1
2015-08-08,-14.79,-70.72,-8.5,1,-10.556029,0.99811125,-10.60826304878357,-10.686614121958923,0.9962642091302192,1.0,0.99999999999997,0.9982182002390612,1
2015-08-09,-14.79,-70.72,-2.5,1,-8.450612,0.989151,-8.541314755351378,-8.677368888378444,0.9942922245015012,1.0,0.99999999999997,0.9944905173504459,1
2015-08-10,-14.79,-70.72,-18.5,1,-6.002127,0.95523834,-5.64064826756189,-5.0984301689047244,0.9505033540430792,1.0,0.99999999999997,0.9694844252129191,1
2015-08-11,-14.79,-70.72,-9.5,1,-14.015444,0.99427766,-14.910605975012587,-16.253348937531467,0.97918272937633,1.0,0.99999999999997,0.9917519998128945,1
2015-08-12,-14.79,-70.72,1.0,0,-3.0848386,0.8643997,-3.357188730612409,-3.765713926531023,0.8197771222193978,1.9279211272432486e-16,0.0157868011415236,0.5508410518370478,1
2015-08-13,-14.79,-70.72,1.0,0,-2.6625943,0.8051494,-3.407207547497887,-4.524127418744718,0.7287927674241211,1.4089906403836782e-15,0.0090074181368286,0.501791232947761,1
2015-08-14,-14.79,-70.72,-4.5,1,-3.023701,0.8036493,-2.5049847076557055,-1.7269102691392642,0.6859719234250287,1.0,0.99999999999997,0.8370688320275042,1
2015-08-15,-14.79,-70.72,-9.0,1,-5.488738,0.95901227,-5.106924363506977,-4.5342039087674415,0.93437582450814,1.0,0.99999999999997,0.9659670418524375,1
2015-08-16,-14.79,-70.72,-5.5,1,-7.8491616,0.9838531,-7.826690755589186,-7.792984488972965,0.9823856609195232,1.0,0.99999999999997,0.9890642832758523,1
2015-08-17,-14.79,-70.72,-4.5,1,-6.065722,0.98296434,-5.946052747736616,-5.766548869341538,0.9838779966037114,1.0,0.99999999999997,0.9892009179811088,1
2015-08-18,-14.79,-70.72,-2.0,1,-3.19879,0.8596538,-2.759031814748826,-2.099394536872066,0.8077496652397557,1.0,0.99999999999997,0.8932037295719222,1
2015-08-19,-14.79,-70.72,-6.5,1,-4.244436,0.9112523,-3.8784740668508553,-3.3295311671271373,0.9068444541744732,1.0,0.99999999999997,0.9409916412523374,1
2015-08-20,-14.79,-70.72,-6.5,1,-6.4043484,0.98639005,-6.190612282906179,-5.870008107265448,0.9718464580101384,1.0,0.99999999999997,0.9867904549030369,1
2015-08-21,-14.79,-70.72,-6.0,1,-6.4067836,0.9786219,-6.152207468780277,-5.770343271950692,0.9831967643631108,1.0,0.99999999999997,0.9874766943089286,1
2015-08-22,-14.79,-70.72,-7.5,1,-6.1190977,0.98051596,-5.9638117166380376,-5.730882741595093,0.9796050555776048,1.0,0.99999999999997,0.9870621026732769,1
2015-08-23,-14.79,-70.72,-7.0,1,-7.021302,0.9902142,-7.013209046038958,-7.001069615097395,0.9878168229174829,1.0,0.99999999999997,0.9929200168752403,1
2015-08-24,-14.79,-70.72,-6.5,1,-6.8740044,0.9887766,-6.84163325679679,-6.793076541991975,0.98820000714858,1.0,0.99999999999997,0.9925318121445694,1
2015-08-25,-14.79,-70.72,-7.0,1,-6.5646315,0.98294836,-6.528580405329816,-6.47450376332454,0.983797790014386,1.0,0.99999999999997,0.9891712630043112,1
2015-08-26,-14.79,-70.72,-6.0,1,-6.65618,0.98285425,-6.686181504138986,-6.731183760347465,0.9830573934012854,1.0,0.99999999999997,0.9889162055203811,1
2015-08-27,-14.79,-70.72,-9.0,1,-5.8645024,0.9749237,-5.86022914319867,-5.853819257996675,0.9746149294036806,1.0,0.99999999999997,0.9836077738210995,1
2015-08-28,-14.79,-70.72,-13.0,1,-8.008934,0.9880926,-8.004290926479216,-7.997326316198041,0.983697750805242,1.0,0.99999999999997,0.9909417352415679,1
2015-08-29,-14.79,-70.72,-13.5,1,-11.216046,0.99758935,-11.420922434297923,-11.728237085744809,0.9898765791347712,1.0,0.99999999999997,0.9961192462404267,1
2015-08-30,-14.79,-70.72,-14.0,1,-11.014692,0.99842477,-11.388503626506292,-11.949221066265734,0.9932762351260354,1.0,0.99999999999997,0.997431540037806,1
2015-08-31,-14.79,-70.72,-11.0,1,-11.632407,0.9978696,-11.613678905356533,-11.58558676339133,0.9912570182641014,1.0,0.99999999999997,0.9966314654792259,1
2015-09-01,-14.79,-70.72,-7.0,1,-9.340073,0.9941543,-9.459441085588303,-9.638493213970753,0.9872815911603604,1.0,0.99999999999997,0.9941384823481036,1
2015-09-02,-14.79,-70.72,0.0,1,-6.2348657,0.9610232,-6.238715032462785,-6.244489031156963,0.975202703822902,0.9951392854825454,0.8853003263166132,0.9607418371908716,1
2015-09-03,-14.79,-70.72,-1.0,1,-3.7216005,0.8141694,-4.131434786184906,-4.746186215462266,0.7544190559873768,0.9999999999951856,0.99999999999997,0.8612850067952457,1
2015-09-04,-14.79,-70.72,2.5,0,-0.5172766,0.48685506,-0.27533850361095114,0.0875686409726221,0.5779413081374609,6.698000176963219e-38,1.0000000994736041e-07,0.3437816784412398,0
2015-09-05,-14.79,-70.72,2.5,0,0.7440601,0.31832853,1.2449104507160489,1.9961859767901224,0.1877997573255184,1.6569934692060084e-36,1.0000000994736041e-07,0.167754927697657,0
2015-09-06,-14.79,-70.72,-2.5,1,-1.1398734,0.5279792,-0.6358978727507261,0.1200654181231846,0.3523898416129832,1.0,0.99999999999997,0.6405096724838905,1
2015-09-07,-14.79,-70.72,-8.0,1,-3.2739894,0.864227,-2.792901618649856,-2.07126994662464,0.8156020303272158,1.0,0.99999999999997,0.8971600590981601,1
2015-09-08,-14.79,-70.72,-10.0,1,-7.1791463,0.9778243,-7.091874417019556,-6.96096659254889,0.9575889727681964,1.0,0.99999999999997,0.9795151968304543,1
2015-09-09,-14.79,-70.72,-10.0,1,-8.4164295,0.98680335,-8.50673743085013,-8.642199327125326,0.9757816781683368,1.0,0.99999999999997,0.9881156759504965,1
2015-09-10,-14.79,-70.72,-10.5,1,-7.7986326,0.98602283,-7.802069200990422,-7.807224102476056,0.9850119933723834,1.0,0.99999999999997,0.9906115885117104,1
2015-09-11,-14.79,-70.72,-6.0,1,-8.316616,0.992577,-8.446197545532625,-8.640569863831564,0.9861643618976178,1.0,0.99999999999997,0.9932512585692808,1
2015-09-12,-14.79,-70.72,-4.5,1,-5.4110775,0.95773137,-5.616917646933616,-5.92567786733404,0.9744741172332676,1.0,0.99999999999997,0.9775482146699757,1
2015-09-13,-14.79,-70.72,-7.0,1,-4.6342635,0.9442069,-4.749679102323021,-4.922802505807552,0.942701004202606,1.0,0.99999999999997,0.9632827162607773,1
2015-09-14,-14.79,-70.72,-5.0,1,-5.868695,0.96954453,-5.996497270538672,-6.18820067634668,0.9592151548867608,1.0,0.99999999999997,0.9771051319660236,1
2015-09-15,-14.79,-70.72,-1.0,1,-4.5546656,0.94037914,-4.5579435830644055,-4.562860557661015,0.9458884639895748,0.999999999999639,0.99999999999997,0.9628992381967957,1
2015-09-16,-14.79,-70.72,-4.0,1,-2.5212994,0.82153034,-2.654519492520386,-2.854349631300964,0.8059728740095451,1.0,0.99999999999997,0.8793274812028589,1
2015-09-17,-14.79,-70.72,-5.0,1,-3.933421,0.91445637,-3.7687863352806206,-3.521834338201552,0.9134352224730736,1.0,0.99999999999997,0.9440902962419175,1
2015-09-18,-14.79,-70.72,-1.5,1,-2.0636408,0.798764,-1.843549699723524,-1.51341304930881,0.7147349648080333,0.9999999999999998,0.9999999999998588,0.8439878894423887,1
2015-09-19,-14.79,-70.72,2.0,0,-0.5367377,0.54053205,-0.4335521356108097,-0.2787737890270242,0.5960901788755408,3.0530695950315717e-31,1.0000000994736041e-07,0.36801328616266377,0
2015-09-20,-14.79,-70.72,2.5,0,-1.4164251,0.6257177,-1.0291146277773973,-0.4481489194434931,0.5599480461412835,2.494452546844189e-36,1.0000000994736041e-07,0.38698562384238655,0
2015-09-21,-14.79,-70.72,-2.5,1,-0.7013717,0.50071496,-0.2074573687823132,0.533414128044217,0.4128683918869907,1.0,0.99999999999997,0.6491107535660927,1
2015-09-22,-14.79,-70.72,0.0,1,-0.29889348,0.57996064,-0.09027334870462886,0.2226568482384278,0.5177183080442598,0.9907983881063104,0.9874052997060456,0.7045721889904468,1
2015-09-23,-14.79,-70.72,0.5,0,0.08425872,0.41721597,0.5204954581428037,1.1748505653570094,0.3413463944616614,1.0001388057816551e-08,0.0003930361947927,0.24848846526799492,0
2015-09-24,-14.79,-70.72,4.0,0,0.4898571,0.32168326,0.7386601256044993,1.1118646640112484,0.3445892935990865,6.19727090085538e-54,1.0000000994736041e-07,0.21596594407972744,0
2015-09-25,-14.79,-70.72,5.0,0,0.03885581,0.5678576,0.5060728441352655,1.2068983953381638,0.3486367979028205,2.080720961122014e-63,1.0000000994736041e-07,0.30334121437084766,0
2015-09-26,-14.79,-70.72,3.0,0,1.4873139,0.37521845,1.8492591349131762,2.39217698728294,0.2358587917058436,6.408588834321444e-42,1.0000000994736041e-07,0.20208411001175455,0
2015-09-27,-14.79,-70.72,-5.0,1,0.9846999,0.34975037,1.4423454576308883,2.128813794077221,0.1703812100300214,1.0,0.99999999999997,0.5235269925090019,1
2015-09-28,-14.79,-70.72,-5.5,1,-3.5933502,0.8153638,-3.290962798809136,-2.8373816970228405,0.7564309854548383,1.0,0.99999999999997,0.8623066256364469,1
2015-09-29,-14.79,-70.72,-9.0,1,-4.565182,0.9069702,-4.5792568691069695,-4.600369172767423,0.8801088670667173,1.0,0.99999999999997,0.9314722301200107,1
2015-09-30,-14.79,-70.72,-7.0,1,-7.1432724,0.9780211,-7.328243957368358,-7.605701293420896,0.9606909825469496,1.0,0.99999999999997,0.9805146797640802,1
2015-10-01,-14.79,-70.72,-2.5,1,-5.083237,0.9295178,-5.295727040981701,-5.614462102454252,0.9460865090723084,1.0,0.99999999999997,0.959157182721688,1
2015-10-02,-14.79,-70.72,3.0,0,-0.6612114,0.56041676,-0.8008873838409445,-1.010401359602361,0.7408353918522199,1.7196799370056893e-43,1.0000000994736041e-07,0.41839649855566746,0
2015-10-03,-14.79,-70.72,4.5,0,1.6206207,0.26894042,1.5449051601279655,1.4313318503199144,0.2665667916560199,1.8968997170611875e-60,1.0000000994736041e-07,0.17409919949680744,0
2015-10-04,-14.79,-70.72,-3.5,1,0.8816255,0.3444825,1.167299142470879,1.5958096061771976,0.2529795875388272,1.0,0.99999999999997,0.5464627512616437,1
2015-10-05,-14.79,-70.72,-4.5,1,-2.926078,0.814387,-2.800238001801411,-2.6114780045035277,0.7729172214634787,1.0,0.99999999999997,0.866910616439039,1
2015-10-06,-14.79,-70.72,-5.5,1,-2.8510025,0.85681254,-2.7688459098000635,-2.645611024500159,0.8038204145773561,1.0,0.99999999999997,0.8910305133732022,1
2015-10-07,-14.79,-70.72,-5.0,1,-4.5626664,0.942772,-4.729889731434481,-4.980724728586203,0.929552288166805,1.0,0.99999999999997,0.958835886450037,1
2015-10-08,-14.79,-70.72,-4.0,1,-3.784128,0.92532676,-3.971557442174527,-4.252701605436317,0.9201382147408684,1.0,0.99999999999997,0.9499058304222561,1
2015-10-09,-14.79,-70.72,-10.0,1,-3.39435,0.89984965,-3.426650971788115,-3.475102429470287,0.8996421334137585,1.0,0.99999999999997,0.9348400175241229,1
2015-10-10,-14.79,-70.72,-11.0,1,-7.193288,0.9710062,-7.402437361157586,-7.716161402893965,0.9426300299451632,1.0,0.99999999999997,0.9726411789835445,1
2015-10-11,-14.79,-70.72,-10.5,1,-7.942079,0.9796356,-8.198374033548053,-8.58281658387013,0.9503739916416128,1.0,0.99999999999997,0.9779846574924793,1
2015-10-12,-14.79,-70.72,-12.0,1,-7.936395,0.9888727,-8.196761178028655,-8.58731044507164,0.979319395946868,1.0,0.99999999999997,0.9899012637840559,1
2015-10-13,-14.79,-70.72,-13.0,1,-8.882229,0.99283993,-9.30847564065648,-9.9478456016412,0.9830311470984756,1.0,0.99999999999997,0.9924033196295381,1
2015-10-14,-14.79,-70.72,-9.0,1,-9.629595,0.99703383,-10.074870167447695,-10.74278291861924,0.9842182073092978,1.0,0.99999999999997,0.9942273026927848,1
2015-10-15,-14.79,-70.72,-7.5,1,-7.0114794,0.96640676,-7.381948054095874,-7.937651035239685,0.9748396122563552,1.0,0.99999999999997,0.980694249676902,1
2015-10-16,-14.79,-70.72,-6.5,1,-5.515589,0.9330217,-6.1022852260806495,-6.982329565201623,0.9685871100264551,1.0,0.99999999999997,0.967133728007932,1
2015-10-17,-14.79,-70.72,-1.0,1,-4.715703,0.9353645,-5.261486302517602,-6.080161256294003,0.9599354725295136,0.9999999999997272,0.99999999999997,0.965358216758795,1
2015-10-18,-14.79,-70.72,-2.0,1,-2.3876445,0.7501732,-2.592760796028517,-2.9004352400712934,0.8220077138396071,1.0,0.99999999999997,0.8591629341518776,1
2015-10-19,-14.79,-70.72,-3.0,1,-2.471412,0.7621588,-2.535114714448411,-2.6306687861210283,0.7889045272767831,1.0,0.99999999999997,0.8534269381830304,1
2015-10-20,-14.79,-70.72,4.5,0,-0.62203246,0.6272297,-0.44026073189149834,-0.1676031397287458,0.6016671634547912,1.544243856126309e-59,1.0000000994736041e-07,0.40003055903643886,0
2015-10-21,-14.79,-70.72,2.0,0,-0.54325086,0.581363,-0.2226754194599047,0.2581877413502381,0.499101967226144,3.6519106791574086e-29,1.0000000994736041e-07,0.3532076551678447,0
2015-10-22,-14.79,-70.72,-4.0,1,0.1855369,0.5428751,0.09568529003249387,-0.0390921249187653,0.4902989518973383,1.0,0.99999999999997,0.687095970569197,1
2015-10-23,-14.79,-70.72,-5.0,1,-2.023232,0.7451671,-2.144668931662936,-2.3268243291573394,0.7340757762099779,1.0,0.99999999999997,0.8310312178629888,1
2015-10-24,-14.79,-70.72,-4.0,1,-0.28225383,0.48051456,-0.4882704405692895,-0.7972953564232236,0.6625408220513654,1.0,0.99999999999997,0.7169423426154051,1
2015-10-25,-14.79,-70.72,2.0,0,-0.3532796,0.58709943,-0.5954754387874881,-0.95876919696872,0.7576412915067742,3.4911620326334216e-32,1.0000000994736041e-07,0.43277720295203376,0
2015-10-26,-14.79,-70.72,0.0,1,-1.0257962,0.5586307,-0.8736742605774248,-0.6454913514435622,0.5811660069332564,0.9665136966784226,0.9930362698798312,0.7121287268976362,1
2015-10-27,-14.79,-70.72,2.5,0,1.321246,0.24215202,1.545486602480231,1.881847506200578,0.2106374438034875,1.1743084516073851e-37,1.0000000994736041e-07,0.14794445514104773,0
2015-10-28,-14.79,-70.72,3.5,0,2.086671,0.1801938,2.1483480860316333,2.240863715079083,0.1347849421730294,1.6297237784151043e-48,1.0000000994736041e-07,0.1035033276519103,0
2015-10-29,-14.79,-70.72,2.5,0,1.4077684,0.26184893,1.656278018688449,2.0290424467211223,0.2477582705511138,1.5956325014740374e-36,1.0000000994736041e-07,0.1659746216653356,0
2015-01-01,-15.21,-69.76,4.8,0,4.03298,0.0075502954,4.031295963131008,4.02876990782752,0.0077605873410858,1.8975616711481456e-60,1.0000000994736041e-07,0.004970794592327232,0
2015-01-02,-15.21,-69.76,5.2,0,4.531779,0.0023342585,4.540045621742877,4.552445554357191,0.0061377072035766,7.860203927040991e-64,1.0000000994736041e-07,0.002658317636074472,0
2015-01-03,-15.21,-69.76,4.8,0,4.5159836,0.0011962064,4.614234156156636,4.761609990391588,0.0023101746677666,3.4312698958884716e-61,1.0000000994736041e-07,0.0011117396403314721,0
2015-01-04,-15.21,-69.76,2.6,0,4.525381,0.00086696143,4.551831003496879,4.591506008742196,0.0007299001326452,1.746599939531736e-36,1.0000000994736041e-07,0.0005224215402950521,0
2015-01-05,-15.21,-69.76,4.8,0,4.178666,0.0029931306,4.2076625927698625,4.251157481924658,0.0050250164068875,9.540762621203442e-61,1.0000000994736041e-07,0.0025551156320677416,0
2015-01-06,-15.21,-69.76,4.6,0,4.4069037,0.00257533,4.438951008825818,4.487021972064543,0.0034394172498433,2.4809384243023285e-57,1.0000000994736041e-07,0.001933205674954482,0
2015-01-07,-15.21,-69.76,5.0,0,4.3352265,0.0017345845,4.29690792449485,4.2394300612371225,0.0025343452680792,2.693079386647573e-62,1.0000000994736041e-07,0.001367423155425252,0
2015-01-08,-15.21,-69.76,3.8,0,4.76076,0.0009398942,4.8087183527682615,4.880655881920653,0.0007197519547364,2.5594894132092984e-49,1.0000000994736041e-07,0.0005449035564224121,0
2015-01-09,-15.21,-69.76,4.6,0,4.4016633,0.001977887,4.3476833341666365,4.266713385416591,0.0011383491219449,1.799557354509208e-58,1.0000000994736041e-07,0.001033780186584962,0
2015-01-10,-15.21,-69.76,4.8,0,4.4640865,0.00175446,4.485817941458057,4.518415103645142,0.0010923497165077,4.044890386948239e-62,1.0000000994736041e-07,0.000941780914953802,0
2015-01-11,-15.21,-69.76,2.6,0,4.540091,0.0011611765,4.533234731193014,4.522950327982535,0.0010670355519855,4.4868382672879003e-36,1.0000000994736041e-07,0.0007265374405971422,0
2015-01-12,-15.21,-69.76,4.4,0,4.09823,0.0034712134,4.125483567718871,4.1663639192971775,0.0041043012625462,1.0923835026745666e-56,1.0000000994736041e-07,0.002446230068765352,0
2015-01-13,-15.21,-69.76,3.4,0,3.8324919,0.0068486603,3.859995923998212,3.9012519599955295,0.0118719537046998,1.1173829805573065e-44,1.0000000994736041e-07,0.0059586322164114315,0
2015-01-14,-15.21,-69.76,1.0,0,3.5211756,0.02256083,3.4444570177368634,3.329379144342159,0.0246094328713293,1.8844303659888305e-17,1.0000000994736041e-07,0.015279135361400286,0
2015-01-15,-15.21,-69.76,0.2,0,3.2956202,0.02075974,3.2144801225616946,3.092770006404236,0.0254515402745066,0.0005818697375051,0.0012698691890686,0.01520822540821329,0
2015-01-16,-15.21,-69.76,3.6,0,1.6865742,0.13071746,1.5924154515138844,1.4511773287847112,0.2128895621598291,1.5748925457219355e-47,1.0000000994736041e-07,0.10961799464795022,0
2015-01-17,-15.21,-69.76,4.4,0,2.6283607,0.031019012,2.5486145224519197,2.4289952561297987,0.0930983453392244,1.411661339704152e-55,1.0000000994736041e-07,0.03878617280176881,0
2015-01-18,-15.21,-69.76,4.2,0,4.07918,0.0042476594,3.9925008133685216,3.862482033421303,0.0103794534553689,2.9444127466251803e-54,1.0000000994736041e-07,0.004600531826612162,0
2015-01-19,-15.21,-69.76,4.6,0,4.3399897,0.0025233966,4.373388235386736,4.423486038466841,0.0013076363546912,2.860955931376314e-58,1.0000000994736041e-07,0.0012754947164088522,0
2015-01-20,-15.21,-69.76,4.4,0,4.538068,0.0015980623,4.546072527095068,4.55807931773767,0.0009082584971868,8.106622375327087e-56,1.0000000994736041e-07,0.000831814354157532,0
2015-01-21,-15.21,-69.76,4.8,0,4.280518,0.0065061157,4.269354589559143,4.2526094738978575,0.0053181543249154,3.3787061789967886e-60,1.0000000994736041e-07,0.003872601792476112,0
2015-01-22,-15.21,-69.76,3.2,0,4.3592615,0.0035591405,4.366578678079248,4.377554445198122,0.0047267107199079,1.8857322913308738e-42,1.0000000994736041e-07,0.002663727390973862,0
2015-01-23,-15.21,-69.76,5.4,0,3.7732162,0.013055341,3.778182224368038,3.785631260920096,0.0133636278786692,4.271241488370894e-67,1.0000000994736041e-07,0.008578472713602252,0
2015-01-24,-15.21,-69.76,4.4,0,4.342756,0.00447214,4.331523744896706,4.314675362241765,0.0073547115283357,4.3764286705557534e-55,1.0000000994736041e-07,0.003771677458502202,0
2015-01-25,-15.21,-69.76,5.4,0,4.4705825,0.0013086543,4.50568594995923,4.558341124898075,0.001352432299188,1.8648179272171705e-67,1.0000000994736041e-07,0.000863773694757892,0
2015-01-26,-15.21,-69.76,4.2,0,4.8799543,0.0007213139,4.948823618351637,5.052127595879096,0.0006030945250529,1.477224059405117e-53,1.0000000994736041e-07,0.0004334032225173621,0
2015-01-27,-15.21,-69.76,5.0,0,4.2697177,0.0066056857,4.274147551792973,4.280792329482434,0.0057911526192176,1.568779378528259e-62,1.0000000994736041e-07,0.004049350780766772,0
2015-01-28,-15.21,-69.76,5.4,0,4.8227234,0.000723367,4.906018802132432,5.03096190533108,0.0006321057858426,4.449148772373229e-67,1.0000000994736041e-07,0.0004428251857542721,0
2015-01-29,-15.21,-69.76,5.8,0,4.627559,0.002554318,4.648262765516546,4.679318413791365,0.0038986514879597,5.715542541191528e-71,1.0000000994736041e-07,0.002063621746389402,0
2015-01-30,-15.21,-69.76,5.4,0,4.989652,0.00050768204,5.008353594830581,5.036405987076453,0.0006151816721524,2.8191477553489745e-67,1.0000000994736041e-07,0.0003622582156472121,0
2015-01-31,-15.21,-69.76,3.8,0,5.003997,0.00055723864,5.0541917658307085,5.12948391457677,0.0005783914067947,3.308581691912513e-49,1.0000000994736041e-07,0.0003685659460399021,0
2015-02-01,-15.21,-69.76,5.6,0,4.6925745,0.0014580943,4.6907315718465386,4.687967179616347,0.0008556314953877,3.1654702708434116e-69,1.0000000994736041e-07,0.000767037453617802,0
2015-02-02,-15.21,-69.76,2.2,0,4.4664416,0.0037032026,4.452632005377772,4.431917613444431,0.0051249613681502,1.3313307143966068e-30,1.0000000994736041e-07,0.0028336243204465524,0
2015-02-03,-15.21,-69.76,0.4,0,3.1766791,0.026657108,3.1891611945692904,3.207884336423226,0.0286522046473169,7.385171785685514e-08,1.3753492215900232e-05,0.017927726988371022,0
2015-02-04,-15.21,-69.76,2.6,0,1.9043677,0.11881149,1.9286633945516032,1.9651069363790077,0.118468768986156,3.830973367888728e-36,1.0000000994736041e-07,0.07712466719584829,0
2015-02-05,-15.21,-69.76,1.6,0,2.2263267,0.057046846,2.2342662306253747,2.2461755265634364,0.077046224381675,3.065470130995268e-24,1.0000000994736041e-07,0.043080278414503986,0
2015-02-06,-15.21,-69.76,5.4,0,2.4503772,0.033738304,2.4640479884667705,2.484554171166926,0.0576206633545313,1.597265442805213e-68,1.0000000994736041e-07,0.02909462040636088,0
2015-02-07,-15.21,-69.76,4.6,0,4.301015,0.0038148565,4.308199898933527,4.318977247333817,0.0164461323687416,2.629229267191764e-58,1.0000000994736041e-07,0.00626905448562397,0
2015-02-08,-15.21,-69.76,3.4,0,4.419502,0.0018599426,4.416399086318597,4.411744715796493,0.0056262836223286,2.2366965500759847e-45,1.0000000994736041e-07,0.002338879996700072,0
2015-02-09,-15.21,-69.76,5.6,0,4.4180794,0.0023549497,4.380768548739006,4.324802271847514,0.0021826702271851,2.9236126374450483e-69,1.0000000994736041e-07,0.001479048463157022,0
2015-02-10,-15.21,-69.76,5.4,0,4.353929,0.004086096,4.332905795310699,4.301370988276748,0.0073081578195201,3.806188347030384e-66,1.0000000994736041e-07,0.0036225959458575222,0
2015-02-11,-15.21,-69.76,5.6,0,4.842514,0.00065721566,4.8651711983970065,4.899156995992516,0.000899794967285,7.193292259038384e-70,1.0000000994736041e-07,0.0004999789711869921,0
2015-02-12,-15.21,-69.76,5.8,0,4.8488293,0.0014732224,4.896100162553598,4.967006456383994,0.0030815266330854,4.2063763940217375e-71,1.0000000994736041e-07,0.001440100829927112,0
2015-02-13,-15.21,-69.76,3.6,0,5.147914,0.0005318588,5.176138488174082,5.218475220435206,0.0004950773823535,1.1022460775786651e-46,1.0000000994736041e-07,0.00033468879470754205,0
2015-02-14,-15.21,-69.76,6.4,0,4.665855,0.0015303706,4.6720734544679985,4.681401136169998,0.0017803376639847,9.198568768176304e-80,1.0000000994736041e-07,0.0010697460091969022,0
2015-02-15,-15.21,-69.76,5.0,0,5.144946,0.00083593815,5.227614011679856,5.351616029199642,0.0011582631763073,1.0542837487377554e-61,1.0000000994736041e-07,0.000640072305393682,0
2015-02-16,-15.21,-69.76,6.2,0,4.9421935,0.00087550184,5.001234724702526,5.089796561756315,0.0009189174950122,5.109701024646764e-76,1.0000000994736041e-07,0.000582115892505152,0
2015-02-17,-15.21,-69.76,4.8,0,5.208909,0.0009880173,5.245634092049803,5.300721730124507,0.0031448308204954,1.378247144205316e-59,1.0000000994736041e-07,0.0012892703011501121,0
2015-02-18,-15.21,-69.76,2.6,0,4.6192365,0.0026648499,4.6422714152578415,4.676823788144603,0.0034862259753051,4.9964557589781686e-36,1.0000000994736041e-07,0.001978580257593022,0
2015-02-19,-15.21,-69.76,0.4,0,3.5885766,0.014356808,3.541946201030365,3.4720006025759136,0.0273257085162496,4.2335075745786546e-08,1.2360085098654011e-05,0.013224457834654828,0
2015-02-20,-15.21,-69.76,1.8,0,1.8713617,0.11016687,1.927030430861198,2.010533527152995,0.113141336832802,2.307435482552772e-27,1.0000000994736041e-07,0.07250082054984208,0
2015-02-21,-15.21,-69.76,4.8,0,1.9046577,0.0826296,1.8344059049404953,1.7290282123512386,0.1229346003425754,1.5789343604545062e-60,1.0000000994736041e-07,0.06580075510277411,0
2015-02-22,-15.21,-69.76,4.6,0,3.3548367,0.02018177,3.2896110409372334,3.191772552343084,0.0627036886665847,1.0615127682174656e-57,1.0000000994736041e-07,0.025874741099976898,0
2015-02-23,-15.21,-69.76,5.6,0,3.9033525,0.0077580037,3.802484115834199,3.651181539585497,0.018392816234815,1.75715797171075e-69,1.0000000994736041e-07,0.008233161165445991,0
2015-02-24,-15.21,-69.76,4.4,0,4.576851,0.0033120464,4.57650301634684,4.575981040867101,0.00446492366706,4.07662143097664e-55,1.0000000994736041e-07,0.002498708340119492,0
2015-02-25,-15.21,-69.76,0.8,0,4.2986317,0.006113732,4.29789233571444,4.2967832892861,0.0050298624556205,4.4229900847218327e-14,1.0000000994736041e-07,0.0036487799366964877,0
2015-02-26,-15.21,-69.76,3.4,0,3.333392,0.013653046,3.336984301039795,3.342372752599488,0.0297542282518247,1.9129517762916145e-45,1.0000000994736041e-07,0.013704849575548904,0
2015-02-27,-15.21,-69.76,4.6,0,3.9061708,0.008388811,3.8690738567791487,3.813428441947872,0.0107552309934318,6.155677891989069e-58,1.0000000994736041e-07,0.006162668148031031,0
2015-02-28,-15.21,-69.76,3.4,0,3.5541139,0.016280454,3.4949420701265863,3.4061843253164663,0.0343782039330168,5.816000800800076e-45,1.0000000994736041e-07,0.01601163507990653,0
2015-03-01,-15.21,-69.76,5.4,0,3.7499228,0.016989458,3.692141875339721,3.605470488349303,0.0162663429227262,3.586049934946287e-67,1.0000000994736041e-07,0.010826228176819353,0
2015-03-02,-15.21,-69.76,4.4,0,4.2699637,0.003986844,4.28154581067943,4.298918976698575,0.0073081578195201,3.2372557270732205e-55,1.0000000994736041e-07,0.0035878577458575223,0
2015-03-03,-15.21,-69.76,4.0,0,4.449713,0.0013398877,4.477547591959789,4.519299479899472,0.0011697361588735,9.094370243105283e-52,1.0000000994736041e-07,0.000819896542663542,0
2015-03-04,-15.21,-69.76,4.6,0,4.527089,0.0015454523,4.597090106396033,4.702091765990083,0.0009117217103436,1.903502929430088e-58,1.0000000994736041e-07,0.0008144398181045721,0
2015-03-05,-15.21,-69.76,4.8,0,4.485696,0.002171467,4.492375947054857,4.502395867637143,0.0011155954347727,2.551913518296772e-60,1.0000000994736041e-07,0.001094707080433302,0
2015-03-06,-15.21,-69.76,6.0,0,4.3416696,0.0027517148,4.338031639818191,4.332574699545478,0.0050231951463268,1.3529462736494208e-73,1.0000000994736041e-07,0.002470073723899532,0
2015-03-07,-15.21,-69.76,6.6,0,4.7791715,0.001603093,4.839882571519908,4.930949178799768,0.0037793737907116,6.735911393697885e-80,1.0000000994736041e-07,0.001694909687214972,0
2015-03-08,-15.21,-69.76,3.8,0,5.243768,0.00052854663,5.379181593082797,5.582301982706992,0.0006557923359813,6.629628534085487e-49,1.0000000994736041e-07,0.0003817440212958821,0
2015-03-09,-15.21,-69.76,3.4,0,4.129101,0.008370596,4.16871299800188,4.2281309950047,0.0080240141545962,3.7522938152221875e-45,1.0000000994736041e-07,0.005336927846380351,0
2015-03-10,-15.21,-69.76,2.2,0,3.6005015,0.0130942175,3.628461566941112,3.67040166735278,0.0132271971879898,3.221136779619858e-31,1.0000000994736041e-07,0.008551150281398433,0
2015-03-11,-15.21,-69.76,3.0,0,3.5277686,0.008892108,3.4856719364300877,3.422526941075219,0.0103208411439663,6.996648180517047e-41,1.0000000994736041e-07,0.006208505143191381,0
2015-03-12,-15.21,-69.76,2.8,0,2.818944,0.033873495,3.0020346272226344,3.276670568056586,0.0338478862620643,5.177563353911974e-38,1.0000000994736041e-07,0.022010104128620783,0
2015-03-13,-15.21,-69.76,3.0,0,3.1123888,0.015700407,3.099901918598002,3.081171596495005,0.017603929538317,1.8479894783093155e-40,1.0000000994736041e-07,0.010776336311496592,0
2015-03-14,-15.21,-69.76,5.4,0,2.9473839,0.030108107,3.0870221334214305,3.296479483553575,0.0325480785477909,6.538201658170336e-67,1.0000000994736041e-07,0.02030227601433876,0
2015-03-15,-15.21,-69.76,1.4,0,4.0775156,0.006526521,4.101207019672788,4.136744149181971,0.0167995990395018,4.534012300998655e-22,1.0000000994736041e-07,0.007324177061852032,0
2015-03-16,-15.21,-69.76,4.8,0,2.411821,0.05587231,2.3532014338553395,2.2652720846383487,0.0593096785198383,2.7615625154292567e-61,1.0000000994736041e-07,0.037348227055952976,0
2015-03-17,-15.21,-69.76,2.2,0,3.8057833,0.01752574,3.623512086642115,3.3501052666052877,0.0247691038007055,2.543979620956274e-30,1.0000000994736041e-07,0.013564755140213143,0
2015-03-18,-15.21,-69.76,3.8,0,2.3433623,0.057494193,2.349639931540585,2.3590563788514616,0.0659807533273206,3.490537322928783e-50,1.0000000994736041e-07,0.03991720854819767,0
2015-03-19,-15.21,-69.76,4.4,0,3.910637,0.0068381764,4.008468085877393,4.155214714693482,0.0068187410496499,9.205289196774978e-56,1.0000000994736041e-07,0.004438999054896461,0
2015-03-20,-15.21,-69.76,2.8,0,4.027521,0.00496637,4.030093584566505,4.033952461416264,0.0056124666513392,1.1658194845872483e-38,1.0000000994736041e-07,0.003421984495403252,0
2015-03-21,-15.21,-69.76,4.6,0,3.1933393,0.023635998,3.2837756287629354,3.4194301219073377,0.03140430898219,1.723699362002929e-58,1.0000000994736041e-07,0.01769390699465849,0
2015-03-22,-15.21,-69.76,3.2,0,3.8009539,0.006167805,3.7686503901696566,3.720195125424141,0.0117458160592125,1.809095664010172e-42,1.0000000994736041e-07,0.0056824915677652415,0
2015-03-23,-15.21,-69.76,1.6,0,3.3401906,0.029535947,3.341557090986078,3.343606827465195,0.0267307419733279,1.3053614575561312e-25,1.0000000994736041e-07,0.01835681904199986,0
2015-03-24,-15.21,-69.76,0.4,0,3.356008,0.011815414,3.317937112131875,3.260830780329688,0.0170834819404705,1.820395026535227e-07,1.8567432034023865e-06,0.00926075440152219,0
2015-03-25,-15.21,-69.76,3.6,0,2.46936,0.054887835,2.3831479671852813,2.2538299179632038,0.080536082926517,3.122014584692486e-48,1.0000000994736041e-07,0.04337158212795659,0
2015-03-26,-15.21,-69.76,3.4,0,3.171071,0.016912574,3.1985029273452783,3.239650818363196,0.0395290380665533,9.23626293328975e-45,1.0000000994736041e-07,0.01777812731996748,0
2015-03-27,-15.21,-69.76,2.2,0,2.8074663,0.04259274,2.7699047640434196,2.7135624601085486,0.0523400028065962,3.5876015911890437e-32,1.0000000994736041e-07,0.030609474841980348,0
2015-03-28,-15.21,-69.76,2.8,0,2.6864812,0.042165764,2.7409201453815415,2.8225785634538543,0.0360990129946532,9.204403995136116e-39,1.0000000994736041e-07,0.025587736298397452,0
2015-03-29,-15.21,-69.76,0.6,0,2.67444,0.04311547,2.8089281357526463,3.010660339381616,0.0444906790959111,4.042769110820685e-11,1.0000000994736041e-07,0.028437633236860358,0
2015-03-30,-15.21,-69.76,2.8,0,1.499687,0.1447494,1.505227364145969,1.513537910364923,0.1669833192299877,2.7422388300443484e-39,1.0000000994736041e-07,0.1007573007689978,0
2015-03-31,-15.21,-69.76,3.4,0,2.9479926,0.022954093,2.928047004624661,2.898128611561652,0.0269698522014392,3.755641985773293e-45,1.0000000994736041e-07,0.01612490321043325,0
2015-04-01,-15.21,-69.76,4.8,0,3.1657748,0.017335866,3.128152927554413,3.071720118886032,0.0190489485996355,1.4797696251669447e-60,1.0000000994736041e-07,0.01178225267989214,0
2015-04-02,-15.21,-69.76,5.6,0,3.43587,0.015158039,3.420309081147338,3.396967702868344,0.0199566169977168,8.413255962344767e-69,1.0000000994736041e-07,0.011292313749316532,0
2015-04-03,-15.21,-69.76,0.8,0,3.908849,0.0076043652,4.0071280205732,4.154546551433,0.0117131562198069,4.0612668777484057e-14,1.0000000994736041e-07,0.006175489685951685,0
2015-04-04,-15.21,-69.76,0.4,0,1.6536739,0.11136972,1.748200459867625,1.8899902996690627,0.128811177927193,5.4846269690274317e-08,2.9155446713345583e-05,0.07762713966441882,0
2015-04-05,-15.21,-69.76,0.6,0,2.2674785,0.05362281,2.4537196952570004,2.733081488142501,0.1158846242539033,3.079195716620601e-11,1.0000000994736041e-07,0.05353338578233087,0
2015-04-06,-15.21,-69.76,0.6,0,0.979166,0.21190876,0.8976006214094739,0.7752525535236847,0.2586799180862962,5.060906076294008e-12,1.0000000994736041e-07,0.15177205642690253,0
2015-04-07,-15.21,-69.76,0.8,0,1.6812339,0.09886518,1.6095356293381193,1.5019882233452984,0.1519421883419149,6.830142088609959e-14,1.0000000994736041e-07,0.08018548450258961,0
2015-04-08,-15.21,-69.76,4.8,0,1.4335623,0.10154739,1.2291541500900782,0.9225419252251956,0.2095654325251704,6.832721005972364e-62,1.0000000994736041e-07,0.0984112312575526,0
2015-04-09,-15.21,-69.76,0.4,0,3.420669,0.016348232,3.4524049311526728,3.500008827881682,0.0621715519515161,2.4860903520819207e-08,7.120048623720183e-06,0.024374419764929094,0
2015-04-10,-15.21,-69.76,2.4,0,2.3953435,0.07885643,2.3535997920123792,2.290984230030948,0.1582960456298487,2.6060245364896026e-36,1.0000000994736041e-07,0.07508857918895609,0
2015-04-11,-15.21,-69.76,4.4,0,3.0486662,0.023328286,3.1030226681586637,3.184557370396659,0.050030663976636,1.6423486210484705e-56,1.0000000994736041e-07,0.023174114292992286,0
2015-04-12,-15.21,-69.76,3.8,0,2.6366735,0.05070087,2.6685897632249436,2.716464158062359,0.0668477622668746,1.1446643166657317e-49,1.0000000994736041e-07,0.03779964818006387,0
2015-04-13,-15.21,-69.76,4.6,0,3.4717176,0.009081329,3.634792400701053,3.879404601752633,0.009557978465521,6.092586488494297e-59,1.0000000994736041e-07,0.006045873689657792,0
2015-04-14,-15.21,-69.76,4.4,0,3.8351815,0.0050050765,4.0385819776276195,4.343682694069049,0.004742279158885,8.779432184113506e-56,1.0000000994736041e-07,0.003174475522666992,0
2015-04-15,-15.21,-69.76,4.6,0,3.7975519,0.0028982935,4.024550849877041,4.365049274692603,0.0038580929042446,9.10209866006352e-59,1.0000000994736041e-07,0.0021718455962748723,0
2015-04-16,-15.21,-69.76,3.4,0,3.939229,0.002570291,4.164560184782735,4.502556961956836,0.0033525757708331,3.45065903315819e-45,1.0000000994736041e-07,0.0019053895812514222,0
2015-04-17,-15.21,-69.76,3.8,0,3.5060344,0.006510688,3.682382479095095,3.946904597737738,0.0052203726233287,5.285025371843624e-50,1.0000000994736041e-07,0.003844867587000102,0
2015-04-18,-15.21,-69.76,3.8,0,2.9140143,0.03448333,3.0385799814590975,3.225428503647744,0.0331587474531643,3.160882490218477e-49,1.0000000994736041e-07,0.02201680473595078,0
2015-04-19,-15.21,-69.76,3.6,0,2.7232506,0.049241953,2.9006237654178015,3.166683513544503,0.043799440229897,4.7824724580065985e-47,1.0000000994736041e-07,0.030374530618970587,0
2015-04-20,-15.21,-69.76,4.0,0,2.6632946,0.03344319,2.816272774409227,3.0457400360230684,0.0404510629010909,1.5386418614348154e-51,1.0000000994736041e-07,0.02384045037032876,0
2015-04-21,-15.21,-69.76,2.4,0,3.0177119,0.022106795,3.193565822236123,3.457346705590308,0.0354197414320349,1.9064856517896118e-34,1.0000000994736041e-07,0.01836331567961196,0
2015-04-22,-15.21,-69.76,0.4,0,2.271249,0.076085754,2.3029444388791322,2.3504875971978305,0.0736712447616231,2.4339712519963343e-08,6.879048370139135e-06,0.048732424053684956,0
2015-04-23,-15.21,-69.76,2.8,0,2.3464825,0.07630794,2.408411090239688,2.501303975599219,0.0933597918526925,9.475690220859392e-40,1.0000000994736041e-07,0.054715731555809236,0
2015-04-24,-15.21,-69.76,3.8,0,1.7510134,0.10589541,1.810158492714105,1.8988761317852625,0.1383930157312278,2.3140322144677743e-49,1.0000000994736041e-07,0.07858131321936983,0
2015-04-25,-15.21,-69.76,4.2,0,2.3049488,0.059155155,2.371966162904382,2.472492207260955,0.108445924686368,3.820643182692341e-54,1.0000000994736041e-07,0.05323809665591189,0
2015-04-26,-15.21,-69.76,4.8,0,3.2338662,0.018227225,3.5269263113149885,3.9665164782874713,0.0113377395235264,1.8465910529816732e-60,1.0000000994736041e-07,0.009780865607059411,0
2015-04-27,-15.21,-69.76,3.4,0,3.656514,0.006801273,3.9462114007936817,4.380757501984204,0.005376528075579,6.33596786406605e-45,1.0000000994736041e-07,0.003993418972675192,0
2015-04-28,-15.21,-69.76,3.2,0,2.638179,0.048905697,2.8265189574185623,3.109028893546405,0.0375686092034142,1.7912220808767313e-43,1.0000000994736041e-07,0.02838759171102575,0
2015-04-29,-15.21,-69.76,3.0,0,2.4806066,0.06471426,2.671897835570576,2.9588346889264385,0.0540864215234355,8.933591694386125e-41,1.0000000994736041e-07,0.038875932457032136,0
2015-04-30,-15.21,-69.76,0.4,0,2.1461837,0.10184799,2.433136875898683,2.863566639746708,0.075543657145585,2.670434803878541e-08,6.6868024098590725e-06,0.05831090200490657,0
2015-05-01,-15.21,-69.76,1.8,0,0.41101775,0.4232203,0.5315764443325647,0.7124144858314116,0.3063611864651303,5.877683771773709e-28,1.0000000994736041e-07,0.24003547593954055,0
2015-05-02,-15.21,-69.76,-1.4,1,0.88774204,0.23766309,0.9451629098459102,1.0312942146147754,0.2384074646522096,0.999999999999834,0.99999999999997,0.5047043208956252,1
2015-05-03,-15.21,-69.76,-1.0,1,-1.0897322,0.7146586,-1.1006090630596068,-1.1169243576490169,0.7671378243017719,0.9999999999980848,0.99999999999997,0.830271857290144,1
2015-05-04,-15.21,-69.76,-1.4,1,-0.753712,0.6559555,-0.7592765136026565,-0.767623284006641,0.6931956118767184,0.9999999999999368,0.99999999999997,0.7875431085629984,1
2015-05-05,-15.21,-69.76,-1.4,1,-1.1870275,0.7911737,-1.237815779907654,-1.3139981997691352,0.8146987464812796,0.9999999999999842,0.99999999999997,0.8713204189443762,1
2015-05-06,-15.21,-69.76,-2.4,1,-1.1405476,0.78661376,-1.1978989949496173,-1.2839260873740432,0.8022872684918938,1.0,0.99999999999997,0.8660009965475637,1
2015-05-07,-15.21,-69.76,-0.6,1,-2.0012417,0.8658871,-2.041366639465426,-2.1015540486635644,0.8818711136650483,0.9999999989679482,0.99999999999997,0.9176218188930996,1
2015-05-08,-15.21,-69.76,0.4,0,0.3224911,0.5275921,0.42153466132542816,0.5701000033135704,0.5507943454568973,1.860235798038613e-08,5.545060276100644e-06,0.3498963741165822,0
2015-05-09,-15.21,-69.76,1.2,0,1.0719805,0.2810236,1.1448673527706426,1.2541976319266062,0.2438973117758461,1.3443672290489868e-20,1.0000000994736041e-07,0.1715274685327553,0
2015-05-10,-15.21,-69.76,-2.0,1,0.5037206,0.33532307,0.6175197137018505,0.7882183842546264,0.3229447359688743,1.0,0.99999999999997,0.5642464952906577,1
2015-05-11,-15.21,-69.76,-2.2,1,-1.6049895,0.8218189,-1.61985285989971,-1.6421478997492749,0.829848103339456,1.0,0.99999999999997,0.8865910460018323,1
2015-05-12,-15.21,-69.76,-0.6,1,-1.6462487,0.8562463,-1.7668186379498527,-1.947673544874632,0.878454614566063,0.9999999991076962,0.99999999999997,0.9132225891913536,1
2015-05-13,-15.21,-69.76,-0.4,1,0.43109208,0.5035383,0.29057261149281116,0.0797934087320279,0.5530947490058644,0.9999999289830436,0.99999999999997,0.6921668154983635,1
2015-05-14,-15.21,-69.76,3.0,0,-0.7788444,0.7306474,-0.7192586476964018,-0.6298800192410046,0.7157896144599115,1.1019936741699175e-41,1.0000000994736041e-07,0.47046348933797494,0
2015-05-15,-15.21,-69.76,-2.4,1,0.6267007,0.33854097,0.7600941623493884,0.960184355873471,0.3118147171858152,1.0,0.99999999999997,0.56203375465574,1
2015-05-16,-15.21,-69.76,-0.6,1,-0.94836086,0.6376263,-0.6908131830362947,-0.304491667590737,0.6535590580129552,0.9999999988685192,0.99999999999997,0.7692369221775859,1
2015-05-17,-15.21,-69.76,2.0,0,-0.8438334,0.75301886,-0.7105004520110265,-0.5105010300275665,0.7148295849735717,2.0641512036641584e-29,1.0000000994736041e-07,0.478005491492073,0
2015-05-18,-15.21,-69.76,0.6,0,-0.13515557,0.53483284,-0.07202411705404008,0.0226730623648998,0.4856498717459515,4.725485019586397e-11,1.0000000994736041e-07,0.33288647053323794,0
2015-05-19,-15.21,-69.76,-2.6,1,-0.17287773,0.47218934,0.050410496906973176,0.3853428372674329,0.4406399747419063,1.0,0.99999999999997,0.6474582614225673,1
2015-05-20,-15.21,-69.76,-0.6,1,-2.2727935,0.8983492,-2.1960457677407623,-2.0809241693519063,0.8501972482562026,0.9999999992750792,0.99999999999997,0.919481394331872,1
2015-05-21,-15.21,-69.76,-3.8,1,-1.0069883,0.7759636,-0.8832547024185232,-0.6976543060463081,0.7432947794308086,1.0,0.99999999999997,0.8445756938292381,1
2015-05-22,-15.21,-69.76,-5.4,1,-3.237058,0.9499479,-3.303059462164722,-3.4020616554118037,0.9457088897114856,1.0,0.99999999999997,0.966194431913441,1
2015-05-23,-15.21,-69.76,-3.6,1,-4.46707,0.97519886,-4.498053643297571,-4.544529108243928,0.9664225489119008,1.0,0.99999999999997,0.9812463656735657,1
2015-05-24,-15.21,-69.76,-4.0,1,-3.5129223,0.95512426,-3.5334060309914035,-3.564131627478509,0.9725710591024018,1.0,0.99999999999997,0.976064808730716,1
2015-05-25,-15.21,-69.76,-2.4,1,-3.8208408,0.9677613,-3.7804270710027508,-3.719806477506877,0.9745333240075288,1.0,0.99999999999997,0.9810764522022541,1
2015-05-26,-15.21,-69.76,-2.2,1,-2.762053,0.9318004,-2.675966359370995,-2.546836398427487,0.9279504062342232,1.0,0.99999999999997,0.9545152618702624,1
2015-05-27,-15.21,-69.76,-1.8,1,-2.5382094,0.9300909,-2.393410085553808,-2.1762111138845195,0.9221683997129592,0.9999999999999998,0.99999999999997,0.9521823349138832,1
2015-05-28,-15.21,-69.76,-5.0,1,-2.0621727,0.9027952,-1.9054732150536107,-1.6704239876340268,0.898094303271966,1.0,0.99999999999997,0.9354066109815853,1
2015-05-29,-15.21,-69.76,-4.4,1,-4.2162023,0.9754519,-4.199623270246013,-4.174754725615032,0.9653883780757844,1.0,0.99999999999997,0.9810246784227308,1
2015-05-30,-15.21,-69.76,-4.8,1,-3.95543,0.9778145,-3.9534713956798537,-3.950533489199635,0.9718047555063714,1.0,0.99999999999997,0.9837765016519069,1
2015-05-31,-15.21,-69.76,-2.4,1,-4.3385367,0.9778762,-4.267354385258044,-4.16058091314511,0.9807991228548026,1.0,0.99999999999997,0.9864964068564361,1
2015-06-01,-15.21,-69.76,0.8,0,-2.9828813,0.93360686,-2.9087035707205082,-2.7974369768012712,0.9332226088503296,1.0459321346622228e-14,1.0000000994736041e-07,0.6067291986551024,1
2015-06-02,-15.21,-69.76,0.6,0,0.8127995,0.2750971,0.7816711161516254,0.7349785403790635,0.3051898227803584,2.9274786715424036e-11,1.0000000994736041e-07,0.18784094683996394,0
2015-06-03,-15.21,-69.76,-1.2,1,-0.4105659,0.5758847,-0.289271856380515,-0.1073307909512876,0.5452871717008609,0.9999999999994296,0.99999999999997,0.7151457965101397,1
2015-06-04,-15.21,-69.76,-2.2,1,-1.6518477,0.82426697,-1.4769578333391398,-1.2146230333478494,0.7892671220389457,1.0,0.99999999999997,0.8752735761116792,1
2015-06-05,-15.21,-69.76,-3.6,1,-2.1743035,0.90773934,-2.0911099316216077,-1.966319579054019,0.9148995599753432,1.0,0.99999999999997,0.9421786369925984,1
2015-06-06,-15.21,-69.76,-7.4,1,-3.4365299,0.9575719,-3.341245645559786,-3.198319263899465,0.9609914094631518,1.0,0.99999999999997,0.973447587838941,1
2015-06-07,-15.21,-69.76,-7.2,1,-6.225811,0.992061,-6.236233272868722,-6.251866682171806,0.9832072809989868,1.0,0.99999999999997,0.9921835342996914,1
2015-06-08,-15.21,-69.76,-8.4,1,-6.276123,0.99205446,-6.290291672489032,-6.31154468122258,0.9919120384729252,1.0,0.99999999999997,0.994792672541873,1
2015-06-09,-15.21,-69.76,-6.8,1,-7.4045663,0.9956766,-7.597519490587312,-7.88694927646828,0.9947621726617334,1.0,0.99999999999997,0.9969154617985154,1
2015-06-10,-15.21,-69.76,-3.4,1,-6.4047704,0.99449605,-6.41493036905419,-6.430170322635474,0.9962451216260388,1.0,0.99999999999997,0.996947153987807,1
2015-06-11,-15.21,-69.76,-5.2,1,-4.2586975,0.96186274,-4.21712253620953,-4.154760090523824,0.9550239158634664,1.0,0.99999999999997,0.9731591337590353,1
2015-06-12,-15.21,-69.76,-4.8,1,-4.9004683,0.9845489,-4.805679945609512,-4.663497414023781,0.982264789987136,1.0,0.99999999999997,0.9892715519961361,1
2015-06-13,-15.21,-69.76,-7.4,1,-4.3535337,0.9785088,-4.268673991317365,-4.141384428293412,0.975947060846766,1.0,0.99999999999997,0.9852621982540253,1
2015-06-14,-15.21,-69.76,-7.4,1,-6.3252554,0.99420124,-6.376720857880514,-6.453919044701284,0.992028709541794,1.0,0.99999999999997,0.9955790468625336,1
2015-06-15,-15.21,-69.76,-5.4,1,-6.2616124,0.99405956,-6.2741419879029,-6.292936369757252,0.9945794825320428,1.0,0.99999999999997,0.9962946907596082,1
2015-06-16,-15.21,-69.76,-1.8,1,-5.2640414,0.9882057,-5.246104307045705,-5.219198667614263,0.9901561128214486,1.0,0.99999999999997,0.9929188288464299,1
2015-06-17,-15.21,-69.76,-3.8,1,-3.7178059,0.9296792,-3.5210472018362564,-3.2259091545906413,0.9170747305515516,1.0,0.99999999999997,0.9505101391654609,1
2015-06-18,-15.21,-69.76,-2.6,1,-3.7596903,0.9655321,-3.7059919450577645,-3.6254444126444114,0.9629198133891572,1.0,0.99999999999997,0.9768121790167426,1
2015-06-19,-15.21,-69.76,-3.4,1,-2.8698306,0.9452766,-2.6819355589287603,-2.400092997321901,0.9361828969838494,1.0,0.99999999999997,0.9617016790951503,1
2015-06-20,-15.21,-69.76,-4.4,1,-3.563971,0.9657669,-3.4597515630243496,-3.3034224075608747,0.9665153991067856,1.0,0.99999999999997,0.977973034732031,1
2015-06-21,-15.21,-69.76,-5.0,1,-4.0547276,0.97604954,-3.958873630348506,-3.8150926758712655,0.9699274523057292,1.0,0.99999999999997,0.9825955746917141,1
2015-06-22,-15.21,-69.76,-5.6,1,-4.532118,0.97938216,-4.397483788246741,-4.195532470616852,0.9763105825240904,1.0,0.99999999999997,0.9856769307572226,1
2015-06-23,-15.21,-69.76,-4.8,1,-5.1691675,0.9883083,-5.164087418080269,-5.156467295200671,0.9883345719980684,1.0,0.99999999999997,0.992408276599416,1
2015-06-24,-15.21,-69.76,-4.4,1,-4.5648255,0.9773825,-4.452831615396086,-4.2848407884902135,0.9804144994981192,1.0,0.99999999999997,0.9862082248494313,1
2015-06-25,-15.21,-69.76,-4.0,1,-4.4304132,0.9773861,-4.330096769122277,-4.179622122805693,0.978783119465802,1.0,0.99999999999997,0.985720070839736,1
2015-06-26,-15.21,-69.76,-2.4,1,-3.9467106,0.9726484,-3.866199896382375,-3.745433840955937,0.9769757482162496,1.0,0.99999999999997,0.9835196644648703,1
2015-06-27,-15.21,-69.76,-5.4,1,-3.0437655,0.94248676,-2.921176512898583,-2.7372930322464577,0.937492270954278,1.0,0.99999999999997,0.9611180472862788,1
2015-06-28,-15.21,-69.76,-4.8,1,-4.898352,0.987224,-4.844598707171259,-4.763968767928147,0.9819315533776474,1.0,0.99999999999997,0.9901078660132896,1
2015-06-29,-15.21,-69.76,-7.8,1,-4.3195224,0.97875494,-4.246839440670458,-4.137815001676144,0.9774630570056156,1.0,0.99999999999997,0.9858031461016801,1
2015-06-30,-15.21,-69.76,-9.2,1,-7.0698037,0.99588794,-7.138119491154246,-7.240593177885615,0.9915119593086672,1.0,0.99999999999997,0.9960143667925956,1
2015-07-01,-15.21,-69.76,-6.4,1,-8.1378765,0.99767846,-8.209318162826069,-8.316480657065169,0.9960874515634204,1.0,0.99999999999997,0.9980136964690216,1
2015-07-02,-15.21,-69.76,-4.6,1,-6.144608,0.992997,-6.167130215263979,-6.2009135381599485,0.9952541086360296,1.0,0.99999999999997,0.9961251825908042,1
2015-07-03,-15.21,-69.76,-2.2,1,-5.1454396,0.9799732,-5.135496081232763,-5.120580803081906,0.9804360557044852,1.0,0.99999999999997,0.987121436711341,1
2015-07-04,-15.21,-69.76,0.8,0,-1.251786,0.7330268,-1.2788768568868978,-1.3195131422172444,0.7222225014364967,5.8813108908857906e-15,3.793496934566295e-07,0.47322618733340416,0
2015-07-05,-15.21,-69.76,-1.4,1,-1.8466004,0.7234918,-1.6627680003765761,-1.3870194009414405,0.6943889048757028,0.9999999999999823,0.99999999999997,0.8115388014627029,1
2015-07-06,-15.21,-69.76,-6.4,1,-2.093673,0.88271403,-1.8131461951607992,-1.3923559879019984,0.8464230362846807,1.0,0.99999999999997,0.9128768213853997,1
2015-07-07,-15.21,-69.76,-6.2,1,-5.462736,0.985061,-5.4152517319217335,-5.344025329804334,0.9704953095699276,1.0,0.99999999999997,0.9859199428709737,1
2015-07-08,-15.21,-69.76,-11.0,1,-5.403445,0.9870286,-5.339328349186998,-5.243153372967496,0.9847753345394824,1.0,0.99999999999997,0.9908926103618401,1
2015-07-09,-15.21,-69.76,-8.8,1,-9.684468,0.99779165,-9.862284200078953,-10.129008500197385,0.9950341464442805,1.0,0.99999999999997,0.9977373214332796,1
2015-07-10,-15.21,-69.76,-8.2,1,-8.343112,0.9977412,-8.30661410656727,-8.251867266418177,0.9975965214779666,1.0,0.99999999999997,0.9984883764433854,1
2015-07-11,-15.21,-69.76,-7.2,1,-7.9217577,0.99731475,-7.971012990093445,-8.044895925233615,0.9973102030292336,1.0,0.99999999999997,0.9982532234087655,1
2015-07-12,-15.21,-69.76,-8.0,1,-6.789356,0.9961138,-6.822643200073502,-6.872574000183756,0.9962940174048676,1.0,0.99999999999997,0.9975280352214557,1
2015-07-13,-15.21,-69.76,-6.8,1,-7.279447,0.99632865,-7.450513344821788,-7.707112862054471,0.9952652165909892,1.0,0.99999999999997,0.9972945924772922,1
2015-07-14,-15.21,-69.76,-6.6,1,-6.421649,0.9956045,-6.394690915364098,-6.354253788410244,0.9960013170205616,1.0,0.99999999999997,0.9972619701061638,1
2015-07-15,-15.21,-69.76,-4.4,1,-6.1674485,0.9919626,-6.212521571340566,-6.280131178351414,0.9930118990418616,1.0,0.99999999999997,0.9950904797125539,1
2015-07-16,-15.21,-69.76,-5.0,1,-4.625577,0.9791332,-4.597939457659461,-4.556483144148652,0.9798803743822456,1.0,0.99999999999997,0.9866607323146692,1
2015-07-17,-15.21,-69.76,-6.4,1,-4.723943,0.9810121,-4.591701205863573,-4.393338514658932,0.9789349197801144,1.0,0.99999999999997,0.9870347109340298,1
2015-07-18,-15.21,-69.76,-6.6,1,-5.6098685,0.9894326,-5.624962134903414,-5.647602587258534,0.9884852105585944,1.0,0.99999999999997,0.9928469731675738,1
2015-07-19,-15.21,-69.76,-8.0,1,-5.9378166,0.99319917,-5.926940159685825,-5.910625499214563,0.9921038075946772,1.0,0.99999999999997,0.9952508517783987,1
2015-07-20,-15.21,-69.76,-7.8,1,-7.287351,0.99615115,-7.382290626106648,-7.524700065266618,0.994753583696354,1.0,0.99999999999997,0.9970789776089015,1
2015-07-21,-15.21,-69.76,-7.0,1,-7.299917,0.9972398,-7.347949367970284,-7.419997919925711,0.996801883714308,1.0,0.99999999999997,0.9980744951142879,1
2015-07-22,-15.21,-69.76,-5.4,1,-6.788556,0.9954465,-6.77073156636339,-6.743994915908476,0.9955349568166336,1.0,0.99999999999997,0.9970667620449856,1
2015-07-23,-15.21,-69.76,-4.8,1,-5.50922,0.9889671,-5.427024411949237,-5.303731029873091,0.9908313448756684,1.0,0.99999999999997,0.9933878884626959,1
2015-07-24,-15.21,-69.76,-3.8,1,-4.685443,0.9810106,-4.642939933218284,-4.579185333045709,0.9828896553456828,1.0,0.99999999999997,0.9882206066037003,1
2015-07-25,-15.21,-69.76,-3.2,1,-3.8877468,0.9724015,-3.8144380334746626,-3.704474883686657,0.9722869969763916,1.0,0.99999999999997,0.982026624092913,1
2015-07-26,-15.21,-69.76,-3.8,1,-3.3715534,0.9596336,-3.2987383454124375,-3.1895157635310944,0.9501205336072912,1.0,0.99999999999997,0.9709079200821829,1
2015-07-27,-15.21,-69.76,-4.4,1,-3.6431558,0.9724744,-3.6039225504279706,-3.5450726760699265,0.9727948559755212,1.0,0.99999999999997,0.9822044967926518,1
2015-07-28,-15.21,-69.76,-4.8,1,-4.0082803,0.97703177,-3.947510886018353,-3.856356765045883,0.9696693078308908,1.0,0.99999999999997,0.9828619118492627,1
2015-07-29,-15.21,-69.76,-6.4,1,-4.4111643,0.9795663,-4.290368602967673,-4.109175057419182,0.9764931792228954,1.0,0.99999999999997,0.985796158766864,1
2015-07-30,-15.21,-69.76,-7.0,1,-5.5062084,0.989286,-5.557316012819326,-5.633977432048316,0.9881208033894352,1.0,0.99999999999997,0.9926863410168261,1
2015-07-31,-15.21,-69.76,-6.0,1,-6.290065,0.9936898,-6.263870655191125,-6.224579137977811,0.992104704861432,1.0,0.99999999999997,0.995422841458425,1
2015-08-01,-15.21,-69.76,-6.8,1,-5.505453,0.9870974,-5.53998305493891,-5.591778137347275,0.9901677295563416,1.0,0.99999999999997,0.9925344088668979,1
2015-08-02,-15.21,-69.76,-5.4,1,-6.200635,0.9918794,-6.255757811396929,-6.338442028492323,0.9917185914442987,1.0,0.99999999999997,0.994673367433285,1
2015-08-03,-15.21,-69.76,-5.2,1,-5.0291047,0.9845354,-5.042471192592293,-5.062520931480733,0.9873178749658263,1.0,0.99999999999997,0.9907827524897432,1
2015-08-04,-15.21,-69.76,-5.2,1,-4.798683,0.98434794,-4.778595974977583,-4.74846543744396,0.9823529110213004,1.0,0.99999999999997,0.9892276523063854,1
2015-08-05,-15.21,-69.76,-4.6,1,-4.787045,0.9806147,-4.729023227237754,-4.641990568094383,0.9811795393891768,1.0,0.99999999999997,0.9875690068167484,1
2015-08-06,-15.21,-69.76,-6.6,1,-4.2846527,0.9751075,-4.268994719727142,-4.245507749317856,0.9784786305239777,1.0,0.99999999999997,0.9848312141571887,1
2015-08-07,-15.21,-69.76,-5.6,1,-5.6470265,0.9901424,-5.7396595379285085,-5.87860909482127,0.986021645089093,1.0,0.99999999999997,0.9923563335267234,1
2015-08-08,-15.21,-69.76,-4.4,1,-5.1678567,0.9846991,-5.188004094761483,-5.218225186903709,0.9878509629775446,1.0,0.99999999999997,0.9909999738932589,1
2015-08-09,-15.21,-69.76,1.0,0,-4.266571,0.9710812,-4.278364208674349,-4.2960540216858725,0.977127608191043,7.987983190006059e-18,1.0000000994736041e-07,0.6330167174573142,1
2015-08-10,-15.21,-69.76,-11.4,1,-1.8218458,0.7044559,-1.6212099148546186,-1.320256087136546,0.7066556321773456,1.0,0.99999999999997,0.8085562546531991,1
2015-08-11,-15.21,-69.76,-5.2,1,-6.8699374,0.9785584,-6.76618642384011,-6.610559959600274,0.6621763178957616,1.0,0.99999999999997,0.891148335368724,1
2015-08-12,-15.21,-69.76,2.6,0,-3.011078,0.5336111,-3.2722184488640127,-3.663929122160032,0.697310663348838,4.417737104082916e-37,1.0000000994736041e-07,0.39595709900465287,0
2015-08-13,-15.21,-69.76,0.4,0,-1.7506603,0.6934848,-2.058563082662072,-2.520417256655181,0.6688103244712498,6.20610525576915e-08,0.0012834792604485,0.4435553116426527,0
2015-08-14,-15.21,-69.76,-1.2,1,-1.4631454,0.6969211,-1.4276436975998483,-1.3743911439996213,0.6194942335796987,0.9999999999993514,0.99999999999997,0.7797706550737753,1
2015-08-15,-15.21,-69.76,-5.0,1,-1.3319362,0.79073,-1.1971372403889364,-0.9949388009723408,0.7410180368708569,1.0,0.99999999999997,0.8490609110612526,1
2015-08-16,-15.21,-69.76,-2.4,1,-3.9929547,0.95423603,-4.061460987406715,-4.164220418516788,0.9351657712230572,1.0,0.99999999999997,0.9645323418669125,1
2015-08-17,-15.21,-69.76,-3.2,1,-2.3834212,0.91416293,-2.3661507772395334,-2.340245143098834,0.9116446282730992,1.0,0.99999999999997,0.9434504139819253,1
2015-08-18,-15.21,-69.76,0.4,0,-1.6857574,0.7952393,-1.7277963128881182,-1.790854682220296,0.767073664074671,1.5416276789980533e-08,3.5333141178425445e-05,0.5084611572768333,1
2015-08-19,-15.21,-69.76,-2.0,1,-0.84453034,0.66482073,-0.7085254567682607,-0.5045181319206519,0.6067615277657441,1.0,0.99999999999997,0.7647157138297187,1
2015-08-20,-15.21,-69.76,-2.4,1,-1.9673929,0.8578941,-1.923333023879224,-1.85724320969806,0.856700181043923,1.0,0.99999999999997,0.9072729893131724,1
2015-08-21,-15.21,-69.76,-1.6,1,-2.0087087,0.8769726,-2.0103939291431057,-2.0129217728577644,0.8557785830996791,0.9999999999999978,0.99999999999997,0.9136739849298987,1
2015-08-22,-15.21,-69.76,-2.4,1,-1.5968459,0.85833204,-1.5685301281725303,-1.5260564704313264,0.8489587935413779,1.0,0.99999999999997,0.9051038520624088,1
2015-08-23,-15.21,-69.76,-1.4,1,-2.160371,0.90092915,-2.1388071325616593,-2.1064613314041485,0.8867532118957897,0.9999999999999808,0.99999999999997,0.9313511660687286,1
2015-08-24,-15.21,-69.76,-1.6,1,-1.3391614,0.83178973,-1.2954481550078225,-1.229878287519556,0.8331539779663637,0.9999999999999976,0.99999999999997,0.891072598889904,1
2015-08-25,-15.21,-69.76,0.8,0,-1.5636935,0.84460294,-1.5445640523200357,-1.5158698808000892,0.8148535354988035,1.0046795456562318e-14,1.0000000994736041e-07,0.5400671046496445,1
2015-08-26,-15.21,-69.76,-4.0,1,-0.29670146,0.5105324,-0.18402014747435796,-0.014998178685895,0.5204906589084229,1.0,0.99999999999997,0.6848335376725223,1
2015-08-27,-15.21,-69.76,-5.0,1,-3.1470473,0.9119075,-3.181237562679473,-3.232522956698682,0.889869119842256,1.0,0.99999999999997,0.9361283609526723,1
2015-08-28,-15.21,-69.76,-5.4,1,-3.9518907,0.94830775,-3.9849552122518297,-4.034551980629575,0.9481454598255328,1.0,0.99999999999997,0.9663513504476553,1
2015-08-29,-15.21,-69.76,-7.8,1,-4.514063,0.97536135,-4.576906237129848,-4.671171092824621,0.9743996492897218,1.0,0.99999999999997,0.9836963672869119,1
2015-08-30,-15.21,-69.76,-9.4,1,-6.208594,0.98994154,-6.467066581532821,-6.854775453832055,0.9883990585538276,1.0,0.99999999999997,0.9929992565661436,1
2015-08-31,-15.21,-69.76,-5.8,1,-7.562211,0.99460757,-7.784409707908007,-8.11770776977002,0.991285178226544,1.0,0.99999999999997,0.9954982029679587,1
2015-09-01,-15.21,-69.76,-2.4,1,-5.0775175,0.9775058,-5.368645990257148,-5.805338725642871,0.9890088317995532,1.0,0.99999999999997,0.9888296795398615,1
2015-09-02,-15.21,-69.76,0.4,0,-1.0808475,0.6773038,-1.0419957763897336,-0.983718190974334,0.6982956722985324,1.4323943913041076e-07,0.0032838944582695,0.447037644506188,0
2015-09-03,-15.21,-69.76,2.8,0,0.7907698,0.37038237,0.5673257478135206,0.2321596695338016,0.3825151366348819,2.19202072987588e-40,1.0000000994736041e-07,0.24438838549046604,0
2015-09-04,-15.21,-69.76,3.6,0,1.964242,0.07561091,2.1001301932086798,2.303962483021699,0.0807942221932846,1.7166489005354368e-48,1.0000000994736041e-07,0.050702100157986874,0
2015-09-05,-15.21,-69.76,3.4,0,2.2726576,0.040851872,2.6374558319210335,3.184653179802583,0.0363510067119074,2.6019876776943233e-47,1.0000000994736041e-07,0.02520347221357371,0
2015-09-06,-15.21,-69.76,2.0,0,2.0007741,0.124891676,2.337308786561035,2.8421108164025872,0.0613327351464404,3.792469076175388e-30,1.0000000994736041e-07,0.06211192214393361,0
2015-09-07,-15.21,-69.76,-2.4,1,1.3738233,0.20541878,1.720576740232582,2.240706900581455,0.1286651970888113,1.0,0.99999999999997,0.46049613212663887,0
2015-09-08,-15.21,-69.76,-5.2,1,-1.7555399,0.80845904,-1.6469598963518037,-1.4840898908795088,0.7786105296150285,1.0,0.99999999999997,0.8665438228845039,1
2015-09-09,-15.21,-69.76,-4.6,1,-3.8927865,0.94862455,-3.9628875960916834,-4.068039240229209,0.9363257042588712,1.0,0.99999999999997,0.9629163037776567,1
2015-09-10,-15.21,-69.76,-4.4,1,-3.6684024,0.9553364,-3.756081870971339,-3.8876010774283474,0.952029874801288,1.0,0.99999999999997,0.9699767024403818,1
2015-09-11,-15.21,-69.76,-3.4,1,-3.510818,0.9482597,-3.6747047048608943,-3.920534762152236,0.9538263320216568,1.0,0.99999999999997,0.9680387946064926,1
2015-09-12,-15.21,-69.76,-2.0,1,-2.6873753,0.9410377,-2.815619612207204,-3.0079860805180108,0.9316969097418044,1.0,0.99999999999997,0.9588722679225368,1
2015-09-13,-15.21,-69.76,-2.8,1,-1.8331612,0.8432567,-2.003506262293297,-2.2590238557332425,0.8338309760094509,1.0,0.99999999999997,0.8952891378028307,1
2015-09-14,-15.21,-69.76,-1.4,1,-2.1733468,0.8920748,-2.276234320909676,-2.4305656022741893,0.8654143633063478,0.9999999999999832,0.99999999999997,0.9218504889918964,1
2015-09-15,-15.21,-69.76,-1.6,1,-1.0459589,0.7772977,-1.1098115087776024,-1.205590421944006,0.7417482109156447,0.9999999999999972,0.99999999999997,0.8445786582746884,1
2015-09-16,-15.21,-69.76,-0.4,1,-1.2482618,0.80037457,-1.3564396834793737,-1.518706508698434,0.7699973388060404,0.9999999148602128,0.99999999999997,0.8611302841138501,1
2015-09-17,-15.21,-69.76,-1.0,1,0.772947,0.48458835,0.7554756665951936,0.7292686664879839,0.4345445720504471,0.9999999999953912,0.99999999999997,0.6499692941142078,1
2015-09-18,-15.21,-69.76,2.8,0,0.1286395,0.5976041,0.2598356917390301,0.4566299793475752,0.5031873979921984,6.884468023492461e-40,1.0000000994736041e-07,0.360117669397661,0
2015-09-19,-15.21,-69.76,3.0,0,1.041048,0.2733024,1.1342847883420233,1.2741399708550585,0.2607996724820833,2.1330557293597503e-41,1.0000000994736041e-07,0.17389575674462646,0
2015-09-20,-15.21,-69.76,2.8,0,1.2997923,0.23413695,1.4321408260135802,1.63066361503395,0.1749671823715446,1.6938983791775425e-39,1.0000000994736041e-07,0.13443810221146488,0
2015-09-21,-15.21,-69.76,-0.4,1,1.8347509,0.103090435,2.0503502619751153,2.373749304937788,0.0945691073898249,0.9999998483253796,0.99999999999997,0.41445235413201886,0
2015-09-22,-15.21,-69.76,-0.6,1,0.19469407,0.48310465,0.2618900189337393,0.3626839423343482,0.417759633451347,0.9999999980964828,0.99999999999997,0.6444145171546961,1
2015-09-23,-15.21,-69.76,1.6,0,1.093062,0.27455592,1.095977316124362,1.1003502903109048,0.345439334315721,7.147873660644273e-26,1.0000000994736041e-07,0.19972638729471778,0
2015-09-24,-15.21,-69.76,3.6,0,1.1201624,0.25551736,1.0643157301429451,0.9805457253573628,0.2968384208611223,6.379583219742305e-48,1.0000000994736041e-07,0.17848261725833817,0
2015-09-25,-15.21,-69.76,4.8,0,2.8051345,0.05025965,2.9405507724953344,3.143675181238337,0.0448673579911666,3.70865358947934e-61,1.0000000994736041e-07,0.03105109989735147,0
2015-09-26,-15.21,-69.76,4.4,0,2.7983093,0.078630514,2.8240657596515346,2.862700449128836,0.0785328398619515,3.4714714946794174e-56,1.0000000994736041e-07,0.05108054685858694,0
2015-09-27,-15.21,-69.76,-2.6,1,2.8913555,0.032017563,3.2329628671908877,3.745373917977219,0.0333454646983593,1.0,0.99999999999997,0.3712097864595033,0
2015-09-28,-15.21,-69.76,0.4,0,-1.0171235,0.6227611,-0.829199271925239,-0.5473129298130975,0.539912752691048,3.967473135335715e-08,4.721571123216233e-05,0.3799473010989455,0
2015-09-29,-15.21,-69.76,-3.0,1,0.30388665,0.3531193,0.41999630996095694,0.5941607999023923,0.3539179949654067,1.0,0.99999999999997,0.5797671534896175,1
2015-09-30,-15.21,-69.76,-1.8,1,-1.8576584,0.8132869,-2.0714818256762872,-2.3922169641907183,0.82787781653723,1.0,0.99999999999997,0.8830137599611645,1
2015-10-01,-15.21,-69.76,-2.4,1,-0.8610368,0.67930835,-0.8884010956286981,-0.9294475390717452,0.6761799328488177,1.0,0.99999999999997,0.7906119023546407,1
2015-10-02,-15.21,-69.76,2.4,0,-0.37395942,0.604479,-0.4577166550500119,-0.5833525076250299,0.6579731501338617,1.9813936725070464e-36,1.0000000994736041e-07,0.40895961004016,0
2015-10-03,-15.21,-69.76,2.2,0,1.8779441,0.13624212,1.831091001253176,1.7608113531329403,0.2432937785650937,2.491783224518843e-33,1.0000000994736041e-07,0.1206728905695296,0
2015-10-04,-15.21,-69.76,0.4,0,1.3308553,0.17662086,1.2161633344151148,1.044125386037787,0.1843179906410453,4.015478633327743e-08,6.750042516275334e-06,0.11711371872964826,0
2015-10-05,-15.21,-69.76,-2.0,1,1.1592854,0.25388235,1.120932685228014,1.063403613070035,0.2040564995143694,1.0,0.99999999999997,0.5000757723543063,1
2015-10-06,-15.21,-69.76,-2.8,1,-0.6204344,0.6070532,-0.6374780353696821,-0.6630434884242049,0.6211306511173865,1.0,0.99999999999997,0.7488078153352113,1
2015-10-07,-15.21,-69.76,-0.8,1,-1.2490985,0.76898825,-1.3384991769219936,-1.4726001923049843,0.7590217929043565,0.999999999975369,0.99999999999997,0.8468524253663762,1
2015-10-08,-15.21,-69.76,1.0,0,-0.3219481,0.68980926,-0.33866770929340395,-0.3637471232335099,0.6558190618704316,6.255357489859218e-17,1.0000000994736041e-07,0.4381789745611309,0
2015-10-09,-15.21,-69.76,-5.4,1,0.56538004,0.384616,0.47302456965704875,0.3344913641426219,0.3887868418476441,1.0,0.99999999999997,0.6012516525542887,1
2015-10-10,-15.21,-69.76,-5.2,1,-3.4667978,0.91475433,-3.5581614701238236,-3.6952069753095578,0.8511068192775589,1.0,0.99999999999997,0.925496061283263,1
2015-10-11,-15.21,-69.76,-4.2,1,-3.0838103,0.91638285,-3.1173659078869562,-3.16769931971739,0.8465156071412896,1.0,0.99999999999997,0.9246886796423823,1
2015-10-12,-15.21,-69.76,-4.8,1,-2.7084596,0.92315066,-3.0061523316239454,-3.452691429059863,0.9249718715616742,1.0,0.99999999999997,0.9505942924684976,1
2015-10-13,-15.21,-69.76,-5.6,1,-2.8394494,0.93577844,-3.1229220626618504,-3.5481310566546256,0.9384123722149889,1.0,0.99999999999997,0.959046165664492,1
2015-10-14,-15.21,-69.76,-4.4,1,-3.5667372,0.96089077,-4.063244030295534,-4.808004275738835,0.9582780253161136,1.0,0.99999999999997,0.9737951770948294,1
2015-10-15,-15.21,-69.76,0.4,0,-2.7999988,0.9210193,-3.104349123375104,-3.56087460843776,0.9421288062688667,4.543042265862505e-08,0.0008728241999479,0.6051263295967368,1
2015-10-16,-15.21,-69.76,-1.4,1,-0.56979394,0.5831805,-0.8824134234698131,-1.3513426486745328,0.6698902542575073,0.9999999999999492,0.99999999999997,0.7550802512772374,1
2015-10-17,-15.21,-69.76,-0.4,1,-0.7712986,0.630655,-1.0885498870356933,-1.5644268175892335,0.690678794237622,0.9999998269570056,0.99999999999997,0.7779328536626832,1
2015-10-18,-15.21,-69.76,1.4,0,0.4449101,0.4979112,0.31738024479044913,0.1260854619761229,0.6044920909863577,7.38896152564799e-24,1.0000000994736041e-07,0.3556165622959088,0
2015-10-19,-15.21,-69.76,-0.8,1,1.8332056,0.13061649,1.8748864642653253,1.937407760663313,0.2081843461122104,0.9999999998195042,0.99999999999997,0.4581710752975594,0
2015-10-20,-15.21,-69.76,5.4,0,1.2168642,0.31789216,1.1679232572718883,1.0945118431797205,0.3598575461632798,3.1491791355103223e-69,1.0000000994736041e-07,0.2192195348489854,0
2015-10-21,-15.21,-69.76,1.8,0,2.39854,0.11436167,2.397429053565588,2.3957626339139706,0.1562120803409628,1.543841570791903e-26,1.0000000994736041e-07,0.08689022360229032,0
2015-10-22,-15.21,-69.76,-0.6,1,1.5266412,0.14457245,1.656577087466617,1.8514809186665429,0.2001616493406744,0.9999999837148814,0.99999999999997,0.4606488490451741,0
2015-10-23,-15.21,-69.76,-0.4,1,0.914603,0.3734227,0.8627532641256824,0.784978660314206,0.3480381602911563,0.9999998868123764,0.9999999999998864,0.585109370449805,1
2015-10-24,-15.21,-69.76,3.4,0,1.3600297,0.22970772,1.315475994246822,1.248645435617055,0.3052224079046774,4.460435555685034e-46,1.0000000994736041e-07,0.1719644393714047,0
2015-10-25,-15.21,-69.76,4.6,0,3.0166261,0.046289776,2.8775142282715214,2.668846420678804,0.0708337612923477,2.82392110624486e-59,1.0000000994736041e-07,0.0374515649877058,0
2015-10-26,-15.21,-69.76,3.4,0,3.0009918,0.068337806,2.9185982011594827,2.7950078028987067,0.109109023778192,2.306029648734248e-46,1.0000000994736041e-07,0.05665095423345909,0
2015-10-27,-15.21,-69.76,4.6,0,3.245341,0.034676757,3.2997439916312374,3.3813484790780937,0.0330091977159794,2.194812346932523e-59,1.0000000994736041e-07,0.02203963926479531,0
2015-10-28,-15.21,-69.76,4.6,0,4.052623,0.005054902,4.157130643847985,4.313892109619962,0.0059030450693297,2.840678404441801e-59,1.0000000994736041e-07,0.003540144220800402,0
2015-10-29,-15.21,-69.76,2.8,0,4.0214067,0.0031970737,4.153881164514594,4.352592861286485,0.0036928108372241,1.007481850611623e-39,1.0000000994736041e-07,0.002226834046168722,0
2015-01-01,-16.75,-69.71,0.4,0,0.218815,0.4555426,0.32090388453957036,0.4740372113489259,0.4893403407962175,4.617897484490002e-07,0.0028634321197552,0.3066716194147782,0
2015-01-02,-16.75,-69.71,1.2,0,1.2424121,0.148939,1.1352329424431071,0.974464206107768,0.2912166936730468,2.70330636949935e-19,1.0000000994736041e-07,0.13949367310191552,0
2015-01-03,-16.75,-69.71,1.0,0,0.9931488,0.29550606,1.133613711657494,1.3443110791437352,0.2812994812318338,1.8517830038204644e-16,1.0000000994736041e-07,0.18781698036955163,0
2015-01-04,-16.75,-69.71,2.6,0,1.3513666,0.14299385,1.242363450003349,1.078858725008372,0.1646867744506891,9.360102404708117e-38,1.0000000994736041e-07,0.09945389483520822,0
2015-01-05,-16.75,-69.71,1.5,0,2.2523031,0.08734128,2.338175039810916,2.4669829495272904,0.0764412350887821,1.2087651911982161e-23,1.0000000994736041e-07,0.053501833526636115,0
2015-01-06,-16.75,-69.71,2.6,0,1.7183286,0.16036269,1.9267885107679605,2.2394783769199016,0.1050853831199737,4.548916493973766e-37,1.0000000994736041e-07,0.0876525714359936,0
2015-01-07,-16.75,-69.71,-0.6,1,1.1541414,0.3023722,1.508243828286509,2.0393974707162723,0.1743039113090583,0.9999999954735534,0.99999999999997,0.5081214424874236,1
2015-01-08,-16.75,-69.71,2.6,0,-0.51742035,0.62675595,-0.6436474459816921,-0.8329880899542305,0.5009791014352714,9.99256985461166e-38,1.0000000994736041e-07,0.3696583279305829,0
2015-01-09,-16.75,-69.71,1.6,0,1.4260346,0.22781275,1.765907619913152,2.27571714978288,0.2137734509415645,4.529390267065764e-23,1.0000000994736041e-07,0.14386651278247084,0
2015-01-10,-16.75,-69.71,0.6,0,1.9205434,0.1256693,1.9492470064438003,1.992302416109501,0.1363498580516577,1.419225779461391e-10,3.0455906685432523e-05,0.08489378082988464,0
2015-01-11,-16.75,-69.71,2.4,0,1.2601669,0.17980736,1.4172158713438086,1.6527893283595214,0.1737193906946166,4.7862461256104774e-35,1.0000000994736041e-07,0.11504840820838647,0
2015-01-12,-16.75,-69.71,4.0,0,1.9855839,0.119184755,1.8758108510602196,1.7111512776505493,0.1081535627322913,6.454972057730087e-53,1.0000000994736041e-07,0.07416074806968888,0
2015-01-13,-16.75,-69.71,2.0,0,2.0068126,0.19293499,2.380861114366943,2.9419338859173574,0.1498708245422093,5.6602263672618125e-30,1.0000000994736041e-07,0.11248850886266427,0
2015-01-14,-16.75,-69.71,-5.2,1,1.0889103,0.3720207,1.5343654377907432,2.2025481444768578,0.2192575629538747,1.0,0.99999999999997,0.5459845138861579,1
2015-01-15,-16.75,-69.71,-4.2,1,-4.6474957,0.92399156,-4.615124427163336,-4.566567517908338,0.8723649188735163,1.0,0.99999999999997,0.9351065216620504,1
2015-01-16,-16.75,-69.71,-1.6,1,-3.4877503,0.92226166,-3.4194875461344383,-3.3170934153360947,0.9293475915937912,0.9999999999999836,0.99999999999997,0.9515958584781296,1
2015-01-17,-16.75,-69.71,-4.4,1,-1.0324378,0.6671936,-0.937408887135806,-0.7948655178395145,0.6900404053487157,1.0,0.99999999999997,0.7905298816046102,1
2015-01-18,-16.75,-69.71,0.0,1,-1.748434,0.78049237,-1.637651400731396,-1.47147750182849,0.8100739940373448,0.9978452116354838,0.997229191320363,0.8653479487363547,1
2015-01-19,-16.75,-69.71,-2.4,1,-0.42108494,0.6956367,-0.4826722523366302,-0.5750532208415755,0.7046944683827473,1.0,0.99999999999997,0.8048811855148197,1
2015-01-20,-16.75,-69.71,4.4,0,-0.55166626,0.62721586,-0.6539425639338436,-0.8073570198346092,0.6872609538277729,4.7832030641723554e-58,1.0000000994736041e-07,0.42570385214833334,0
2015-01-21,-16.75,-69.71,3.2,0,2.4461524,0.0981862,2.587175305294776,2.79870966323694,0.1472324339285169,1.0317559663809063e-42,1.0000000994736041e-07,0.07853491517855657,0
2015-01-22,-16.75,-69.71,3.4,0,2.5642219,0.080140986,2.61485048559071,2.690793363976775,0.084922966273588,2.889723336650808e-46,1.0000000994736041e-07,0.05352624998207789,0
2015-01-23,-16.75,-69.71,1.6,0,2.9872663,0.04252032,3.2924321633501865,3.750180958375467,0.0285457005321243,2.271089833865796e-24,1.0000000994736041e-07,0.02344583715963878,0
2015-01-24,-16.75,-69.71,5.2,0,1.9717996,0.08832425,2.2215434576198025,2.596159244049506,0.0666726991347466,7.035237469916222e-67,1.0000000994736041e-07,0.050915312240425475,0
2015-01-25,-16.75,-69.71,1.0,0,3.4919,0.028763985,3.76426304540576,4.172807613514401,0.0330881074114874,6.877848818419275e-17,1.0000000994736041e-07,0.019993841973447724,0
2015-01-26,-16.75,-69.71,-2.2,1,1.9734998,0.20826352,2.1401170799347238,2.390042999836809,0.1165491189361482,1.0,0.99999999999997,0.45785696768083994,0
2015-01-27,-16.75,-69.71,-1.6,1,-0.3031765,0.547259,0.04144506470984502,0.5583774117746125,0.5425908129581395,0.9999999999999925,0.99999999999997,0.7043178938874358,1
2015-01-28,-16.75,-69.71,-0.2,1,-0.8236665,0.6430922,-0.6674309727496022,-0.4330776818740053,0.6383866507768681,0.9999718951612592,0.9999996534157328,0.7665925922776722,1
2015-01-29,-16.75,-69.71,3.2,0,0.3886987,0.4813025,0.2856844885556109,0.1311631713890273,0.5732773161549561,7.699216823547767e-44,5.754132270970677e-07,0.3404391561584709,0
2015-01-30,-16.75,-69.71,3.2,0,2.491572,0.10491788,2.4403218600915366,2.363446650228841,0.101600471771646,3.3740406964823584e-44,1.0000000994736041e-07,0.06720141453149528,0
2015-01-31,-16.75,-69.71,3.6,0,2.8692589,0.05832525,2.8631706543551436,2.854038285887859,0.0588687449169857,4.655806733106012e-49,1.0000000994736041e-07,0.0380744759750972,0
2015-02-01,-16.75,-69.71,4.4,0,2.6947818,0.07166435,3.064873050557087,3.6200099263927177,0.0370896845962395,1.252686349915769e-56,1.0000000994736041e-07,0.036209442878873344,0
2015-02-02,-16.75,-69.71,2.4,0,2.3331919,0.18273464,2.73505729256375,3.3378553814093745,0.1028834350111265,7.140724598014212e-34,1.0000000994736041e-07,0.09482216950333944,0
2015-02-03,-16.75,-69.71,-1.2,1,1.8239568,0.16185765,2.30120489118935,3.017077027973376,0.0963018377206348,0.9999999999984536,0.99999999999997,0.4355407288158767,0
2015-02-04,-16.75,-69.71,2.0,0,0.012485499,0.55261505,0.2185474087148681,0.5276402732871702,0.3802433979224247,1.059168539666992e-29,1.0000000994736041e-07,0.3074883018767289,0
2015-02-05,-16.75,-69.71,-1.6,1,0.5357368,0.48004496,0.8991312081500051,1.4442228203750125,0.4126282275406533,0.9999999999999676,0.99999999999997,0.641804204262185,1
2015-02-06,-16.75,-69.71,-0.8,1,0.3378569,0.4350987,0.27960529692169844,0.1922278923042461,0.5033302406923791,0.9999999998412112,0.99999999999997,0.6532836171759514,1
2015-02-07,-16.75,-69.71,3.2,0,0.46222582,0.47517714,0.4295314148139796,0.3804898070349489,0.4083652616337216,1.0157928287933153e-43,1.0000000994736041e-07,0.288821592490118,0
2015-02-08,-16.75,-69.71,3.8,0,2.1357226,0.2094766,2.252312203831842,2.427196609579606,0.1269908812249028,1.2619711876290652e-49,1.0000000994736041e-07,0.11141408936747232,0
2015-02-09,-16.75,-69.71,5.2,0,3.0152006,0.0536219,3.0359306946361047,3.0670258365902625,0.0567827101247034,1.2951141011045836e-66,1.0000000994736041e-07,0.03580249303741251,0
2015-02-10,-16.75,-69.71,5.6,0,3.6456883,0.0146578,3.8355970524221488,4.120460181055372,0.0270122130736662,5.6172276084045436e-70,1.0000000994736041e-07,0.013233908922101351,0
2015-02-11,-16.75,-69.71,4.4,0,4.1739583,0.0047444794,4.220439372466222,4.290160981165555,0.017866333013965,1.2659483936277624e-57,1.0000000994736041e-07,0.007020482694190992,0
2015-02-12,-16.75,-69.71,2.0,0,4.178075,0.007362675,4.3978642155890935,4.727548038972733,0.0151722462406139,1.2367814613338488e-30,1.0000000994736041e-07,0.007128625122185662,0
2015-02-13,-16.75,-69.71,3.4,0,2.6815875,0.060587674,2.9709256108008932,3.404932777002233,0.076141803112652,1.8909624840454263e-46,1.0000000994736041e-07,0.04404824183379709,0
2015-02-14,-16.75,-69.71,5.2,0,3.115402,0.030753471,3.3164284523222656,3.617968130805664,0.027445881415122,3.769775704433997e-67,1.0000000994736041e-07,0.01899749427453809,0
2015-02-15,-16.75,-69.71,3.8,0,3.0278444,0.06715048,3.3701893181846705,3.883706695461676,0.1151351999623893,6.863401778237635e-50,1.0000000994736041e-07,0.058043242988718276,0
2015-02-16,-16.75,-69.71,4.2,0,1.9917173,0.4146804,2.591825096014312,3.49198679003578,0.1058765069829609,2.300845426185795e-54,1.0000000994736041e-07,0.17690110709488976,0
2015-02-17,-16.75,-69.71,0.4,0,3.5243244,0.027813872,3.8720541202004792,4.393648700501198,0.0224752102082955,2.525533343182783e-07,0.0005977294997845,0.01656712819812319,0
2015-02-18,-16.75,-69.71,-2.6,1,0.23484637,0.4766288,0.7715962827997636,1.5767211519994089,0.3304324938977505,1.0,0.99999999999997,0.6159498281693206,1
2015-02-19,-16.75,-69.71,-5.2,1,-2.5719898,0.8663548,-2.3151302665888824,-1.9298409664722072,0.832359917342543,1.0,0.99999999999997,0.9029321552027583,1
2015-02-20,-16.75,-69.71,-3.4,1,-4.4948945,0.96933526,-4.6692718617659175,-4.930837904414793,0.9481709699388268,1.0,0.99999999999997,0.9737186319816435,1
2015-02-21,-16.75,-69.71,1.0,0,-1.6830534,0.81832576,-1.598563694441208,-1.4718291361030205,0.806489840095479,4.057109785301129e-17,2.808952634587781e-07,0.5283610101629331,1
2015-02-22,-16.75,-69.71,1.4,0,0.18659936,0.44073203,0.22767284267397953,0.2892830666849488,0.5229691585486459,2.7487325329627027e-21,1.0000000994736041e-07,0.31114697306459527,0
2015-02-23,-16.75,-69.71,4.8,0,1.2734542,0.15919489,1.2058208990825872,1.1043709477064678,0.2191331215017597,2.416734421350113e-62,1.0000000994736041e-07,0.12145816295052939,0
2015-02-24,-16.75,-69.71,4.2,0,1.922258,0.28846654,2.2693163218591854,2.7899038046479627,0.187816853537873,1.1649336250032186e-53,1.0000000994736041e-07,0.1573083600613634,0
2015-02-25,-16.75,-69.71,-1.6,1,1.5822852,0.43950507,2.146135382693124,2.99191065673281,0.2190535768014501,0.9999999999999888,0.99999999999997,0.5695428475404283,1
2015-02-26,-16.75,-69.71,0.4,0,-1.6674608,0.8001851,-1.3106046506146427,-0.7753204265366069,0.6283997311143401,1.5496363468538707e-07,0.002485808051854,0.46895760653480706,0
2015-02-27,-16.75,-69.71,-0.6,1,1.6414003,0.1682089,1.6924453702968139,1.7690129757420343,0.2181830830905566,0.9999999905861804,0.99999999999997,0.4743280380443986,0
2015-02-28,-16.75,-69.71,-2.0,1,-1.1448884,0.7645794,-1.1141984206002822,-1.0681634515007057,0.6695842295585893,1.0,0.99999999999997,0.8184780588675722,1
2015-03-01,-16.75,-69.71,3.6,0,-1.0022357,0.71017736,-0.8887004414262218,-0.718397553565555,0.6984378234106543,3.5491480204179284e-48,1.0000000994736041e-07,0.45809343802319774,0
2015-03-02,-16.75,-69.71,2.0,0,1.3983612,0.26238808,1.9929501005107295,2.8848334512768234,0.2762290667240015,4.4224353320141533e-29,1.0000000994736041e-07,0.17470456301720194,0
2015-03-03,-16.75,-69.71,-0.2,1,1.2396735,0.44499,1.4402899315402498,1.7412145788506244,0.298175913925485,0.99995643516319,0.9999821802014328,0.5951878882404984,1
2015-03-04,-16.75,-69.71,5.2,0,1.2513973,0.17521991,1.521512600772927,1.926685551932317,0.1599732878508229,5.558458677777487e-67,1.0000000994736041e-07,0.10931896985524836,0
2015-03-05,-16.75,-69.71,2.8,0,3.0690188,0.060975533,3.1338720993847247,3.2311520484618117,0.0837319575047225,1.8127870911100407e-38,1.0000000994736041e-07,0.046461038801418234,0
2015-03-06,-16.75,-69.71,4.6,0,2.4612622,0.06698197,2.720924515222074,3.110417988055185,0.10188662966465,3.0245751926425904e-60,1.0000000994736041e-07,0.054009693399396486,0
2015-03-07,-16.75,-69.71,3.4,0,3.414699,0.011628061,3.7987323190468,4.374782297616999,0.0204470508533274,2.0823278633735812e-45,1.0000000994736041e-07,0.010203951605999713,0
2015-03-08,-16.75,-69.71,4.8,0,3.1640542,0.029725458,3.403042858229986,3.761525845574965,0.0332066355193855,1.9445072550028496e-62,1.0000000994736041e-07,0.02036591595581714,0
2015-03-09,-16.75,-69.71,2.6,0,3.482189,0.010685911,3.8127038945187257,4.308476236296814,0.0230592177763641,1.3708707980691e-36,1.0000000994736041e-07,0.010657849182910722,0
2015-03-10,-16.75,-69.71,4.8,0,2.311506,0.061882824,2.8490645204567633,3.655402301141909,0.0390313742174046,6.813301942807936e-62,1.0000000994736041e-07,0.03336841566522287,0
2015-03-11,-16.75,-69.71,2.4,0,3.249816,0.030596374,3.6691766450007894,4.298217612501974,0.0557130927092498,4.7347462802539944e-34,1.0000000994736041e-07,0.02742267371277643,0
2015-03-12,-16.75,-69.71,0.0,1,1.9082144,0.08222141,2.395396989123277,3.126170872808192,0.1332999616749456,0.9862287649305752,0.4941106923193463,0.3401298388365007,0
2015-03-13,-16.75,-69.71,1.2,0,-0.6218973,0.58179224,-0.09018735322136084,0.7073775669465978,0.3654022433041394,6.326769907684107e-20,1.0000000994736041e-07,0.31324797199124327,0
2015-03-14,-16.75,-69.71,0.4,0,1.2429836,0.3154492,1.488961536548452,1.85792844137113,0.1795676540759712,1.0196893668088353e-07,0.0002519222215813,0.16431532494981588,0
2015-03-15,-16.75,-69.71,-0.6,1,0.81881595,0.32502565,0.8953323971163574,1.0101070677908937,0.284231784162374,0.9999999968636272,0.99999999999997,0.5490285121214331,1
2015-03-16,-16.75,-69.71,2.4,0,-0.11240519,0.55622774,-0.0009161914732961629,0.1663173063167596,0.483142938607715,7.662072082261964e-35,1.0000000994736041e-07,0.339622605582316,0
2015-03-17,-16.75,-69.71,5.4,0,1.6572908,0.16803306,1.6495549969694192,1.637951292423548,0.1289779248040505,1.0286671403103974e-68,1.0000000994736041e-07,0.09750496344121663,0
2015-03-18,-16.75,-69.71,4.0,0,3.5299401,0.015759844,3.736379679068817,4.046039047672043,0.0668534948889108,9.248614383561996e-53,1.0000000994736041e-07,0.025572008866674732,0
2015-03-19,-16.75,-69.71,4.0,0,3.5988045,0.02312723,3.8199607920106224,4.151695230026556,0.0273009925821612,1.1085422605571603e-53,1.0000000994736041e-07,0.01628484327464985,0
2015-03-20,-16.75,-69.71,2.8,0,3.2069168,0.044311874,3.6974441065185184,4.433235066296296,0.0349756712774019,5.314070816294908e-39,1.0000000994736041e-07,0.02600187228322206,0
2015-03-21,-16.75,-69.71,3.8,0,2.4617226,0.07464383,2.9806708528933257,3.759093232233314,0.0673600286073456,1.3063100307558945e-50,1.0000000994736041e-07,0.04633336408220517,0
2015-03-22,-16.75,-69.71,3.2,0,2.4321527,0.10057525,2.8933005532901044,3.58502233322526,0.1185161721056663,3.553487770586685e-43,1.0000000994736041e-07,0.07075620413170138,0
2015-03-23,-16.75,-69.71,0.6,0,2.5724316,0.08950897,2.91586782896617,3.4310221724154246,0.1081581810843621,4.3634926051285026e-11,6.217041428795436e-07,0.06377568708965704,0
2015-03-24,-16.75,-69.71,0.6,0,1.9074384,0.17862952,2.1367243739153663,2.480653334788416,0.1509346885254794,2.7877010035680495e-11,5.04539452646639e-07,0.10780081424413711,0
2015-03-25,-16.75,-69.71,1.4,0,1.7416939,0.21789299,1.79739030046956,1.8809349011739,0.1590705882670606,1.5447261313196946e-23,1.0000000994736041e-07,0.12398373798011966,0
2015-03-26,-16.75,-69.71,0.2,0,1.4131444,0.22108886,1.3448945630733506,1.242519807683377,0.1675938541289668,0.0001048952818564,0.1512449386187479,0.1503669770878735,0
2015-03-27,-16.75,-69.71,-1.6,1,-0.3070878,0.45946345,-0.023649068950501756,0.4015090276237456,0.3711912136155841,0.9999999999999972,0.99999999999997,0.6221695715846702,1
2015-03-28,-16.75,-69.71,-5.2,1,-1.835957,0.8154725,-1.6882275039003765,-1.4666332597509413,0.7509560121067831,1.0,0.99999999999997,0.8607021786320304,1
2015-03-29,-16.75,-69.71,-4.6,1,-4.671062,0.9629206,-4.729156494829253,-4.816298237073132,0.9349268299222844,1.0,0.99999999999997,0.9675002589766808,1
2015-03-30,-16.75,-69.71,-2.8,1,-4.370726,0.97045654,-4.4561119145356765,-4.58419078633919,0.9560452762471976,1.0,0.99999999999997,0.9764733718741547,1
2015-03-31,-16.75,-69.71,-4.0,1,-3.5952823,0.928149,-3.5175351683344154,-3.400914470836039,0.9472971764646442,1.0,0.99999999999997,0.9590413029393887,1
2015-04-01,-16.75,-69.71,3.2,0,-2.2564144,0.8333891,-2.426037313081032,-2.680471682702581,0.8642438440669136,4.546338952998404e-45,1.0000000994736041e-07,0.5509593532200755,1
2015-04-02,-16.75,-69.71,0.2,0,1.129085,0.33214727,1.4129999212579536,1.8388723031448837,0.298729173228417,0.0003383322609555,0.3327855099731521,0.255855789416689,0
2015-04-03,-16.75,-69.71,-2.2,1,-1.3533723,0.79644215,-1.3342873725013282,-1.3056599812533207,0.6303247827632514,1.0,0.99999999999997,0.8178521873289708,1
2015-04-04,-16.75,-69.71,-3.6,1,-2.9412918,0.92206824,-2.4989853593783327,-1.835525698445832,0.8273880148144235,1.0,0.99999999999997,0.9209402884443225,1
2015-04-05,-16.75,-69.71,-2.2,1,-3.6505263,0.9600965,-3.500935033198356,-3.27654813299589,0.8907856048311846,1.0,0.99999999999997,0.9532694564493509,1
2015-04-06,-16.75,-69.71,-1.4,1,-3.1451137,0.9087847,-2.8620471558289795,-2.437447339572449,0.9121391134592072,0.9999999999999784,0.99999999999997,0.9417163790377534,1
2015-04-07,-16.75,-69.71,-3.6,1,-2.6096754,0.87617254,-2.411552454360771,-2.1143680359019275,0.8456743498685216,1.0,0.99999999999997,0.9103626939605518,1
2015-04-08,-16.75,-69.71,1.0,0,-3.454446,0.94366926,-3.626670872541905,-3.885008181354762,0.9585488094809383,4.7265986421984135e-18,1.0000000994736041e-07,0.617848898844283,1
2015-04-09,-16.75,-69.71,2.4,0,-1.6673539,0.7351748,-1.2769659992543636,-0.6913841481359091,0.5997522356741574,1.6436431310091495e-34,1.0000000994736041e-07,0.4372368657022487,0
2015-04-10,-16.75,-69.71,1.8,0,1.5439237,0.22130197,1.5572300683372826,1.577189620843207,0.1483277218048259,1.1556916939846026e-27,1.0000000994736041e-07,0.12195402104144926,0
2015-04-11,-16.75,-69.71,0.4,0,1.9806905,0.13188894,2.111949560013279,2.3088381500331976,0.117478311521086,1.6937088938431265e-07,0.0007097588256932,0.08151112015435766,0
2015-04-12,-16.75,-69.71,3.6,0,1.3200448,0.23102371,1.4627190127766634,1.6767303319416584,0.1159475537086706,2.731557402402422e-49,1.0000000994736041e-07,0.11564257961260266,0
2015-04-13,-16.75,-69.71,1.4,0,2.0957234,0.16291033,2.5353464605807714,3.194781051451929,0.1194451287311556,6.772886489677246e-23,1.0000000994736041e-07,0.09285216911934817,0
2015-04-14,-16.75,-69.71,-2.4,1,1.4643596,0.22332041,1.8029837129863924,2.310919882465981,0.1752634095174593,1.0,0.99999999999997,0.48074116635523323,0
2015-04-15,-16.75,-69.71,-4.6,1,-2.7925172,0.8905792,-2.4696255038215873,-1.985287959553968,0.8240689022428525,1.0,0.99999999999997,0.9089233906728511,1
2015-04-16,-16.75,-69.71,-0.8,1,-4.510329,0.951207,-4.563622595824453,-4.643562989561135,0.9051058486555617,0.9999999998914078,0.99999999999997,0.9544542045749456,1
2015-04-17,-16.75,-69.71,-2.4,1,-3.0288603,0.84370255,-2.710423331556839,-2.232767878892098,0.8379415942192615,1.0,0.99999999999997,0.896678370765774,1
2015-04-18,-16.75,-69.71,-1.0,1,-0.9346938,0.6895054,-0.8689230309353959,-0.7702668773384898,0.7345502775885384,0.999999999994535,0.99999999999997,0.811691973275464,1
2015-04-19,-16.75,-69.71,0.4,0,-0.7124035,0.7412534,-0.6283943195585308,-0.5023805488963269,0.6731768732806251,5.8577045514274956e-08,0.0003840022384431,0.461449364035363,0
2015-04-20,-16.75,-69.71,1.2,0,0.017937355,0.55292135,0.376259822821284,0.91374352455321,0.346263967853782,1.8578175203564878e-20,1.0000000994736041e-07,0.2974016778561361,0
2015-04-21,-16.75,-69.71,-2.2,1,1.0704275,0.26138037,1.2166669016618235,1.436026004154559,0.1711171881941535,1.0,0.99999999999997,0.4928182859582415,0
2015-04-22,-16.75,-69.71,0.6,0,-2.8185046,0.8958465,-2.552557065811266,-2.1536357645281647,0.8528422767803597,2.7159117677861963e-11,3.808719184053152e-07,0.5693990151703275,1
2015-04-23,-16.75,-69.71,3.2,0,0.6303855,0.33154893,0.8466711014870081,1.17109950371752,0.2406486228819427,3.60002161599282e-44,1.0000000994736041e-07,0.18823672736458427,0
2015-04-24,-16.75,-69.71,4.0,0,2.300958,0.16453479,2.388562825631092,2.51997006407773,0.1090028485640588,4.328446873053295e-53,1.0000000994736041e-07,0.09028804606921911,0
2015-04-25,-16.75,-69.71,1.6,0,1.692864,0.270775,2.0202017474345615,2.511208368586403,0.1255784341910443,8.612167832741422e-26,1.0000000994736041e-07,0.13244479525731476,0
2015-04-26,-16.75,-69.71,-1.6,1,0.42074072,0.5489075,0.8282044156181874,1.4393999590454682,0.2128585421336004,0.9999999999999976,0.99999999999997,0.6059751876400751,1
2015-04-27,-16.75,-69.71,1.0,0,-0.2905255,0.625863,0.10136944893630898,0.6892118723407724,0.478176097916753,1.2408994602150932e-17,1.0000000994736041e-07,0.36250489437502736,0
2015-04-28,-16.75,-69.71,-1.2,1,0.5631617,0.43271858,0.87767123517825,1.3494355379456249,0.2479260450831393,0.9999999999994724,0.99999999999997,0.5758293165248317,1
2015-04-29,-16.75,-69.71,-2.0,1,-2.8011463,0.8895327,-2.285218051002267,-1.511325677505667,0.7613271717532188,1.0,0.99999999999997,0.8897345965259611,1
2015-04-30,-16.75,-69.71,-3.6,1,-3.0296237,0.90426326,-2.6555070515064063,-2.094332078766015,0.8395380829977737,1.0,0.99999999999997,0.9183535658993276,1
2015-05-01,-16.75,-69.71,-3.0,1,-4.496655,0.96488845,-4.369100961412226,-4.177769903530564,0.95213000726159,1.0,0.99999999999997,0.9733499596784725,1
2015-05-02,-16.75,-69.71,-9.6,1,-4.027161,0.95235556,-3.6781454301270906,-3.1546220753177256,0.9467833765297792,1.0,0.99999999999997,0.9673594589589292,1
2015-05-03,-16.75,-69.71,-9.2,1,-9.253667,0.99694306,-9.197459065493689,-9.11314716373422,0.9865134321358292,1.0,0.99999999999997,0.9948841006407441,1
2015-05-04,-16.75,-69.71,-7.2,1,-9.164795,0.99806625,-9.012189268393005,-8.783280670982512,0.99470973340945,1.0,0.99999999999997,0.9977361075228304,1
2015-05-05,-16.75,-69.71,-8.6,1,-8.196533,0.9960848,-8.185346543465386,-8.168566858663466,0.9960001573132076,1.0,0.99999999999997,0.9974297271939576,1
2015-05-06,-16.75,-69.71,-6.6,1,-8.61024,0.99589795,-8.601956289620272,-8.589530724050684,0.9961610633543404,1.0,0.99999999999997,0.9974126015062976,1
2015-05-07,-16.75,-69.71,-3.6,1,-7.55661,0.99556595,-7.236347017643397,-6.755952544108494,0.9957279402084872,1.0,0.99999999999997,0.9971664645625415,1
2015-05-08,-16.75,-69.71,-5.2,1,-5.6767435,0.9744941,-5.625347227208211,-5.548252818020527,0.9694408847626788,1.0,0.99999999999997,0.9819052004287991,1
2015-05-09,-16.75,-69.71,-6.2,1,-6.16554,0.9875544,-5.825290284777708,-5.314915711944269,0.9826482500033492,1.0,0.99999999999997,0.9904385150010002,1
2015-05-10,-16.75,-69.71,-8.6,1,-6.5383515,0.9886014,-6.2885716583980615,-5.913901895995154,0.9796959584103516,1.0,0.99999999999997,0.9899192775231009,1
2015-05-11,-16.75,-69.71,-7.6,1,-8.381199,0.9950197,-8.281823149533011,-8.13275937383253,0.9949476425402972,1.0,0.99999999999997,0.9967411877620846,1
2015-05-12,-16.75,-69.71,-9.2,1,-7.4003477,0.99663347,-7.37815899096265,-7.344875927406625,0.996787668617124,1.0,0.99999999999997,0.9978580150851326,1
2015-05-13,-16.75,-69.71,-9.0,1,-8.778292,0.99721897,-9.022899068073537,-9.38980967018384,0.9956254936581872,1.0,0.99999999999997,0.9977142875974516,1
2015-05-14,-16.75,-69.71,-8.2,1,-9.343333,0.998097,-9.328456520033729,-9.306141800084326,0.998116386306226,1.0,0.99999999999997,0.9987688658918632,1
2015-05-15,-16.75,-69.71,-8.6,1,-8.774552,0.99682826,-8.595219267348675,-8.32622016837169,0.997637096297939,1.0,0.99999999999997,0.9981810198893772,1
2015-05-16,-16.75,-69.71,-2.2,1,-8.763714,0.9966233,-8.709218574061243,-8.627475435153109,0.9981194014546964,1.0,0.99999999999997,0.9982539754364044,1
2015-05-17,-16.75,-69.71,-5.4,1,-6.8741736,0.9727453,-6.494400188001121,-5.924740070002802,0.956251998025564,1.0,0.99999999999997,0.9773364544076646,1
2015-05-18,-16.75,-69.71,-9.2,1,-7.197828,0.9906816,-6.733979328417951,-6.038206321044878,0.9843979715664452,1.0,0.99999999999997,0.992057951469929,1
2015-05-19,-16.75,-69.71,-10.6,1,-9.303368,0.9976782,-8.982050987422069,-8.500075468555169,0.9888557863680276,1.0,0.99999999999997,0.9958441059104037,1
2015-05-20,-16.75,-69.71,-10.6,1,-10.374706,0.99907506,-10.183741915577823,-9.89729578894456,0.998400746183796,1.0,0.99999999999997,0.9991964948551342,1
2015-05-21,-16.75,-69.71,-11.6,1,-10.6856165,0.99914944,-10.566857517554817,-10.388719043887043,0.9988165439791072,1.0,0.99999999999997,0.9993472671937276,1
2015-05-22,-16.75,-69.71,-12.8,1,-11.551883,0.99921227,-11.404525983539648,-11.18349045884912,0.9988475482300676,1.0,0.99999999999997,0.9993785589690156,1
2015-05-23,-16.75,-69.71,-14.2,1,-12.176185,0.99906546,-12.150422725191298,-12.111779312978245,0.998989011994708,1.0,0.99999999999997,0.9993696145984079,1
2015-05-24,-16.75,-69.71,-11.6,1,-13.070688,0.9992186,-13.26515191671962,-13.556847791799052,0.9991005888821702,1.0,0.99999999999997,0.9994566866646466,1
2015-05-25,-16.75,-69.71,-9.2,1,-8.739697,0.99554366,-7.9411892550548036,-6.743427637637008,0.9729009505680414,1.0,0.99999999999997,0.9903105661704079,1
2015-05-26,-16.75,-69.71,-3.4,1,-10.340319,0.99808747,-10.358878919439196,-10.386718798597988,0.9985587117879332,1.0,0.99999999999997,0.9988982280363754,1
2015-05-27,-16.75,-69.71,-9.4,1,-8.93549,0.98650485,-8.52308394879024,-7.904474871975603,0.9817656265479072,1.0,0.99999999999997,0.9898063854643675,1
2015-05-28,-16.75,-69.71,-10.8,1,-9.629527,0.99748814,-9.542738387551298,-9.412555468878246,0.9938157803444564,1.0,0.99999999999997,0.9972655831033324,1
2015-05-29,-16.75,-69.71,-13.2,1,-10.530782,0.99919313,-10.346309276253475,-10.06960019063369,0.9966790446527805,1.0,0.99999999999997,0.9987213088958296,1
2015-05-30,-16.75,-69.71,-12.6,1,-12.647303,0.99948055,-12.60195499624989,-12.533932990624722,0.998895080010948,1.0,0.99999999999997,0.9994867165032799,1
2015-05-31,-16.75,-69.71,-7.2,1,-12.301605,0.999297,-12.229445036192383,-12.121205090480956,0.9990895854838534,1.0,0.99999999999997,0.9994808256451515,1
2015-06-01,-16.75,-69.71,-9.6,1,-10.194422,0.99800473,-9.93982429602684,-9.557927740067102,0.996265628886672,1.0,0.99999999999997,0.998181344165997,1
2015-06-02,-16.75,-69.71,-9.6,1,-10.464245,0.9981463,-10.389135320890066,-10.276470802225164,0.9973131928679344,1.0,0.99999999999997,0.9985451628603759,1
2015-06-03,-16.75,-69.71,-10.0,1,-9.95582,0.99850094,-9.775592221437325,-9.505250553593314,0.9981542747692768,1.0,0.99999999999997,0.9989216114307784,1
2015-06-04,-16.75,-69.71,-7.2,1,-10.537478,0.99860746,-10.29252676835949,-9.925099920898726,0.9986380920216504,1.0,0.99999999999997,0.9991040386064904,1
2015-06-05,-16.75,-69.71,-13.8,1,-9.765678,0.99728966,-9.273012813498113,-8.534015033745282,0.996777491384888,1.0,0.99999999999997,0.9980846284154619,1
2015-06-06,-16.75,-69.71,-15.4,1,-13.239912,0.9990626,-13.040725763116296,-12.74194640779074,0.9971098906073071,1.0,0.99999999999997,0.9988048771821876,1
2015-06-07,-16.75,-69.71,-16.0,1,-15.114192,0.9994116,-14.85788189630875,-14.47341674077188,0.9987447365828764,1.0,0.99999999999997,0.9994174809748584,1
2015-06-08,-16.75,-69.71,-15.6,1,-15.380644,0.9993704,-15.233362599463273,-15.012440498658185,0.999181112408718,1.0,0.99999999999997,0.9995339737226108,1
2015-06-09,-16.75,-69.71,-13.6,1,-15.384242,0.99953663,-15.228173517906034,-14.994070794765085,0.9991990008332724,1.0,0.99999999999997,0.9995975207499772,1
2015-06-10,-16.75,-69.71,-10.2,1,-13.702911,0.99954236,-13.39438606629397,-12.931598665734926,0.9991990008332724,1.0,0.99999999999997,0.999599526249977,1
2015-06-11,-16.75,-69.71,-13.2,1,-11.615977,0.9993399,-11.369376130531414,-10.999474826328536,0.9991061980644969,1.0,0.99999999999997,0.9995008244193444,1
2015-06-12,-16.75,-69.71,-14.4,1,-12.931129,0.99938357,-12.799638631764175,-12.602403079410434,0.9990394506583904,1.0,0.99999999999997,0.9994960846975125,1
2015-06-13,-16.75,-69.71,-13.2,1,-14.300111,0.99951124,-13.983057757995876,-13.507477894989693,0.9990055206952984,1.0,0.99999999999997,0.9995305902085849,1
2015-06-14,-16.75,-69.71,-15.2,1,-13.2429905,0.9995148,-13.051328559982583,-12.76383564995646,0.9991990008332724,1.0,0.99999999999997,0.9995898802499772,1
2015-06-15,-16.75,-69.71,-13.6,1,-14.473787,0.9995414,-14.510052512704036,-14.564450781760089,0.9991990008332724,1.0,0.99999999999997,0.9995991902499772,1
2015-06-16,-16.75,-69.71,-10.6,1,-13.41867,0.9995425,-13.20129566430134,-12.875234160753347,0.9992009542921156,1.0,0.99999999999997,0.9996001612876302,1
2015-06-17,-16.75,-69.71,-9.6,1,-11.736855,0.999126,-11.4384931864986,-10.9909504662465,0.9991447090435034,1.0,0.99999999999997,0.9994375127130464,1
2015-06-18,-16.75,-69.71,-13.2,1,-10.554142,0.9984884,-10.46641682182531,-10.334829054563276,0.998596332205445,1.0,0.99999999999997,0.999049839661629,1
2015-06-19,-16.75,-69.71,-10.6,1,-12.659183,0.9993424,-12.58968965591005,-12.485449639775124,0.9988533315316468,1.0,0.99999999999997,0.9994258394594895,1
2015-06-20,-16.75,-69.71,-12.0,1,-11.19357,0.99898666,-10.932757959679755,-10.541539899199387,0.998932880326978,1.0,0.99999999999997,0.9993251950980888,1
2015-06-21,-16.75,-69.71,-12.6,1,-11.986085,0.9992849,-11.912007788018657,-11.800891970046644,0.9990950439663452,1.0,0.99999999999997,0.9994782281898991,1
2015-06-22,-16.75,-69.71,-12.8,1,-12.460383,0.9993155,-12.331134880139665,-12.137262700349162,0.9990236133300016,1.0,0.99999999999997,0.999467508998996,1
2015-06-23,-16.75,-69.71,-11.6,1,-12.485449,0.99949944,-12.36457239161842,-12.183257479046052,0.9991470738161228,1.0,0.99999999999997,0.9995689261448322,1
2015-06-24,-16.75,-69.71,-11.6,1,-12.061558,0.99950325,-11.789059037510873,-11.380310593777184,0.9991447090435034,1.0,0.99999999999997,0.9995695502130464,1
2015-06-25,-16.75,-69.71,-10.6,1,-12.061558,0.99955887,-11.773321503747821,-11.340966759369554,0.999142836734947,1.0,0.99999999999997,0.9995884555204795,1
2015-06-26,-16.75,-69.71,-11.2,1,-11.33951,0.9994024,-11.15198579465601,-10.870699486640024,0.9990760691156144,1.0,0.99999999999997,0.9995136607346797,1
2015-06-27,-16.75,-69.71,-12.6,1,-11.565027,0.99916196,-11.343022695498926,-11.010016238747314,0.999003737742926,1.0,0.99999999999997,0.9994078073228732,1
2015-06-28,-16.75,-69.71,-14.0,1,-12.437369,0.9993401,-12.311037493148316,-12.12154023287079,0.9989879356611208,1.0,0.99999999999997,0.9994654156983316,1
2015-06-29,-16.75,-69.71,-14.6,1,-13.366821,0.9994248,-13.390276889020747,-13.425460722551865,0.9990992572852376,1.0,0.99999999999997,0.9995284571855667,1
2015-06-30,-16.75,-69.71,-14.8,1,-14.557491,0.99941397,-14.305951933612803,-13.928643334032008,0.9992138414354552,1.0,0.99999999999997,0.9995590419306319,1
2015-07-01,-16.75,-69.71,-14.8,1,-14.58933,0.99944204,-14.421109313558796,-14.16877828389699,0.9992138414354552,1.0,0.99999999999997,0.9995688664306319,1
2015-07-02,-16.75,-69.71,-13.8,1,-14.625495,0.9994357,-14.44798843051786,-14.181728576294647,0.9991841339400256,1.0,0.99999999999997,0.9995577351820031,1
2015-07-03,-16.75,-69.71,-10.2,1,-9.222715,0.9975309,-9.426303266392239,-9.731685665980594,0.9891165822130702,1.0,0.99999999999997,0.9958707896639165,1
2015-07-04,-16.75,-69.71,-1.6,1,-7.183135,0.9971896,-7.239072907422798,-7.322979768556995,0.9909869227544106,1.0,0.999999999989409,0.9963124368247345,1
2015-07-05,-16.75,-69.71,-6.0,1,-8.240734,0.97070307,-7.8843270457917445,-7.349716614479363,0.9353014083667984,1.0,0.99999999999997,0.970336497010035,1
2015-07-06,-16.75,-69.71,-10.0,1,-7.696438,0.9920534,-7.355922501765766,-6.845149254414419,0.9867325456978236,1.0,0.99999999999997,0.9932384537093426,1
2015-07-07,-16.75,-69.71,-10.0,1,-10.153978,0.9977683,-9.975947062177903,-9.708900655444758,0.988050933841633,1.0,0.99999999999997,0.9956341851524855,1
2015-07-08,-16.75,-69.71,-18.2,1,-10.39024,0.9983113,-10.159860379998252,-9.81429094999563,0.9983064274731616,1.0,0.99999999999997,0.9989008832419439,1
2015-07-09,-16.75,-69.71,-20.6,1,-16.939087,0.99934953,-16.919449664985823,-16.889993662464555,0.9988414302085916,1.0,0.99999999999997,0.9994247645625729,1
2015-07-10,-16.75,-69.71,-20.4,1,-17.232183,0.99937254,-17.660141109676083,-18.302078274190205,0.9990203612974814,1.0,0.9999999987334776,0.9994864971992661,1
2015-07-11,-16.75,-69.71,-20.0,1,-17.94364,0.99957854,-18.14369625533979,-18.44378063834948,0.9992138414354552,1.0,0.9999957452741406,0.9996160032217576,1
2015-07-12,-16.75,-69.71,-20.0,1,-17.932302,0.9995839,-17.88846551628244,-17.822710790706104,0.9992138414354552,1.0,0.999995148484434,0.9996177897033016,1
2015-07-13,-16.75,-69.71,-18.0,1,-17.932302,0.9994271,-17.930962244729116,-17.928952611822794,0.9992138414354552,1.0,0.9999995796671136,0.9995635743807036,1
2015-07-14,-16.75,-69.71,-12.8,1,-18.205425,0.9993648,-18.03359878526207,-17.775859463155168,0.9991957868828388,1.0,0.999999999892724,0.9995364160487601,1
2015-07-15,-16.75,-69.71,-2.6,1,-13.201055,0.9993268,-12.759980236578137,-12.098368091445344,0.9991957868828388,1.0,0.9999998925396922,0.9995230999458053,1
2015-07-16,-16.75,-69.71,-14.0,1,-9.516686,0.98351085,-8.931845196090308,-8.05458399022577,0.9747088180476496,1.0,0.99999999999997,0.9866414429142905,1
2015-07-17,-16.75,-69.71,-15.6,1,-14.937782,0.9989761,-14.415461037035918,-13.63197959258979,0.9931527115606176,1.0,0.99999999999997,0.9975874484681808,1
2015-07-18,-16.75,-69.71,-14.8,1,-15.266,0.99947697,-14.857103237182551,-14.24375809295638,0.9951961416286212,1.0,0.99999999999997,0.9983757819885819,1
2015-07-19,-16.75,-69.71,-14.6,1,-14.617582,0.9994499,-14.434757757185109,-14.160521392962773,0.9991841339400256,1.0,0.99999999999997,0.9995627051820031,1
2015-07-20,-16.75,-69.71,-15.6,1,-14.62293,0.9994597,-14.352572919039725,-13.947037297599314,0.9992138414354552,1.0,0.99999999999997,0.999575047430632,1
2015-07-21,-16.75,-69.71,-15.4,1,-15.571441,0.99944204,-15.31695782227528,-14.935233055688196,0.9992138414354552,1.0,0.99999999999997,0.9995688664306319,1
2015-07-22,-16.75,-69.71,-12.6,1,-15.589779,0.9996228,-15.18082716902731,-14.567399422568274,0.9992138414354552,1.0,0.99999999999997,0.9996321324306319,1
2015-07-23,-16.75,-69.71,-11.0,1,-12.890497,0.9990482,-12.607005852723407,-12.18176913180852,0.9983326395505476,1.0,0.99999999999997,0.9991666618651598,1
2015-07-24,-16.75,-69.71,-11.4,1,-11.506458,0.99873954,-11.34412308977398,-11.100620724434952,0.9990068824484268,1.0,0.99999999999997,0.9992609037345235,1
2015-07-25,-16.75,-69.71,-11.2,1,-11.657745,0.99915826,-11.489935257589199,-11.238220643973,0.9990556190698228,1.0,0.99999999999997,0.9994220767209423,1
2015-07-26,-16.75,-69.71,-12.4,1,-11.569474,0.99915826,-11.341173554400724,-10.99872288600181,0.9990489726184286,1.0,0.99999999999997,0.999420082785524,1
2015-07-27,-16.75,-69.71,-12.0,1,-12.271445,0.9993754,-12.196880219364129,-12.085033048410324,0.999093287111786,1.0,0.99999999999997,0.9995093761335312,1
2015-07-28,-16.75,-69.71,-12.0,1,-11.9332,0.99957174,-11.902750840568457,-11.857077101421142,0.9991223400704984,1.0,0.99999999999997,0.999586811021145,1
2015-07-29,-16.75,-69.71,-12.2,1,-11.921863,0.9995685,-11.87971519532113,-11.816493488302829,0.9989150873284232,1.0,0.99999999999997,0.9995235011985224,1
2015-07-30,-16.75,-69.71,-13.4,1,-12.302114,0.9995515,-12.188992381255686,-12.019309953139214,0.9991404491059538,1.0,0.99999999999997,0.9995851597317815,1
2015-07-31,-16.75,-69.71,-13.2,1,-12.7505865,0.99955875,-12.686271787210746,-12.58979971802686,0.9991404491059538,1.0,0.99999999999997,0.9995876972317816,1
2015-08-01,-16.75,-69.71,-12.4,1,-12.833743,0.99953187,-12.761357059493012,-12.652778148732532,0.99904898388923,1.0,0.99999999999997,0.9995508496667644,1
2015-08-02,-16.75,-69.71,-14.2,1,-12.41332,0.99953413,-12.293826395833397,-12.114585989583492,0.9991177049674056,1.0,0.99999999999997,0.999572256990217,1
2015-08-03,-16.75,-69.71,-13.8,1,-13.528042,0.9995664,-13.578464282762859,-13.65409770690715,0.9991157515085624,1.0,0.99999999999997,0.9995829654525641,1
2015-08-04,-16.75,-69.71,-11.2,1,-13.506624,0.99938095,-13.272931594972144,-12.922392987430358,0.9987783407002084,1.0,0.99999999999997,0.999416834710058,1
2015-08-05,-16.75,-69.71,-13.6,1,-11.982108,0.9993787,-11.68556345648435,-11.240746641210874,0.9989316416534716,1.0,0.99999999999997,0.9994620374960368,1
2015-08-06,-16.75,-69.71,-14.0,1,-13.515526,0.9989768,-13.259568588677345,-12.875632471693365,0.9981783780950976,1.0,0.99999999999997,0.9990953934285247,1
2015-08-07,-16.75,-69.71,-12.6,1,-13.47069,0.9995234,-13.423390920033203,-13.352442300083004,0.9989383795385224,1.0,0.99999999999997,0.9995147038615522,1
2015-08-08,-16.75,-69.71,-12.6,1,-12.7868805,0.99912363,-12.525914442173187,-12.134465355432967,0.998900906163084,1.0,0.99999999999997,0.9993635423489207,1
2015-08-09,-16.75,-69.71,-8.2,1,-12.631985,0.999522,-12.434570259902692,-12.138448149756728,0.9990232561933106,1.0,0.99999999999997,0.9995396768579885,1
2015-08-10,-16.75,-69.71,-20.6,1,-10.213797,0.9984091,-9.762575084195658,-9.085742210489146,0.9973308656130524,1.0,0.99999999999997,0.9986424446839111,1
2015-08-11,-16.75,-69.71,-10.2,1,-13.688551,0.9923161,-15.03093923223069,-17.044521580576724,0.965193582685989,1.0,0.99999999999997,0.9868687098057922,1
2015-08-12,-16.75,-69.71,-1.6,1,-11.8724985,0.9988293,-12.224033827663444,-12.75133681915861,0.998170449400844,0.9999999999999848,0.9999999965450764,0.9990413893020116,1
2015-08-13,-16.75,-69.71,-2.6,1,-3.8542876,0.865872,-3.580481019462445,-3.169771148656112,0.7504114687393055,1.0,0.9999999999999676,0.8781786406217867,1
2015-08-14,-16.75,-69.71,-7.4,1,-6.2374125,0.97010934,-5.9387848443699465,-5.490843360924867,0.939975157791515,1.0,0.99999999999997,0.9715308163374499,1
2015-08-15,-16.75,-69.71,-14.0,1,-8.986859,0.9954739,-8.033510209001195,-6.603487022502984,0.9815390000476528,1.0,0.99999999999997,0.9928775650142914,1
2015-08-16,-16.75,-69.71,-12.4,1,-13.188313,0.9987643,-13.14256334974024,-13.073938874350596,0.9945405716998832,1.0,0.99999999999997,0.9979296765099603,1
2015-08-17,-16.75,-69.71,-9.2,1,-12.399673,0.9992607,-12.220213874863635,-11.95102518715909,0.998489168719328,1.0,0.99999999999997,0.9992879956157938,1
2015-08-18,-16.75,-69.71,-8.0,1,-7.176997,0.9901624,-6.850288630774398,-6.360226076935995,0.9793846067136373,1.0,0.99999999999997,0.9903722220140867,1
2015-08-19,-16.75,-69.71,1.6,0,-9.772112,0.99689364,-9.272920636048543,-8.524133590121359,0.9967241961127854,5.066243245982133e-26,1.9508594515386405e-07,0.6479300620967273,1
2015-08-20,-16.75,-69.71,-11.2,1,-5.4936285,0.9351764,-4.70742215224754,-3.5281126306188493,0.7523023633150173,1.0,0.99999999999997,0.9030024489945006,1
2015-08-21,-16.75,-69.71,-8.2,1,-8.160634,0.9917605,-7.521338700653132,-6.562395751632828,0.7938030511594235,1.0,0.99999999999997,0.9352570903478226,1
2015-08-22,-16.75,-69.71,-3.2,1,-9.583551,0.9912778,-9.08586538400384,-8.339336960009602,0.968878951691686,1.0,0.99999999999997,0.9876109155075012,1
2015-08-23,-16.75,-69.71,-10.2,1,-8.358568,0.98828644,-7.713764523137406,-6.746559307843513,0.9753135202167812,1.0,0.99999999999997,0.9884943100650299,1
2015-08-24,-16.75,-69.71,-8.6,1,-10.364099,0.99854064,-10.121258839679971,-9.756998599199928,0.9927045451417728,1.0,0.99999999999997,0.9973005875425272,1
2015-08-25,-16.75,-69.71,-17.2,1,-9.085125,0.99649787,-8.934350068832998,-8.708187672082495,0.9945223313809044,1.0,0.99999999999997,0.9971309539142668,1
2015-08-26,-16.75,-69.71,-13.6,1,-16.379715,0.99923277,-16.07460544131976,-15.616941103299398,0.9978966198634374,1.0,0.99999999999997,0.9991004554590266,1
2015-08-27,-16.75,-69.71,-15.8,1,-13.35418,0.9989843,-13.047906473749352,-12.588496184373383,0.9982543098132054,1.0,0.99999999999997,0.9991207979439571,1
2015-08-28,-16.75,-69.71,-17.6,1,-15.504279,0.99925965,-15.31913204080962,-15.041411602024054,0.9984912044325251,1.0,0.99999999999997,0.999288238829753,1
2015-08-29,-16.75,-69.71,-12.4,1,-16.644627,0.9995024,-16.211642893814464,-15.562166734536156,0.9984912044325251,1.0,0.99999999999997,0.9993732013297529,1
2015-08-30,-16.75,-69.71,-14.2,1,-12.60353,0.9993692,-12.450491271656738,-12.220933179141843,0.9979134204338044,1.0,0.99999999999997,0.9991532461301367,1
2015-08-31,-16.75,-69.71,-13.2,1,-13.421498,0.99941754,-13.527874911624126,-13.687440279060317,0.9978970737666678,1.0,0.99999999999997,0.9991652611299957,1
2015-09-01,-16.75,-69.71,-9.8,1,-12.634582,0.9987889,-12.604060466385516,-12.558278165963786,0.9974586817403402,1.0,0.99999999999997,0.9988137195220974,1
2015-09-02,-16.75,-69.71,-6.0,1,-7.425139,0.9818512,-7.272241248483391,-7.042894621208481,0.98931027875231,1.0,0.99999999999997,0.9904410036256885,1
2015-09-03,-16.75,-69.71,-3.8,1,-4.9049864,0.91847914,-4.542210024063321,-3.998045460158303,0.9605138820851192,1.0,0.99999999999997,0.9596218636255311,1
2015-09-04,-16.75,-69.71,0.6,0,-2.80095,0.8854243,-2.8036751561138136,-2.807762890284535,0.8963512914492097,5.6668805310228516e-11,0.0009403668160388,0.5789449474685024,1
2015-09-05,-16.75,-69.71,-1.6,1,-3.5703523,0.8416697,-3.188236077606864,-2.61506174401716,0.7251083268448383,0.9999999999999988,0.99999999999997,0.8621168930534466,1
2015-09-06,-16.75,-69.71,-8.0,1,-4.387855,0.91972977,-3.84160011044544,-3.022217776113601,0.8380392022826778,1.0,0.99999999999997,0.9233171801847988,1
2015-09-07,-16.75,-69.71,-13.2,1,-8.814456,0.99044144,-8.43077649807805,-7.855257245195125,0.9439154598313724,1.0,0.99999999999997,0.9798291419494072,1
2015-09-08,-16.75,-69.71,-15.2,1,-12.920359,0.9986803,-12.65590164450709,-12.259215611267726,0.9918211594004138,1.0,0.99999999999997,0.9970844528201195,1
2015-09-09,-16.75,-69.71,-14.4,1,-13.722147,0.9990953,-13.841984982632765,-14.021741956581913,0.9975302814086122,1.0,0.99999999999997,0.998942439422579,1
2015-09-10,-16.75,-69.71,-14.2,1,-13.911663,0.9993961,-13.662494746974415,-13.288742367436036,0.998003031862305,1.0,0.99999999999997,0.9991895445586869,1
2015-09-11,-16.75,-69.71,-15.6,1,-12.842769,0.99922085,-13.063901663103714,-13.39560065775928,0.9979556456626436,1.0,0.99999999999997,0.9991139911987885,1
2015-09-12,-16.75,-69.71,-13.2,1,-14.174777,0.99927324,-14.202417547177134,-14.243878367942836,0.9979556456626436,1.0,0.99999999999997,0.9991323276987885,1
2015-09-13,-16.75,-69.71,-13.6,1,-12.366714,0.9991671,-12.424192718407259,-12.510410796018148,0.997949103427642,1.0,0.99999999999997,0.9990932160282879,1
2015-09-14,-16.75,-69.71,-11.6,1,-12.622307,0.9992004,-12.68953630660106,-12.790380266502652,0.9973044250116004,1.0,0.99999999999997,0.9989114675034756,1
2015-09-15,-16.75,-69.71,-11.4,1,-11.478889,0.9990969,-11.283310459325836,-10.989942648314589,0.9973114905376356,1.0,0.99999999999997,0.9988773621612861,1
2015-09-16,-16.75,-69.71,-10.6,1,-11.1119995,0.9987613,-11.041539666252767,-10.93584991563192,0.9973114905376356,1.0,0.99999999999997,0.9987599021612861,1
2015-09-17,-16.75,-69.71,-7.8,1,-10.8005705,0.998563,-10.733615874532717,-10.633183936331791,0.9974465268605176,1.0,0.99999999999997,0.9987310080581506,1
2015-09-18,-16.75,-69.71,-4.6,1,-5.3731565,0.9824327,-5.183318706180182,-4.898562015450454,0.9837194098612262,1.0,0.99999999999997,0.9889672679583632,1
2015-09-19,-16.75,-69.71,1.4,0,-7.573574,0.9851109,-7.14965783467292,-6.5137835866823,0.9796692737413508,9.043128644085688e-23,1.0000000994736041e-07,0.6386896121224066,1
2015-09-20,-16.75,-69.71,-6.0,1,-4.075079,0.910338,-3.2320984557870505,-1.967627639467627,0.6691781000250274,1.0,0.99999999999997,0.8693717300075037,1
2015-09-21,-16.75,-69.71,-10.0,1,-6.6516924,0.97379476,-6.363402748191503,-5.930968270478758,0.9602534647721392,1.0,0.99999999999997,0.9789042054316373,1
2015-09-22,-16.75,-69.71,-6.4,1,-9.164518,0.9911039,-8.734721114122765,-8.090025785306912,0.9742442948446052,1.0,0.99999999999997,0.9891596534533769,1
2015-09-23,-16.75,-69.71,-2.6,1,-8.119897,0.9903688,-7.622789909138282,-6.877129272845704,0.9901872249541086,1.0,0.99999999999997,0.9936852474862281,1
2015-09-24,-16.75,-69.71,-1.0,1,-6.2826095,0.96353644,-6.459929793200667,-6.725910233001667,0.9567387238309792,0.9999999999977722,0.99999999999997,0.9742593711488436,1
2015-09-25,-16.75,-69.71,-5.2,1,-4.3258677,0.8861328,-3.835967091700654,-3.101116179251635,0.8624594465447452,1.0,0.99999999999997,0.9188843139634191,1
2015-09-26,-16.75,-69.71,-6.6,1,-6.651503,0.9766149,-6.324048853685444,-5.83286763421361,0.9526051940591443,1.0,0.99999999999997,0.9775967732177386,1
2015-09-27,-16.75,-69.71,-12.2,1,-7.6069183,0.9833482,-7.068706457908441,-6.261388694771101,0.9858422689966324,1.0,0.99999999999997,0.9899245506989851,1
2015-09-28,-16.75,-69.71,-11.2,1,-11.279018,0.9977647,-11.245489191085301,-11.195195977713254,0.9917331334549496,1.0,0.99999999999997,0.9967375850364804,1
2015-09-29,-16.75,-69.71,-12.8,1,-10.657997,0.9988305,-10.58246530218727,-10.469167755468174,0.9967082120536372,1.0,0.99999999999997,0.9986031386160865,1
2015-09-30,-16.75,-69.71,-10.0,1,-11.557082,0.9987155,-11.488284808996639,-11.3850890224916,0.997447057379002,1.0,0.99999999999997,0.9987845422136961,1
2015-10-01,-16.75,-69.71,-12.0,1,-10.137586,0.9976235,-10.119052482929613,-10.09125220732403,0.997232261957128,1.0,0.99999999999997,0.9983379035871338,1
2015-10-02,-16.75,-69.71,-5.8,1,-6.859988,0.9781748,-7.137630963628408,-7.554095409071019,0.9042781025191988,1.0,0.99999999999997,0.963644610755755,1
2015-10-03,-16.75,-69.71,0.0,1,-3.523052,0.9457294,-3.743326474247591,-4.073738185618978,0.9781146857918752,0.989727583701307,0.995062981320742,0.9716446596759354,1
2015-10-04,-16.75,-69.71,-1.8,1,-5.7483506,0.92874473,-5.950515916595091,-6.253763891487727,0.895818707748373,1.0,0.99999999999997,0.9438062678245074,1
2015-10-05,-16.75,-69.71,-5.6,1,-4.758446,0.8930925,-4.096319399262074,-3.1031294981551856,0.8495502298941768,1.0,0.99999999999997,0.9174474439682485,1
2015-10-06,-16.75,-69.71,-6.2,1,-7.0037704,0.9744118,-6.362030276977231,-5.39942009244308,0.9602412903070524,1.0,0.99999999999997,0.9791165170921112,1
2015-10-07,-16.75,-69.71,-8.8,1,-7.0318832,0.9818147,-6.635474004046357,-6.040860210115892,0.9837143516878654,1.0,0.99999999999997,0.988749450506355,1
2015-10-08,-16.75,-69.71,-8.2,1,-8.591443,0.99339443,-8.43717607252647,-8.205775681316176,0.9892760016122388,1.0,0.99999999999997,0.994470850983667,1
2015-10-09,-16.75,-69.71,-11.2,1,-7.903909,0.99251306,-7.808069088978332,-7.66430922244583,0.9943475240413596,1.0,0.99999999999997,0.9956838282124032,1
2015-10-10,-16.75,-69.71,-12.2,1,-10.783215,0.99781173,-10.497168925181285,-10.06809981295321,0.9963170360653146,1.0,0.99999999999997,0.9981292163195898,1
2015-10-11,-16.75,-69.71,-10.4,1,-11.136533,0.99813336,-11.139525684436816,-11.14401471109204,0.9966526893926364,1.0,0.99999999999997,0.9983424828177863,1
2015-10-12,-16.75,-69.71,-14.4,1,-10.195919,0.9986382,-10.111194322170046,-9.984107305425114,0.9973754079651777,1.0,0.99999999999997,0.9987359923895487,1
2015-10-13,-16.75,-69.71,-15.6,1,-12.843342,0.9986002,-11.964148300271917,-10.645357750679793,0.996352418506637,1.0,0.99999999999997,0.9984157955519866,1
2015-10-14,-16.75,-69.71,-15.6,1,-13.840327,0.99907994,-13.942121731263327,-14.09481382815832,0.997189761606886,1.0,0.9999999999999636,0.9988349074820604,1
2015-10-15,-16.75,-69.71,-14.0,1,-9.919499,0.99681085,-9.542005841757799,-8.975766104394497,0.9827072435198524,1.0,0.9999999999327038,0.9936959705458612,1
2015-10-16,-16.75,-69.71,-2.0,1,-11.7084675,0.9992017,-11.31014370103356,-10.7126580025839,0.9978904156751954,1.0,0.9999982041182084,0.9990874503202898,1
2015-10-17,-16.75,-69.71,-1.2,1,-7.6659317,0.9618483,-7.734848605181025,-7.838223962952562,0.9411122197116302,0.9999999999997792,0.999998717567024,0.9689803785484985,1
2015-10-18,-16.75,-69.71,1.6,0,-5.569064,0.892738,-5.578179021594202,-5.591851553985506,0.888480077132956,3.2273600761294518e-24,1.0000000994736041e-07,0.5790023381398882,1
2015-10-19,-16.75,-69.71,-2.0,1,-1.3335816,0.66640717,-1.3072065810418914,-1.267644052604728,0.5558610743991087,1.0,0.99999999999997,0.7500008318197281,1
2015-10-20,-16.75,-69.71,-0.2,1,-1.4703717,0.6674174,-1.0673648469163408,-0.4628545672908519,0.4327957149286003,0.999975626567123,0.999999998658566,0.7134299295907895,1
2015-10-21,-16.75,-69.71,-1.8,1,-2.5878625,0.75142807,-1.8580788943163693,-0.7634034857909233,0.5548062035771718,0.9999999999999988,0.99999999999997,0.7794416855731467,1
2015-10-22,-16.75,-69.71,-8.4,1,-3.94108,0.9197424,-3.2608511383583423,-2.2405078458958565,0.8648054874717878,1.0,0.99999999999997,0.9313514862415317,1
2015-10-23,-16.75,-69.71,-2.4,1,-4.031876,0.8671936,-4.0902717378013165,-4.177865344503291,0.8248038885906586,1.0,0.99999999999997,0.9009589265771929,1
2015-10-24,-16.75,-69.71,3.2,0,-2.9760764,0.8278638,-2.6134145269514275,-2.0694217173785683,0.7899764163749053,1.0153925402637071e-43,1.0000000994736041e-07,0.5267452699124731,1
2015-10-25,-16.75,-69.71,2.8,0,2.053336,0.16719685,1.8590962048199047,1.567736512049762,0.2809104377156148,4.205882039933243e-40,1.0000000994736041e-07,0.14279204381468594,0
2015-10-26,-16.75,-69.71,2.6,0,2.4253812,0.1088551,2.5363096188406287,2.702702247101572,0.1043468446266183,1.9956186414971053e-38,1.0000000994736041e-07,0.06940335338798698,0
2015-10-27,-16.75,-69.71,0.0,1,1.0598389,0.29387778,1.4857475791872714,2.124610597968178,0.1785274840464321,0.9713353063913688,0.9308294652441444,0.490306949278825,0
2015-10-28,-16.75,-69.71,-2.6,1,-0.74725884,0.5062652,-0.5479395358133434,-0.2489605795333587,0.4602391984703055,1.0,0.99999999999997,0.6652645795410871,1
2015-10-29,-16.75,-69.71,-5.4,1,-4.02859,0.9120877,-3.3990018937753055,-2.454619734438263,0.8421437238968876,1.0,0.99999999999997,0.9218738121690617,1
