fecha,lat,lon,real_helada,prob_xgb,prob_rf,prob_lstm,prob_svm,prob_helada_ensemble,pred_helada_ensemble
2015-01-02,-14.79,-70.72,0,0.009931888,0.0373171369468605,3.9752251953665607,0.0394003577414408,1.2108906239476285,1
2015-01-03,-14.79,-70.72,0,0.046777066,0.0922706734355413,3.1124072525454567,0.1101312135095333,0.9882356729526518,1
2015-01-04,-14.79,-70.72,0,0.056685396,0.0776499374163363,2.616584628567006,0.0408979816207785,0.8256905911775246,1
2015-01-05,-14.79,-70.72,0,0.09210807,0.0785303275036973,3.3519856590904853,0.27211940107686,1.1033580644432572,1
2015-01-06,-14.79,-70.72,0,0.046608895,0.0348951682741212,3.102881375290459,0.0534976610052373,0.9625256469430093,1
2015-01-07,-14.79,-70.72,0,0.12017022,0.1066871174311326,3.749202273230477,0.0505177137068207,1.1922527141967334,1
2015-01-08,-14.79,-70.72,0,0.039553657,0.0423026030897931,3.422140076141103,0.0573421963251369,1.0584370798253167,1
2015-01-09,-14.79,-70.72,1,0.037554093,0.0352359994410085,1.8404431291478016,0.0096991959638429,0.5723862057253107,1
2015-01-10,-14.79,-70.72,0,0.13684411,0.1465464843053944,2.491827578534465,0.2830484396912563,0.8745204913596696,1
2015-01-11,-14.79,-70.72,0,0.08219252,0.118583017430249,3.2521309381823764,0.0902461694314461,1.042062874827052,1
2015-01-12,-14.79,-70.72,0,0.042666238,0.0483653954668118,2.8711826040533883,0.0330839445626135,0.8904445206219016,1
2015-01-13,-14.79,-70.72,0,0.028818386,0.0218080157009819,3.7473391411061514,0.0668812240488588,1.1505851060818135,1
2015-01-14,-14.79,-70.72,1,0.060309503,0.0618147320334789,4.009007888043521,0.0529358389188476,1.2437453315035216,1
2015-01-15,-14.79,-70.72,1,0.30226925,0.2713536688758622,0.1735804243388353,0.4862244584453474,0.2942705277658925,0
2015-01-16,-14.79,-70.72,0,0.4760676,0.4908362819280888,0.9414354676962168,0.4357638353971442,0.6105709437739116,1
2015-01-17,-14.79,-70.72,0,0.09141152,0.0909328203177279,2.4534161764656,0.1882398924859448,0.8192828515004145,1
2015-01-18,-14.79,-70.72,0,0.15476751,0.1442352209978243,3.1834356005062308,0.1057261669831141,1.051453210748057,1
2015-01-19,-14.79,-70.72,0,0.05740051,0.0399353152228025,1.88573601669475,0.1355814526604756,0.6180443115850807,1
2015-01-20,-14.79,-70.72,0,0.06346005,0.0566299727040821,2.523799010723905,0.0530307276756008,0.798109858293108,1
2015-01-21,-14.79,-70.72,0,0.03436588,0.0591202534843483,3.719793481904973,0.0341313258634605,1.1448981244410537,1
2015-01-22,-14.79,-70.72,0,0.007282494,0.0095937935807944,3.740111389701673,0.032844459114597,1.13270581564958,1
2015-01-23,-14.79,-70.72,0,0.018107638,0.0231270963061861,3.9826607366611664,0.0332238540606678,1.2115007024717206,1
2015-01-24,-14.79,-70.72,0,0.081643336,0.0715073283404845,3.8196548763569993,0.0578555430972057,1.1962620379946378,1
2015-01-25,-14.79,-70.72,0,0.061752386,0.0655303782499798,3.467004491834321,0.064714685040027,1.0846760760082976,1
2015-01-26,-14.79,-70.72,0,0.014032744,0.0159392921722167,3.799674589213894,0.0478065507898291,1.1568613685565776,1
2015-01-27,-14.79,-70.72,0,0.012187076,0.0108228696537565,3.7953034179485847,0.0264429023702032,1.1497003025893673,1
2015-01-28,-14.79,-70.72,0,0.024596885,0.0173622953599749,3.472281445014844,0.0346459151034368,1.0594651410971354,1
2015-01-29,-14.79,-70.72,0,0.032921746,0.0213176610195707,4.04483723530251,0.0522268705931126,1.2380366007132897,1
2015-01-30,-14.79,-70.72,0,0.04997311,0.0423442268407711,3.6340481495508783,0.0962819501163547,1.1329316132566887,1
2015-01-31,-14.79,-70.72,0,0.030412026,0.048779885797807,4.287030457691188,0.0324536508138044,1.3114794524296787,1
2015-02-01,-14.79,-70.72,0,0.15498471,0.1773046583619484,2.816837509198061,0.1270044082419527,0.9524084790801985,1
2015-02-02,-14.79,-70.72,0,0.068800256,0.0530058154163773,3.5988609792224,0.0416181884401741,1.11922317133803,1
2015-02-03,-14.79,-70.72,1,0.096740365,0.0724344889711865,3.445777162007546,0.0555308128336608,1.0883483184632334,1
2015-02-04,-14.79,-70.72,0,0.2875721,0.3686539253566278,1.11984310900241,0.2358050360942446,0.5431163549908975,1
2015-02-05,-14.79,-70.72,0,0.2785018,0.294357070742277,1.515737148075312,0.2310046339242902,0.6433440253559071,1
2015-02-06,-14.79,-70.72,0,0.13998254,0.1443569053369991,1.8078160212685648,0.2749460803813753,0.6682001655242442,1
2015-02-07,-14.79,-70.72,0,0.028037386,0.035199391339403,3.416660186556938,0.0646794558351357,1.0533850412019894,1
2015-02-08,-14.79,-70.72,0,0.035821654,0.0322725489514639,3.3836895428374545,0.0751419074714099,1.047336250335811,1
2015-02-09,-14.79,-70.72,0,0.021935886,0.0153420998132047,3.685466288713008,0.0364273447367183,1.122574541323887,1
2015-02-10,-14.79,-70.72,0,0.04060392,0.0348378685854641,2.7067671092683123,0.0510212999488576,0.8413831424873579,1
2015-02-11,-14.79,-70.72,0,0.0077762674,0.0158050319306942,4.048132449282736,0.0243000783042565,1.224793637051811,1
2015-02-12,-14.79,-70.72,0,0.004687861,0.0066622558575515,4.625618168467267,0.0259332402805547,1.3956109080678012,1
2015-02-13,-14.79,-70.72,0,0.036858022,0.0324103053063161,4.617011420215315,0.0197696849997165,1.406596830725801,1
2015-02-14,-14.79,-70.72,0,0.012817334,0.0078421817120878,3.9788358859682944,0.0256636442895354,1.2041971311908128,1
2015-02-15,-14.79,-70.72,0,0.0066830465,0.0052405737435326,4.910140769889607,0.0134421088167115,1.478783681428931,1
2015-02-16,-14.79,-70.72,0,0.0027747222,0.0047822900432758,4.886327745138092,0.0067864807042556,1.469044494350934,1
2015-02-17,-14.79,-70.72,0,0.009089284,0.0063295586269004,5.146303535321008,0.0142771487000156,1.5507391872616856,1
2015-02-18,-14.79,-70.72,0,0.06813453,0.0553319779550584,4.589220053260848,0.03292636265916,1.4148580431010982,1
2015-02-19,-14.79,-70.72,0,0.16617,0.1455992587493174,2.302798840413705,0.1544851106731568,0.8007075260086063,1
2015-02-20,-14.79,-70.72,0,0.26723146,0.3019343611103161,1.4764299744071088,0.2705522569432859,0.6375957539328531,1
2015-02-21,-14.79,-70.72,0,0.16848642,0.1570950641465064,1.8624489885410176,0.2501403527961834,0.6907277059508431,1
2015-02-22,-14.79,-70.72,0,0.029059337,0.0297754437541743,3.5662534369605554,0.0688263557857021,1.0983141920961417,1
2015-02-23,-14.79,-70.72,0,0.005434956,0.018483884771679,3.893315937392834,0.0268401103851126,1.1786900670492086,1
2015-02-24,-14.79,-70.72,0,0.0031808033,0.0043909488136517,4.215835877818312,0.0086284061649158,1.268308875331207,1
2015-02-25,-14.79,-70.72,1,0.015199637,0.0234642385602482,4.6828535145242505,0.011124681427085,1.4163337294547416,1
2015-02-26,-14.79,-70.72,0,0.032756682,0.1734158433560983,1.4003200260968227,0.1677615255017868,0.49815848620062386,0
2015-02-27,-14.79,-70.72,0,0.041955806,0.0372568595817669,3.760857617680649,0.0492106322866382,1.1581375254778756,1
2015-02-28,-14.79,-70.72,0,0.018183256,0.0204054305831343,4.847419770733258,0.0221276307678156,1.4681875202901675,1
2015-03-01,-14.79,-70.72,0,0.009173778,0.0088200648904279,4.528242972467043,0.0247287887525781,1.3679347958687142,1
2015-03-02,-14.79,-70.72,0,0.015172097,0.0083528737737588,4.378108254977474,0.0209214322656963,1.3238389668011332,1
2015-03-03,-14.79,-70.72,0,0.0065071145,0.0055528450143651,4.480045424930437,0.0181166768070304,1.35069966619341,1
2015-03-04,-14.79,-70.72,0,0.013132817,0.0125207754006142,3.80635055987364,0.0195398977612513,1.152257147694465,1
2015-03-05,-14.79,-70.72,0,0.016839987,0.0115884230594232,4.430432782740627,0.013452827769035,1.3391900810878796,1
2015-03-06,-14.79,-70.72,0,0.021684801,0.0157046962993471,4.487624750762153,0.0503432060622015,1.3660024460009554,1
2015-03-07,-14.79,-70.72,0,0.015305219,0.0105529028929529,4.635100971029712,0.0216503247560831,1.4015625025387208,1
2015-03-08,-14.79,-70.72,0,0.0042059207,0.0065504062482373,4.782656363795554,0.0120286400585122,1.439774494610016,1
2015-03-09,-14.79,-70.72,0,0.010464952,0.0144697110457876,4.388796238902659,0.0247585081966609,1.3276240011192872,1
2015-03-10,-14.79,-70.72,0,0.079413705,0.0574896018666967,3.830901011227928,0.0287712387594233,1.1903465829936022,1
2015-03-11,-14.79,-70.72,0,0.057432447,0.0423229532614111,4.623253003834677,0.01992450067563,1.4166551260378113,1
2015-03-12,-14.79,-70.72,0,0.060061987,0.0632267685523011,4.343006020662478,0.0211317451508086,1.3377921050393653,1
2015-03-13,-14.79,-70.72,0,0.14000192,0.1096604973472644,2.8302216048655136,0.0721476039825525,0.9274286777256173,1
2015-03-14,-14.79,-70.72,0,0.09482568,0.0782010205445886,3.0958708174061726,0.0573378960722764,0.9843167325452248,1
2015-03-15,-14.79,-70.72,0,0.12407276,0.0907775760353118,3.306050139598668,0.0853664695895712,1.064265679004577,1
2015-03-16,-14.79,-70.72,0,0.064471945,0.0571256540082828,2.002909039080542,0.2123880361211325,0.6741170332500457,1
2015-03-17,-14.79,-70.72,0,0.048889033,0.0332637580447308,3.8924799243458392,0.0511013806882011,1.199283714950338,1
2015-03-18,-14.79,-70.72,0,0.018556636,0.0361190699877802,4.365896276296084,0.0220904893766181,1.3269777855617049,1
2015-03-19,-14.79,-70.72,0,0.009552178,0.0147977666290036,3.8920164163865474,0.0363709684386767,1.1807043253295002,1
2015-03-20,-14.79,-70.72,0,0.015516914,0.0136268283569439,4.035241589179295,0.0195047595161068,1.2218538685283986,1
2015-03-21,-14.79,-70.72,0,0.0047808434,0.0060840403837122,4.231089779154005,0.0187829840645131,1.2757345916558465,1
2015-03-22,-14.79,-70.72,0,0.05109523,0.0355854531225108,4.258361823054606,0.0167414854592623,1.3033025036327361,1
2015-03-23,-14.79,-70.72,1,0.08438909,0.0594314696359591,3.851141566583777,0.0579445055556134,1.2041343920134477,1
2015-03-24,-14.79,-70.72,1,0.5773543,0.5968508215556797,0.6110184876635901,0.374635294393129,0.5508090594888387,1
2015-03-25,-14.79,-70.72,0,0.30398053,0.328906940423371,0.6979840926899632,0.5114013547974837,0.46865104585115996,0
2015-03-26,-14.79,-70.72,0,0.03892964,0.0874169120014686,3.524330234077083,0.0567522859960168,1.097811801822622,1
2015-03-27,-14.79,-70.72,0,0.18929006,0.1451172875662583,3.6672296165895424,0.0488521022558165,1.1957497809412778,1
2015-03-28,-14.79,-70.72,1,0.08349965,0.0737007687934585,3.116250910498457,0.0591648360960243,0.9864982891274338,1
2015-03-29,-14.79,-70.72,0,0.3374644,0.4316336360064481,0.6936146656463591,0.2728176716160643,0.4502139812184102,0
2015-03-30,-14.79,-70.72,0,0.2248537,0.1706367868107877,0.8651374467846477,0.3393474381418844,0.4289941890259288,0
2015-03-31,-14.79,-70.72,0,0.0626746,0.0506755625711443,3.478191474838717,0.0523775698174484,1.0828704489293335,1
2015-04-01,-14.79,-70.72,0,0.071959175,0.1040185993923981,3.139609527577839,0.1542366697558815,1.0151216646030075,1
2015-04-02,-14.79,-70.72,0,0.10510173,0.0900135442794202,3.341021936464387,0.0450526977448369,1.0608503483441676,1
2015-04-03,-14.79,-70.72,0,0.18542816,0.1610457443144554,3.355282693128143,0.043822888996383,1.1031869826006107,1
2015-04-04,-14.79,-70.72,1,0.045867026,0.0349012575375029,2.762759962785205,0.0469082088541928,0.8589499899139006,1
2015-04-05,-14.79,-70.72,0,0.6013754,0.6466588325815249,1.9315541424822176,0.3078155077398127,0.9507737308089328,1
2015-04-06,-14.79,-70.72,0,0.4210539,0.3582355694750204,1.0287779004466933,0.3519591994162509,0.5769884939122623,1
2015-04-07,-14.79,-70.72,0,0.35102096,0.3094662625912782,1.594017363201535,0.3418788282453722,0.7137805151277905,1
2015-04-08,-14.79,-70.72,0,0.050330848,0.0659934291008451,2.493308195255213,0.0881844915222806,0.7939272971011891,1
2015-04-09,-14.79,-70.72,0,0.017643033,0.0452654210940436,3.635698638298592,0.0225904268052711,1.1095736709694406,1
2015-04-10,-14.79,-70.72,0,0.04052722,0.0570435661671582,2.425045727904924,0.2008466950014069,0.7912499366051902,1
2015-04-11,-14.79,-70.72,0,0.10410812,0.0886918931602855,2.6444757953373146,0.0880969873352349,0.8599329507002984,1
2015-04-12,-14.79,-70.72,0,0.064654775,0.0615928276461953,3.002033509710412,0.0895627123646311,0.9502375934152888,1
2015-04-13,-14.79,-70.72,0,0.048233267,0.0481387419710008,3.739591459961996,0.0449241071704533,1.1549599879168895,1
2015-04-14,-14.79,-70.72,0,0.1559724,0.1555650058759242,3.87477288893502,0.0668297544238518,1.2537025387404612,1
2015-04-15,-14.79,-70.72,0,0.09345208,0.1278509582386419,4.017476615273563,0.0266111811227309,1.2641710364543435,1
2015-04-16,-14.79,-70.72,0,0.030324146,0.0222995342334172,3.513662270783648,0.0433617906737846,1.076328190016535,1
2015-04-17,-14.79,-70.72,0,0.12972675,0.0914366763802848,4.319350127535906,0.0229325809713398,1.3575969147310967,1
2015-04-18,-14.79,-70.72,1,0.012940204,0.0189228351557372,4.355692124304845,0.0244059050563932,1.3192554465338793,1
2015-04-19,-14.79,-70.72,0,0.08382562,0.1151844373852312,2.3728731749373244,0.2361973252919982,0.8072859910166431,1
2015-04-20,-14.79,-70.72,0,0.21396938,0.2348571866184262,3.0488693509451466,0.0840705805093596,1.042637172709101,1
2015-04-21,-14.79,-70.72,0,0.1944641,0.1917994633062809,3.226522123431512,0.2097287828697356,1.106601516264657,1
2015-04-22,-14.79,-70.72,1,0.1320634,0.1438365570504913,3.8668001273551353,0.047376435719469,1.2379016567605328,1
2015-04-23,-14.79,-70.72,0,0.4014441,0.3833742721367478,-0.5128972728292548,0.5836007892827304,0.1599590604351192,0
2015-04-24,-14.79,-70.72,0,0.2493603,0.3017243463640516,2.430250182131081,0.1409762100972362,0.8924232559315818,1
2015-04-25,-14.79,-70.72,0,0.19546625,0.1591948143842711,2.4690013282538774,0.1553820017273112,0.8622556366984796,1
2015-04-26,-14.79,-70.72,0,0.12719469,0.095511910138764,2.8911486340799444,0.0660203691624398,0.937809453084224,1
2015-04-27,-14.79,-70.72,0,0.23480341,0.1371263314761746,3.366525491227114,0.0152381844737586,1.1108715735581207,1
2015-04-28,-14.79,-70.72,0,0.2945286,0.1410966264636077,3.572054566681428,0.0367002104808375,1.1955343173933175,1
2015-04-29,-14.79,-70.72,1,0.44190982,0.2400917904733833,1.8961748044232347,0.1239266493948087,0.7742290753006089,1
2015-04-30,-14.79,-70.72,1,0.30596796,0.3357319566823035,1.0428100882313096,0.3597039066528903,0.5437205871364317,1
2015-05-01,-14.79,-70.72,0,0.4930935,0.4582175609512094,2.3265991247631974,0.3942431817167597,1.016399935962553,1
2015-05-02,-14.79,-70.72,1,0.5137918,0.3300971453035477,3.660711080897645,0.0607372064366309,1.3305177346173291,1
2015-05-03,-14.79,-70.72,1,0.86379164,0.8065800711141391,-0.1097159133888473,0.5552919874732741,0.4985971297008285,0
2015-05-04,-14.79,-70.72,1,0.7532546,0.6666774471214975,-0.4215808963479533,0.4979543929387999,0.3324284791076735,0
2015-05-05,-14.79,-70.72,1,0.9001615,0.8914950966648917,-2.193166786105708,0.8684079057528153,-0.03592098534817087,0
2015-05-06,-14.79,-70.72,1,0.89475745,0.879672071022879,-1.9388980893430232,0.8639530162336033,0.03548282564838959,0
2015-05-07,-14.79,-70.72,1,0.8912981,0.9249134224650006,-2.394375196888444,0.9048784691169852,-0.08496475075013593,0
2015-05-08,-14.79,-70.72,0,0.940088,0.9475499069483104,-2.544063696964324,0.9431022132349444,-0.10306228505264611,0
2015-05-09,-14.79,-70.72,1,0.66857743,0.6170795254477952,0.0196365162338791,0.3992062940019947,0.4097213477601217,0
2015-05-10,-14.79,-70.72,1,0.8741906,0.8134659610900148,-1.454107440144363,0.7438065866304472,0.13747945750078347,0
2015-05-11,-14.79,-70.72,1,0.8119795,0.6801312788227847,-0.934015108670475,0.5328948634699378,0.20599454585740198,0
2015-05-12,-14.79,-70.72,1,0.93350154,0.9198586861798196,-2.755332020186831,0.8936629042365426,-0.1838448259727768,0
2015-05-13,-14.79,-70.72,1,0.8989513,0.8792605602335503,-1.7569794055794865,0.8345710210521092,0.085357884583286,0
2015-05-14,-14.79,-70.72,1,0.9138985,0.8981178337385871,-1.9830106696454668,0.8974460918709671,0.03837913422827083,0
2015-05-15,-14.79,-70.72,1,0.8898319,0.8963643950142977,-1.6346117876119592,0.8573968027069724,0.12731827326066622,0
2015-05-16,-14.79,-70.72,0,0.9181196,0.9121681432644304,-2.476218932794627,0.9354856975008284,-0.09789903168533631,0
2015-05-17,-14.79,-70.72,0,0.650453,0.6413045593148518,-0.5225886994748175,0.6348197715933915,0.29358415633920343,0
2015-05-18,-14.79,-70.72,1,0.6556863,0.6073114545901974,-0.4115539724491338,0.4785289871066766,0.29040778660463473,0
2015-05-19,-14.79,-70.72,1,0.9463365,0.9007586938912736,-3.216509699280019,0.8641474584863792,-0.3280707293084751,0
2015-05-20,-14.79,-70.72,1,0.9694211,0.9480073532634244,-3.578545816635448,0.9461364510099864,-0.40390865413595206,0
2015-05-21,-14.79,-70.72,1,0.92447025,0.9059632291137536,-1.9802572260940985,0.9085865754230728,0.04617386807913579,0
2015-05-22,-14.79,-70.72,1,0.97753614,0.9744348051070998,-4.815940375859806,0.983249609061342,-0.7599843879242533,0
2015-05-23,-14.79,-70.72,1,0.9831287,0.9808829522685268,-5.181664839600724,0.9897133234676676,-0.8654415867329782,0
2015-05-24,-14.79,-70.72,1,0.9846534,0.9886411511177088,-5.82139136612252,0.9958291680149276,-1.0541273260102288,0
2015-05-25,-14.79,-70.72,1,0.9770521,0.9805841117381578,-5.35810727389496,0.993300072965378,-0.919539715227781,0
2015-05-26,-14.79,-70.72,1,0.96206343,0.9670769802797444,-3.975761520746723,0.9831352083827064,-0.5140669894915265,0
2015-05-27,-14.79,-70.72,1,0.97028166,0.9706884824590136,-4.480478310379892,0.9798708896637792,-0.662947120689409,0
2015-05-28,-14.79,-70.72,1,0.9648525,0.958963237586654,-4.000031076570707,0.956350380727485,-0.5274908493083843,0
2015-05-29,-14.79,-70.72,1,0.9936562,0.9855877404177248,-7.135935733136518,0.9953137150663732,-1.4465035688441357,0
2015-05-30,-14.79,-70.72,1,0.99536705,0.9907164730097336,-7.009335571611401,0.9967940811313086,-1.4066884456552118,0
2015-05-31,-14.79,-70.72,1,0.9912048,0.9908339504090342,-5.848714674974116,0.996340903168413,-1.0598179917767452,0
2015-06-01,-14.79,-70.72,1,0.98037225,0.9848512877202552,-5.743251447089996,0.9957432354063686,-1.032744854501674,0
2015-06-02,-14.79,-70.72,1,0.9472114,0.9353175763386764,-3.629955158853324,0.9725513221012996,-0.4232493479680019,0
2015-06-03,-14.79,-70.72,1,0.8639573,0.8384417295263625,-2.539862701068885,0.8302598072197972,-0.16903131297143353,0
2015-06-04,-14.79,-70.72,1,0.9723426,0.960658487777861,-4.575707355325149,0.9524638800440528,-0.698384953033162,0
2015-06-05,-14.79,-70.72,1,0.9864709,0.9829636139923028,-5.789949873988632,0.9831348826593894,-1.0478239928662512,0
2015-06-06,-14.79,-70.72,1,0.98852193,0.987366603107989,-5.6426125847716975,0.9937929500427778,-0.9999952858013559,0
2015-06-07,-14.79,-70.72,1,0.9944753,0.9919280189855918,-8.418394307685778,0.9991526436502404,-1.8289595697785668,0
2015-06-08,-14.79,-70.72,1,0.99733895,0.9965051419252704,-8.82195260860388,0.9996154676433672,-1.9481599756674366,0
2015-06-09,-14.79,-70.72,1,0.9939756,0.9965729450255654,-8.494982324414812,0.9997299217123912,-1.851041443976852,0
2015-06-10,-14.79,-70.72,1,0.9977417,0.996878099508814,-9.469672827366026,0.999848138670501,-2.1422340905739445,0
2015-06-11,-14.79,-70.72,1,0.98029673,0.9747919177287582,-5.523093053341992,0.9943946949531024,-0.9690015744662255,0
2015-06-12,-14.79,-70.72,1,0.99301857,0.9891576116656426,-7.502682765811187,0.9983113704403048,-1.5554054623221663,0
2015-06-13,-14.79,-70.72,1,0.99650526,0.9945489559541651,-8.984722164784822,0.9990624942041024,-1.9977427814037931,0
2015-06-14,-14.79,-70.72,1,0.9978059,0.9966823898171836,-9.819793635401444,0.9997284385069278,-2.2473141549556113,0
2015-06-15,-14.79,-70.72,1,0.99779487,0.9973005114933664,-10.12282106407553,0.999855824448928,-2.3380765910342003,0
2015-06-16,-14.79,-70.72,1,0.9961195,0.9968341282670836,-8.10332780578632,0.9995486010944749,-1.732885945863584,0
2015-06-17,-14.79,-70.72,1,0.98979986,0.9840921468680328,-5.8208811433558125,0.997572503969486,-1.0529914548392398,0
2015-06-18,-14.79,-70.72,1,0.99066156,0.9856475682635149,-6.474645772848879,0.9957212896643136,-1.248921492269098,0
2015-06-19,-14.79,-70.72,1,0.99040574,0.987664995636397,-6.501155516028471,0.9940590118534296,-1.256880131310576,0
2015-06-20,-14.79,-70.72,1,0.98687625,0.9846959979782304,-6.140159258152396,0.9925074837255272,-1.150544206104967,0
2015-06-21,-14.79,-70.72,1,0.9925196,0.9909617733077652,-7.00796931516595,0.9961945717497542,-1.4072036455382808,0
2015-06-22,-14.79,-70.72,1,0.994827,0.9937214857991968,-7.136791160129452,0.9979031043164582,-1.4442643300157045,0
2015-06-23,-14.79,-70.72,1,0.995171,0.992917663894287,-6.834894593806306,0.9974427731011288,-1.3538449907428083,0
2015-06-24,-14.79,-70.72,1,0.9947766,0.9930645126282814,-7.140456755797043,0.9981331789536172,-1.4454645084227329,0
2015-06-25,-14.79,-70.72,1,0.9964006,0.9949167207459466,-7.946756758532189,0.9988833828131488,-1.6863468268478372,0
2015-06-26,-14.79,-70.72,1,0.99540496,0.9935844477892262,-6.903918451848887,0.9978105218885284,-1.3742750536191153,0
2015-06-27,-14.79,-70.72,1,0.9953799,0.9935567592684952,-7.229094766096037,0.99816004136775,-1.471771099701562,0
2015-06-28,-14.79,-70.72,1,0.9958923,0.9948140937050236,-7.573590383295653,0.998484772501596,-1.574649651747372,0
2015-06-29,-14.79,-70.72,1,0.9958324,0.9955144416586598,-7.649014776639971,0.99867705322096,-1.5971164140160674,0
2015-06-30,-14.79,-70.72,1,0.9986066,0.9965209097530436,-10.445587622283012,0.9998190905384112,-2.4348263066266123,0
2015-07-01,-14.79,-70.72,1,0.99915135,0.9976832794631176,-11.277059019299587,0.9999272726095102,-2.6838501903753507,0
2015-07-02,-14.79,-70.72,1,0.9984849,0.9977616021252048,-10.063887604434704,0.9999155812314534,-2.3200853746590795,0
2015-07-03,-14.79,-70.72,1,0.9957569,0.995157399803738,-7.393152316252864,0.9994974218885154,-1.5202876605374083,0
2015-07-04,-14.79,-70.72,1,0.7328658,0.8127316265553469,-4.583410445062225,0.9861386484759092,-0.7953893385124163,0
2015-07-05,-14.79,-70.72,1,0.93561804,0.9332133228300808,-1.3635551844415013,0.9562971035175216,0.2495209419370702,0
2015-07-06,-14.79,-70.72,1,0.94472957,0.9304380381373843,-4.139437768871593,0.910057373056168,-0.5903133774227673,0
2015-07-07,-14.79,-70.72,1,0.99099684,0.973879452006232,-10.731279610605268,0.9992072399669076,-2.5274674927869523,0
2015-07-08,-14.79,-70.72,1,0.9989741,0.9903889580283968,-12.347490610020197,0.9999424599462088,-3.006488669411138,0
2015-07-09,-14.79,-70.72,1,0.99894804,0.9978207457605388,-12.705525027768966,0.9999909169676152,-3.112410763785059,0
2015-07-10,-14.79,-70.72,1,0.9989561,0.9977737705405348,-11.743682916914452,0.9999890899691504,-2.8238654729723978,0
2015-07-11,-14.79,-70.72,1,0.998934,0.9977599904160916,-12.513840219169436,0.9999928543201314,-3.0549212968035864,0
2015-07-12,-14.79,-70.72,1,0.998934,0.9977737705405348,-13.07875328495818,0.9999941291880138,-3.224392205541744,0
2015-07-13,-14.79,-70.72,1,0.999138,0.9977009014723164,-11.094575207703484,0.9999782686057276,-2.6290953282954366,0
2015-07-14,-14.79,-70.72,1,0.9971903,0.9964728801116536,-8.771762704865292,0.9998463954511484,-1.933107866347027,0
2015-07-15,-14.79,-70.72,1,0.9901045,0.99504989392789,-8.373207135141326,0.9996223514359768,-1.815996341469624,0
2015-07-16,-14.79,-70.72,1,0.984568,0.9786679270884704,-6.15955864363186,0.996580813021906,-1.1574474450674828,0
2015-07-17,-14.79,-70.72,1,0.9953359,0.9916479648910024,-9.890234104811755,0.9993143771869494,-2.2702769930279363,0
2015-07-18,-14.79,-70.72,1,0.99788326,0.9956946872091904,-9.963672815498008,0.999613306744986,-2.290675267858567,0
2015-07-19,-14.79,-70.72,1,0.99771786,0.997116322736029,-9.837496120668684,0.9998275563359886,-2.2525447023862015,0
2015-07-20,-14.79,-70.72,1,0.99865997,0.9973946774821374,-10.813189475264805,0.9999375105446984,-2.5448924139740736,0
2015-07-21,-14.79,-70.72,1,0.9989699,0.9978063959287023,-11.15602034660016,0.9999564626483576,-2.6475625622646364,0
2015-07-22,-14.79,-70.72,1,0.9989784,0.9978792968322254,-10.429458273322636,0.9999469722428752,-2.429578708181771,0
2015-07-23,-14.79,-70.72,1,0.997959,0.997627570951038,-8.946611982220915,0.9998341347532458,-1.9851035535254176,0
2015-07-24,-14.79,-70.72,1,0.99661416,0.9961213299533808,-8.246745904666835,0.9995257126819512,-1.775910114872984,0
2015-07-25,-14.79,-70.72,1,0.9941491,0.9920488098143778,-6.997880736821629,0.9977649075487652,-1.4031567475738602,0
2015-07-26,-14.79,-70.72,1,0.99407935,0.991417949200018,-7.270437977344584,0.9977528317229272,-1.4850734320187864,0
2015-07-27,-14.79,-70.72,1,0.99533856,0.9931356297678842,-7.631148486203871,0.997732594466019,-1.5925693330143809,0
2015-07-28,-14.79,-70.72,1,0.9979672,0.9953724704371786,-9.795722769180427,0.9996054380339068,-2.240331089059911,0
2015-07-29,-14.79,-70.72,1,0.99675155,0.9969156528646762,-8.9860556601965,0.9995570142845536,-1.997496699629104,0
2015-07-30,-14.79,-70.72,1,0.9966935,0.9966007732431792,-8.785146800532743,0.9997021045742108,-1.9372754145963451,0
2015-07-31,-14.79,-70.72,1,0.9979328,0.9966754367638534,-9.556718287412217,0.9997866067028152,-2.168343237530331,0
2015-08-01,-14.79,-70.72,1,0.9976412,0.9967799418521271,-9.27993062673201,0.9997646982500826,-2.0853778999991612,0
2015-08-02,-14.79,-70.72,1,0.9961588,0.9963844194991038,-8.949712753398847,0.999692861420323,-1.9868507298357687,0
2015-08-03,-14.79,-70.72,1,0.9953453,0.9958093044309124,-8.1965074660634,0.9994068546705333,-1.7613054179987306,0
2015-08-04,-14.79,-70.72,1,0.99543947,0.9948617392279184,-8.18184204996398,0.9993074247788458,-1.7570869411878407,0
2015-08-05,-14.79,-70.72,1,0.9947602,0.9948797777748516,-8.65167349545944,0.9993834814918064,-1.8982213367845002,0
2015-08-06,-14.79,-70.72,1,0.99375445,0.994922969505398,-8.678658880314536,0.9993953049541772,-1.9066076742024458,0
2015-08-07,-14.79,-70.72,1,0.9981358,0.995717421485102,-10.876139194971747,0.9998661095472358,-2.5642843122850563,0
2015-08-08,-14.79,-70.72,1,0.99811125,0.9962642091302192,-10.128773865249052,0.999858270835434,-2.3399742885815846,0
2015-08-09,-14.79,-70.72,1,0.989151,0.9942922245015012,-7.790991390034522,0.999523025236301,-1.6417890670627961,0
2015-08-10,-14.79,-70.72,1,0.95523834,0.9505033540430792,-4.189202385856956,0.9856907737331096,-0.5829503882018492,0
2015-08-11,-14.79,-70.72,1,0.99427766,0.9791827293763298,-14.661215566101545,0.9999874015766572,-3.7042473456398657,0
2015-08-12,-14.79,-70.72,0,0.8643997,0.8197771222193978,-9.124235633788372,0.999598249956698,-2.1140757057012927,0
2015-08-13,-14.79,-70.72,0,0.8051494,0.7287927674241211,-1.4768234252788763,0.9734908944801552,0.1389545247971924,0
2015-08-14,-14.79,-70.72,1,0.8036493,0.6859719234250287,-2.30626818834517,0.7858799585281968,-0.15641529011290575,0
2015-08-15,-14.79,-70.72,1,0.95901227,0.93437582450814,-5.899566472932058,0.908696863222775,-1.1135517233334342,0
2015-08-16,-14.79,-70.72,1,0.9838531,0.9823856609195232,-8.373216842114296,0.9947088956082838,-1.8213902113287272,0
2015-08-17,-14.79,-70.72,1,0.98296434,0.9838779966037112,-5.841149302916043,0.993213421731304,-1.06203720520781,0
2015-08-18,-14.79,-70.72,1,0.8596538,0.8077496652397557,-4.418511725029013,0.9884921981538118,-0.7084090048299904,0
2015-08-19,-14.79,-70.72,1,0.9112523,0.9068444541744732,-1.5705487994425826,0.9127176052359184,0.16612346204930356,0
2015-08-20,-14.79,-70.72,1,0.98639005,0.9718464580101382,-6.15833738509514,0.9879359778922217,-1.15962771334807,0
2015-08-21,-14.79,-70.72,1,0.9786219,0.9831967643631108,-6.094123332158926,0.9883298919068766,-1.1403450983936803,0
2015-08-22,-14.79,-70.72,1,0.98051596,0.9796050555776048,-5.6734037097166325,0.9927418475933422,-1.0133969442808004,0
2015-08-23,-14.79,-70.72,1,0.9902142,0.9878168229174829,-6.60707011815567,0.9963145119683702,-1.2882305084695302,0
2015-08-24,-14.79,-70.72,1,0.9887766,0.98820000714858,-6.170736223006192,0.9960946778867186,-1.1577289498947978,0
2015-08-25,-14.79,-70.72,1,0.98294836,0.983797790014386,-5.966335886502482,0.9950485046199572,-1.099246999023876,0
2015-08-26,-14.79,-70.72,1,0.98285425,0.9830573934012854,-6.3869857400765575,0.995440692671144,-1.2255398298084814,0
2015-08-27,-14.79,-70.72,1,0.9749237,0.9746149294036806,-5.666783554151461,0.991898997310272,-1.014255170902648,0
2015-08-28,-14.79,-70.72,1,0.9880926,0.983697750805242,-7.835880073160164,0.998503464258135,-1.6578959989353734,0
2015-08-29,-14.79,-70.72,1,0.99758935,0.9898765791347712,-11.101134694687596,0.9998657705741876,-2.6331151334644867,0
2015-08-30,-14.79,-70.72,1,0.99842477,0.9932762351260354,-11.5688263593291,0.9999557781930516,-2.7724740741349123,0
2015-08-31,-14.79,-70.72,1,0.9978696,0.9912570182641014,-11.863878296337155,0.999981255503259,-2.861554954147674,0
2015-09-01,-14.79,-70.72,1,0.9941543,0.9872815911603604,-9.6099610341497,0.999927957162,-2.1873001105804377,0
2015-09-02,-14.79,-70.72,1,0.9610232,0.975202703822902,-6.798607502103226,0.999275835388919,-1.3563795827886038,0
2015-09-03,-14.79,-70.72,1,0.8141694,0.7544190559873769,-3.797133804162738,0.9335953780874772,-0.5572864344338505,0
2015-09-04,-14.79,-70.72,0,0.48685506,0.5779413081374609,-3.849607576635296,0.8390491040842948,-0.7254276725462376,0
2015-09-05,-14.79,-70.72,0,0.31832853,0.1877997573255184,-0.2187460367427482,0.2198611850910928,0.11140693646049779,0
2015-09-06,-14.79,-70.72,1,0.5279792,0.3523898416129832,0.2544844797601391,0.2155027137033274,0.3483176149913038,0
2015-09-07,-14.79,-70.72,1,0.864227,0.8156020303272158,-2.913344552926928,0.6488983581852623,-0.32183518817558276,0
2015-09-08,-14.79,-70.72,1,0.9778243,0.9575889727681964,-6.497528141566947,0.9830333856719332,-1.267786680782058,0
2015-09-09,-14.79,-70.72,1,0.98680335,0.9757816781683368,-7.998765506330928,0.9986089294589068,-1.7087105253738297,0
2015-09-10,-14.79,-70.72,1,0.98602283,0.9850119933723832,-8.15272901797114,0.9994689885490524,-1.7531156600070548,0
2015-09-11,-14.79,-70.72,1,0.992577,0.9861643618976178,-8.571973180522075,0.9996661118159073,-1.876652759413917,0
2015-09-12,-14.79,-70.72,1,0.95773137,0.9744741172332676,-5.668836578934502,0.9965565876945396,-1.0191254216947891,0
2015-09-13,-14.79,-70.72,1,0.9442069,0.9427010042026056,-4.576519707625531,0.9881734474973084,-0.7035189519476763,0
2015-09-14,-14.79,-70.72,1,0.96954453,0.9592151548867612,-6.466069662230362,0.992880535880091,-1.2585384015157381,0
2015-09-15,-14.79,-70.72,1,0.94037914,0.9458884639895748,-5.218393598573915,0.9801297918043786,-0.8982006864133837,0
2015-09-16,-14.79,-70.72,1,0.82153034,0.8059728740095451,-2.673277157618562,0.8884389453935365,-0.2166416814049522,0
2015-09-17,-14.79,-70.72,1,0.91445637,0.9134352224730736,-4.021221398563036,0.943323074266258,-0.5606778492210442,0
2015-09-18,-14.79,-70.72,1,0.798764,0.7147349648080333,-4.44839676471583,0.9548573370479496,-0.7609713690435522,0
2015-09-19,-14.79,-70.72,0,0.54053205,0.5960901788755408,-0.0971058540210516,0.7211987663620046,0.39648564784119367,0
2015-09-20,-14.79,-70.72,0,0.6257177,0.5599480461412835,1.399728204088591,0.4386115604987833,0.8073456925545907,1
2015-09-21,-14.79,-70.72,1,0.50071496,0.4128683918869907,0.9683118007768592,0.1938876210435749,0.5620592308191709,1
2015-09-22,-14.79,-70.72,1,0.57996064,0.5177183080442598,-2.1152847085426845,0.6457083635885273,-0.22791188623624783,0
2015-09-23,-14.79,-70.72,0,0.41721597,0.3413463944616614,1.0632174821850706,0.3743121851573812,0.5872617515793297,1
2015-09-24,-14.79,-70.72,0,0.32168326,0.3445892935990865,1.3772432145764604,0.4006808121473096,0.6587319635222173,1
2015-09-25,-14.79,-70.72,0,0.5678576,0.3486367979028205,2.618731992993593,0.0910854611228068,1.0439213297032035,1
2015-09-26,-14.79,-70.72,0,0.37521845,0.2358587917058436,2.622152790936612,0.0299558175694172,0.9523742941360357,1
2015-09-27,-14.79,-70.72,1,0.34975037,0.1703812100300214,2.055231291771906,0.0493870248344406,0.7654481455044643,1
2015-09-28,-14.79,-70.72,1,0.8153638,0.7564309854548383,-3.4477006744936247,0.7845334969654022,-0.48150816586403933,0
2015-09-29,-14.79,-70.72,1,0.9069702,0.8801088670667173,-3.644270517240034,0.9558729261778368,-0.45399373652309927,0
2015-09-30,-14.79,-70.72,1,0.9780211,0.96069098254695,-6.517815108387306,0.9977612210356414,-1.2702477617996735,0
2015-10-01,-14.79,-70.72,1,0.9295178,0.9460865090723086,-5.1925020682353145,0.9963304150537304,-0.8904118956453865,0
2015-10-02,-14.79,-70.72,0,0.56041676,0.7408353918522199,-2.324844301179662,0.98223009557379,-0.18471516486869655,0
2015-10-03,-14.79,-70.72,0,0.26894042,0.2665667916560199,0.9901165438238644,0.4460399726721872,0.5202384420128008,1
2015-10-04,-14.79,-70.72,1,0.3444825,0.2529795875388272,0.8865875819753625,0.1175387693422665,0.4434246959688275,0
2015-10-05,-14.79,-70.72,1,0.814387,0.7729172214634786,-3.584036019878393,0.7008145177673911,-0.5361483581173438,0
2015-10-06,-14.79,-70.72,1,0.85681254,0.8038204145773561,-4.33141864014669,0.87720505934136,-0.7061767352602636,0
2015-10-07,-14.79,-70.72,1,0.942772,0.929552288166805,-4.816496100062308,0.9767144843659648,-0.7808638755121384,0
2015-10-08,-14.79,-70.72,1,0.92532676,0.9201382147408684,-4.1264170780046845,0.9769304896462132,-0.580913354523989,0
2015-10-09,-14.79,-70.72,1,0.89984965,0.8996421334137585,-3.3595025114073094,0.9629824113660354,-0.3653709494662341,0
2015-10-10,-14.79,-70.72,1,0.9710062,0.9426300299451632,-7.981622992066864,0.9982409198636149,-1.715010847658304,0
2015-10-11,-14.79,-70.72,1,0.9796356,0.9503739916416128,-9.121653578978496,0.999458355098991,-2.0526389243454277,0
2015-10-12,-14.79,-70.72,1,0.9888727,0.979319395946868,-8.924927211292953,0.9997165985872886,-1.9850091544810544,0
2015-10-13,-14.79,-70.72,1,0.99283993,0.9830311470984756,-10.031215146791125,0.9998753165910216,-2.3149312722994377,0
2015-10-14,-14.79,-70.72,1,0.99703383,0.9842182073092978,-10.906935780088975,0.9999368920473494,-2.576139565155363,0
2015-10-15,-14.79,-70.72,1,0.96640676,0.9748396122563552,-8.228713989004444,0.9996230609695386,-1.7837996340561544,0
2015-10-16,-14.79,-70.72,1,0.9330217,0.968587110026455,-6.900797660039205,0.9990490910496722,-1.396805547796536,0
2015-10-17,-14.79,-70.72,1,0.9353645,0.9599354725295136,-6.405789966775831,0.99695561471242,-1.2497494225843624,0
2015-10-18,-14.79,-70.72,1,0.7501732,0.8220077138396071,-3.8559425898694895,0.9115579872454164,-0.585017676743842,0
2015-10-19,-14.79,-70.72,1,0.7621588,0.788904527276783,-3.519074833366436,0.916789220798212,-0.48593606039493176,0
2015-10-20,-14.79,-70.72,0,0.6272297,0.6016671634547912,-3.97308057614972,0.893353297404872,-0.7047511706729834,0
2015-10-21,-14.79,-70.72,0,0.581363,0.499101967226144,0.8086440774740173,0.1098901914068447,0.538800554968803,1
2015-10-22,-14.79,-70.72,1,0.5428751,0.4902989518973383,0.2990981446242676,0.2056424321999164,0.39178025020673124,0
2015-10-23,-14.79,-70.72,1,0.7451671,0.7340757762099779,-3.266617700434177,0.7479808662462365,-0.46002385163901005,0
2015-10-24,-14.79,-70.72,1,0.48051456,0.6625408220513654,-3.685759939768933,0.944029011484596,-0.6402596472234875,0
2015-10-25,-14.79,-70.72,0,0.58709943,0.7576412915067743,0.0798614582940033,0.9604048238470456,0.543697489558965,1
2015-10-26,-14.79,-70.72,1,0.5586307,0.5811660069332564,1.1223905827210825,0.5870064162652743,0.7379408694560309,1
2015-10-27,-14.79,-70.72,0,0.24215202,0.2106374438034875,-0.4447397621241982,0.6024870555695582,0.10184857723734969,0
2015-10-28,-14.79,-70.72,0,0.1801938,0.1347849421730294,1.0031640805378912,0.1504137791730908,0.41204710843059134,0
2015-10-29,-14.79,-70.72,0,0.26184893,0.2477582705511138,1.629342554551923,0.1006366611875994,0.6370364317133195,1
2015-01-02,-15.21,-69.76,0,0.0023342585,0.0061377072035766,5.232936449015997,0.0139268846490295,1.5745941306253202,1
2015-01-03,-15.21,-69.76,0,0.0011962064,0.0023101746677666,5.215838222816106,0.0153279155846504,1.568637946815315,1
2015-01-04,-15.21,-69.76,0,0.00086696143,0.0007299001326452,4.302796098508115,0.0066224967169808,1.2925693973513597,1
2015-01-05,-15.21,-69.76,0,0.0029931306,0.0050250164068875,4.281812353034293,0.0636659061157331,1.2991798295948118,1
2015-01-06,-15.21,-69.76,0,0.00257533,0.0034394172498433,4.702491630870181,0.0206475029196808,1.416337472294959,1
2015-01-07,-15.21,-69.76,0,0.0017345845,0.0025343452680792,4.727155835813956,0.01813566146027,1.4228011274398566,1
2015-01-08,-15.21,-69.76,0,0.0009398942,0.0007197519547364,4.826255536230784,0.0145262267777144,1.4512078248757252,1
2015-01-09,-15.21,-69.76,0,0.001977887,0.0011383491219449,4.37444538939603,0.0251153196086499,1.3181777166649278,1
2015-01-10,-15.21,-69.76,0,0.00175446,0.0010923497165077,4.443629715835511,0.0139535058835417,1.336624423870663,1
2015-01-11,-15.21,-69.76,0,0.0011611765,0.0010670355519855,3.445005154313569,0.0051429208530568,1.0350918905250792,1
2015-01-12,-15.21,-69.76,0,0.0034712134,0.0041043012625462,4.330049638491492,0.0503226459066871,1.3109416450012945,1
2015-01-13,-15.21,-69.76,0,0.0068486603,0.0118719537046998,4.444383219612266,0.0261590675759216,1.342975768229804,1
2015-01-14,-15.21,-69.76,0,0.02256083,0.0246094328713293,3.879082784933459,0.0626475123811525,1.187944473530534,1
2015-01-15,-15.21,-69.76,0,0.02075974,0.0254515402745066,2.2102328428340385,0.148101646713527,0.7040084122478183,1
2015-01-16,-15.21,-69.76,0,0.13071746,0.2128895621598291,2.537999402149508,0.2472029063635152,0.8926335523495212,1
2015-01-17,-15.21,-69.76,0,0.031019012,0.0930983453392244,3.0273735626471847,0.1088924513080786,0.957915931723616,1
2015-01-18,-15.21,-69.76,0,0.0042476594,0.0103794534553689,3.116965586383333,0.0543216203862468,0.949304188503323,1
2015-01-19,-15.21,-69.76,0,0.0025233966,0.0013076363546912,3.6409024858389376,0.0302235037483554,1.0993339927522905,1
2015-01-20,-15.21,-69.76,0,0.0015980623,0.0009082584971868,3.934286946896584,0.019396187694918,1.1848263919973958,1
2015-01-21,-15.21,-69.76,0,0.0065061157,0.0053181543249154,3.98349037950715,0.0231286498392528,1.2026883093949787,1
2015-01-22,-15.21,-69.76,0,0.0035591405,0.0047267107199079,4.085224006370661,0.0193138475012089,1.2314430557054215,1
2015-01-23,-15.21,-69.76,0,0.013055341,0.0133636278786692,3.574181607133361,0.0434447076913443,1.0875327515540112,1
2015-01-24,-15.21,-69.76,0,0.00447214,0.0073547115283357,4.4378571003477365,0.015357020709548,1.3372411185518978,1
2015-01-25,-15.21,-69.76,0,0.0013086543,0.001352432299188,4.2301539662911685,0.0240957306487516,1.2745284187669383,1
2015-01-26,-15.21,-69.76,0,0.0007213139,0.0006030945250529,4.634668404046761,0.0070316556997731,1.3921438654289933,1
2015-01-27,-15.21,-69.76,0,0.0066056857,0.0057911526192176,4.735336993969778,0.0207049709224245,1.427882028609262,1
2015-01-28,-15.21,-69.76,0,0.000723367,0.0006321057858426,4.748531196978515,0.0150308606037625,1.4279089624714758,1
2015-01-29,-15.21,-69.76,0,0.002554318,0.0038986514879597,4.789974208042905,0.0104090688122692,1.4406201018729172,1
2015-01-30,-15.21,-69.76,0,0.00050768204,0.0006151816721524,5.295222151103247,0.0086974327036845,1.5905814728181416,1
2015-01-31,-15.21,-69.76,0,0.00055723864,0.0005783914067947,5.024610855317763,0.0101784502458633,1.5097017965178605,1
2015-02-01,-15.21,-69.76,0,0.0014580943,0.0008556314953877,4.550653642967377,0.024422519956213,1.370689151470533,1
2015-02-02,-15.21,-69.76,0,0.0037032026,0.0051249613681502,5.022050641197068,0.0115683958091386,1.5110648245745781,1
2015-02-03,-15.21,-69.76,0,0.026657108,0.0286522046473169,3.4372386659092857,0.0640751185547358,1.0577141968131965,1
2015-02-04,-15.21,-69.76,0,0.11881149,0.118468768986156,2.006209258218706,0.1779255370196291,0.6967850856667688,1
2015-02-05,-15.21,-69.76,0,0.057046846,0.077046224381675,2.8917829240949176,0.1189477743171961,0.9238477307682494,1
2015-02-06,-15.21,-69.76,0,0.033738304,0.0576206633545313,2.28149476483189,0.1903505185283843,0.7441641570261501,1
2015-02-07,-15.21,-69.76,0,0.0038148565,0.0164461323687416,3.3966471383800614,0.0116065338607097,1.0257491317099088,1
2015-02-08,-15.21,-69.76,0,0.0018599426,0.0056262836223286,3.894129503064837,0.0201934367786414,1.173960777779645,1
2015-02-09,-15.21,-69.76,0,0.0023549497,0.0021826702271851,3.992209364634061,0.0272773908253297,1.2042613065107213,1
2015-02-10,-15.21,-69.76,0,0.004086096,0.0073081578195201,4.621406252227238,0.0105403788812711,1.3912174118083294,1
2015-02-11,-15.21,-69.76,0,0.00065721566,0.000899794967285,4.822697323951667,0.0132837685263216,1.4498430745822215,1
2015-02-12,-15.21,-69.76,0,0.0014732224,0.0030815266330854,4.494325292197227,0.0044943606752259,1.3502547318408302,1
2015-02-13,-15.21,-69.76,0,0.0005318588,0.0004950773823535,5.434849070353378,0.0088186254556946,1.6324770193136229,1
2015-02-14,-15.21,-69.76,0,0.0015303706,0.0017803376639847,4.635137978864158,0.0215406668198847,1.3956647057360214,1
2015-02-15,-15.21,-69.76,0,0.00083593815,0.0011582631763073,4.2610224436769535,0.0013959034068811,1.2790683478647236,1
2015-02-16,-15.21,-69.76,0,0.00087550184,0.0009189174950122,5.378982407485088,0.01542819746564,1.617226795789657,1
2015-02-17,-15.21,-69.76,0,0.0009880173,0.0031448308204954,5.426548395092869,0.0031884482480209,1.6295275795315638,1
2015-02-18,-15.21,-69.76,0,0.0026648499,0.0034862259753051,5.22487298790743,0.0133847545656415,1.5716355474504182,1
2015-02-19,-15.21,-69.76,0,0.014356808,0.0273257085162496,3.714418548966041,0.0401330799823454,1.1321243647895312,1
2015-02-20,-15.21,-69.76,0,0.11016687,0.113141336832802,2.0686445083582665,0.2030724848172439,0.7168861778374891,1
2015-02-21,-15.21,-69.76,0,0.0826296,0.1229346003425754,2.727980485321444,0.1686178270823717,0.9014935110814226,1
2015-02-22,-15.21,-69.76,0,0.02018177,0.0627036886665847,3.659463431528165,0.0543576921595634,1.127305836623679,1
2015-02-23,-15.21,-69.76,0,0.0077580037,0.018392816234815,3.858157281297453,0.0290238600683986,1.1692579207598788,1
2015-02-24,-15.21,-69.76,0,0.0033120464,0.00446492366706,4.122159038519452,0.0124192973161878,1.2410181696724851,1
2015-02-25,-15.21,-69.76,0,0.006113732,0.0050298624556205,4.005505794201883,0.0163371023876816,1.2077592508292252,1
2015-02-26,-15.21,-69.76,0,0.013653046,0.0297542282518247,2.0524570692315254,0.1144605868567105,0.6486759975911647,1
2015-02-27,-15.21,-69.76,0,0.008388811,0.0107552309934318,3.824116140465182,0.0501786320125044,1.1619382580407416,1
2015-02-28,-15.21,-69.76,0,0.016280454,0.0343782039330168,4.291282415194716,0.0307141504911957,1.3052873316432572,1
2015-03-01,-15.21,-69.76,0,0.016989458,0.0162663429227262,3.672950057097607,0.0445272529667496,1.1191405737071771,1
2015-03-02,-15.21,-69.76,0,0.003986844,0.0073081578195201,4.193744930740159,0.0152979788727565,1.263840759760503,1
2015-03-03,-15.21,-69.76,0,0.0013398877,0.0011697361588735,3.910494246119723,0.0232403930692307,1.1784322659915376,1
2015-03-04,-15.21,-69.76,0,0.0015454523,0.0009117217103436,4.2372737276213615,0.0154436025383523,1.2749168188261477,1
2015-03-05,-15.21,-69.76,0,0.002171467,0.0011155954347727,4.5073772273833805,0.0169940534373639,1.3564865380894413,1
2015-03-06,-15.21,-69.76,0,0.0027517148,0.0050231951463268,4.762865362625353,0.0189635812151142,1.4344824784998942,1
2015-03-07,-15.21,-69.76,0,0.001603093,0.0037793737907116,4.973339837464701,0.0100198350329905,1.4952427209041508,1
2015-03-08,-15.21,-69.76,0,0.00052854663,0.0006557923359813,5.293136971972245,0.0060088027493378,1.5894325745977376,1
2015-03-09,-15.21,-69.76,0,0.008370596,0.0080240141545962,4.519211847490583,0.0178818828582959,1.3634559124497534,1
2015-03-10,-15.21,-69.76,0,0.0130942175,0.0132271971879898,3.9997280218847178,0.0300304287640256,1.2124981970058182,1
2015-03-11,-15.21,-69.76,0,0.008892108,0.0103208411439663,3.2370972637959268,0.0835288247769652,0.9925667447229642,1
2015-03-12,-15.21,-69.76,0,0.033873495,0.0338478862620643,3.870272190249149,0.0653990729937036,1.1910930974258982,1
2015-03-13,-15.21,-69.76,0,0.015700407,0.017603929538317,3.229943831403246,0.077047328559194,0.9926235231404759,1
2015-03-14,-15.21,-69.76,0,0.030108107,0.0325480785477909,3.3822037692873166,0.0582414972587654,1.041851478047506,1
2015-03-15,-15.21,-69.76,0,0.006526521,0.0167995990395018,3.895358648517095,0.0195783096225004,1.1778411325875289,1
2015-03-16,-15.21,-69.76,0,0.05587231,0.0593096785198383,2.1672088085472483,0.1188709164235855,0.7025604545528592,1
2015-03-17,-15.21,-69.76,0,0.01752574,0.0247691038007055,3.52761119094076,0.0234914314787181,1.0731931863381128,1
2015-03-18,-15.21,-69.76,0,0.057494193,0.0659807533273206,2.729202350543974,0.0945913614925171,0.8681233860271597,1
2015-03-19,-15.21,-69.76,0,0.0068381764,0.0068187410496499,3.3301173657048206,0.0406173066152086,1.0105738721644177,1
2015-03-20,-15.21,-69.76,0,0.00496637,0.0056124666513392,4.0863921798989535,0.0323431668224153,1.2349986916644369,1
2015-03-21,-15.21,-69.76,0,0.023635998,0.03140430898219,3.4955927406009994,0.0576016962972999,1.0735698226361978,1
2015-03-22,-15.21,-69.76,0,0.006167805,0.0117458160592125,3.745475402296015,0.0251945414325571,1.1328810336871582,1
2015-03-23,-15.21,-69.76,0,0.029535947,0.0267307419733279,3.264086288765886,0.0562365493914202,1.0046801290027156,1
2015-03-24,-15.21,-69.76,0,0.011815414,0.0170834819404705,2.309299782217095,0.1129899684044356,0.7223492489341096,1
2015-03-25,-15.21,-69.76,0,0.054887835,0.080536082926517,2.8032022456050245,0.1946627844729466,0.9124667976614,1
2015-03-26,-15.21,-69.76,0,0.016912574,0.0395290380665533,3.290045161229462,0.062365824021756,1.0124662929865003,1
2015-03-27,-15.21,-69.76,0,0.04259274,0.0523400028065962,3.554249551512198,0.0657414739288326,1.1026689828007452,1
2015-03-28,-15.21,-69.76,0,0.042165764,0.0360990129946532,2.470552623871559,0.0842039560259347,0.7778761101655851,1
2015-03-29,-15.21,-69.76,0,0.04311547,0.0444906790959111,2.483968570544067,0.0788920115157605,0.7828017502855543,1
2015-03-30,-15.21,-69.76,0,0.1447494,0.1669833192299877,1.2384157555532365,0.2238602633210484,0.49311826317617813,0
2015-03-31,-15.21,-69.76,0,0.022954093,0.0269698522014392,2.2903481308658478,0.1070881005652689,0.720802257713096,1
2015-04-01,-15.21,-69.76,0,0.017335866,0.0190489485996355,3.4818880114826496,0.071907155168366,1.067958383998395,1
2015-04-02,-15.21,-69.76,0,0.015158039,0.0199566169977168,3.768456660801209,0.0252469825456269,1.1441251298490314,1
2015-04-03,-15.21,-69.76,0,0.0076043652,0.0117131562198068,4.062209986831694,0.0124609171797575,1.225779120289421,1
2015-04-04,-15.21,-69.76,0,0.11136972,0.128811177927193,1.8376273486293957,0.109802114948801,0.6324217791640174,1
2015-04-05,-15.21,-69.76,0,0.05362281,0.1158846242539033,1.4334154954218354,0.2018988030950503,0.5096681770963414,1
2015-04-06,-15.21,-69.76,0,0.21190876,0.2586799180862962,2.012596901446968,0.3190033227734595,0.7828883466060416,1
2015-04-07,-15.21,-69.76,0,0.09886518,0.1519421883419149,1.2332342037164297,0.4072990151210032,0.5114780558075125,1
2015-04-08,-15.21,-69.76,0,0.10154739,0.2095654325251704,2.3794196181765086,0.2343484528322724,0.8330728795244412,1
2015-04-09,-15.21,-69.76,0,0.016348232,0.0621715519515161,2.8997854132795204,0.039007779015872,0.8950759597773338,1
2015-04-10,-15.21,-69.76,0,0.07885643,0.1582960456298487,1.987995943498948,0.2681925489363155,0.7053534309629174,1
2015-04-11,-15.21,-69.76,0,0.023328286,0.050030663976636,2.367580447925727,0.102948115221494,0.747868376017344,1
2015-04-12,-15.21,-69.76,0,0.05070087,0.0668477622668746,3.061340384467659,0.0512960967673039,0.9572411481471333,1
2015-04-13,-15.21,-69.76,0,0.009081329,0.009557978465521,3.29169534663427,0.0490804922648767,1.0019606968363604,1
2015-04-14,-15.21,-69.76,0,0.0050050765,0.004742279158885,3.8106926102200407,0.0170149927516176,1.1490607603981124,1
2015-04-15,-15.21,-69.76,0,0.0028982935,0.0038580929042446,4.328784395233504,0.0182439898045928,1.3039252231618186,1
2015-04-16,-15.21,-69.76,0,0.002570291,0.0033525757708331,4.284153250234459,0.0187252164947405,1.2904326208234522,1
2015-04-17,-15.21,-69.76,0,0.006510688,0.0052203726233287,4.051397632315338,0.0379754624546237,1.2260116631101918,1
2015-04-18,-15.21,-69.76,0,0.03448333,0.0331587474531643,4.184906731851467,0.0284499210751711,1.2781387522611072,1
2015-04-19,-15.21,-69.76,0,0.049241953,0.043799440229897,3.887244832486248,0.0382958181136644,1.1973650873145865,1
2015-04-20,-15.21,-69.76,0,0.03344319,0.0404510629010909,3.598551872801904,0.0369907371950086,1.1050868788597912,1
2015-04-21,-15.21,-69.76,0,0.022106795,0.0354197414320349,3.70446283481424,0.0317352530751492,1.1314018878457086,1
2015-04-22,-15.21,-69.76,0,0.076085754,0.0736712447616231,2.838238957852476,0.0863346740552327,0.906298597319114,1
2015-04-23,-15.21,-69.76,0,0.07630794,0.0933597918526925,1.5971131292215293,0.228279849191107,0.5663542489752187,1
2015-04-24,-15.21,-69.76,0,0.10589541,0.1383930157312278,2.969822133282883,0.128509816047465,0.9760958293406036,1
2015-04-25,-15.21,-69.76,0,0.059155155,0.108445924686368,3.144202745849825,0.0731321037158827,0.9973229759353975,1
2015-04-26,-15.21,-69.76,0,0.018227225,0.0113377395235264,3.3341151218537117,0.0366597915706915,1.0153022102749567,1
2015-04-27,-15.21,-69.76,0,0.006801273,0.005376528075579,3.904613033871852,0.0189986639686272,1.1782993304703968,1
2015-04-28,-15.21,-69.76,0,0.048905697,0.0375686092034142,3.4679545618137078,0.03592063711137,1.069755926907069,1
2015-04-29,-15.21,-69.76,0,0.06471426,0.0540864215234355,3.109693243571777,0.0513630958186981,0.9734121545399598,1
2015-04-30,-15.21,-69.76,0,0.10184799,0.075543657145585,3.1901188513957037,0.0645898214502168,1.0156167481378715,1
2015-05-01,-15.21,-69.76,0,0.4232203,0.3063611864651303,1.6651031946428627,0.2320744589956202,0.7341841774850089,1
2015-05-02,-15.21,-69.76,1,0.23766309,0.2384074646522096,2.274573086418856,0.1520213194148532,0.8317566097390693,1
2015-05-03,-15.21,-69.76,1,0.7146586,0.7671378243017719,0.1481333671922195,0.554552205630893,0.5231755961441988,1
2015-05-04,-15.21,-69.76,1,0.6559555,0.6931956118767184,0.0576878502741585,0.5899426069207419,0.4707206488417396,0
2015-05-05,-15.21,-69.76,1,0.7911737,0.8146987464812796,-0.3635501093575586,0.7063603387271299,0.43249889423441434,0
2015-05-06,-15.21,-69.76,1,0.78661376,0.8022872684918937,-0.6376175425345282,0.7253336063690131,0.35022304021182293,0
2015-05-07,-15.21,-69.76,1,0.8658871,0.8818711136650482,-1.4818445087187817,0.8014482814646784,0.1518766564103108,0
2015-05-08,-15.21,-69.76,0,0.5275921,0.5507943454568974,-0.5681423102488675,0.6581024774503194,0.22961430150678314,0
2015-05-09,-15.21,-69.76,0,0.2810236,0.2438973117758461,0.4580959730386273,0.5063808602083564,0.37179150630842867,0
2015-05-10,-15.21,-69.76,1,0.33532307,0.3229447359688743,1.654542614737902,0.2878377386807925,0.7191162003513039,1
2015-05-11,-15.21,-69.76,1,0.8218189,0.829848103339456,-1.4178886005949742,0.6803971831156904,0.12322814711253705,0
2015-05-12,-15.21,-69.76,1,0.8562463,0.878454614566063,-1.7253166247961849,0.7463886352708596,0.0642475525285291,0
2015-05-13,-15.21,-69.76,1,0.5035383,0.5530947490058644,-0.8523034785995479,0.6565854560098514,0.13730648742327878,0
2015-05-14,-15.21,-69.76,0,0.7306474,0.7157896144599115,-0.0154194393291272,0.5884502069106924,0.4754163524753826,0
2015-05-15,-15.21,-69.76,1,0.33854097,0.3118147171858151,1.1701764939352026,0.1634655869719982,0.5476713000121234,1
2015-05-16,-15.21,-69.76,1,0.6376263,0.6535590580129552,-1.5395541314081946,0.7247804097596284,0.005089544132058338,0
2015-05-17,-15.21,-69.76,0,0.75301886,0.7148295849735719,-0.5997197758400546,0.6100380974718801,0.310963261737074,0
2015-05-18,-15.21,-69.76,0,0.53483284,0.4856498717459515,0.8050923870673639,0.2957362707719411,0.5582547966237876,1
2015-05-19,-15.21,-69.76,1,0.47218934,0.4406399747419063,0.6134572129507141,0.3200349673939184,0.47782895431237915,0
2015-05-20,-15.21,-69.76,1,0.8983492,0.8501972482562026,-1.3950985997915688,0.703257530719437,0.16166613585765724,0
2015-05-21,-15.21,-69.76,1,0.7759636,0.7432947794308088,-0.2550610359931157,0.5849300484711535,0.4219157347824577,0
2015-05-22,-15.21,-69.76,1,0.9499479,0.9457088897114856,-2.4390827842996248,0.9126932807608013,-0.07506003119543003,0
2015-05-23,-15.21,-69.76,1,0.97519886,0.9664225489119008,-3.632993441392765,0.9618676000226704,-0.41168034463091496,0
2015-05-24,-15.21,-69.76,1,0.95512426,0.9725710591024018,-2.623885652406712,0.9434106056307848,-0.11743208477537628,0
2015-05-25,-15.21,-69.76,1,0.9677613,0.9745333240075292,-2.994527304642472,0.9588221247107708,-0.2213587116490815,0
2015-05-26,-15.21,-69.76,1,0.9318004,0.9279504062342232,-2.228894816834328,0.8826729695742533,-0.0270036498886031,0
2015-05-27,-15.21,-69.76,1,0.9300909,0.9221683997129592,-2.0518640489752715,0.8566355854411097,0.01922885233823235,0
2015-05-28,-15.21,-69.76,1,0.9027952,0.898094303271966,-1.896869019785603,0.7787727815657933,0.03715127103187099,0
2015-05-29,-15.21,-69.76,1,0.9754519,0.9653883780757844,-3.850291008200927,0.9555109244435896,-0.47827187195640325,0
2015-05-30,-15.21,-69.76,1,0.9778145,0.9718047555063714,-3.501548286984267,0.9448177111482656,-0.37379564276435273,0
2015-05-31,-15.21,-69.76,1,0.9778762,0.9807991228548026,-3.747529048888465,0.969846017102819,-0.4407668266750151,0
2015-06-01,-15.21,-69.76,0,0.93360686,0.9332226088503296,-2.2848364054002257,0.8867892617920359,-0.04136648949159458,0
2015-06-02,-15.21,-69.76,0,0.2750971,0.3051898227803585,-0.3992845861229166,0.5803647019911358,0.13985465911742387,0
2015-06-03,-15.21,-69.76,1,0.5758847,0.5452871717008609,0.978512312653234,0.4198485428984801,0.6593462467158384,1
2015-06-04,-15.21,-69.76,1,0.82426697,0.7892671220389457,-1.4745503252180436,0.554723547256104,0.07371312729359687,0
2015-06-05,-15.21,-69.76,1,0.90773934,0.9148995599753432,-1.8489469076070049,0.7583305830792021,0.052283758328807606,0
2015-06-06,-15.21,-69.76,1,0.9575719,0.9609914094631516,-2.7461716711327147,0.9050236411428054,-0.16337692121862288,0
2015-06-07,-15.21,-69.76,1,0.992061,0.9832072809989868,-5.426774400680912,0.9889315724740158,-0.9359862495096731,0
2015-06-08,-15.21,-69.76,1,0.99205446,0.9919120384729252,-5.417672900150424,0.994173314604652,-0.9304684614296118,0
2015-06-09,-15.21,-69.76,1,0.9956766,0.9947621726617334,-6.5718465466785565,0.99812228893268,-1.2742740916846842,0
2015-06-10,-15.21,-69.76,1,0.99449605,0.9962451216260386,-5.598737066949743,0.9958228085602672,-0.9828587190476616,0
2015-06-11,-15.21,-69.76,1,0.96186274,0.955023915863466,-3.551692992629966,0.9733280653537768,-0.3912786795455413,0
2015-06-12,-15.21,-69.76,1,0.9845489,0.982264789987136,-4.642209220453102,0.981391840749706,-0.7045667699885623,0
2015-06-13,-15.21,-69.76,1,0.9785088,0.975947060846766,-4.517193115579439,0.9672783445426448,-0.6729602135959496,0
2015-06-14,-15.21,-69.76,1,0.99420124,0.992028709541794,-6.260822999020878,0.993135991943125,-1.1829535874092791,0
2015-06-15,-15.21,-69.76,1,0.99405956,0.9945794825320428,-6.251119666166282,0.9945635697853196,-1.179289421386412,0
2015-06-16,-15.21,-69.76,1,0.9882057,0.9901561128214486,-4.808902820456948,0.9867959067649174,-0.7508187322198113,0
2015-06-17,-15.21,-69.76,1,0.9296792,0.9170747305515516,-2.386797994457065,0.9033222655583394,-0.07305623911514125,0
2015-06-18,-15.21,-69.76,1,0.9655321,0.962919813389157,-3.282242590143048,0.9289318733172292,-0.31664280970163716,0
2015-06-19,-15.21,-69.76,1,0.9452766,0.9361828969838494,-2.51805568295009,0.8811304657344617,-0.10837105234136474,0
2015-06-20,-15.21,-69.76,1,0.9657669,0.9665153991067856,-3.207232563207364,0.9221326399968852,-0.29471009114147506,0
2015-06-21,-15.21,-69.76,1,0.97604954,0.9699274523057292,-3.712962518144221,0.9488825721559856,-0.4373118885509232,0
2015-06-22,-15.21,-69.76,1,0.97938216,0.9763105825240906,-4.018317193587736,0.9714862510814838,-0.5221211433552058,0
2015-06-23,-15.21,-69.76,1,0.9883083,0.9883345719980684,-4.432968441209591,0.9809549679878832,-0.6395401343656869,0
2015-06-24,-15.21,-69.76,1,0.9773825,0.9804144994981192,-4.00792648570974,0.9705527350442896,-0.5189697488044402,0
2015-06-25,-15.21,-69.76,1,0.9773861,0.978783119465802,-3.5801392769169658,0.973869344007372,-0.3902954603804548,0
2015-06-26,-15.21,-69.76,1,0.9726484,0.9769757482162496,-3.5435179013322498,0.959146902494878,-0.38403632025744927,0
2015-06-27,-15.21,-69.76,1,0.94248676,0.9374922709542782,-2.6399779935326437,0.8918814145143887,-0.14337263296605962,0
2015-06-28,-15.21,-69.76,1,0.987224,0.9819315533776471,-4.440663340688224,0.9692692411689672,-0.6457916432971442,0
2015-06-29,-15.21,-69.76,1,0.97875494,0.9774630570056156,-4.04980995067262,0.9600887424711853,-0.533806143306426,0
2015-06-30,-15.21,-69.76,1,0.99588794,0.9915119593086672,-6.149772801507024,0.9945840655537642,-1.1489462534796209,0
2015-07-01,-15.21,-69.76,1,0.99767846,0.9960874515634202,-7.356970787880827,0.9981004703891232,-1.5089501139737393,0
2015-07-02,-15.21,-69.76,1,0.992997,0.9952541086360296,-5.504692272706761,0.9952370572357412,-0.955410348637674,0
2015-07-03,-15.21,-69.76,1,0.9799732,0.9804360557044852,-4.156842978091643,0.9852026992919916,-0.5599331824281975,0
2015-07-04,-15.21,-69.76,0,0.7330268,0.7222225014364967,-2.7508407251310243,0.9140677016588598,-0.27808613692023587,0
2015-07-05,-15.21,-69.76,1,0.7234918,0.6943889048757028,-0.0471562168223893,0.6849455487025818,0.4787675656689402,0
2015-07-06,-15.21,-69.76,1,0.88271403,0.8464230362846807,-2.696894222853256,0.7387020794502154,-0.22722903470899766,0
2015-07-07,-15.21,-69.76,1,0.985061,0.9704953095699278,-5.461125557962396,0.9639562979379528,-0.9559290458871429,0
2015-07-08,-15.21,-69.76,1,0.9870286,0.9847753345394824,-5.083423599605882,0.985224912256285,-0.834918450522611,0
2015-07-09,-15.21,-69.76,1,0.99779165,0.9950341464442802,-8.597251958191979,0.9993164113412302,-1.8809679809004913,0
2015-07-10,-15.21,-69.76,1,0.9977412,0.9975965214779664,-7.178304850090775,0.998765133294521,-1.454896764072735,0
2015-07-11,-15.21,-69.76,1,0.99731475,0.9973102030292332,-6.749031564404956,0.998829624629932,-1.3262870787896535,0
2015-07-12,-15.21,-69.76,1,0.9961138,0.9962940174048676,-6.141621370955921,0.9970766918628092,-1.1449781294332408,0
2015-07-13,-15.21,-69.76,1,0.99632865,0.9952652165909892,-6.972630473384824,0.9974016945927004,-1.3943571647787092,0
2015-07-14,-15.21,-69.76,1,0.9956045,0.9960013170205616,-6.201908346640177,0.9945614608812416,-1.1637785984116924,0
2015-07-15,-15.21,-69.76,1,0.9919626,0.9930118990418616,-5.994126343428233,0.9942696786665468,-1.103192807486788,0
2015-07-16,-15.21,-69.76,1,0.9791332,0.9798803743822456,-4.427661457081444,0.9855416534936308,-0.6414740715492581,0
2015-07-17,-15.21,-69.76,1,0.9810121,0.9789349197801144,-4.958790920164513,0.9791222813205795,-0.8017222058292152,0
2015-07-18,-15.21,-69.76,1,0.9894326,0.9884852105585944,-5.62458430922417,0.9873168792382906,-0.9953850948078738,0
2015-07-19,-15.21,-69.76,1,0.99319917,0.9921038075946772,-5.721102561516933,0.9916329967948648,-1.0216236565771712,0
2015-07-20,-15.21,-69.76,1,0.99615115,0.994753583696354,-6.695598318322948,0.996550701004795,-1.3115732935566546,0
2015-07-21,-15.21,-69.76,1,0.9972398,0.996801883714308,-6.577973466679717,0.9973780088227364,-1.2753841214965063,0
2015-07-22,-15.21,-69.76,1,0.9954465,0.9955349568166336,-6.03364282370109,0.99617058251922,-1.113117789243156,0
2015-07-23,-15.21,-69.76,1,0.9889671,0.9908313448756684,-4.9488722138471575,0.9890891886490504,-0.7919874274492035,0
2015-07-24,-15.21,-69.76,1,0.9810106,0.9828896553456828,-4.505015717989253,0.9771109082058036,-0.6652014226864785,0
2015-07-25,-15.21,-69.76,1,0.9724015,0.9722869969763916,-3.7306201086614776,0.9545679176719096,-0.44209459966878295,0
2015-07-26,-15.21,-69.76,1,0.9596336,0.9501205336072912,-3.289373271817832,0.9311937910180546,-0.3226590366202804,0
2015-07-27,-15.21,-69.76,1,0.9724744,0.9727948559755212,-3.58785601708478,0.928322509536712,-0.40439101202298733,0
2015-07-28,-15.21,-69.76,1,0.97703177,0.9696693078308908,-3.736762802493714,0.9518209320219184,-0.44362126177755223,0
2015-07-29,-15.21,-69.76,1,0.9795663,0.9764931792228952,-3.9559923602657032,0.9694862060911542,-0.5037319410169011,0
2015-07-30,-15.21,-69.76,1,0.989286,0.9881208033894352,-5.149267210629343,0.9878593568089128,-0.8527983311491333,0
2015-07-31,-15.21,-69.76,1,0.9936898,0.992104704861432,-5.649516669296226,0.99335789547291,-0.9996555407219992,0
2015-08-01,-15.21,-69.76,1,0.9870974,0.9901677295563416,-5.039096100855037,0.9918665423895138,-0.8191927558673401,0
2015-08-02,-15.21,-69.76,1,0.9918794,0.9917185914442987,-5.6813239929739,0.9931349776524202,-1.0098626640728263,0
2015-08-03,-15.21,-69.76,1,0.9845354,0.9873178749658262,-4.743824240240642,0.9866391138673508,-0.7329952543055572,0
2015-08-04,-15.21,-69.76,1,0.98434794,0.9823529110213004,-4.640023028134637,0.984006814210472,-0.7034305813940365,0
2015-08-05,-15.21,-69.76,1,0.9806147,0.9811795393891768,-4.681670492317196,0.9778448371274974,-0.718511862391824,0
2015-08-06,-15.21,-69.76,1,0.9751075,0.9784786305239777,-4.178427039175046,0.972034381792612,-0.5708932592891959,0
2015-08-07,-15.21,-69.76,1,0.9901424,0.986021645089093,-5.556970389005403,0.9884535836341248,-0.9751533509569772,0
2015-08-08,-15.21,-69.76,1,0.9846991,0.9878509629775446,-4.8542349909101326,0.983279322145798,-0.7666347102483713,0
2015-08-09,-15.21,-69.76,0,0.9710812,0.977127608191043,-3.9588686576937167,0.9723058168991516,-0.506449552290076,0
2015-08-10,-15.21,-69.76,1,0.7044559,0.7066556321773456,-1.0646140880446509,0.6319550972278579,0.1596746894676455,0
2015-08-11,-15.21,-69.76,1,0.9785584,0.6621763178957616,-8.713210850599326,0.9981267993653264,-1.9883351117275803,0
2015-08-12,-15.21,-69.76,0,0.5336111,0.697310663348838,-1.5993988331365308,0.962609430146283,0.012247698758065001,0
2015-08-13,-15.21,-69.76,0,0.6934848,0.6688103244712498,0.5012883626378566,0.6881565543413631,0.6298253245538796,1
2015-08-14,-15.21,-69.76,1,0.6969211,0.6194942335796985,-0.260254683628271,0.6174001720512249,0.37837880603770335,0
2015-08-15,-15.21,-69.76,1,0.79073,0.7410180368708571,-1.7818741511312852,0.510070304626814,-0.04712557703985132,0
2015-08-16,-15.21,-69.76,1,0.95423603,0.9351657712230572,-4.052584931570263,0.9189110134043084,-0.5586893135456058,0
2015-08-17,-15.21,-69.76,1,0.91416293,0.9116446282730992,-2.478793707374776,0.8700334907449966,-0.11305360940881365,0
2015-08-18,-15.21,-69.76,0,0.7952393,0.767073664074671,-2.546316018036144,0.9115461043256036,-0.1895990617307883,0
2015-08-19,-15.21,-69.76,1,0.66482073,0.6067615277657441,-0.2032945075042539,0.6077270630060688,0.3813555849030864,0
2015-08-20,-15.21,-69.76,1,0.8578941,0.8567001810439231,-1.6117949409614354,0.753533630185156,0.0958765099573852,0
2015-08-21,-15.21,-69.76,1,0.8769726,0.8557785830996791,-1.8929878989837985,0.7823178187230401,0.02281469066940428,0
2015-08-22,-15.21,-69.76,1,0.85833204,0.848958793541378,-1.5118568007543698,0.7576388955421454,0.12526210959039374,0
2015-08-23,-15.21,-69.76,1,0.90092915,0.8867532118957898,-1.794244323137787,0.8167380312417124,0.07270369668616439,0
2015-08-24,-15.21,-69.76,1,0.83178973,0.8331539779663639,-1.207463570649189,0.7134399809968706,0.19661663959789022,0
2015-08-25,-15.21,-69.76,0,0.84460294,0.8148535354988035,-1.1646368609222937,0.7448557383797092,0.21593167849901443,0
2015-08-26,-15.21,-69.76,1,0.5105324,0.520490658908423,-0.009045067352972,0.4300633934029399,0.340557010256381,0
2015-08-27,-15.21,-69.76,1,0.9119075,0.889869119842256,-2.758422174363077,0.8728423547159911,-0.20141210739727358,0
2015-08-28,-15.21,-69.76,1,0.94830775,0.9481454598255328,-3.5357984310782875,0.9508356458700734,-0.396450983184365,0
2015-08-29,-15.21,-69.76,1,0.97536135,0.9743996492897218,-3.989573026567736,0.98094068704903,-0.5131954357025704,0
2015-08-30,-15.21,-69.76,1,0.98994154,0.9883990585538276,-5.899870422523165,0.9951488896842416,-1.0762690751093353,0
2015-08-31,-15.21,-69.76,1,0.99460757,0.991285178226544,-7.38863250696396,0.998651977779046,-1.5202200498880698,0
2015-09-01,-15.21,-69.76,1,0.9775058,0.9890088317995532,-5.064412493045197,0.9944109750520836,-0.8293880465432315,0
2015-09-02,-15.21,-69.76,0,0.6773038,0.6982956722985324,-3.038570571091055,0.9650173136389868,-0.37571743413981273,0
2015-09-03,-15.21,-69.76,0,0.37038237,0.3825151366348819,0.3751690754533599,0.5984250337490278,0.41985346771279,0
2015-09-04,-15.21,-69.76,0,0.07561091,0.0807942221932846,0.4497137743723205,0.23569300940482,0.22089485163131709,0
2015-09-05,-15.21,-69.76,0,0.040851872,0.0363510067119074,1.2511802733366224,0.0744624322294411,0.4097723313892564,0
2015-09-06,-15.21,-69.76,0,0.124891676,0.0613327351464404,1.341650778126507,0.0410835990884288,0.4604460030849259,0
2015-09-07,-15.21,-69.76,1,0.20541878,0.1286651970888113,1.83094622114026,0.0889907973293342,0.6544406992257071,1
2015-09-08,-15.21,-69.76,1,0.80845904,0.7786105296150283,-1.0032640471487853,0.5446469435448837,0.20620999248734684,0
2015-09-09,-15.21,-69.76,1,0.94862455,0.9363257042588712,-3.0506873001001824,0.9124599651487608,-0.2608616911485282,0
2015-09-10,-15.21,-69.76,1,0.9553364,0.952029874801288,-2.752955631866745,0.9540889734834936,-0.15806199990306719,0
2015-09-11,-15.21,-69.76,1,0.9482597,0.9538263320216572,-2.812438748851969,0.9641984006153034,-0.17564876812819857,0
2015-09-12,-15.21,-69.76,1,0.9410377,0.9316969097418044,-2.5028709437968035,0.9268489217502184,-0.09684080684063645,0
2015-09-13,-15.21,-69.76,1,0.8432567,0.8338309760094509,-1.82012569148906,0.8353874998190255,0.04078299771897731,0
2015-09-14,-15.21,-69.76,1,0.8920748,0.8654143633063478,-2.335783301358979,0.8525165934427382,-0.0895263590578764,0
2015-09-15,-15.21,-69.76,1,0.7772977,0.7417482109156447,-1.5621340672496828,0.7239487240660977,0.05768847682144365,0
2015-09-16,-15.21,-69.76,1,0.80037457,0.7699973388060404,-1.4803071668747436,0.7323030180993809,0.0964802923186612,0
2015-09-17,-15.21,-69.76,1,0.48458835,0.4345445720504473,-0.7127537601188152,0.5482043678290968,0.12810016494026427,0
2015-09-18,-15.21,-69.76,0,0.5976041,0.5031873979921982,-0.4136129124188277,0.6134827468085225,0.27853138523449583,0
2015-09-19,-15.21,-69.76,0,0.2733024,0.2607996724820834,1.4827586174402907,0.1547980602485675,0.6099378517782174,1
2015-09-20,-15.21,-69.76,0,0.23413695,0.1749671823715446,1.631527988513125,0.1314908562898223,0.6209910892862109,1
2015-09-21,-15.21,-69.76,1,0.103090435,0.0945691073898249,1.746167035939531,0.070573859117884,0.587805834583401,1
2015-09-22,-15.21,-69.76,1,0.48310465,0.417759633451347,0.267919992050039,0.2875246736377734,0.3663642540328358,0
2015-09-23,-15.21,-69.76,0,0.27455592,0.345439334315721,0.186011227008533,0.3913405388051951,0.28552611872674316,0
2015-09-24,-15.21,-69.76,0,0.25551736,0.2968384208611223,2.4953772972122343,0.243137489353592,0.9332635792066132,1
2015-09-25,-15.21,-69.76,0,0.05025965,0.0448673579911666,2.566806361150904,0.0893301915605079,0.8119593132556061,1
2015-09-26,-15.21,-69.76,0,0.078630514,0.0785328398619515,3.554653907604957,0.0245177183499051,1.110595438123858,1
2015-09-27,-15.21,-69.76,1,0.032017563,0.0333454646983593,3.238283941241443,0.0182054806571503,0.9914006403435348,1
2015-09-28,-15.21,-69.76,0,0.6227611,0.539912752691048,-0.9377397045331468,0.4196197357557197,0.09741291632940947,0
2015-09-29,-15.21,-69.76,1,0.3531193,0.3539179949654067,0.8964970363341063,0.2947073909212092,0.504609978077555,1
2015-09-30,-15.21,-69.76,1,0.8132869,0.82787781653723,-1.129083404035671,0.8114366428956824,0.2331239406758812,0
2015-10-01,-15.21,-69.76,1,0.67930835,0.6761799328488176,-0.5207000865464471,0.6900743102176924,0.3208333276493679,0
2015-10-02,-15.21,-69.76,0,0.604479,0.6579731501338615,-1.0624812840775175,0.8383444328933155,0.16186283138218013,0
2015-10-03,-15.21,-69.76,0,0.13624212,0.2432937785650937,1.757544366617,0.2911145169755814,0.6750176050932349,1
2015-10-04,-15.21,-69.76,0,0.17662086,0.1843179906410452,1.64916313165539,0.2687887696284409,0.6383565495505142,1
2015-10-05,-15.21,-69.76,1,0.25388235,0.2040564995143695,-0.0963611661474825,0.2549600166364771,0.13905965838592457,0
2015-10-06,-15.21,-69.76,1,0.6070532,0.6211306511173865,-1.511972981087098,0.5837876830434828,-0.03049226749395549,0
2015-10-07,-15.21,-69.76,1,0.76898825,0.7590217929043565,-1.8938865523407364,0.7698452547361964,-0.0316960811741103,0
2015-10-08,-15.21,-69.76,0,0.68980926,0.6558190618704316,-0.6123261761340554,0.6530508208274051,0.28501890169935074,0
2015-10-09,-15.21,-69.76,1,0.384616,0.3887868418476441,0.567008968113221,0.3591735654292032,0.43507957188933577,0
2015-10-10,-15.21,-69.76,1,0.91475433,0.8511068192775589,-3.35625522560612,0.911572154755245,-0.3799144738752751,0
2015-10-11,-15.21,-69.76,1,0.91638285,0.8465156071412895,-3.5239192195640068,0.9362377277070052,-0.4257102438995431,0
2015-10-12,-15.21,-69.76,1,0.92315066,0.9249718715616742,-3.116094704025829,0.9482526270865798,-0.28323831347809797,0
2015-10-13,-15.21,-69.76,1,0.93577844,0.9384123722149889,-3.309052339455978,0.9622734190126684,-0.3318450115912619,0
2015-10-14,-15.21,-69.76,1,0.96089077,0.9582780253161134,-4.024285161906522,0.9744064731843668,-0.5324814178718604,0
2015-10-15,-15.21,-69.76,0,0.9210193,0.9421288062688667,-3.543840658183484,0.9581598086395684,-0.4067886844733581,0
2015-10-16,-15.21,-69.76,1,0.5831805,0.6698902542575073,-1.0591461805052451,0.6769405651407933,0.1265764597280866,0
2015-10-17,-15.21,-69.76,1,0.630655,0.690678794237622,-1.3912573685818108,0.727770136885964,0.05550907565017396,0
2015-10-18,-15.21,-69.76,0,0.4979112,0.6044920909863576,-0.8838644878381229,0.4886039420631007,0.10283322025845482,0
2015-10-19,-15.21,-69.76,1,0.13061649,0.2081843461122104,0.2131797551427013,0.3547486977342818,0.2157254823121088,0
2015-10-20,-15.21,-69.76,0,0.31789216,0.3598575461632798,-0.1216189562801254,0.4542073201343701,0.22169493437549237,0
2015-10-21,-15.21,-69.76,0,0.11436167,0.1562120803409628,2.52998174581964,0.0165283926656198,0.8278511193472086,1
2015-10-22,-15.21,-69.76,1,0.14457245,0.2001616493406744,2.1088363816097644,0.1336152299735377,0.7427780253457718,1
2015-10-23,-15.21,-69.76,1,0.3734227,0.3480381602911564,0.2304689357014764,0.2570890871623761,0.3021929402011494,0
2015-10-24,-15.21,-69.76,0,0.22970772,0.3052224079046773,0.3610124412418461,0.4174286168505152,0.3217462533235923,0
2015-10-25,-15.21,-69.76,0,0.046289776,0.0708337612923477,2.777523358643037,0.1068788087320747,0.8826864543977956,1
2015-10-26,-15.21,-69.76,0,0.068337806,0.1091090237781919,3.624053607507199,0.0429981079392663,1.1381388503956513,1
2015-10-27,-15.21,-69.76,0,0.034676757,0.0330091977159794,2.962237650621778,0.0492156427997528,0.9155192903896797,1
2015-10-28,-15.21,-69.76,0,0.005054902,0.0059030450693297,3.211910095683423,0.021314691227991,0.970533046564491,1
2015-10-29,-15.21,-69.76,0,0.0031970737,0.0036928108372241,3.819070031235589,0.0144347043007523,1.1503056345082718,1
2015-01-02,-16.75,-69.71,0,0.148939,0.2912166936730468,1.0194763452701618,0.333967499044235,0.4755614421245049,0
2015-01-03,-16.75,-69.71,0,0.29550606,0.2812994812318338,2.5464693427511715,0.3085575141831344,0.9705640199083451,1
2015-01-04,-16.75,-69.71,0,0.14299385,0.1646867744506891,1.8050452871715956,0.2774176904335542,0.6728326341283274,1
2015-01-05,-16.75,-69.71,0,0.08734128,0.0764412350887821,2.611719615051875,0.1582089856108031,0.8566483126554796,1
2015-01-06,-16.75,-69.71,0,0.16036269,0.1050853831199737,2.028474627467403,0.2051093234872691,0.7186901365616695,1
2015-01-07,-16.75,-69.71,1,0.3023722,0.1743039113090583,2.275541963658369,0.1005946410378036,0.8283539595668831,1
2015-01-08,-16.75,-69.71,0,0.62675595,0.5009791014352715,-0.3925626969308821,0.4531673547165681,0.2610872671511033,0
2015-01-09,-16.75,-69.71,0,0.22781275,0.2137734509415645,1.1003181395601538,0.1756561141451164,0.47632517988538225,0
2015-01-10,-16.75,-69.71,0,0.1256693,0.1363498580516577,2.3519934760800183,0.1571708458004299,0.8020029735944231,1
2015-01-11,-16.75,-69.71,0,0.17980736,0.1737193906946166,1.9960804869394333,0.2778895631817952,0.7430881448571124,1
2015-01-12,-16.75,-69.71,0,0.119184755,0.1081535627322913,1.8232126454412008,0.1809116180627306,0.6405322562913646,1
2015-01-13,-16.75,-69.71,0,0.19293499,0.1498708245422093,2.7170992719655858,0.0884933290698828,0.9206831093120942,1
2015-01-14,-16.75,-69.71,1,0.3720207,0.2192575629538748,1.092352051524186,0.1420159429870584,0.5115665266454424,1
2015-01-15,-16.75,-69.71,1,0.92399156,0.8723649188735163,-3.918782196101809,0.8616285627797254,-0.5516384944998943,0
2015-01-16,-16.75,-69.71,1,0.92226166,0.9293475915937912,-3.466562233002,0.918784521671847,-0.39366374924747216,0
2015-01-17,-16.75,-69.71,1,0.6671936,0.6900404053487157,-1.8760199585617312,0.8964631875217176,-0.0453471889944326,0
2015-01-18,-16.75,-69.71,1,0.78049237,0.8100739940373449,0.4133485718711267,0.9323351415116634,0.7066341096711397,1
2015-01-19,-16.75,-69.71,1,0.6956367,0.7046944683827475,-0.5121770609363567,0.7018009693737771,0.3363369792703979,0
2015-01-20,-16.75,-69.71,0,0.62721586,0.6872609538277729,-1.4514864057711565,0.848592398890028,0.05988950681221322,0
2015-01-21,-16.75,-69.71,0,0.0981862,0.1472324339285169,0.7502270212115917,0.1185507910479451,0.3076806113587699,0
2015-01-22,-16.75,-69.71,0,0.080140986,0.084922966273588,1.405718316439463,0.1411538944085738,0.4909731628682713,0
2015-01-23,-16.75,-69.71,0,0.04252032,0.0285457005321243,1.931223802058351,0.0449983319745227,0.6068320431188348,1
2015-01-24,-16.75,-69.71,0,0.08832425,0.0666726991347466,1.7130016460748476,0.0999003736877807,0.5737123833869597,1
2015-01-25,-16.75,-69.71,0,0.028763985,0.0330881074114874,3.049169660421389,0.0151470433656106,0.9330271237818363,1
2015-01-26,-16.75,-69.71,1,0.20826352,0.1165491189361481,2.548044602458372,0.1926495870732398,0.8887321779393892,1
2015-01-27,-16.75,-69.71,1,0.547259,0.5425908129581395,-0.4780463201934334,0.5767449208648542,0.24463095070656876,0
2015-01-28,-16.75,-69.71,1,0.6430922,0.6383866507768682,-0.864105944358789,0.7276303951222832,0.2068992858721936,0
2015-01-29,-16.75,-69.71,0,0.4813025,0.5732773161549561,0.4029235104091067,0.6214374623720625,0.5042107588281357,1
2015-01-30,-16.75,-69.71,0,0.10491788,0.101600471771646,1.8746779544251044,0.0498671012666118,0.6241722649351829,1
2015-01-31,-16.75,-69.71,0,0.05832525,0.0588687449169857,2.833341183303573,0.0784875190619912,0.8949711827868673,1
2015-02-01,-16.75,-69.71,0,0.07166435,0.0370896845962395,2.941745017311628,0.0443538606326502,0.9203115192392664,1
2015-02-02,-16.75,-69.71,0,0.18273464,0.1028834350111265,3.299630797036803,0.0358646403361068,1.0724592461804874,1
2015-02-03,-16.75,-69.71,1,0.16185765,0.0963018377206347,2.16303359679876,0.0788590953560676,0.7324995606549685,1
2015-02-04,-16.75,-69.71,0,0.55261505,0.3802433979224247,0.6276790658868664,0.3668229362865611,0.503501501607857,1
2015-02-05,-16.75,-69.71,1,0.48004496,0.4126282275406533,1.8388467871086835,0.1949187145528623,0.8171769125513082,1
2015-02-06,-16.75,-69.71,1,0.4350987,0.5033302406923792,-0.5729222360790629,0.6907128549365901,0.197461558302075,0
2015-02-07,-16.75,-69.71,0,0.47517714,0.4083652616337216,1.653738149353058,0.4617096407027664,0.8126895672732151,1
2015-02-08,-16.75,-69.71,0,0.2094766,0.1269908812249028,2.543552094030944,0.1752785648352518,0.886362497421314,1
2015-02-09,-16.75,-69.71,0,0.0536219,0.0567827101247034,2.716802905947112,0.0804642337253179,0.8585768305541378,1
2015-02-10,-16.75,-69.71,0,0.0146578,0.0270122130736662,3.3014805820732955,0.0223807518675979,1.0047201076102414,1
2015-02-11,-16.75,-69.71,0,0.0047444794,0.017866333013965,3.76918195368777,0.0148141153564671,1.1387140196004175,1
2015-02-12,-16.75,-69.71,0,0.007362675,0.0151722462406139,3.486587096428584,0.0109783865481572,1.0534150579863293,1
2015-02-13,-16.75,-69.71,0,0.060587674,0.076141803112652,3.0897150798290087,0.0855043477841478,0.9774200563280625,1
2015-02-14,-16.75,-69.71,0,0.030753471,0.027445881415122,3.486767585457234,0.03413904332408,1.0675733018850107,1
2015-02-15,-16.75,-69.71,0,0.06715048,0.1151351999623893,3.716007155761074,0.0109323259759334,1.1601607959159868,1
2015-02-16,-16.75,-69.71,0,0.4146804,0.1058765069829609,3.8482179476625378,0.0436454138148251,1.3087738884583182,1
2015-02-17,-16.75,-69.71,0,0.027813872,0.0224752102082955,3.598852485621052,0.0258744110666992,1.0976698315413147,1
2015-02-18,-16.75,-69.71,1,0.4766288,0.3304324938977505,2.792233972835346,0.1800135714723448,1.082748044924623,1
2015-02-19,-16.75,-69.71,1,0.8663548,0.832359917342543,-0.9736184966856994,0.6567545434650087,0.2656437831558005,0
2015-02-20,-16.75,-69.71,1,0.96933526,0.9481709699388268,-3.252182521599876,0.949640382914038,-0.30529190790938987,0
2015-02-21,-16.75,-69.71,0,0.81832576,0.806489840095479,-2.6395590769804302,0.9400776178270146,-0.19705650350963025,0
2015-02-22,-16.75,-69.71,0,0.44073203,0.5229691585486459,0.2603741476914952,0.6237049207317468,0.4396666691635271,0
2015-02-23,-16.75,-69.71,0,0.15919489,0.2191331215017597,1.779251129905595,0.2752581359701982,0.68041205746607,1
2015-02-24,-16.75,-69.71,0,0.28846654,0.187816853537873,2.447648717807215,0.043925166059429,0.867182981261625,1
2015-02-25,-16.75,-69.71,1,0.43950507,0.2190535768014501,2.0309835766371025,0.0419765428573582,0.7933526179228924,1
2015-02-26,-16.75,-69.71,0,0.8001851,0.6283997311143401,-1.338337530367015,0.3753305376333776,0.039300324639439,0
2015-02-27,-16.75,-69.71,1,0.1682089,0.2181830830905565,0.178881379526739,0.3303434974885095,0.2138323999738349,0
2015-02-28,-16.75,-69.71,1,0.7645794,0.6695842295585892,1.681865013560781,0.6315924959781657,0.9941686691755853,1
2015-03-01,-16.75,-69.71,0,0.71017736,0.6984378234106543,-1.6141984784715449,0.7528408822054034,0.019049405581748086,0
2015-03-02,-16.75,-69.71,0,0.26238808,0.2762290667240015,1.137425167136248,0.1590271293787977,0.5069952133614343,1
2015-03-03,-16.75,-69.71,1,0.44499,0.298175913925485,1.0223265552083192,0.2011999828312869,0.5400701459138502,1
2015-03-04,-16.75,-69.71,0,0.17521991,0.1599732878508229,-0.0607803704815199,0.2852493185175455,0.1233763831292177,0
2015-03-05,-16.75,-69.71,0,0.060975533,0.0837319575047225,2.953309965576023,0.0341629126740959,0.9278646236085706,1
2015-03-06,-16.75,-69.71,0,0.06698197,0.10188662966465,2.902494872109621,0.0862761012379095,0.928475598813398,1
2015-03-07,-16.75,-69.71,0,0.011628061,0.0204470508533274,3.444453980254647,0.017595070909414,1.0444330367289423,1
2015-03-08,-16.75,-69.71,0,0.029725458,0.0332066355193855,3.5926685371536955,0.0480321570053879,1.102965957051063,1
2015-03-09,-16.75,-69.71,0,0.010685911,0.0230592177763641,3.828071731950236,0.0191877589912076,1.160076688238585,1
2015-03-10,-16.75,-69.71,0,0.061882824,0.0390313742174046,3.222885648682828,0.0738403126360667,1.0080048791755427,1
2015-03-11,-16.75,-69.71,0,0.030596374,0.0557130927092498,3.928765802677298,0.0255290272840258,1.2040570770018444,1
2015-03-12,-16.75,-69.71,1,0.08222141,0.1332999616749456,3.403361330245874,0.0656545169545107,1.0854657177996534,1
2015-03-13,-16.75,-69.71,0,0.58179224,0.3654022433041394,2.379573716372399,0.1672242126775144,0.9949350781080503,1
2015-03-14,-16.75,-69.71,0,0.3154492,0.1795676540759712,1.4472000037242778,0.2520962900237148,0.6151275499372205,1
2015-03-15,-16.75,-69.71,1,0.32502565,0.284231784162374,1.6039339461185531,0.4001496877295751,0.7155641732139557,1
2015-03-16,-16.75,-69.71,0,0.55622774,0.483142938607715,0.9776629525184064,0.5009744431794493,0.6569906841129548,1
2015-03-17,-16.75,-69.71,0,0.16803306,0.1289779248040505,1.689358190007393,0.1847276848954165,0.6199584969421114,1
2015-03-18,-16.75,-69.71,0,0.015759844,0.0668534948889108,2.613052807120649,0.0194856207243843,0.8059116184588537,1
2015-03-19,-16.75,-69.71,0,0.02312723,0.0273009925821612,3.251063171155736,0.0459348843674546,0.9969042957366439,1
2015-03-20,-16.75,-69.71,0,0.044311874,0.0349756712774019,3.346806078982563,0.0278110379739977,1.029892727745049,1
2015-03-21,-16.75,-69.71,0,0.07464383,0.0673600286073456,2.933225025130591,0.0634297137762828,0.928518605015903,1
2015-03-22,-16.75,-69.71,0,0.10057525,0.1185161721056663,3.557901800091957,0.0391998555698124,1.1290863205626827,1
2015-03-23,-16.75,-69.71,0,0.08950897,0.1081581810843621,3.5983507564556927,0.0520264744711288,1.138394849047806,1
2015-03-24,-16.75,-69.71,0,0.17862952,0.1509346885254793,1.474741871139139,0.2347335105825828,0.5731450571633541,1
2015-03-25,-16.75,-69.71,0,0.21789299,0.1590705882670606,1.4005405563889726,0.3097272154285138,0.5792896246558066,1
2015-03-26,-16.75,-69.71,0,0.22108886,0.1675938541289668,2.1857227360861544,0.3056602662015636,0.8166943028919523,1
2015-03-27,-16.75,-69.71,1,0.45946345,0.3711912136155842,0.8475792010688754,0.4573621117889172,0.5578234604015629,1
2015-03-28,-16.75,-69.71,1,0.8154725,0.7509560121067832,-1.6185553926203056,0.6599555558761847,0.04125744581050192,0
2015-03-29,-16.75,-69.71,1,0.9629206,0.9349268299222844,-4.436364668377281,0.9542831889172664,-0.6641912167452741,0
2015-03-30,-16.75,-69.71,1,0.97045654,0.9560452762471976,-4.294439926619535,0.965202001893123,-0.6129455603577966,0
2015-03-31,-16.75,-69.71,1,0.928149,0.947297176464644,-3.2590474748896203,0.947150483607224,-0.3203800104525125,0
2015-04-01,-16.75,-69.71,0,0.8333891,0.8642438440669135,-4.03660816409125,0.9588958733071814,-0.5963377757525561,0
2015-04-02,-16.75,-69.71,0,0.33214727,0.298729173228417,0.2879220440465989,0.3192319731201548,0.309613023483694,0
2015-04-03,-16.75,-69.71,1,0.79644215,0.6303247827632515,-0.7454028603586854,0.4988621297235331,0.24114916938975128,0
2015-04-04,-16.75,-69.71,1,0.92206824,0.8273880148144235,-2.985134291579993,0.613516804842386,-0.33073885154263594,0
2015-04-05,-16.75,-69.71,1,0.9600965,0.8907856048311846,-3.543351366077242,0.868199253421558,-0.4231794881726242,0
2015-04-06,-16.75,-69.71,1,0.9087847,0.9121391134592072,-2.5201809033445914,0.8612559740370388,-0.12873984350412823,0
2015-04-07,-16.75,-69.71,1,0.87617254,0.8456743498685216,-1.853312922042924,0.8362048338005786,0.043233722120942814,0
2015-04-08,-16.75,-69.71,0,0.94366926,0.9585488094809388,-3.335406164382249,0.9260186654031594,-0.340607576337855,0
2015-04-09,-16.75,-69.71,0,0.7351748,0.5997522356741574,-1.263375279938915,0.6213080184407159,0.08575190684130013,0
2015-04-10,-16.75,-69.71,0,0.22130197,0.1483277218048259,-0.2683996302247735,0.311001591170054,0.07773656452754393,0
2015-04-11,-16.75,-69.71,0,0.13188894,0.117478311521086,1.85410023343002,0.1549287769726776,0.6502781697277588,1
2015-04-12,-16.75,-69.71,0,0.23102371,0.1159475537086706,1.3032686486480027,0.2678309183171792,0.5370434019995708,1
2015-04-13,-16.75,-69.71,0,0.16291033,0.1194451287311556,2.323906956478699,0.0979189386906316,0.7895179994279671,1
2015-04-14,-16.75,-69.71,1,0.22332041,0.1752634095174593,0.8634322046425285,0.240440326125464,0.4091665315213432,0
2015-04-15,-16.75,-69.71,1,0.8905792,0.8240689022428525,-1.7590952223439231,0.6694434528677479,0.03814766431894315,0
2015-04-16,-16.75,-69.71,1,0.951207,0.9051058486555617,-3.6151711356779326,0.9324449719847392,-0.43167907657531956,0
2015-04-17,-16.75,-69.71,1,0.84370255,0.8379415942192615,-1.6262363383252951,0.8062353914315397,0.09407526063257177,0
2015-04-18,-16.75,-69.71,1,0.6895054,0.7345502775885386,-2.372457458609216,0.9014609130435256,-0.17768337945635196,0
2015-04-19,-16.75,-69.71,0,0.7412534,0.6731768732806251,0.8902252700956672,0.5844711577534256,0.7409732072355103,1
2015-04-20,-16.75,-69.71,0,0.55292135,0.346263967853782,0.7084353933132913,0.5808591256255282,0.5638316416898494,1
2015-04-21,-16.75,-69.71,1,0.26138037,0.1711171881941535,-0.299399113827783,0.3957181654838632,0.10196144758726844,0
2015-04-22,-16.75,-69.71,0,0.8958465,0.8528422767803597,-0.139895006104485,0.6976647568954704,0.5368868549038205,1
2015-04-23,-16.75,-69.71,0,0.33154893,0.2406486228819427,-0.7822332392051501,0.4629213688145346,0.0055087055777504335,0
2015-04-24,-16.75,-69.71,0,0.16453479,0.1090028485640589,1.6054617326610747,0.1578549297698231,0.5843705124650987,1
2015-04-25,-16.75,-69.71,0,0.270775,0.1255784341910443,2.444537026284693,0.0565313194745022,0.8510155586185172,1
2015-04-26,-16.75,-69.71,1,0.5489075,0.2128585421336004,1.0306800121343491,0.1562911117476823,0.5477061844165613,1
2015-04-27,-16.75,-69.71,0,0.625863,0.478176097916753,-1.398055738103843,0.5399566377170688,-0.028031274304388523,0
2015-04-28,-16.75,-69.71,1,0.43271858,0.2479260450831393,1.160709161860927,0.3464141556626519,0.5968963627074364,1
2015-04-29,-16.75,-69.71,1,0.8895327,0.761327171753219,0.286782536422856,0.6890844644017294,0.6429768981578465,1
2015-04-30,-16.75,-69.71,1,0.90426326,0.8395380829977735,-1.8959925104607511,0.7554075061339031,0.021470342688110017,0
2015-05-01,-16.75,-69.71,1,0.96488845,0.95213000726159,-3.3476900353321937,0.9142531910533944,-0.3415638359366612,0
2015-05-02,-16.75,-69.71,1,0.95235556,0.9467833765297792,-3.2165779514337105,0.917145191970098,-0.30648100373013765,0
2015-05-03,-16.75,-69.71,1,0.99694306,0.9865134321358292,-7.955022852701493,0.9974916011120644,-1.6906229311608691,0
2015-05-04,-16.75,-69.71,1,0.99806625,0.99470973340945,-8.06769836150192,0.9987007101527444,-1.722207544738137,0
2015-05-05,-16.75,-69.71,1,0.9960848,0.9960001573132076,-6.902339248683918,0.9981548774550554,-1.3730453276515227,0
2015-05-06,-16.75,-69.71,1,0.99589795,0.9961610633543404,-7.783993875895163,0.9988944471872724,-1.6374176756602266,0
2015-05-07,-16.75,-69.71,1,0.99556595,0.9957279402084872,-6.864202978630156,0.9963898871178464,-1.36216754312378,0
2015-05-08,-16.75,-69.71,1,0.9744941,0.9694408847626788,-5.210674735005763,0.9829233590006596,-0.880381341749061,0
2015-05-09,-16.75,-69.71,1,0.9875544,0.9826482500033497,-5.95890337863693,0.9853486846477024,-1.0978053066608686,0
2015-05-10,-16.75,-69.71,1,0.9886014,0.9796959584103516,-6.478490947516406,0.9886698365876592,-1.2532937052553195,0
2015-05-11,-16.75,-69.71,1,0.9950197,0.9949476425402972,-8.01321676233921,0.9976761866672732,-1.7069343528602492,0
2015-05-12,-16.75,-69.71,1,0.99663347,0.996787668617124,-7.459174899590451,0.9977758721673988,-1.5398497207202309,0
2015-05-13,-16.75,-69.71,1,0.99721897,0.9956254936581872,-8.480617217791632,0.9991487641308288,-1.8460646227796862,0
2015-05-14,-16.75,-69.71,1,0.998097,0.998116386306226,-8.452405720913331,0.9991517586107248,-1.8368389872906092,0
2015-05-15,-16.75,-69.71,1,0.99682826,0.997637096297939,-8.103876249759095,0.9989680981135948,-1.7327933580454218,0
2015-05-16,-16.75,-69.71,1,0.9966233,0.9981194014546964,-8.614770617658609,0.9993609377651856,-1.8859481274536063,0
2015-05-17,-16.75,-69.71,1,0.9727453,0.956251998025564,-5.519875191802615,0.9808825417335132,-0.9767120595889691,0
2015-05-18,-16.75,-69.71,1,0.9906816,0.9843979715664452,-6.459237166631484,0.9883994098298804,-1.24600719371018,0
2015-05-19,-16.75,-69.71,1,0.9976782,0.9888557863680276,-8.460965451014962,0.9970990833571362,-1.8417952013594556,0
2015-05-20,-16.75,-69.71,1,0.99907506,0.998400746183796,-9.445032283168864,0.9994310830125128,-2.1342208011113977,0
2015-05-21,-16.75,-69.71,1,0.99914944,0.9988165439791072,-9.55022492918146,0.9997438945707976,-2.1656105590444574,0
2015-05-22,-16.75,-69.71,1,0.99921227,0.9988475482300676,-10.307245056893905,0.9998763117120258,-2.392665064079752,0
2015-05-23,-16.75,-69.71,1,0.99906546,0.998989011994708,-11.339235821283834,0.9999428301152116,-2.702264739963166,0
2015-05-24,-16.75,-69.71,1,0.9992186,0.9991005888821702,-12.609809420803614,0.999979546505402,-3.0833612191635695,0
2015-05-25,-16.75,-69.71,1,0.99554366,0.9729009505680412,-11.071797795630648,0.9999418302244202,-2.628307684530702,0
2015-05-26,-16.75,-69.71,1,0.99808747,0.9985587117879332,-7.707262074629021,0.9997849277953588,-1.6130836534720479,0
2015-05-27,-16.75,-69.71,1,0.98650485,0.9817656265479072,-6.756158909307781,0.9912759610825204,-1.3362879002662489,0
2015-05-28,-16.75,-69.71,1,0.99748814,0.9938157803444564,-9.688926045884628,0.998866326963616,-2.208894950303774,0
2015-05-29,-16.75,-69.71,1,0.99919313,0.9966790446527805,-10.489932714922364,0.9994187221454158,-2.44800232211707,0
2015-05-30,-16.75,-69.71,1,0.99948055,0.998895080010948,-11.923018029153583,0.9999345888098627,-2.8772953099819123,0
2015-05-31,-16.75,-69.71,1,0.999297,0.9990895854838534,-11.343891528194312,0.999944015946669,-2.703571638172189,0
2015-06-01,-16.75,-69.71,1,0.99800473,0.996265628886672,-8.081792886253576,0.9993206611459812,-1.7260191888695418,0
2015-06-02,-16.75,-69.71,1,0.9981463,0.9973131928679344,-9.145908877685931,0.999577684599931,-2.0449505978122064,0
2015-06-03,-16.75,-69.71,1,0.99850094,0.9981542747692768,-9.37151106321237,0.9992794394635416,-2.112416294117148,0
2015-06-04,-16.75,-69.71,1,0.99860746,0.9986380920216508,-9.671889701637417,0.9996222331632724,-2.20233260745424,0
2015-06-05,-16.75,-69.71,1,0.99728966,0.996777491384888,-7.9631688230803,0.9983797076936832,-1.6907323091083761,0
2015-06-06,-16.75,-69.71,1,0.9990626,0.9971098906073071,-12.066279603094967,0.9999353916824912,-2.9207560444705303,0
2015-06-07,-16.75,-69.71,1,0.9994116,0.9987447365828764,-13.370734178393024,0.9999813304905474,-3.311651560103222,0
2015-06-08,-16.75,-69.71,1,0.9993704,0.999181112408718,-13.92077980170742,0.9999957024179436,-3.4765874575468936,0
2015-06-09,-16.75,-69.71,1,0.99953663,0.9991990008332724,-13.738858994543548,0.9999961708385756,-3.4219576750286946,0
2015-06-10,-16.75,-69.71,1,0.99954236,0.9991990008332724,-12.40105126012243,0.9999885656189637,-3.020615156746281,0
2015-06-11,-16.75,-69.71,1,0.9993399,0.9991061980644969,-10.285973439002955,0.9999078010470224,-2.386187261878583,0
2015-06-12,-16.75,-69.71,1,0.99938357,0.9990394506583904,-12.09290097646371,0.9999600430087338,-2.928255323205688,0
2015-06-13,-16.75,-69.71,1,0.99951124,0.9990055206952984,-13.158311635415869,0.9999776423078784,-3.2478434860241254,0
2015-06-14,-16.75,-69.71,1,0.9995148,0.9991990008332724,-12.29991916224012,0.9999745609706516,-2.990286596311251,0
2015-06-15,-16.75,-69.71,1,0.9995414,0.9991990008332724,-13.38866902432572,0.9999915573166028,-3.3169001756677403,0
2015-06-16,-16.75,-69.71,1,0.9995425,0.9992009542921156,-12.48862878362451,0.9999822803466224,-3.0468892381596047,0
2015-06-17,-16.75,-69.71,1,0.999126,0.9991447090435034,-10.471468838962831,0.9999135714280336,-2.441891195594542,0
2015-06-18,-16.75,-69.71,1,0.9984884,0.998596332205445,-9.659058296743414,0.999766222218398,-2.198498458138255,0
2015-06-19,-16.75,-69.71,1,0.9993424,0.9988533315316466,-12.179222660337867,0.9999389884222194,-2.9542056141105872,0
2015-06-20,-16.75,-69.71,1,0.99898666,0.998932880326978,-10.6263921275554,0.9998217350863288,-2.4884707171839584,0
2015-06-21,-16.75,-69.71,1,0.9992849,0.9990950439663452,-11.254715994267134,0.99993083066621,-2.6768241533536288,0
2015-06-22,-16.75,-69.71,1,0.9993155,0.9990236133300016,-11.715404077911176,0.9999423714894764,-2.815033376409457,0
2015-06-23,-16.75,-69.71,1,0.99949944,0.9991470738161228,-11.819362118299216,0.9999571392267136,-2.8461379608811974,0
2015-06-24,-16.75,-69.71,1,0.99950325,0.9991447090435034,-10.994797232550416,0.999926931156513,-2.5987738667251215,0
2015-06-25,-16.75,-69.71,1,0.99955887,0.999142836734947,-10.90079126619931,0.9999160195344916,-2.570557947605905,0
2015-06-26,-16.75,-69.71,1,0.9994024,0.9990760691156144,-10.247746166077604,0.999828198250346,-2.3747222763500893,0
2015-06-27,-16.75,-69.71,1,0.99916196,0.9990037377429256,-10.586561990718469,0.9998552594874204,-2.4764482097694716,0
2015-06-28,-16.75,-69.71,1,0.9993401,0.9989879356611204,-11.57820450858922,0.99992802932757,-2.773876129579028,0
2015-06-29,-16.75,-69.71,1,0.9994248,0.9990992572852376,-12.61195951531635,0.9999738570053848,-3.08394579173678,0
2015-06-30,-16.75,-69.71,1,0.99941397,0.9992138414354552,-13.286635391328874,0.9999891944281288,-3.2863258192259455,0
2015-07-01,-16.75,-69.71,1,0.99944204,0.9992138414354552,-13.345181785422543,0.9999913184715394,-3.3038808916453637,0
2015-07-02,-16.75,-69.71,1,0.9994357,0.9991841339400256,-13.313111160103071,0.9999923718709264,-3.2942673368687307,0
2015-07-03,-16.75,-69.71,1,0.9975309,0.9891165822130702,-12.802654212672994,0.9999883503286252,-3.1437160072935595,0
2015-07-04,-16.75,-69.71,1,0.9971896,0.9909869227544106,-8.288886907756309,0.9999069389766336,-1.7893304199806837,0
2015-07-05,-16.75,-69.71,1,0.97070307,0.9353014083667984,-6.133814537945233,0.9919835438929132,-1.1634764499316275,0
2015-07-06,-16.75,-69.71,1,0.9920534,0.9867325456978236,-9.042845698868511,0.9957764408930296,-2.0187358923423826,0
2015-07-07,-16.75,-69.71,1,0.9977683,0.988050933841633,-10.723654783337755,0.9988414007325248,-2.520387478086495,0
2015-07-08,-16.75,-69.71,1,0.9983113,0.9983064274731612,-10.204753982795872,0.9996050574911596,-2.3623505078458975,0
2015-07-09,-16.75,-69.71,1,0.99934953,0.9988414302085916,-14.928936307342466,0.999996339758301,-3.779108479209361,0
2015-07-10,-16.75,-69.71,1,0.99937254,0.9990203612974814,-16.410603807914207,0.9999995434790676,-4.223565399418952,0
2015-07-11,-16.75,-69.71,1,0.99957854,0.9992138414354552,-16.65684544471696,0.999999878881079,-4.297337327351781,0
2015-07-12,-16.75,-69.71,1,0.9995839,0.9992138414354552,-16.61293352574637,0.999999884084732,-4.2841621426198735,0
2015-07-13,-16.75,-69.71,1,0.9994271,0.9992138414354552,-16.832443372362853,0.9999998789071332,-4.3500621376403386,0
2015-07-14,-16.75,-69.71,1,0.9993648,0.9991957868828388,-15.89519266415484,0.999999649591878,-4.068909271951509,0
2015-07-15,-16.75,-69.71,1,0.9993268,0.9991957868828388,-13.099004457315717,0.9999947964721172,-3.2300651805237237,0
2015-07-16,-16.75,-69.71,1,0.98351085,0.9747088180476496,-8.149518436661491,0.9971675048228322,-1.755427011424351,0
2015-07-17,-16.75,-69.71,1,0.9989761,0.9931527115606174,-13.669772041176664,0.999946477524158,-3.4026189445360435,0
2015-07-18,-16.75,-69.71,1,0.99947697,0.9951961416286212,-14.11277402007035,0.9999695256868992,-3.5349559815580007,0
2015-07-19,-16.75,-69.71,1,0.9994499,0.9991841339400256,-13.270385918578,0.9999922096422263,-3.2814455368569497,0
2015-07-20,-16.75,-69.71,1,0.9994597,0.9992138414354552,-13.005862411558892,0.9999929288222572,-3.202079459416125,0
2015-07-21,-16.75,-69.71,1,0.99944204,0.9992138414354552,-13.66824804642046,0.9999948204942304,-3.400800069540201,0
2015-07-22,-16.75,-69.71,1,0.9996228,0.9992138414354552,-13.781525994230805,0.999994957019606,-3.434729198578229,0
2015-07-23,-16.75,-69.71,1,0.9990482,0.9983326395505476,-11.99637483725541,0.999978191694836,-2.8995358249275456,0
2015-07-24,-16.75,-69.71,1,0.99873954,0.9990068824484268,-10.654145576646703,0.9999209968396696,-2.4968362351363917,0
2015-07-25,-16.75,-69.71,1,0.99915826,0.9990556190698228,-10.7235140322297,0.9998813625592295,-2.5175193353430996,0
2015-07-26,-16.75,-69.71,1,0.99915826,0.9990489726184286,-10.71881343056924,0.9998563819723156,-2.516115480252623,0
2015-07-27,-16.75,-69.71,1,0.9993754,0.999093287111786,-11.573624030719255,0.9999271727350364,-2.7724704972464123,0
2015-07-28,-16.75,-69.71,1,0.99957174,0.9991223400704984,-11.283698588810696,0.9999176826047808,-2.6854300501081525,0
2015-07-29,-16.75,-69.71,1,0.9995685,0.9989150873284232,-11.104479960247197,0.9999259949494812,-2.631705221618578,0
2015-07-30,-16.75,-69.71,1,0.9995515,0.9991404491059538,-11.25892882053588,0.9999352585383182,-2.6779980546319098,0
2015-07-31,-16.75,-69.71,1,0.99955875,0.9991404491059538,-12.170377181219449,0.999965716682169,-2.95142429620821,0
2015-08-01,-16.75,-69.71,1,0.99953187,0.9990489838892296,-12.08537685904076,0.9999668533818749,-2.925950329258007,0
2015-08-02,-16.75,-69.71,1,0.99953413,0.9991177049674056,-11.545854807796877,0.9999580847763886,-2.764081045390304,0
2015-08-03,-16.75,-69.71,1,0.9995664,0.9991157515085624,-12.589910126216225,0.999979336220018,-3.0772841003191513,0
2015-08-04,-16.75,-69.71,1,0.99938095,0.9987783407002082,-12.46636948123392,0.999978341494782,-3.040345222931178,0
2015-08-05,-16.75,-69.71,1,0.9993787,0.9989316416534716,-10.925506432751174,0.9999384334690484,-2.5780643048008485,0
2015-08-06,-16.75,-69.71,1,0.9989768,0.9981783780950976,-12.350672070410935,0.999971901545246,-3.0058785251952114,0
2015-08-07,-16.75,-69.71,1,0.9995234,0.9989383795385222,-12.58614988756218,0.99997316919065,-3.0762056365228188,0
2015-08-08,-16.75,-69.71,1,0.99912363,0.998900906163084,-11.69859038735645,0.999965055267702,-2.8100668349207774,0
2015-08-09,-16.75,-69.71,1,0.999522,0.9990232561933106,-11.501851885954698,0.999956364178098,-2.7509030417121276,0
2015-08-10,-16.75,-69.71,1,0.9984091,0.9973308656130524,-8.970331577357598,0.999540977920526,-1.9922023745005637,0
2015-08-11,-16.75,-69.71,1,0.9923161,0.965193582685989,-15.973899227734456,0.999998645911166,-4.1014364926009055,0
2015-08-12,-16.75,-69.71,1,0.9988293,0.998170449400844,-6.600444502418204,0.9999078180129976,-1.280868907242693,0
2015-08-13,-16.75,-69.71,1,0.865872,0.7504114687393054,-6.765327145277436,0.995782477118748,-1.42059775441162,0
2015-08-14,-16.75,-69.71,1,0.97010934,0.9399751577915152,-4.59272762239838,0.9725165540494006,-0.7042871423513308,0
2015-08-15,-16.75,-69.71,1,0.9954739,0.9815390000476528,-9.732730581466743,0.9911858067652776,-2.2266320430774367,0
2015-08-16,-16.75,-69.71,1,0.9987643,0.9945405716998832,-12.859898659017135,0.9998433342245304,-3.1594635265202577,0
2015-08-17,-16.75,-69.71,1,0.9992607,0.998489168719328,-11.757141634936607,0.999918495360844,-2.827682747664948,0
2015-08-18,-16.75,-69.71,1,0.9901624,0.9793846067136373,-9.136522841510274,0.9998090561598952,-2.0480693998783757,0
2015-08-19,-16.75,-69.71,0,0.99689364,0.9967241961127854,-3.1893668794570744,0.9990262681561328,-0.2585918789833386,0
2015-08-20,-16.75,-69.71,1,0.9351764,0.7523023633150174,-3.906257774227964,0.8282250015052498,-0.5752189393043355,0
2015-08-21,-16.75,-69.71,1,0.9917605,0.7938030511594235,-10.895951126802412,0.9989439347361392,-2.6127077908616116,0
2015-08-22,-16.75,-69.71,1,0.9912778,0.968878951691686,-5.456785934359238,0.9956383772749912,-0.9467489745144357,0
2015-08-23,-16.75,-69.71,1,0.98828644,0.9753135202167812,-6.068722610641094,0.9870970757369354,-1.131648732001585,0
2015-08-24,-16.75,-69.71,1,0.99854064,0.9927045451417728,-9.848861165958487,0.9989681381134532,-2.2567616211365005,0
2015-08-25,-16.75,-69.71,1,0.99649787,0.9945223313809044,-8.681751157891119,0.9979902245428534,-1.907073475182584,0
2015-08-26,-16.75,-69.71,1,0.99923277,0.997896619863437,-13.822978408925255,0.999990006003078,-3.4475463665042736,0
2015-08-27,-16.75,-69.71,1,0.9989843,0.9982543098132052,-12.294200541789488,0.9999728438886416,-2.9889194417964773,0
2015-08-28,-16.75,-69.71,1,0.99925965,0.9984912044325251,-13.650799762507855,0.9999966163175484,-3.3957644696023412,0
2015-08-29,-16.75,-69.71,1,0.9995024,0.9984912044325251,-14.959622475642169,0.9999981203726596,-3.7883381577316126,0
2015-08-30,-16.75,-69.71,1,0.9993692,0.9979134204338044,-12.007040373805602,0.9999829626462337,-2.9027220755256726,0
2015-08-31,-16.75,-69.71,1,0.99941754,0.9978970737666678,-12.679886485413382,0.9999896397373156,-3.104563340923218,0
2015-09-01,-16.75,-69.71,1,0.9987889,0.9974586817403402,-12.245419362503092,0.9999707071261078,-2.974503260977638,0
2015-09-02,-16.75,-69.71,1,0.9818512,0.9893102787523098,-10.321676898956246,0.9998789911235332,-2.4041098557117055,0
2015-09-03,-16.75,-69.71,1,0.91847914,0.9605138820851192,-5.889033800574385,0.9982563553976724,-1.0994123506757574,0
2015-09-04,-16.75,-69.71,0,0.8854243,0.8963512914492096,-3.694737069708252,0.9834110113652113,-0.4668413703495913,0
2015-09-05,-16.75,-69.71,1,0.8416697,0.7251083268448384,-3.2290832627045214,0.7716725091237278,-0.41686790161764314,0
2015-09-06,-16.75,-69.71,1,0.91972977,0.8380392022826778,-4.86064644655646,0.8168967633141215,-0.8512878098475781,0
2015-09-07,-16.75,-69.71,1,0.99044144,0.9439154598313724,-8.14733254768593,0.986957072674359,-1.7608928258046328,0
2015-09-08,-16.75,-69.71,1,0.9986803,0.9918211594004138,-11.396212112499695,0.9997430025826662,-2.7209467113532924,0
2015-09-09,-16.75,-69.71,1,0.9990953,0.9975302814086122,-12.847806197440432,0.9999807897545456,-3.155111054999498,0
2015-09-10,-16.75,-69.71,1,0.9993961,0.998003031862305,-12.386295447837233,0.9999887333523046,-3.016471451308248,0
2015-09-11,-16.75,-69.71,1,0.99922085,0.9979556456626436,-12.196183168858754,0.9999885113600874,-2.9594998642530803,0
2015-09-12,-16.75,-69.71,1,0.99927324,0.9979556456626436,-13.118716892673444,0.9999924174292346,-3.2362434831836575,0
2015-09-13,-16.75,-69.71,1,0.9991671,0.997949103427642,-11.914730700980911,0.9999774679073342,-2.875083766027278,0
2015-09-14,-16.75,-69.71,1,0.9992004,0.9973044250116004,-12.043822521130124,0.9999791218651488,-2.913929926963687,0
2015-09-15,-16.75,-69.71,1,0.9990969,0.9973114905376356,-10.88033867415266,0.9999171470887562,-2.56492680472052,0
2015-09-16,-16.75,-69.71,1,0.9987613,0.9973114905376356,-10.58296434386166,0.9998922077786008,-2.4758201734952503,0
2015-09-17,-16.75,-69.71,1,0.998563,0.9974465268605176,-10.095147697511225,0.9997713305631551,-2.329531837768633,0
2015-09-18,-16.75,-69.71,1,0.9824327,0.9837194098612262,-8.387924119534647,0.9990960837262134,-1.8250843271429062,0
2015-09-19,-16.75,-69.71,0,0.9851109,0.9796692737413508,-3.564528037638833,0.9918599776218792,-0.3795192910190039,0
2015-09-20,-16.75,-69.71,1,0.910338,0.6691781000250274,-3.9597668560362966,0.7096342162183609,-0.6390661935622113,0
2015-09-21,-16.75,-69.71,1,0.97379476,0.9602534647721392,-6.8057142196884906,0.9682911183038332,-1.3638669212913528,0
2015-09-22,-16.75,-69.71,1,0.9911039,0.9742442948446048,-8.912922112472975,0.9958375064039106,-1.9825291034921892,0
2015-09-23,-16.75,-69.71,1,0.9903688,0.9901872249541088,-6.744503868200514,0.9947858817454864,-1.3292458991202347,0
2015-09-24,-16.75,-69.71,1,0.96353644,0.9567387238309792,-4.111484720148604,0.9703304884294812,-0.5589706415924891,0
2015-09-25,-16.75,-69.71,1,0.8861328,0.8624594465447452,-2.8761447024218127,0.8157805624536237,-0.26135556892686995,0
2015-09-26,-16.75,-69.71,1,0.9766149,0.9526051940591443,-4.79512316564099,0.9594504723370008,-0.7631413464130681,0
2015-09-27,-16.75,-69.71,1,0.9833482,0.9858422689966324,-6.270786600088217,0.98375957876971,-1.1923111504731962,0
2015-09-28,-16.75,-69.71,1,0.9977647,0.9917331334549496,-10.07334826296506,0.9996082928732276,-2.3244067836238824,0
2015-09-29,-16.75,-69.71,1,0.9988305,0.9967082120536372,-9.677101132750396,0.999718950668851,-2.2041957572806212,0
2015-09-30,-16.75,-69.71,1,0.9987155,0.997447057379002,-10.713278029233406,0.9999419643836384,-2.5148909544174933,0
2015-10-01,-16.75,-69.71,1,0.9976235,0.997232261957128,-9.266808012648925,0.9997477636817454,-2.0813593486669024,0
2015-10-02,-16.75,-69.71,1,0.9781748,0.9042781025191988,-10.62631083165678,0.9999132652430396,-2.513602535944586,0
2015-10-03,-16.75,-69.71,1,0.9457294,0.9781146857918752,-2.541739483623949,0.9940624909353444,-0.08436758974174077,0
2015-10-04,-16.75,-69.71,1,0.92874473,0.895818707748373,-2.735061433883358,0.9397522215749816,-0.17478082530033642,0
2015-10-05,-16.75,-69.71,1,0.8930925,0.8495502298941768,-5.042685860796305,0.8446328245131863,-0.9060413973574188,0
2015-10-06,-16.75,-69.71,1,0.9744118,0.9602412903070524,-6.552333104266702,0.94546480182406,-1.2922351728537882,0
2015-10-07,-16.75,-69.71,1,0.9818147,0.9837143516878654,-6.364626941213031,0.9794677213229512,-1.2222072577617462,0
2015-10-08,-16.75,-69.71,1,0.99339443,0.9892760016122388,-7.664924505336915,0.9971281852285636,-1.6041781852329138,0
2015-10-09,-16.75,-69.71,1,0.99251306,0.9943475240413596,-7.248725298869337,0.9978892550803916,-1.4784163158364507,0
2015-10-10,-16.75,-69.71,1,0.99781173,0.9963170360653146,-9.399452584904958,0.9997093347366658,-2.1212869823110916,0
2015-10-11,-16.75,-69.71,1,0.99813336,0.9966526893926364,-10.595591902323306,0.9998571729166864,-2.479935590235127,0
2015-10-12,-16.75,-69.71,1,0.9986382,0.9973754079651777,-9.638186484801643,0.9997716697391472,-2.1924350698996284,0
2015-10-13,-16.75,-69.71,1,0.9986002,0.996352418506637,-11.990232750108984,0.9999678618482278,-2.8982257089617223,0
2015-10-14,-16.75,-69.71,1,0.99907994,0.997189761606886,-12.967226232397202,0.9999852672732892,-3.1910088819431253,0
2015-10-15,-16.75,-69.71,1,0.99681085,0.9827072435198524,-13.142164085881172,0.9999932559137652,-3.247065870877628,0
2015-10-16,-16.75,-69.71,1,0.9992017,0.9978904156751954,-8.889419104170672,0.9999852701956238,-1.9674900840770377,0
2015-10-17,-16.75,-69.71,1,0.9618483,0.94111221971163,-6.796134650739256,0.9930885956352936,-1.3634457421523916,0
2015-10-18,-16.75,-69.71,0,0.892738,0.888480077132956,-5.233548610122482,0.9424143496932248,-0.9360642976715086,0
2015-10-19,-16.75,-69.71,1,0.66640717,0.5558610743991088,-3.277049966290198,0.3731639505294906,-0.5973878339013395,0
2015-10-20,-16.75,-69.71,1,0.6674174,0.4327957149286003,-3.753525531440349,0.7448236038480114,-0.6903085756767822,0
2015-10-21,-16.75,-69.71,1,0.75142807,0.5548062035771718,-0.3820236922900604,0.4566516134034166,0.31311287670909954,0
2015-10-22,-16.75,-69.71,1,0.9197424,0.8648054874717875,-2.9998612862891894,0.7257047955586988,-0.3059336092806596,0
2015-10-23,-16.75,-69.71,1,0.8671936,0.8248038885906588,-6.706096409589418,0.9882422754448856,-1.389061610069716,0
2015-10-24,-16.75,-69.71,0,0.8278638,0.7899764163749053,-0.5374650905648714,0.8803702995793389,0.42118895602138745,0
2015-10-25,-16.75,-69.71,0,0.16719685,0.2809104377156149,0.696458657054958,0.4072251029401588,0.39672376024764217,0
2015-10-26,-16.75,-69.71,0,0.1088551,0.1043468446266183,1.7450756081662775,0.1426521781586321,0.6055790170069333,1
2015-10-27,-16.75,-69.71,1,0.29387778,0.1785274840464321,1.331001167078842,0.1134195984952188,0.5458531006319827,1
2015-10-28,-16.75,-69.71,1,0.5062652,0.4602391984703055,-1.1072813910748132,0.3253649772811895,-0.023184022172144908,0
2015-10-29,-16.75,-69.71,1,0.9120877,0.8421437238968876,-2.6488638172574674,0.7010922058468735,-0.21238564922848796,0
