year,month,day,precip,tmax,tmin,estacion,lat,lon,zona,departamento,fecha,amp_termica,helada,day_of_year,tmax_ayer,precip_ayer,amp_termica_ayer,tmin_lag_1,tmin_lag_2,tmin_lag_3,prob_helada_svm
2015,1,2,8.1,13.5,1.0,CHUQUIBAMBILLA,-14.79,-70.72,Norte,PUNO,2015-01-02,12.5,0,2,16.0,0.0,12.5,3.5,7.0,3.5,0.03940035774144084
2015,1,3,25.5,13.0,3.0,CHUQUIBAMBILLA,-14.79,-70.72,Norte,PUNO,2015-01-03,10.0,0,3,13.5,8.1,12.5,1.0,3.5,7.0,0.11013121350953332
2015,1,4,5.7,10.0,1.5,CHUQUIBAMBILLA,-14.79,-70.72,Norte,PUNO,2015-01-04,8.5,0,4,13.0,25.5,10.0,3.0,1.0,3.5,0.04089798162077856
2015,1,5,12.8,14.0,3.5,CHUQUIBAMBILLA,-14.79,-70.72,Norte,PUNO,2015-01-05,10.5,0,5,10.0,5.7,8.5,1.5,3.0,1.0,0.27211940107686
2015,1,6,6.1,15.0,4.0,CHUQUIBAMBILLA,-14.79,-70.72,Norte,PUNO,2015-01-06,11.0,0,6,14.0,12.8,10.5,3.5,1.5,3.0,0.05349766100523735
2015,1,7,0.0,16.0,3.5,CHUQUIBAMBILLA,-14.79,-70.72,Norte,PUNO,2015-01-07,12.5,0,7,15.0,6.1,11.0,4.0,3.5,1.5,0.05051771370682079
2015,1,8,48.6,15.5,2.5,CHUQUIBAMBILLA,-14.79,-70.72,Norte,PUNO,2015-01-08,13.0,0,8,16.0,0.0,12.5,3.5,4.0,3.5,0.05734219632513695
2015,1,9,13.3,14.0,-0.5,CHUQUIBAMBILLA,-14.79,-70.72,Norte,PUNO,2015-01-09,14.5,1,9,15.5,48.6,13.0,2.5,3.5,4.0,0.009699195963842954
2015,1,10,9.2,13.5,3.5,CHUQUIBAMBILLA,-14.79,-70.72,Norte,PUNO,2015-01-10,10.0,0,10,14.0,13.3,14.5,-0.5,2.5,3.5,0.28304843969125637
2015,1,11,22.5,14.0,4.0,CHUQUIBAMBILLA,-14.79,-70.72,Norte,PUNO,2015-01-11,10.0,0,11,13.5,9.2,10.0,3.5,-0.5,2.5,0.09024616943144614
2015,1,12,6.3,13.5,3.0,CHUQUIBAMBILLA,-14.79,-70.72,Norte,PUNO,2015-01-12,10.5,0,12,14.0,22.5,10.0,4.0,3.5,-0.5,0.03308394456261355
2015,1,13,3.3,12.5,4.0,CHUQUIBAMBILLA,-14.79,-70.72,Norte,PUNO,2015-01-13,8.5,0,13,13.5,6.3,10.5,3.0,4.0,3.5,0.0668812240488588
2015,1,14,0.0,16.5,-1.5,CHUQUIBAMBILLA,-14.79,-70.72,Norte,PUNO,2015-01-14,18.0,1,14,12.5,3.3,8.5,4.0,3.0,4.0,0.05293583891884764
2015,1,15,1.3,18.5,-0.5,CHUQUIBAMBILLA,-14.79,-70.72,Norte,PUNO,2015-01-15,19.0,1,15,16.5,0.0,18.0,-1.5,4.0,3.0,0.48622445844534745
2015,1,16,0.0,16.0,3.5,CHUQUIBAMBILLA,-14.79,-70.72,Norte,PUNO,2015-01-16,12.5,0,16,18.5,1.3,19.0,-0.5,-1.5,4.0,0.4357638353971442
2015,1,17,6.1,15.5,3.0,CHUQUIBAMBILLA,-14.79,-70.72,Norte,PUNO,2015-01-17,12.5,0,17,16.0,0.0,12.5,3.5,-0.5,-1.5,0.18823989248594486
2015,1,18,0.0,16.0,2.0,CHUQUIBAMBILLA,-14.79,-70.72,Norte,PUNO,2015-01-18,14.0,0,18,15.5,6.1,12.5,3.0,3.5,-0.5,0.10572616698311417
2015,1,19,12.8,16.5,3.0,CHUQUIBAMBILLA,-14.79,-70.72,Norte,PUNO,2015-01-19,13.5,0,19,16.0,0.0,14.0,2.0,3.0,3.5,0.13558145266047564
2015,1,20,3.8,11.5,5.5,CHUQUIBAMBILLA,-14.79,-70.72,Norte,PUNO,2015-01-20,6.0,0,20,16.5,12.8,13.5,3.0,2.0,3.0,0.05303072767560089
2015,1,21,0.0,15.0,4.5,CHUQUIBAMBILLA,-14.79,-70.72,Norte,PUNO,2015-01-21,10.5,0,21,11.5,3.8,6.0,5.5,3.0,2.0,0.034131325863460536
2015,1,22,4.0,16.0,3.5,CHUQUIBAMBILLA,-14.79,-70.72,Norte,PUNO,2015-01-22,12.5,0,22,15.0,0.0,10.5,4.5,5.5,3.0,0.03284445911459708
2015,1,23,4.3,15.5,3.0,CHUQUIBAMBILLA,-14.79,-70.72,Norte,PUNO,2015-01-23,12.5,0,23,16.0,4.0,12.5,3.5,4.5,5.5,0.03322385406066786
2015,1,24,0.0,16.0,3.5,CHUQUIBAMBILLA,-14.79,-70.72,Norte,PUNO,2015-01-24,12.5,0,24,15.5,4.3,12.5,3.0,3.5,4.5,0.0578555430972057
2015,1,25,0.0,13.5,4.5,CHUQUIBAMBILLA,-14.79,-70.72,Norte,PUNO,2015-01-25,9.0,0,25,16.0,0.0,12.5,3.5,3.0,3.5,0.06471468504002705
2015,1,26,12.5,14.0,4.0,CHUQUIBAMBILLA,-14.79,-70.72,Norte,PUNO,2015-01-26,10.0,0,26,13.5,0.0,9.0,4.5,3.5,3.0,0.04780655078982914
2015,1,27,15.3,14.5,3.0,CHUQUIBAMBILLA,-14.79,-70.72,Norte,PUNO,2015-01-27,11.5,0,27,14.0,12.5,10.0,4.0,4.5,3.5,0.026442902370203216
2015,1,28,5.5,14.5,3.5,CHUQUIBAMBILLA,-14.79,-70.72,Norte,PUNO,2015-01-28,11.0,0,28,14.5,15.3,11.5,3.0,4.0,4.5,0.03464591510343687
2015,1,29,3.2,15.5,2.5,CHUQUIBAMBILLA,-14.79,-70.72,Norte,PUNO,2015-01-29,13.0,0,29,14.5,5.5,11.0,3.5,3.0,4.0,0.052226870593112644
2015,1,30,4.5,13.0,5.0,CHUQUIBAMBILLA,-14.79,-70.72,Norte,PUNO,2015-01-30,8.0,0,30,15.5,3.2,13.0,2.5,3.5,3.0,0.09628195011635476
2015,1,31,0.0,15.5,2.0,CHUQUIBAMBILLA,-14.79,-70.72,Norte,PUNO,2015-01-31,13.5,0,31,13.0,4.5,8.0,5.0,2.5,3.5,0.03245365081380447
2015,2,1,0.0,14.0,4.5,CHUQUIBAMBILLA,-14.79,-70.72,Norte,PUNO,2015-02-01,9.5,0,32,15.5,0.0,13.5,2.0,5.0,2.5,0.12700440824195275
2015,2,2,0.0,15.0,4.0,CHUQUIBAMBILLA,-14.79,-70.72,Norte,PUNO,2015-02-02,11.0,0,33,14.0,0.0,9.5,4.5,2.0,5.0,0.0416181884401741
2015,2,3,0.0,17.5,0.0,CHUQUIBAMBILLA,-14.79,-70.72,Norte,PUNO,2015-02-03,17.5,1,34,15.0,0.0,11.0,4.0,4.5,2.0,0.05553081283366087
2015,2,4,0.0,18.5,1.0,CHUQUIBAMBILLA,-14.79,-70.72,Norte,PUNO,2015-02-04,17.5,0,35,17.5,0.0,17.5,0.0,4.0,4.5,0.23580503609424464
2015,2,5,0.0,18.0,1.5,CHUQUIBAMBILLA,-14.79,-70.72,Norte,PUNO,2015-02-05,16.5,0,36,18.5,0.0,17.5,1.0,0.0,4.0,0.2310046339242902
2015,2,6,1.3,15.5,4.5,CHUQUIBAMBILLA,-14.79,-70.72,Norte,PUNO,2015-02-06,11.0,0,37,18.0,0.0,16.5,1.5,1.0,0.0,0.27494608038137536
2015,2,7,8.3,13.5,3.0,CHUQUIBAMBILLA,-14.79,-70.72,Norte,PUNO,2015-02-07,10.5,0,38,15.5,1.3,11.0,4.5,1.5,1.0,0.0646794558351357
2015,2,8,5.2,15.0,4.0,CHUQUIBAMBILLA,-14.79,-70.72,Norte,PUNO,2015-02-08,11.0,0,39,13.5,8.3,10.5,3.0,4.5,1.5,0.07514190747140992
2015,2,9,15.4,15.5,2.5,CHUQUIBAMBILLA,-14.79,-70.72,Norte,PUNO,2015-02-09,13.0,0,40,15.0,5.2,11.0,4.0,3.0,4.5,0.036427344736718374
2015,2,10,6.3,14.5,5.0,CHUQUIBAMBILLA,-14.79,-70.72,Norte,PUNO,2015-02-10,9.5,0,41,15.5,15.4,13.0,2.5,4.0,3.0,0.05102129994885767
2015,2,11,1.0,12.5,5.5,CHUQUIBAMBILLA,-14.79,-70.72,Norte,PUNO,2015-02-11,7.0,0,42,14.5,6.3,9.5,5.0,2.5,4.0,0.024300078304256578
2015,2,12,1.5,13.5,5.0,CHUQUIBAMBILLA,-14.79,-70.72,Norte,PUNO,2015-02-12,8.5,0,43,12.5,1.0,7.0,5.5,5.0,2.5,0.025933240280554798
2015,2,13,0.0,17.5,4.0,CHUQUIBAMBILLA,-14.79,-70.72,Norte,PUNO,2015-02-13,13.5,0,44,13.5,1.5,8.5,5.0,5.5,5.0,0.019769684999716586
2015,2,14,3.5,16.0,5.5,CHUQUIBAMBILLA,-14.79,-70.72,Norte,PUNO,2015-02-14,10.5,0,45,17.5,0.0,13.5,4.0,5.0,5.5,0.025663644289535447
2015,2,15,11.6,15.5,6.0,CHUQUIBAMBILLA,-14.79,-70.72,Norte,PUNO,2015-02-15,9.5,0,46,16.0,3.5,10.5,5.5,4.0,5.0,0.013442108816711562
2015,2,16,3.8,17.5,4.5,CHUQUIBAMBILLA,-14.79,-70.72,Norte,PUNO,2015-02-16,13.0,0,47,15.5,11.6,9.5,6.0,5.5,4.0,0.006786480704255645
2015,2,17,4.3,15.0,3.5,CHUQUIBAMBILLA,-14.79,-70.72,Norte,PUNO,2015-02-17,11.5,0,48,17.5,3.8,13.0,4.5,6.0,5.5,0.01427714870001569
2015,2,18,0.0,18.0,1.0,CHUQUIBAMBILLA,-14.79,-70.72,Norte,PUNO,2015-02-18,17.0,0,49,15.0,4.3,11.5,3.5,4.5,6.0,0.03292636265916005
2015,2,19,0.0,18.5,0.5,CHUQUIBAMBILLA,-14.79,-70.72,Norte,PUNO,2015-02-19,18.0,0,50,18.0,0.0,17.0,1.0,3.5,4.5,0.15448511067315684
2015,2,20,0.0,18.5,1.5,CHUQUIBAMBILLA,-14.79,-70.72,Norte,PUNO,2015-02-20,17.0,0,51,18.5,0.0,18.0,0.5,1.0,3.5,0.2705522569432859
2015,2,21,1.4,15.5,4.5,CHUQUIBAMBILLA,-14.79,-70.72,Norte,PUNO,2015-02-21,11.0,0,52,18.5,0.0,17.0,1.5,0.5,1.0,0.2501403527961834
2015,2,22,1.1,14.5,5.5,CHUQUIBAMBILLA,-14.79,-70.72,Norte,PUNO,2015-02-22,9.0,0,53,15.5,1.4,11.0,4.5,1.5,0.5,0.06882635578570216
2015,2,23,7.9,14.0,6.0,CHUQUIBAMBILLA,-14.79,-70.72,Norte,PUNO,2015-02-23,8.0,0,54,14.5,1.1,9.0,5.5,4.5,1.5,0.026840110385112637
2015,2,24,1.5,15.5,5.5,CHUQUIBAMBILLA,-14.79,-70.72,Norte,PUNO,2015-02-24,10.0,0,55,14.0,7.9,8.0,6.0,5.5,4.5,0.008628406164915801
2015,2,25,0.0,17.5,0.0,CHUQUIBAMBILLA,-14.79,-70.72,Norte,PUNO,2015-02-25,17.5,1,56,15.5,1.5,10.0,5.5,6.0,5.5,0.011124681427085089
2015,2,26,1.3,16.5,4.0,CHUQUIBAMBILLA,-14.79,-70.72,Norte,PUNO,2015-02-26,12.5,0,57,17.5,0.0,17.5,0.0,5.5,6.0,0.16776152550178688
2015,2,27,3.6,15.5,6.0,CHUQUIBAMBILLA,-14.79,-70.72,Norte,PUNO,2015-02-27,9.5,0,58,16.5,1.3,12.5,4.0,0.0,5.5,0.04921063228663825
2015,2,28,3.3,17.0,4.0,CHUQUIBAMBILLA,-14.79,-70.72,Norte,PUNO,2015-02-28,13.0,0,59,15.5,3.6,9.5,6.0,4.0,0.0,0.022127630767815626
2015,3,1,1.5,16.5,4.5,CHUQUIBAMBILLA,-14.79,-70.72,Norte,PUNO,2015-03-01,12.0,0,60,17.0,3.3,13.0,4.0,6.0,4.0,0.02472878875257815
2015,3,2,6.1,15.0,5.0,CHUQUIBAMBILLA,-14.79,-70.72,Norte,PUNO,2015-03-02,10.0,0,61,16.5,1.5,12.0,4.5,4.0,6.0,0.020921432265696344
2015,3,3,13.7,17.5,3.5,CHUQUIBAMBILLA,-14.79,-70.72,Norte,PUNO,2015-03-03,14.0,0,62,15.0,6.1,10.0,5.0,4.5,4.0,0.018116676807030493
2015,3,4,11.7,15.0,5.0,CHUQUIBAMBILLA,-14.79,-70.72,Norte,PUNO,2015-03-04,10.0,0,63,17.5,13.7,14.0,3.5,5.0,4.5,0.01953989776125137
2015,3,5,2.4,14.5,3.5,CHUQUIBAMBILLA,-14.79,-70.72,Norte,PUNO,2015-03-05,11.0,0,64,15.0,11.7,10.0,5.0,3.5,5.0,0.013452827769035065
2015,3,6,2.2,15.0,5.0,CHUQUIBAMBILLA,-14.79,-70.72,Norte,PUNO,2015-03-06,10.0,0,65,14.5,2.4,11.0,3.5,5.0,3.5,0.05034320606220158
2015,3,7,7.4,16.0,5.5,CHUQUIBAMBILLA,-14.79,-70.72,Norte,PUNO,2015-03-07,10.5,0,66,15.0,2.2,10.0,5.0,3.5,5.0,0.0216503247560831
2015,3,8,7.8,16.5,3.5,CHUQUIBAMBILLA,-14.79,-70.72,Norte,PUNO,2015-03-08,13.0,0,67,16.0,7.4,10.5,5.5,5.0,3.5,0.012028640058512253
2015,3,9,12.2,17.5,3.0,CHUQUIBAMBILLA,-14.79,-70.72,Norte,PUNO,2015-03-09,14.5,0,68,16.5,7.8,13.0,3.5,5.5,5.0,0.024758508196660933
2015,3,10,0.0,17.5,5.5,CHUQUIBAMBILLA,-14.79,-70.72,Norte,PUNO,2015-03-10,12.0,0,69,17.5,12.2,14.5,3.0,3.5,5.5,0.02877123875942335
2015,3,11,0.0,17.0,5.0,CHUQUIBAMBILLA,-14.79,-70.72,Norte,PUNO,2015-03-11,12.0,0,70,17.5,0.0,12.0,5.5,3.0,3.5,0.019924500675630015
2015,3,12,0.0,17.5,2.0,CHUQUIBAMBILLA,-14.79,-70.72,Norte,PUNO,2015-03-12,15.5,0,71,17.0,0.0,12.0,5.0,5.5,3.0,0.021131745150808665
2015,3,13,0.0,19.5,3.0,CHUQUIBAMBILLA,-14.79,-70.72,Norte,PUNO,2015-03-13,16.5,0,72,17.5,0.0,15.5,2.0,5.0,5.5,0.07214760398255253
2015,3,14,0.0,15.0,3.5,CHUQUIBAMBILLA,-14.79,-70.72,Norte,PUNO,2015-03-14,11.5,0,73,19.5,0.0,16.5,3.0,2.0,5.0,0.05733789607227648
2015,3,15,0.0,16.0,1.0,CHUQUIBAMBILLA,-14.79,-70.72,Norte,PUNO,2015-03-15,15.0,0,74,15.0,0.0,11.5,3.5,3.0,2.0,0.08536646958957121
2015,3,16,3.7,16.5,4.0,CHUQUIBAMBILLA,-14.79,-70.72,Norte,PUNO,2015-03-16,12.5,0,75,16.0,0.0,15.0,1.0,3.5,3.0,0.21238803612113252
2015,3,17,2.6,17.5,5.5,CHUQUIBAMBILLA,-14.79,-70.72,Norte,PUNO,2015-03-17,12.0,0,76,16.5,3.7,12.5,4.0,1.0,3.5,0.05110138068820116
2015,3,18,2.9,16.5,3.5,CHUQUIBAMBILLA,-14.79,-70.72,Norte,PUNO,2015-03-18,13.0,0,77,17.5,2.6,12.0,5.5,4.0,1.0,0.022090489376618148
2015,3,19,8.1,15.0,4.5,CHUQUIBAMBILLA,-14.79,-70.72,Norte,PUNO,2015-03-19,10.5,0,78,16.5,2.9,13.0,3.5,5.5,4.0,0.036370968438676786
2015,3,20,9.3,13.5,5.0,CHUQUIBAMBILLA,-14.79,-70.72,Norte,PUNO,2015-03-20,8.5,0,79,15.0,8.1,10.5,4.5,3.5,5.5,0.01950475951610683
2015,3,21,10.2,15.0,4.5,CHUQUIBAMBILLA,-14.79,-70.72,Norte,PUNO,2015-03-21,10.5,0,80,13.5,9.3,8.5,5.0,4.5,3.5,0.01878298406451313
2015,3,22,0.0,15.5,3.0,CHUQUIBAMBILLA,-14.79,-70.72,Norte,PUNO,2015-03-22,12.5,0,81,15.0,10.2,10.5,4.5,5.0,4.5,0.016741485459262313
2015,3,23,0.0,17.5,-1.0,CHUQUIBAMBILLA,-14.79,-70.72,Norte,PUNO,2015-03-23,18.5,1,82,15.5,0.0,12.5,3.0,4.5,5.0,0.057944505555613486
2015,3,24,0.0,16.5,-0.5,CHUQUIBAMBILLA,-14.79,-70.72,Norte,PUNO,2015-03-24,17.0,1,83,17.5,0.0,18.5,-1.0,3.0,4.5,0.374635294393129
2015,3,25,8.7,16.0,5.0,CHUQUIBAMBILLA,-14.79,-70.72,Norte,PUNO,2015-03-25,11.0,0,84,16.5,0.0,17.0,-0.5,-1.0,3.0,0.5114013547974837
2015,3,26,9.3,14.5,4.0,CHUQUIBAMBILLA,-14.79,-70.72,Norte,PUNO,2015-03-26,10.5,0,85,16.0,8.7,11.0,5.0,-0.5,-1.0,0.056752285996016845
2015,3,27,0.0,16.0,3.0,CHUQUIBAMBILLA,-14.79,-70.72,Norte,PUNO,2015-03-27,13.0,0,86,14.5,9.3,10.5,4.0,5.0,-0.5,0.04885210225581651
2015,3,28,0.0,17.5,0.0,CHUQUIBAMBILLA,-14.79,-70.72,Norte,PUNO,2015-03-28,17.5,1,87,16.0,0.0,13.0,3.0,4.0,5.0,0.05916483609602438
2015,3,29,0.0,17.0,0.5,CHUQUIBAMBILLA,-14.79,-70.72,Norte,PUNO,2015-03-29,16.5,0,88,17.5,0.0,17.5,0.0,3.0,4.0,0.27281767161606435
2015,3,30,2.3,17.5,5.0,CHUQUIBAMBILLA,-14.79,-70.72,Norte,PUNO,2015-03-30,12.5,0,89,17.0,0.0,16.5,0.5,0.0,3.0,0.33934743814188445
2015,3,31,5.7,16.0,1.5,CHUQUIBAMBILLA,-14.79,-70.72,Norte,PUNO,2015-03-31,14.5,0,90,17.5,2.3,12.5,5.0,0.5,0.0,0.05237756981744849
2015,4,1,5.9,16.5,3.5,CHUQUIBAMBILLA,-14.79,-70.72,Norte,PUNO,2015-04-01,13.0,0,91,16.0,5.7,14.5,1.5,5.0,0.5,0.15423666975588157
2015,4,2,0.0,17.0,4.5,CHUQUIBAMBILLA,-14.79,-70.72,Norte,PUNO,2015-04-02,12.5,0,92,16.5,5.9,13.0,3.5,1.5,5.0,0.04505269774483691
2015,4,3,0.0,17.5,3.5,CHUQUIBAMBILLA,-14.79,-70.72,Norte,PUNO,2015-04-03,14.0,0,93,17.0,0.0,12.5,4.5,3.5,1.5,0.04382288899638307
2015,4,4,3.7,18.0,-1.0,CHUQUIBAMBILLA,-14.79,-70.72,Norte,PUNO,2015-04-04,19.0,1,94,17.5,0.0,14.0,3.5,4.5,3.5,0.04690820885419289
2015,4,5,0.0,17.0,0.5,CHUQUIBAMBILLA,-14.79,-70.72,Norte,PUNO,2015-04-05,16.5,0,95,18.0,3.7,19.0,-1.0,3.5,4.5,0.30781550773981275
2015,4,6,0.0,13.5,2.0,CHUQUIBAMBILLA,-14.79,-70.72,Norte,PUNO,2015-04-06,11.5,0,96,17.0,0.0,16.5,0.5,-1.0,3.5,0.3519591994162509
2015,4,7,0.0,15.5,4.0,CHUQUIBAMBILLA,-14.79,-70.72,Norte,PUNO,2015-04-07,11.5,0,97,13.5,0.0,11.5,2.0,0.5,-1.0,0.3418788282453722
2015,4,8,6.7,13.0,5.5,CHUQUIBAMBILLA,-14.79,-70.72,Norte,PUNO,2015-04-08,7.5,0,98,15.5,0.0,11.5,4.0,2.0,0.5,0.08818449152228063
2015,4,9,2.4,10.5,1.0,CHUQUIBAMBILLA,-14.79,-70.72,Norte,PUNO,2015-04-09,9.5,0,99,13.0,6.7,7.5,5.5,4.0,2.0,0.0225904268052711
2015,4,10,5.7,14.5,2.5,CHUQUIBAMBILLA,-14.79,-70.72,Norte,PUNO,2015-04-10,12.0,0,100,10.5,2.4,9.5,1.0,5.5,4.0,0.20084669500140692
2015,4,11,9.8,11.0,3.5,CHUQUIBAMBILLA,-14.79,-70.72,Norte,PUNO,2015-04-11,7.5,0,101,14.5,5.7,12.0,2.5,1.0,5.5,0.0880969873352349
2015,4,12,6.9,14.0,4.0,CHUQUIBAMBILLA,-14.79,-70.72,Norte,PUNO,2015-04-12,10.0,0,102,11.0,9.8,7.5,3.5,2.5,1.0,0.08956271236463119
2015,4,13,2.3,12.5,3.5,CHUQUIBAMBILLA,-14.79,-70.72,Norte,PUNO,2015-04-13,9.0,0,103,14.0,6.9,10.0,4.0,3.5,2.5,0.04492410717045333
2015,4,14,0.0,15.5,5.0,CHUQUIBAMBILLA,-14.79,-70.72,Norte,PUNO,2015-04-14,10.5,0,104,12.5,2.3,9.0,3.5,4.0,3.5,0.06682975442385188
2015,4,15,0.0,14.5,4.0,CHUQUIBAMBILLA,-14.79,-70.72,Norte,PUNO,2015-04-15,10.5,0,105,15.5,0.0,10.5,5.0,3.5,4.0,0.02661118112273093
2015,4,16,2.4,16.5,4.5,CHUQUIBAMBILLA,-14.79,-70.72,Norte,PUNO,2015-04-16,12.0,0,106,14.5,0.0,10.5,4.0,5.0,3.5,0.04336179067378463
2015,4,17,0.0,15.0,5.0,CHUQUIBAMBILLA,-14.79,-70.72,Norte,PUNO,2015-04-17,10.0,0,107,16.5,2.4,12.0,4.5,4.0,5.0,0.022932580971339822
2015,4,18,2.1,14.5,0.0,CHUQUIBAMBILLA,-14.79,-70.72,Norte,PUNO,2015-04-18,14.5,1,108,15.0,0.0,10.0,5.0,4.5,4.0,0.02440590505639326
2015,4,19,12.1,15.0,2.3,CHUQUIBAMBILLA,-14.79,-70.72,Norte,PUNO,2015-04-19,12.7,0,109,14.5,2.1,14.5,0.0,5.0,4.5,0.23619732529199822
2015,4,20,2.2,15.5,2.0,CHUQUIBAMBILLA,-14.79,-70.72,Norte,PUNO,2015-04-20,13.5,0,110,15.0,12.1,12.7,2.3,0.0,5.0,0.08407058050935966
2015,4,21,2.1,12.5,5.0,CHUQUIBAMBILLA,-14.79,-70.72,Norte,PUNO,2015-04-21,7.5,0,111,15.5,2.2,13.5,2.0,2.3,0.0,0.20972878286973562
2015,4,22,0.0,15.0,-2.0,CHUQUIBAMBILLA,-14.79,-70.72,Norte,PUNO,2015-04-22,17.0,1,112,12.5,2.1,7.5,5.0,2.0,2.3,0.04737643571946909
2015,4,23,4.5,14.5,2.5,CHUQUIBAMBILLA,-14.79,-70.72,Norte,PUNO,2015-04-23,12.0,0,113,15.0,0.0,17.0,-2.0,5.0,2.0,0.5836007892827304
2015,4,24,1.5,17.0,3.0,CHUQUIBAMBILLA,-14.79,-70.72,Norte,PUNO,2015-04-24,14.0,0,114,14.5,4.5,12.0,2.5,-2.0,5.0,0.14097621009723624
2015,4,25,1.3,16.5,3.5,CHUQUIBAMBILLA,-14.79,-70.72,Norte,PUNO,2015-04-25,13.0,0,115,17.0,1.5,14.0,3.0,2.5,-2.0,0.1553820017273112
2015,4,26,11.5,17.0,5.0,CHUQUIBAMBILLA,-14.79,-70.72,Norte,PUNO,2015-04-26,12.0,0,116,16.5,1.3,13.0,3.5,3.0,2.5,0.06602036916243981
2015,4,27,0.0,16.5,4.0,CHUQUIBAMBILLA,-14.79,-70.72,Norte,PUNO,2015-04-27,12.5,0,117,17.0,11.5,12.0,5.0,3.5,3.0,0.015238184473758644
2015,4,28,0.0,16.0,1.5,CHUQUIBAMBILLA,-14.79,-70.72,Norte,PUNO,2015-04-28,14.5,0,118,16.5,0.0,12.5,4.0,5.0,3.5,0.0367002104808375
2015,4,29,0.0,15.0,0.0,CHUQUIBAMBILLA,-14.79,-70.72,Norte,PUNO,2015-04-29,15.0,1,119,16.0,0.0,14.5,1.5,4.0,5.0,0.12392664939480873
2015,4,30,8.5,18.0,-0.5,CHUQUIBAMBILLA,-14.79,-70.72,Norte,PUNO,2015-04-30,18.5,1,120,15.0,0.0,15.0,0.0,1.5,4.0,0.35970390665289037
2015,5,1,4.2,16.0,5.0,CHUQUIBAMBILLA,-14.79,-70.72,Norte,PUNO,2015-05-01,11.0,0,121,18.0,8.5,18.5,-0.5,0.0,1.5,0.39424318171675976
2015,5,2,0.0,17.5,-1.5,CHUQUIBAMBILLA,-14.79,-70.72,Norte,PUNO,2015-05-02,19.0,1,122,16.0,4.2,11.0,5.0,-0.5,0.0,0.06073720643663092
2015,5,3,0.0,17.5,-1.0,CHUQUIBAMBILLA,-14.79,-70.72,Norte,PUNO,2015-05-03,18.5,1,123,17.5,0.0,19.0,-1.5,5.0,-0.5,0.5552919874732741
2015,5,4,0.0,18.0,-3.0,CHUQUIBAMBILLA,-14.79,-70.72,Norte,PUNO,2015-05-04,21.0,1,124,17.5,0.0,18.5,-1.0,-1.5,5.0,0.4979543929387999
2015,5,5,0.0,17.5,-2.5,CHUQUIBAMBILLA,-14.79,-70.72,Norte,PUNO,2015-05-05,20.0,1,125,18.0,0.0,21.0,-3.0,-1.0,-1.5,0.8684079057528153
2015,5,6,0.0,18.5,-3.0,CHUQUIBAMBILLA,-14.79,-70.72,Norte,PUNO,2015-05-06,21.5,1,126,17.5,0.0,20.0,-2.5,-3.0,-1.0,0.8639530162336033
2015,5,7,0.0,15.0,-3.5,CHUQUIBAMBILLA,-14.79,-70.72,Norte,PUNO,2015-05-07,18.5,1,127,18.5,0.0,21.5,-3.0,-2.5,-3.0,0.9048784691169853
2015,5,8,0.0,17.0,2.5,CHUQUIBAMBILLA,-14.79,-70.72,Norte,PUNO,2015-05-08,14.5,0,128,15.0,0.0,18.5,-3.5,-3.0,-2.5,0.9431022132349444
2015,5,9,0.0,16.5,-1.5,CHUQUIBAMBILLA,-14.79,-70.72,Norte,PUNO,2015-05-09,18.0,1,129,17.0,0.0,14.5,2.5,-3.5,-3.0,0.3992062940019947
2015,5,10,0.0,17.0,-0.5,CHUQUIBAMBILLA,-14.79,-70.72,Norte,PUNO,2015-05-10,17.5,1,130,16.5,0.0,18.0,-1.5,2.5,-3.5,0.7438065866304472
2015,5,11,0.0,17.5,-3.5,CHUQUIBAMBILLA,-14.79,-70.72,Norte,PUNO,2015-05-11,21.0,1,131,17.0,0.0,17.5,-0.5,-1.5,2.5,0.5328948634699378
2015,5,12,0.0,17.0,-2.0,CHUQUIBAMBILLA,-14.79,-70.72,Norte,PUNO,2015-05-12,19.0,1,132,17.5,0.0,21.0,-3.5,-0.5,-1.5,0.8936629042365426
2015,5,13,0.0,16.5,-2.5,CHUQUIBAMBILLA,-14.79,-70.72,Norte,PUNO,2015-05-13,19.0,1,133,17.0,0.0,19.0,-2.0,-3.5,-0.5,0.8345710210521092
2015,5,14,0.0,16.0,-2.0,CHUQUIBAMBILLA,-14.79,-70.72,Norte,PUNO,2015-05-14,18.0,1,134,16.5,0.0,19.0,-2.5,-2.0,-3.5,0.8974460918709671
2015,5,15,0.0,12.0,-3.0,CHUQUIBAMBILLA,-14.79,-70.72,Norte,PUNO,2015-05-15,15.0,1,135,16.0,0.0,18.0,-2.0,-2.5,-2.0,0.8573968027069724
2015,5,16,0.0,9.5,1.5,CHUQUIBAMBILLA,-14.79,-70.72,Norte,PUNO,2015-05-16,8.0,0,136,12.0,0.0,15.0,-3.0,-2.0,-2.5,0.9354856975008284
2015,5,17,0.0,15.0,1.0,CHUQUIBAMBILLA,-14.79,-70.72,Norte,PUNO,2015-05-17,14.0,0,137,9.5,0.0,8.0,1.5,-3.0,-2.0,0.6348197715933915
2015,5,18,0.0,16.5,-4.0,CHUQUIBAMBILLA,-14.79,-70.72,Norte,PUNO,2015-05-18,20.5,1,138,15.0,0.0,14.0,1.0,1.5,-3.0,0.47852898710667663
2015,5,19,0.0,16.0,-4.5,CHUQUIBAMBILLA,-14.79,-70.72,Norte,PUNO,2015-05-19,20.5,1,139,16.5,0.0,20.5,-4.0,1.0,1.5,0.8641474584863792
2015,5,20,0.0,16.5,-2.0,CHUQUIBAMBILLA,-14.79,-70.72,Norte,PUNO,2015-05-20,18.5,1,140,16.0,0.0,20.5,-4.5,-4.0,1.0,0.9461364510099864
2015,5,21,0.0,17.5,-6.0,CHUQUIBAMBILLA,-14.79,-70.72,Norte,PUNO,2015-05-21,23.5,1,141,16.5,0.0,18.5,-2.0,-4.5,-4.0,0.9085865754230728
2015,5,22,0.0,16.5,-6.5,CHUQUIBAMBILLA,-14.79,-70.72,Norte,PUNO,2015-05-22,23.0,1,142,17.5,0.0,23.5,-6.0,-2.0,-4.5,0.983249609061342
2015,5,23,0.0,16.5,-7.0,CHUQUIBAMBILLA,-14.79,-70.72,Norte,PUNO,2015-05-23,23.5,1,143,16.5,0.0,23.0,-6.5,-6.0,-2.0,0.9897133234676677
2015,5,24,0.0,17.5,-6.0,CHUQUIBAMBILLA,-14.79,-70.72,Norte,PUNO,2015-05-24,23.5,1,144,16.5,0.0,23.5,-7.0,-6.5,-6.0,0.9958291680149275
2015,5,25,0.0,15.5,-4.0,CHUQUIBAMBILLA,-14.79,-70.72,Norte,PUNO,2015-05-25,19.5,1,145,17.5,0.0,23.5,-6.0,-7.0,-6.5,0.9933000729653781
2015,5,26,0.0,16.0,-4.5,CHUQUIBAMBILLA,-14.79,-70.72,Norte,PUNO,2015-05-26,20.5,1,146,15.5,0.0,19.5,-4.0,-6.0,-7.0,0.9831352083827064
2015,5,27,0.0,16.5,-3.5,CHUQUIBAMBILLA,-14.79,-70.72,Norte,PUNO,2015-05-27,20.0,1,147,16.0,0.0,20.5,-4.5,-4.0,-6.0,0.9798708896637791
2015,5,28,0.0,17.0,-8.0,CHUQUIBAMBILLA,-14.79,-70.72,Norte,PUNO,2015-05-28,25.0,1,148,16.5,0.0,20.0,-3.5,-4.5,-4.0,0.956350380727485
2015,5,29,0.0,17.5,-8.0,CHUQUIBAMBILLA,-14.79,-70.72,Norte,PUNO,2015-05-29,25.5,1,149,17.0,0.0,25.0,-8.0,-3.5,-4.5,0.9953137150663731
2015,5,30,0.0,17.5,-6.5,CHUQUIBAMBILLA,-14.79,-70.72,Norte,PUNO,2015-05-30,24.0,1,150,17.5,0.0,25.5,-8.0,-8.0,-3.5,0.9967940811313086
2015,5,31,0.0,17.0,-6.5,CHUQUIBAMBILLA,-14.79,-70.72,Norte,PUNO,2015-05-31,23.5,1,151,17.5,0.0,24.0,-6.5,-8.0,-8.0,0.996340903168413
2015,6,1,0.0,15.0,-3.0,CHUQUIBAMBILLA,-14.79,-70.72,Norte,PUNO,2015-06-01,18.0,1,152,17.0,0.0,23.5,-6.5,-6.5,-8.0,0.9957432354063686
2015,6,2,0.0,17.5,-0.5,CHUQUIBAMBILLA,-14.79,-70.72,Norte,PUNO,2015-06-02,18.0,1,153,15.0,0.0,18.0,-3.0,-6.5,-6.5,0.9725513221012997
2015,6,3,0.0,16.0,-4.5,CHUQUIBAMBILLA,-14.79,-70.72,Norte,PUNO,2015-06-03,20.5,1,154,17.5,0.0,18.0,-0.5,-3.0,-6.5,0.8302598072197972
2015,6,4,0.0,17.5,-6.5,CHUQUIBAMBILLA,-14.79,-70.72,Norte,PUNO,2015-06-04,24.0,1,155,16.0,0.0,20.5,-4.5,-0.5,-3.0,0.9524638800440529
2015,6,5,0.0,15.5,-6.5,CHUQUIBAMBILLA,-14.79,-70.72,Norte,PUNO,2015-06-05,22.0,1,156,17.5,0.0,24.0,-6.5,-4.5,-0.5,0.9831348826593894
2015,6,6,0.0,17.0,-10.0,CHUQUIBAMBILLA,-14.79,-70.72,Norte,PUNO,2015-06-06,27.0,1,157,15.5,0.0,22.0,-6.5,-6.5,-4.5,0.9937929500427778
2015,6,7,0.0,16.0,-10.5,CHUQUIBAMBILLA,-14.79,-70.72,Norte,PUNO,2015-06-07,26.5,1,158,17.0,0.0,27.0,-10.0,-6.5,-6.5,0.9991526436502403
2015,6,8,0.0,15.5,-10.0,CHUQUIBAMBILLA,-14.79,-70.72,Norte,PUNO,2015-06-08,25.5,1,159,16.0,0.0,26.5,-10.5,-10.0,-6.5,0.9996154676433672
2015,6,9,0.0,15.0,-11.0,CHUQUIBAMBILLA,-14.79,-70.72,Norte,PUNO,2015-06-09,26.0,1,160,15.5,0.0,25.5,-10.0,-10.5,-10.0,0.9997299217123911
2015,6,10,0.0,18.0,-4.5,CHUQUIBAMBILLA,-14.79,-70.72,Norte,PUNO,2015-06-10,22.5,1,161,15.0,0.0,26.0,-11.0,-10.0,-10.5,0.999848138670501
2015,6,11,0.0,17.5,-8.0,CHUQUIBAMBILLA,-14.79,-70.72,Norte,PUNO,2015-06-11,25.5,1,162,18.0,0.0,22.5,-4.5,-11.0,-10.0,0.9943946949531023
2015,6,12,0.0,17.0,-10.0,CHUQUIBAMBILLA,-14.79,-70.72,Norte,PUNO,2015-06-12,27.0,1,163,17.5,0.0,25.5,-8.0,-4.5,-11.0,0.9983113704403047
2015,6,13,0.0,17.5,-11.0,CHUQUIBAMBILLA,-14.79,-70.72,Norte,PUNO,2015-06-13,28.5,1,164,17.0,0.0,27.0,-10.0,-8.0,-4.5,0.9990624942041024
2015,6,14,0.0,18.0,-11.5,CHUQUIBAMBILLA,-14.79,-70.72,Norte,PUNO,2015-06-14,29.5,1,165,17.5,0.0,28.5,-11.0,-10.0,-8.0,0.9997284385069278
2015,6,15,0.0,18.5,-9.0,CHUQUIBAMBILLA,-14.79,-70.72,Norte,PUNO,2015-06-15,27.5,1,166,18.0,0.0,29.5,-11.5,-11.0,-10.0,0.999855824448928
2015,6,16,0.0,17.0,-6.0,CHUQUIBAMBILLA,-14.79,-70.72,Norte,PUNO,2015-06-16,23.0,1,167,18.5,0.0,27.5,-9.0,-11.5,-11.0,0.9995486010944749
2015,6,17,0.0,18.0,-6.5,CHUQUIBAMBILLA,-14.79,-70.72,Norte,PUNO,2015-06-17,24.5,1,168,17.0,0.0,23.0,-6.0,-9.0,-11.5,0.9975725039694859
2015,6,18,0.0,17.5,-6.5,CHUQUIBAMBILLA,-14.79,-70.72,Norte,PUNO,2015-06-18,24.0,1,169,18.0,0.0,24.5,-6.5,-6.0,-9.0,0.9957212896643135
2015,6,19,0.0,18.0,-6.0,CHUQUIBAMBILLA,-14.79,-70.72,Norte,PUNO,2015-06-19,24.0,1,170,17.5,0.0,24.0,-6.5,-6.5,-6.0,0.9940590118534297
2015,6,20,0.0,18.5,-7.5,CHUQUIBAMBILLA,-14.79,-70.72,Norte,PUNO,2015-06-20,26.0,1,171,18.0,0.0,24.0,-6.0,-6.5,-6.5,0.9925074837255273
2015,6,21,0.0,16.0,-8.0,CHUQUIBAMBILLA,-14.79,-70.72,Norte,PUNO,2015-06-21,24.0,1,172,18.5,0.0,26.0,-7.5,-6.0,-6.5,0.9961945717497542
2015,6,22,0.0,18.5,-7.5,CHUQUIBAMBILLA,-14.79,-70.72,Norte,PUNO,2015-06-22,26.0,1,173,16.0,0.0,24.0,-8.0,-7.5,-6.0,0.9979031043164582
2015,6,23,0.0,18.0,-8.0,CHUQUIBAMBILLA,-14.79,-70.72,Norte,PUNO,2015-06-23,26.0,1,174,18.5,0.0,26.0,-7.5,-8.0,-7.5,0.9974427731011289
2015,6,24,0.0,18.0,-9.0,CHUQUIBAMBILLA,-14.79,-70.72,Norte,PUNO,2015-06-24,27.0,1,175,18.0,0.0,26.0,-8.0,-7.5,-8.0,0.9981331789536173
2015,6,25,0.0,19.0,-7.5,CHUQUIBAMBILLA,-14.79,-70.72,Norte,PUNO,2015-06-25,26.5,1,176,18.0,0.0,27.0,-9.0,-8.0,-7.5,0.9988833828131488
2015,6,26,0.0,19.5,-8.0,CHUQUIBAMBILLA,-14.79,-70.72,Norte,PUNO,2015-06-26,27.5,1,177,19.0,0.0,26.5,-7.5,-9.0,-8.0,0.9978105218885283
2015,6,27,0.0,18.5,-8.5,CHUQUIBAMBILLA,-14.79,-70.72,Norte,PUNO,2015-06-27,27.0,1,178,19.5,0.0,27.5,-8.0,-7.5,-9.0,0.9981600413677499
2015,6,28,0.0,18.5,-8.5,CHUQUIBAMBILLA,-14.79,-70.72,Norte,PUNO,2015-06-28,27.0,1,179,18.5,0.0,27.0,-8.5,-8.0,-7.5,0.998484772501596
2015,6,29,0.0,17.5,-12.0,CHUQUIBAMBILLA,-14.79,-70.72,Norte,PUNO,2015-06-29,29.5,1,180,18.5,0.0,27.0,-8.5,-8.5,-8.0,0.9986770532209599
2015,6,30,0.0,18.0,-13.0,CHUQUIBAMBILLA,-14.79,-70.72,Norte,PUNO,2015-06-30,31.0,1,181,17.5,0.0,29.5,-12.0,-8.5,-8.5,0.9998190905384111
2015,7,1,0.0,18.0,-11.5,CHUQUIBAMBILLA,-14.79,-70.72,Norte,PUNO,2015-07-01,29.5,1,182,18.0,0.0,31.0,-13.0,-12.0,-8.5,0.9999272726095102
2015,7,2,0.0,17.0,-8.0,CHUQUIBAMBILLA,-14.79,-70.72,Norte,PUNO,2015-07-02,25.0,1,183,18.0,0.0,29.5,-11.5,-13.0,-12.0,0.9999155812314534
2015,7,3,0.0,17.5,-3.0,CHUQUIBAMBILLA,-14.79,-70.72,Norte,PUNO,2015-07-03,20.5,1,184,17.0,0.0,25.0,-8.0,-11.5,-13.0,0.9994974218885154
2015,7,4,4.5,12.0,-2.5,CHUQUIBAMBILLA,-14.79,-70.72,Norte,PUNO,2015-07-04,14.5,1,185,17.5,0.0,20.5,-3.0,-8.0,-11.5,0.9861386484759093
2015,7,5,0.0,11.5,-2.0,CHUQUIBAMBILLA,-14.79,-70.72,Norte,PUNO,2015-07-05,13.5,1,186,12.0,4.5,14.5,-2.5,-3.0,-8.0,0.9562971035175217
2015,7,6,0.0,15.0,-12.0,CHUQUIBAMBILLA,-14.79,-70.72,Norte,PUNO,2015-07-06,27.0,1,187,11.5,0.0,13.5,-2.0,-2.5,-3.0,0.910057373056168
2015,7,7,0.0,13.5,-14.5,CHUQUIBAMBILLA,-14.79,-70.72,Norte,PUNO,2015-07-07,28.0,1,188,15.0,0.0,27.0,-12.0,-2.0,-2.5,0.9992072399669075
2015,7,8,0.0,15.5,-15.0,CHUQUIBAMBILLA,-14.79,-70.72,Norte,PUNO,2015-07-08,30.5,1,189,13.5,0.0,28.0,-14.5,-12.0,-2.0,0.9999424599462087
2015,7,9,0.0,16.5,-14.0,CHUQUIBAMBILLA,-14.79,-70.72,Norte,PUNO,2015-07-09,30.5,1,190,15.5,0.0,30.5,-15.0,-14.5,-12.0,0.9999909169676151
2015,7,10,0.0,17.0,-15.0,CHUQUIBAMBILLA,-14.79,-70.72,Norte,PUNO,2015-07-10,32.0,1,191,16.5,0.0,30.5,-14.0,-15.0,-14.5,0.9999890899691503
2015,7,11,0.0,17.5,-15.5,CHUQUIBAMBILLA,-14.79,-70.72,Norte,PUNO,2015-07-11,33.0,1,192,17.0,0.0,32.0,-15.0,-14.0,-15.0,0.9999928543201314
2015,7,12,0.0,17.0,-12.5,CHUQUIBAMBILLA,-14.79,-70.72,Norte,PUNO,2015-07-12,29.5,1,193,17.5,0.0,33.0,-15.5,-15.0,-14.0,0.9999941291880138
2015,7,13,0.0,18.0,-9.5,CHUQUIBAMBILLA,-14.79,-70.72,Norte,PUNO,2015-07-13,27.5,1,194,17.0,0.0,29.5,-12.5,-15.5,-15.0,0.9999782686057275
2015,7,14,0.0,16.0,-9.0,CHUQUIBAMBILLA,-14.79,-70.72,Norte,PUNO,2015-07-14,25.0,1,195,18.0,0.0,27.5,-9.5,-12.5,-15.5,0.9998463954511484
2015,7,15,0.0,11.5,-5.0,CHUQUIBAMBILLA,-14.79,-70.72,Norte,PUNO,2015-07-15,16.5,1,196,16.0,0.0,25.0,-9.0,-9.5,-12.5,0.9996223514359768
2015,7,16,0.0,16.5,-10.0,CHUQUIBAMBILLA,-14.79,-70.72,Norte,PUNO,2015-07-16,26.5,1,197,11.5,0.0,16.5,-5.0,-9.0,-9.5,0.996580813021906
2015,7,17,0.0,16.5,-11.0,CHUQUIBAMBILLA,-14.79,-70.72,Norte,PUNO,2015-07-17,27.5,1,198,16.5,0.0,26.5,-10.0,-5.0,-9.0,0.9993143771869494
2015,7,18,0.0,17.0,-11.0,CHUQUIBAMBILLA,-14.79,-70.72,Norte,PUNO,2015-07-18,28.0,1,199,16.5,0.0,27.5,-11.0,-10.0,-5.0,0.999613306744986
2015,7,19,0.0,16.0,-12.5,CHUQUIBAMBILLA,-14.79,-70.72,Norte,PUNO,2015-07-19,28.5,1,200,17.0,0.0,28.0,-11.0,-11.0,-10.0,0.9998275563359886
2015,7,20,0.0,17.0,-13.0,CHUQUIBAMBILLA,-14.79,-70.72,Norte,PUNO,2015-07-20,30.0,1,201,16.0,0.0,28.5,-12.5,-11.0,-11.0,0.9999375105446985
2015,7,21,0.0,16.5,-12.0,CHUQUIBAMBILLA,-14.79,-70.72,Norte,PUNO,2015-07-21,28.5,1,202,17.0,0.0,30.0,-13.0,-12.5,-11.0,0.9999564626483575
2015,7,22,0.0,17.0,-10.0,CHUQUIBAMBILLA,-14.79,-70.72,Norte,PUNO,2015-07-22,27.0,1,203,16.5,0.0,28.5,-12.0,-13.0,-12.5,0.9999469722428751
2015,7,23,0.0,18.5,-9.0,CHUQUIBAMBILLA,-14.79,-70.72,Norte,PUNO,2015-07-23,27.5,1,204,17.0,0.0,27.0,-10.0,-12.0,-13.0,0.9998341347532458
2015,7,24,0.0,19.5,-7.0,CHUQUIBAMBILLA,-14.79,-70.72,Norte,PUNO,2015-07-24,26.5,1,205,18.5,0.0,27.5,-9.0,-10.0,-12.0,0.9995257126819513
2015,7,25,0.0,18.0,-7.5,CHUQUIBAMBILLA,-14.79,-70.72,Norte,PUNO,2015-07-25,25.5,1,206,19.5,0.0,26.5,-7.0,-9.0,-10.0,0.9977649075487651
2015,7,26,0.0,18.5,-8.0,CHUQUIBAMBILLA,-14.79,-70.72,Norte,PUNO,2015-07-26,26.5,1,207,18.0,0.0,25.5,-7.5,-7.0,-9.0,0.9977528317229271
2015,7,27,0.0,18.0,-11.0,CHUQUIBAMBILLA,-14.79,-70.72,Norte,PUNO,2015-07-27,29.0,1,208,18.5,0.0,26.5,-8.0,-7.5,-7.0,0.997732594466019
2015,7,28,0.0,18.5,-10.0,CHUQUIBAMBILLA,-14.79,-70.72,Norte,PUNO,2015-07-28,28.5,1,209,18.0,0.0,29.0,-11.0,-8.0,-7.5,0.9996054380339067
2015,7,29,0.0,17.5,-10.0,CHUQUIBAMBILLA,-14.79,-70.72,Norte,PUNO,2015-07-29,27.5,1,210,18.5,0.0,28.5,-10.0,-11.0,-8.0,0.9995570142845537
2015,7,30,0.0,18.0,-11.0,CHUQUIBAMBILLA,-14.79,-70.72,Norte,PUNO,2015-07-30,29.0,1,211,17.5,0.0,27.5,-10.0,-10.0,-11.0,0.9997021045742107
2015,7,31,0.0,17.5,-10.5,CHUQUIBAMBILLA,-14.79,-70.72,Norte,PUNO,2015-07-31,28.0,1,212,18.0,0.0,29.0,-11.0,-10.0,-10.0,0.9997866067028153
2015,8,1,0.0,18.5,-10.0,CHUQUIBAMBILLA,-14.79,-70.72,Norte,PUNO,2015-08-01,28.5,1,213,17.5,0.0,28.0,-10.5,-11.0,-10.0,0.9997646982500826
2015,8,2,0.0,18.5,-9.0,CHUQUIBAMBILLA,-14.79,-70.72,Norte,PUNO,2015-08-02,27.5,1,214,18.5,0.0,28.5,-10.0,-10.5,-11.0,0.999692861420323
2015,8,3,0.0,18.0,-9.0,CHUQUIBAMBILLA,-14.79,-70.72,Norte,PUNO,2015-08-03,27.0,1,215,18.5,0.0,27.5,-9.0,-10.0,-10.5,0.9994068546705331
2015,8,4,0.0,18.0,-9.5,CHUQUIBAMBILLA,-14.79,-70.72,Norte,PUNO,2015-08-04,27.5,1,216,18.0,0.0,27.0,-9.0,-9.0,-10.0,0.9993074247788458
2015,8,5,0.0,18.5,-9.5,CHUQUIBAMBILLA,-14.79,-70.72,Norte,PUNO,2015-08-05,28.0,1,217,18.0,0.0,27.5,-9.5,-9.0,-9.0,0.9993834814918063
2015,8,6,0.0,20.0,-12.5,CHUQUIBAMBILLA,-14.79,-70.72,Norte,PUNO,2015-08-06,32.5,1,218,18.5,0.0,28.0,-9.5,-9.5,-9.0,0.9993953049541773
2015,8,7,0.0,19.0,-11.5,CHUQUIBAMBILLA,-14.79,-70.72,Norte,PUNO,2015-08-07,30.5,1,219,20.0,0.0,32.5,-12.5,-9.5,-9.5,0.9998661095472358
2015,8,8,0.0,18.5,-8.5,CHUQUIBAMBILLA,-14.79,-70.72,Norte,PUNO,2015-08-08,27.0,1,220,19.0,0.0,30.5,-11.5,-12.5,-9.5,0.9998582708354341
2015,8,9,0.0,15.5,-2.5,CHUQUIBAMBILLA,-14.79,-70.72,Norte,PUNO,2015-08-09,18.0,1,221,18.5,0.0,27.0,-8.5,-11.5,-12.5,0.999523025236301
2015,8,10,0.0,17.0,-18.5,CHUQUIBAMBILLA,-14.79,-70.72,Norte,PUNO,2015-08-10,35.5,1,222,15.5,0.0,18.0,-2.5,-8.5,-11.5,0.9856907737331095
2015,8,11,0.0,16.0,-9.5,CHUQUIBAMBILLA,-14.79,-70.72,Norte,PUNO,2015-08-11,25.5,1,223,17.0,0.0,35.5,-18.5,-2.5,-8.5,0.9999874015766572
2015,8,12,4.3,12.0,1.0,CHUQUIBAMBILLA,-14.79,-70.72,Norte,PUNO,2015-08-12,11.0,0,224,16.0,0.0,25.5,-9.5,-18.5,-2.5,0.9995982499566981
2015,8,13,0.0,10.5,1.0,CHUQUIBAMBILLA,-14.79,-70.72,Norte,PUNO,2015-08-13,9.5,0,225,12.0,4.3,11.0,1.0,-9.5,-18.5,0.9734908944801551
2015,8,14,0.0,15.0,-4.5,CHUQUIBAMBILLA,-14.79,-70.72,Norte,PUNO,2015-08-14,19.5,1,226,10.5,0.0,9.5,1.0,1.0,-9.5,0.7858799585281968
2015,8,15,0.0,16.5,-9.0,CHUQUIBAMBILLA,-14.79,-70.72,Norte,PUNO,2015-08-15,25.5,1,227,15.0,0.0,19.5,-4.5,1.0,1.0,0.908696863222775
2015,8,16,0.0,14.0,-5.5,CHUQUIBAMBILLA,-14.79,-70.72,Norte,PUNO,2015-08-16,19.5,1,228,16.5,0.0,25.5,-9.0,-4.5,1.0,0.9947088956082838
2015,8,17,0.0,16.5,-4.5,CHUQUIBAMBILLA,-14.79,-70.72,Norte,PUNO,2015-08-17,21.0,1,229,14.0,0.0,19.5,-5.5,-9.0,-4.5,0.993213421731304
2015,8,18,1.2,17.5,-2.0,CHUQUIBAMBILLA,-14.79,-70.72,Norte,PUNO,2015-08-18,19.5,1,230,16.5,0.0,21.0,-4.5,-5.5,-9.0,0.9884921981538118
2015,8,19,0.0,16.5,-6.5,CHUQUIBAMBILLA,-14.79,-70.72,Norte,PUNO,2015-08-19,23.0,1,231,17.5,1.2,19.5,-2.0,-4.5,-5.5,0.9127176052359185
2015,8,20,0.0,18.5,-6.5,CHUQUIBAMBILLA,-14.79,-70.72,Norte,PUNO,2015-08-20,25.0,1,232,16.5,0.0,23.0,-6.5,-2.0,-4.5,0.9879359778922217
2015,8,21,0.0,17.5,-6.0,CHUQUIBAMBILLA,-14.79,-70.72,Norte,PUNO,2015-08-21,23.5,1,233,18.5,0.0,25.0,-6.5,-6.5,-2.0,0.9883298919068766
2015,8,22,0.0,18.0,-7.5,CHUQUIBAMBILLA,-14.79,-70.72,Norte,PUNO,2015-08-22,25.5,1,234,17.5,0.0,23.5,-6.0,-6.5,-6.5,0.9927418475933422
2015,8,23,0.0,17.0,-7.0,CHUQUIBAMBILLA,-14.79,-70.72,Norte,PUNO,2015-08-23,24.0,1,235,18.0,0.0,25.5,-7.5,-6.0,-6.5,0.9963145119683702
2015,8,24,0.0,18.5,-6.5,CHUQUIBAMBILLA,-14.79,-70.72,Norte,PUNO,2015-08-24,25.0,1,236,17.0,0.0,24.0,-7.0,-7.5,-6.0,0.9960946778867186
2015,8,25,0.0,19.0,-7.0,CHUQUIBAMBILLA,-14.79,-70.72,Norte,PUNO,2015-08-25,26.0,1,237,18.5,0.0,25.0,-6.5,-7.0,-7.5,0.9950485046199571
2015,8,26,0.0,19.5,-6.0,CHUQUIBAMBILLA,-14.79,-70.72,Norte,PUNO,2015-08-26,25.5,1,238,19.0,0.0,26.0,-7.0,-6.5,-7.0,0.9954406926711439
2015,8,27,0.0,17.5,-9.0,CHUQUIBAMBILLA,-14.79,-70.72,Norte,PUNO,2015-08-27,26.5,1,239,19.5,0.0,25.5,-6.0,-7.0,-6.5,0.991898997310272
2015,8,28,0.0,16.5,-13.0,CHUQUIBAMBILLA,-14.79,-70.72,Norte,PUNO,2015-08-28,29.5,1,240,17.5,0.0,26.5,-9.0,-6.0,-7.0,0.998503464258135
2015,8,29,0.0,17.5,-13.5,CHUQUIBAMBILLA,-14.79,-70.72,Norte,PUNO,2015-08-29,31.0,1,241,16.5,0.0,29.5,-13.0,-9.0,-6.0,0.9998657705741875
2015,8,30,0.0,18.0,-14.0,CHUQUIBAMBILLA,-14.79,-70.72,Norte,PUNO,2015-08-30,32.0,1,242,17.5,0.0,31.0,-13.5,-13.0,-9.0,0.9999557781930517
2015,8,31,0.0,17.0,-11.0,CHUQUIBAMBILLA,-14.79,-70.72,Norte,PUNO,2015-08-31,28.0,1,243,18.0,0.0,32.0,-14.0,-13.5,-13.0,0.999981255503259
2015,9,1,0.0,16.0,-7.0,CHUQUIBAMBILLA,-14.79,-70.72,Norte,PUNO,2015-09-01,23.0,1,244,17.0,0.0,28.0,-11.0,-14.0,-13.5,0.9999279571619999
2015,9,2,0.0,15.5,0.0,CHUQUIBAMBILLA,-14.79,-70.72,Norte,PUNO,2015-09-02,15.5,1,245,16.0,0.0,23.0,-7.0,-11.0,-14.0,0.999275835388919
2015,9,3,0.0,16.0,-1.0,CHUQUIBAMBILLA,-14.79,-70.72,Norte,PUNO,2015-09-03,17.0,1,246,15.5,0.0,15.5,0.0,-7.0,-11.0,0.9335953780874773
2015,9,4,3.7,15.5,2.5,CHUQUIBAMBILLA,-14.79,-70.72,Norte,PUNO,2015-09-04,13.0,0,247,16.0,0.0,17.0,-1.0,0.0,-7.0,0.8390491040842948
2015,9,5,1.4,13.5,2.5,CHUQUIBAMBILLA,-14.79,-70.72,Norte,PUNO,2015-09-05,11.0,0,248,15.5,3.7,13.0,2.5,-1.0,0.0,0.21986118509109287
2015,9,6,0.0,17.5,-2.5,CHUQUIBAMBILLA,-14.79,-70.72,Norte,PUNO,2015-09-06,20.0,1,249,13.5,1.4,11.0,2.5,2.5,-1.0,0.2155027137033274
2015,9,7,0.0,18.5,-8.0,CHUQUIBAMBILLA,-14.79,-70.72,Norte,PUNO,2015-09-07,26.5,1,250,17.5,0.0,20.0,-2.5,2.5,2.5,0.6488983581852623
2015,9,8,0.0,18.0,-10.0,CHUQUIBAMBILLA,-14.79,-70.72,Norte,PUNO,2015-09-08,28.0,1,251,18.5,0.0,26.5,-8.0,-2.5,2.5,0.9830333856719333
2015,9,9,0.0,19.0,-10.0,CHUQUIBAMBILLA,-14.79,-70.72,Norte,PUNO,2015-09-09,29.0,1,252,18.0,0.0,28.0,-10.0,-8.0,-2.5,0.9986089294589068
2015,9,10,0.0,20.0,-10.5,CHUQUIBAMBILLA,-14.79,-70.72,Norte,PUNO,2015-09-10,30.5,1,253,19.0,0.0,29.0,-10.0,-10.0,-8.0,0.9994689885490525
2015,9,11,0.0,20.5,-6.0,CHUQUIBAMBILLA,-14.79,-70.72,Norte,PUNO,2015-09-11,26.5,1,254,20.0,0.0,30.5,-10.5,-10.0,-10.0,0.9996661118159071
2015,9,12,0.0,20.0,-4.5,CHUQUIBAMBILLA,-14.79,-70.72,Norte,PUNO,2015-09-12,24.5,1,255,20.5,0.0,26.5,-6.0,-10.5,-10.0,0.9965565876945397
2015,9,13,0.0,19.5,-7.0,CHUQUIBAMBILLA,-14.79,-70.72,Norte,PUNO,2015-09-13,26.5,1,256,20.0,0.0,24.5,-4.5,-6.0,-10.5,0.9881734474973083
2015,9,14,0.0,20.5,-5.0,CHUQUIBAMBILLA,-14.79,-70.72,Norte,PUNO,2015-09-14,25.5,1,257,19.5,0.0,26.5,-7.0,-4.5,-6.0,0.992880535880091
2015,9,15,0.0,18.5,-1.0,CHUQUIBAMBILLA,-14.79,-70.72,Norte,PUNO,2015-09-15,19.5,1,258,20.5,0.0,25.5,-5.0,-7.0,-4.5,0.9801297918043786
2015,9,16,0.0,19.0,-4.0,CHUQUIBAMBILLA,-14.79,-70.72,Norte,PUNO,2015-09-16,23.0,1,259,18.5,0.0,19.5,-1.0,-5.0,-7.0,0.8884389453935365
2015,9,17,0.0,20.0,-5.0,CHUQUIBAMBILLA,-14.79,-70.72,Norte,PUNO,2015-09-17,25.0,1,260,19.0,0.0,23.0,-4.0,-1.0,-5.0,0.943323074266258
2015,9,18,18.2,18.5,-1.5,CHUQUIBAMBILLA,-14.79,-70.72,Norte,PUNO,2015-09-18,20.0,1,261,20.0,0.0,25.0,-5.0,-4.0,-1.0,0.9548573370479495
2015,9,19,3.9,16.0,2.0,CHUQUIBAMBILLA,-14.79,-70.72,Norte,PUNO,2015-09-19,14.0,0,262,18.5,18.2,20.0,-1.5,-5.0,-4.0,0.7211987663620046
2015,9,20,0.0,17.5,2.5,CHUQUIBAMBILLA,-14.79,-70.72,Norte,PUNO,2015-09-20,15.0,0,263,16.0,3.9,14.0,2.0,-1.5,-5.0,0.4386115604987833
2015,9,21,0.0,18.5,-2.5,CHUQUIBAMBILLA,-14.79,-70.72,Norte,PUNO,2015-09-21,21.0,1,264,17.5,0.0,15.0,2.5,2.0,-1.5,0.19388762104357496
2015,9,22,4.5,20.0,0.0,CHUQUIBAMBILLA,-14.79,-70.72,Norte,PUNO,2015-09-22,20.0,1,265,18.5,0.0,21.0,-2.5,2.5,2.0,0.6457083635885273
2015,9,23,5.9,19.5,0.5,CHUQUIBAMBILLA,-14.79,-70.72,Norte,PUNO,2015-09-23,19.0,0,266,20.0,4.5,20.0,0.0,-2.5,2.5,0.3743121851573812
2015,9,24,2.3,16.5,4.0,CHUQUIBAMBILLA,-14.79,-70.72,Norte,PUNO,2015-09-24,12.5,0,267,19.5,5.9,19.0,0.5,0.0,-2.5,0.4006808121473096
2015,9,25,0.0,19.0,5.0,CHUQUIBAMBILLA,-14.79,-70.72,Norte,PUNO,2015-09-25,14.0,0,268,16.5,2.3,12.5,4.0,0.5,0.0,0.09108546112280685
2015,9,26,0.0,18.0,3.0,CHUQUIBAMBILLA,-14.79,-70.72,Norte,PUNO,2015-09-26,15.0,0,269,19.0,0.0,14.0,5.0,4.0,0.5,0.029955817569417214
2015,9,27,0.0,20.0,-5.0,CHUQUIBAMBILLA,-14.79,-70.72,Norte,PUNO,2015-09-27,25.0,1,270,18.0,0.0,15.0,3.0,5.0,4.0,0.049387024834440664
2015,9,28,0.0,17.5,-5.5,CHUQUIBAMBILLA,-14.79,-70.72,Norte,PUNO,2015-09-28,23.0,1,271,20.0,0.0,25.0,-5.0,3.0,5.0,0.7845334969654022
2015,9,29,0.0,18.0,-9.0,CHUQUIBAMBILLA,-14.79,-70.72,Norte,PUNO,2015-09-29,27.0,1,272,17.5,0.0,23.0,-5.5,-5.0,3.0,0.9558729261778368
2015,9,30,0.0,17.5,-7.0,CHUQUIBAMBILLA,-14.79,-70.72,Norte,PUNO,2015-09-30,24.5,1,273,18.0,0.0,27.0,-9.0,-5.5,-5.0,0.9977612210356414
2015,10,1,0.0,11.5,-2.5,CHUQUIBAMBILLA,-14.79,-70.72,Norte,PUNO,2015-10-01,14.0,1,274,17.5,0.0,24.5,-7.0,-9.0,-5.5,0.9963304150537305
2015,10,2,5.2,13.5,3.0,CHUQUIBAMBILLA,-14.79,-70.72,Norte,PUNO,2015-10-02,10.5,0,275,11.5,0.0,14.0,-2.5,-7.0,-9.0,0.98223009557379
2015,10,3,5.6,8.5,4.5,CHUQUIBAMBILLA,-14.79,-70.72,Norte,PUNO,2015-10-03,4.0,0,276,13.5,5.2,10.5,3.0,-2.5,-7.0,0.44603997267218726
2015,10,4,0.0,17.0,-3.5,CHUQUIBAMBILLA,-14.79,-70.72,Norte,PUNO,2015-10-04,20.5,1,277,8.5,5.6,4.0,4.5,3.0,-2.5,0.11753876934226654
2015,10,5,0.0,19.5,-4.5,CHUQUIBAMBILLA,-14.79,-70.72,Norte,PUNO,2015-10-05,24.0,1,278,17.0,0.0,20.5,-3.5,4.5,3.0,0.7008145177673911
2015,10,6,0.0,20.0,-5.5,CHUQUIBAMBILLA,-14.79,-70.72,Norte,PUNO,2015-10-06,25.5,1,279,19.5,0.0,24.0,-4.5,-3.5,4.5,0.87720505934136
2015,10,7,0.0,20.0,-5.0,CHUQUIBAMBILLA,-14.79,-70.72,Norte,PUNO,2015-10-07,25.0,1,280,20.0,0.0,25.5,-5.5,-4.5,-3.5,0.9767144843659649
2015,10,8,0.0,20.5,-4.0,CHUQUIBAMBILLA,-14.79,-70.72,Norte,PUNO,2015-10-08,24.5,1,281,20.0,0.0,25.0,-5.0,-5.5,-4.5,0.9769304896462132
2015,10,9,0.0,19.0,-10.0,CHUQUIBAMBILLA,-14.79,-70.72,Norte,PUNO,2015-10-09,29.0,1,282,20.5,0.0,24.5,-4.0,-5.0,-5.5,0.9629824113660354
2015,10,10,0.0,18.5,-11.0,CHUQUIBAMBILLA,-14.79,-70.72,Norte,PUNO,2015-10-10,29.5,1,283,19.0,0.0,29.0,-10.0,-4.0,-5.0,0.9982409198636147
2015,10,11,0.0,19.5,-10.5,CHUQUIBAMBILLA,-14.79,-70.72,Norte,PUNO,2015-10-11,30.0,1,284,18.5,0.0,29.5,-11.0,-10.0,-4.0,0.999458355098991
2015,10,12,0.0,20.0,-12.0,CHUQUIBAMBILLA,-14.79,-70.72,Norte,PUNO,2015-10-12,32.0,1,285,19.5,0.0,30.0,-10.5,-11.0,-10.0,0.9997165985872886
2015,10,13,0.0,19.5,-13.0,CHUQUIBAMBILLA,-14.79,-70.72,Norte,PUNO,2015-10-13,32.5,1,286,20.0,0.0,32.0,-12.0,-10.5,-11.0,0.9998753165910216
2015,10,14,0.0,20.0,-9.0,CHUQUIBAMBILLA,-14.79,-70.72,Norte,PUNO,2015-10-14,29.0,1,287,19.5,0.0,32.5,-13.0,-12.0,-10.5,0.9999368920473494
2015,10,15,0.0,17.5,-7.5,CHUQUIBAMBILLA,-14.79,-70.72,Norte,PUNO,2015-10-15,25.0,1,288,20.0,0.0,29.0,-9.0,-13.0,-12.0,0.9996230609695386
2015,10,16,0.0,16.0,-6.5,CHUQUIBAMBILLA,-14.79,-70.72,Norte,PUNO,2015-10-16,22.5,1,289,17.5,0.0,25.0,-7.5,-9.0,-13.0,0.9990490910496722
2015,10,17,0.0,18.5,-1.0,CHUQUIBAMBILLA,-14.79,-70.72,Norte,PUNO,2015-10-17,19.5,1,290,16.0,0.0,22.5,-6.5,-7.5,-9.0,0.9969556147124199
2015,10,18,0.0,14.0,-2.0,CHUQUIBAMBILLA,-14.79,-70.72,Norte,PUNO,2015-10-18,16.0,1,291,18.5,0.0,19.5,-1.0,-6.5,-7.5,0.9115579872454163
2015,10,19,0.0,15.5,-3.0,CHUQUIBAMBILLA,-14.79,-70.72,Norte,PUNO,2015-10-19,18.5,1,292,14.0,0.0,16.0,-2.0,-1.0,-6.5,0.9167892207982119
2015,10,20,3.5,19.0,4.5,CHUQUIBAMBILLA,-14.79,-70.72,Norte,PUNO,2015-10-20,14.5,0,293,15.5,0.0,18.5,-3.0,-2.0,-1.0,0.893353297404872
2015,10,21,0.0,18.5,2.0,CHUQUIBAMBILLA,-14.79,-70.72,Norte,PUNO,2015-10-21,16.5,0,294,19.0,3.5,14.5,4.5,-3.0,-2.0,0.10989019140684471
2015,10,22,0.0,18.5,-4.0,CHUQUIBAMBILLA,-14.79,-70.72,Norte,PUNO,2015-10-22,22.5,1,295,18.5,0.0,16.5,2.0,4.5,-3.0,0.20564243219991643
2015,10,23,0.0,17.5,-5.0,CHUQUIBAMBILLA,-14.79,-70.72,Norte,PUNO,2015-10-23,22.5,1,296,18.5,0.0,22.5,-4.0,2.0,4.5,0.7479808662462365
2015,10,24,5.2,15.5,-4.0,CHUQUIBAMBILLA,-14.79,-70.72,Norte,PUNO,2015-10-24,19.5,1,297,17.5,0.0,22.5,-5.0,-4.0,2.0,0.944029011484596
2015,10,25,7.5,10.5,2.0,CHUQUIBAMBILLA,-14.79,-70.72,Norte,PUNO,2015-10-25,8.5,0,298,15.5,5.2,19.5,-4.0,-5.0,-4.0,0.9604048238470456
2015,10,26,0.0,16.0,0.0,CHUQUIBAMBILLA,-14.79,-70.72,Norte,PUNO,2015-10-26,16.0,1,299,10.5,7.5,8.5,2.0,-4.0,-5.0,0.5870064162652743
2015,10,27,2.5,16.5,2.5,CHUQUIBAMBILLA,-14.79,-70.72,Norte,PUNO,2015-10-27,14.0,0,300,16.0,0.0,16.0,0.0,2.0,-4.0,0.6024870555695582
2015,10,28,5.2,13.5,3.5,CHUQUIBAMBILLA,-14.79,-70.72,Norte,PUNO,2015-10-28,10.0,0,301,16.5,2.5,14.0,2.5,0.0,2.0,0.15041377917309087
2015,10,29,0.0,17.0,2.5,CHUQUIBAMBILLA,-14.79,-70.72,Norte,PUNO,2015-10-29,14.5,0,302,13.5,5.2,10.0,3.5,2.5,0.0,0.10063666118759941
2015,1,2,4.7,15.4,5.2,HUANCANE,-15.21,-69.76,Norte,PUNO,2015-01-02,10.2,0,2,17.2,4.7,12.4,4.8,2.2,5.6,0.013926884649029579
2015,1,3,19.1,14.2,4.8,HUANCANE,-15.21,-69.76,Norte,PUNO,2015-01-03,9.4,0,3,15.4,4.7,10.2,5.2,4.8,2.2,0.015327915584650487
2015,1,4,1.3,11.6,2.6,HUANCANE,-15.21,-69.76,Norte,PUNO,2015-01-04,9.0,0,4,14.2,19.1,9.4,4.8,5.2,4.8,0.006622496716980835
2015,1,5,3.5,14.0,4.8,HUANCANE,-15.21,-69.76,Norte,PUNO,2015-01-05,9.2,0,5,11.6,1.3,9.0,2.6,4.8,5.2,0.06366590611573314
2015,1,6,5.6,16.0,4.6,HUANCANE,-15.21,-69.76,Norte,PUNO,2015-01-06,11.4,0,6,14.0,3.5,9.2,4.8,2.6,4.8,0.020647502919680844
2015,1,7,0.8,15.4,5.0,HUANCANE,-15.21,-69.76,Norte,PUNO,2015-01-07,10.4,0,7,16.0,5.6,11.4,4.6,4.8,2.6,0.01813566146027002
2015,1,8,5.3,13.6,3.8,HUANCANE,-15.21,-69.76,Norte,PUNO,2015-01-08,9.8,0,8,15.4,0.8,10.4,5.0,4.6,4.8,0.014526226777714438
2015,1,9,8.4,14.8,4.6,HUANCANE,-15.21,-69.76,Norte,PUNO,2015-01-09,10.2,0,9,13.6,5.3,9.8,3.8,5.0,4.6,0.02511531960864995
2015,1,10,30.2,13.4,4.8,HUANCANE,-15.21,-69.76,Norte,PUNO,2015-01-10,8.600000000000001,0,10,14.8,8.4,10.2,4.6,3.8,5.0,0.013953505883541733
2015,1,11,2.9,14.6,2.6,HUANCANE,-15.21,-69.76,Norte,PUNO,2015-01-11,12.0,0,11,13.4,30.2,8.600000000000001,4.8,4.6,3.8,0.0051429208530568175
2015,1,12,4.7,13.0,4.4,HUANCANE,-15.21,-69.76,Norte,PUNO,2015-01-12,8.6,0,12,14.6,2.9,12.0,2.6,4.8,4.6,0.05032264590668716
2015,1,13,0.0,12.6,3.4,HUANCANE,-15.21,-69.76,Norte,PUNO,2015-01-13,9.2,0,13,13.0,4.7,8.6,4.4,2.6,4.8,0.0261590675759216
2015,1,14,0.0,15.2,1.0,HUANCANE,-15.21,-69.76,Norte,PUNO,2015-01-14,14.2,0,14,12.6,0.0,9.2,3.4,4.4,2.6,0.06264751238115258
2015,1,15,3.2,16.4,0.2,HUANCANE,-15.21,-69.76,Norte,PUNO,2015-01-15,16.2,0,15,15.2,0.0,14.2,1.0,3.4,4.4,0.14810164671352707
2015,1,16,0.0,13.6,3.6,HUANCANE,-15.21,-69.76,Norte,PUNO,2015-01-16,10.0,0,16,16.4,3.2,16.2,0.2,1.0,3.4,0.2472029063635152
2015,1,17,0.0,13.4,4.4,HUANCANE,-15.21,-69.76,Norte,PUNO,2015-01-17,9.0,0,17,13.6,0.0,10.0,3.6,0.2,1.0,0.10889245130807867
2015,1,18,3.4,12.6,4.2,HUANCANE,-15.21,-69.76,Norte,PUNO,2015-01-18,8.399999999999999,0,18,13.4,0.0,9.0,4.4,3.6,0.2,0.0543216203862468
2015,1,19,3.5,14.2,4.6,HUANCANE,-15.21,-69.76,Norte,PUNO,2015-01-19,9.6,0,19,12.6,3.4,8.399999999999999,4.2,4.4,3.6,0.03022350374835545
2015,1,20,2.0,14.0,4.4,HUANCANE,-15.21,-69.76,Norte,PUNO,2015-01-20,9.6,0,20,14.2,3.5,9.6,4.6,4.2,4.4,0.019396187694918066
2015,1,21,0.0,14.4,4.8,HUANCANE,-15.21,-69.76,Norte,PUNO,2015-01-21,9.6,0,21,14.0,2.0,9.6,4.4,4.6,4.2,0.023128649839252807
2015,1,22,0.0,14.6,3.2,HUANCANE,-15.21,-69.76,Norte,PUNO,2015-01-22,11.4,0,22,14.4,0.0,9.6,4.8,4.4,4.6,0.019313847501208976
2015,1,23,0.0,14.8,5.4,HUANCANE,-15.21,-69.76,Norte,PUNO,2015-01-23,9.4,0,23,14.6,0.0,11.4,3.2,4.8,4.4,0.04344470769134431
2015,1,24,0.0,15.2,4.4,HUANCANE,-15.21,-69.76,Norte,PUNO,2015-01-24,10.8,0,24,14.8,0.0,9.4,5.4,3.2,4.8,0.015357020709548084
2015,1,25,9.9,15.2,5.4,HUANCANE,-15.21,-69.76,Norte,PUNO,2015-01-25,9.8,0,25,15.2,0.0,10.8,4.4,5.4,3.2,0.02409573064875165
2015,1,26,4.0,13.8,4.2,HUANCANE,-15.21,-69.76,Norte,PUNO,2015-01-26,9.6,0,26,15.2,9.9,9.8,5.4,4.4,5.4,0.00703165569977316
2015,1,27,0.0,15.0,5.0,HUANCANE,-15.21,-69.76,Norte,PUNO,2015-01-27,10.0,0,27,13.8,4.0,9.6,4.2,5.4,4.4,0.0207049709224245
2015,1,28,7.1,13.4,5.4,HUANCANE,-15.21,-69.76,Norte,PUNO,2015-01-28,8.0,0,28,15.0,0.0,10.0,5.0,4.2,5.4,0.01503086060376251
2015,1,29,0.0,15.2,5.8,HUANCANE,-15.21,-69.76,Norte,PUNO,2015-01-29,9.4,0,29,13.4,7.1,8.0,5.4,5.0,4.2,0.010409068812269261
2015,1,30,4.3,12.0,5.4,HUANCANE,-15.21,-69.76,Norte,PUNO,2015-01-30,6.6,0,30,15.2,0.0,9.4,5.8,5.4,5.0,0.00869743270368456
2015,1,31,0.2,14.2,3.8,HUANCANE,-15.21,-69.76,Norte,PUNO,2015-01-31,10.4,0,31,12.0,4.3,6.6,5.4,5.8,5.4,0.01017845024586331
2015,2,1,0.8,14.4,5.6,HUANCANE,-15.21,-69.76,Norte,PUNO,2015-02-01,8.8,0,32,14.2,0.2,10.4,3.8,5.4,5.8,0.02442251995621302
2015,2,2,0.0,16.0,2.2,HUANCANE,-15.21,-69.76,Norte,PUNO,2015-02-02,13.8,0,33,14.4,0.8,8.8,5.6,3.8,5.4,0.011568395809138642
2015,2,3,0.0,16.2,0.4,HUANCANE,-15.21,-69.76,Norte,PUNO,2015-02-03,15.8,0,34,16.0,0.0,13.8,2.2,5.6,3.8,0.06407511855473584
2015,2,4,0.0,16.4,2.6,HUANCANE,-15.21,-69.76,Norte,PUNO,2015-02-04,13.8,0,35,16.2,0.0,15.8,0.4,2.2,5.6,0.1779255370196291
2015,2,5,0.0,16.0,1.6,HUANCANE,-15.21,-69.76,Norte,PUNO,2015-02-05,14.4,0,36,16.4,0.0,13.8,2.6,0.4,2.2,0.11894777431719618
2015,2,6,17.6,14.0,5.4,HUANCANE,-15.21,-69.76,Norte,PUNO,2015-02-06,8.6,0,37,16.0,0.0,14.4,1.6,2.6,0.4,0.19035051852838433
2015,2,7,11.1,12.2,4.6,HUANCANE,-15.21,-69.76,Norte,PUNO,2015-02-07,7.6,0,38,14.0,17.6,8.6,5.4,1.6,2.6,0.011606533860709785
2015,2,8,4.5,14.8,3.4,HUANCANE,-15.21,-69.76,Norte,PUNO,2015-02-08,11.4,0,39,12.2,11.1,7.6,4.6,5.4,1.6,0.020193436778641403
2015,2,9,4.3,15.4,5.6,HUANCANE,-15.21,-69.76,Norte,PUNO,2015-02-09,9.8,0,40,14.8,4.5,11.4,3.4,4.6,5.4,0.027277390825329744
2015,2,10,0.0,15.2,5.4,HUANCANE,-15.21,-69.76,Norte,PUNO,2015-02-10,9.8,0,41,15.4,4.3,9.8,5.6,3.4,4.6,0.010540378881271142
2015,2,11,14.7,14.4,5.6,HUANCANE,-15.21,-69.76,Norte,PUNO,2015-02-11,8.8,0,42,15.2,0.0,9.8,5.4,5.6,3.4,0.013283768526321606
2015,2,12,0.0,14.0,5.8,HUANCANE,-15.21,-69.76,Norte,PUNO,2015-02-12,8.2,0,43,14.4,14.7,8.8,5.6,5.4,5.6,0.004494360675225943
2015,2,13,2.0,15.6,3.6,HUANCANE,-15.21,-69.76,Norte,PUNO,2015-02-13,12.0,0,44,14.0,0.0,8.2,5.8,5.6,5.4,0.008818625455694612
2015,2,14,29.1,17.0,6.4,HUANCANE,-15.21,-69.76,Norte,PUNO,2015-02-14,10.6,0,45,15.6,2.0,12.0,3.6,5.8,5.6,0.021540666819884757
2015,2,15,0.3,14.2,5.0,HUANCANE,-15.21,-69.76,Norte,PUNO,2015-02-15,9.2,0,46,17.0,29.1,10.6,6.4,3.6,5.8,0.0013959034068811655
2015,2,16,9.3,17.0,6.2,HUANCANE,-15.21,-69.76,Norte,PUNO,2015-02-16,10.8,0,47,14.2,0.3,9.2,5.0,6.4,3.6,0.015428197465640024
2015,2,17,0.0,15.2,4.8,HUANCANE,-15.21,-69.76,Norte,PUNO,2015-02-17,10.4,0,48,17.0,9.3,10.8,6.2,5.0,6.4,0.0031884482480209523
2015,2,18,0.0,16.2,2.6,HUANCANE,-15.21,-69.76,Norte,PUNO,2015-02-18,13.6,0,49,15.2,0.0,10.4,4.8,6.2,5.0,0.013384754565641581
2015,2,19,0.0,15.0,0.4,HUANCANE,-15.21,-69.76,Norte,PUNO,2015-02-19,14.6,0,50,16.2,0.0,13.6,2.6,4.8,6.2,0.04013307998234545
2015,2,20,0.0,16.0,1.8,HUANCANE,-15.21,-69.76,Norte,PUNO,2015-02-20,14.2,0,51,15.0,0.0,14.6,0.4,2.6,4.8,0.2030724848172439
2015,2,21,0.0,13.2,4.8,HUANCANE,-15.21,-69.76,Norte,PUNO,2015-02-21,8.399999999999999,0,52,16.0,0.0,14.2,1.8,0.4,2.6,0.16861782708237175
2015,2,22,0.0,15.0,4.6,HUANCANE,-15.21,-69.76,Norte,PUNO,2015-02-22,10.4,0,53,13.2,0.0,8.399999999999999,4.8,1.8,0.4,0.05435769215956341
2015,2,23,0.0,13.8,5.6,HUANCANE,-15.21,-69.76,Norte,PUNO,2015-02-23,8.200000000000001,0,54,15.0,0.0,10.4,4.6,4.8,1.8,0.029023860068398608
2015,2,24,0.0,17.0,4.4,HUANCANE,-15.21,-69.76,Norte,PUNO,2015-02-24,12.6,0,55,13.8,0.0,8.200000000000001,5.6,4.6,4.8,0.012419297316187877
2015,2,25,0.0,16.2,0.8,HUANCANE,-15.21,-69.76,Norte,PUNO,2015-02-25,15.4,0,56,17.0,0.0,12.6,4.4,5.6,4.6,0.01633710238768166
2015,2,26,2.2,16.4,3.4,HUANCANE,-15.21,-69.76,Norte,PUNO,2015-02-26,12.999999999999998,0,57,16.2,0.0,15.4,0.8,4.4,5.6,0.1144605868567105
2015,2,27,6.1,14.6,4.6,HUANCANE,-15.21,-69.76,Norte,PUNO,2015-02-27,10.0,0,58,16.4,2.2,12.999999999999998,3.4,0.8,4.4,0.050178632012504464
2015,2,28,0.0,15.0,3.4,HUANCANE,-15.21,-69.76,Norte,PUNO,2015-02-28,11.6,0,59,14.6,6.1,10.0,4.6,3.4,0.8,0.030714150491195705
2015,3,1,0.0,14.8,5.4,HUANCANE,-15.21,-69.76,Norte,PUNO,2015-03-01,9.4,0,60,15.0,0.0,11.6,3.4,4.6,3.4,0.04452725296674966
2015,3,2,0.0,15.2,4.4,HUANCANE,-15.21,-69.76,Norte,PUNO,2015-03-02,10.8,0,61,14.8,0.0,9.4,5.4,3.4,4.6,0.015297978872756529
2015,3,3,7.2,16.4,4.0,HUANCANE,-15.21,-69.76,Norte,PUNO,2015-03-03,12.4,0,62,15.2,0.0,10.8,4.4,5.4,3.4,0.023240393069230796
2015,3,4,6.5,14.2,4.6,HUANCANE,-15.21,-69.76,Norte,PUNO,2015-03-04,9.6,0,63,16.4,7.2,12.4,4.0,4.4,5.4,0.015443602538352363
2015,3,5,2.1,14.0,4.8,HUANCANE,-15.21,-69.76,Norte,PUNO,2015-03-05,9.2,0,64,14.2,6.5,9.6,4.6,4.0,4.4,0.0169940534373639
2015,3,6,0.0,13.8,6.0,HUANCANE,-15.21,-69.76,Norte,PUNO,2015-03-06,7.800000000000001,0,65,14.0,2.1,9.2,4.8,4.6,4.0,0.01896358121511425
2015,3,7,0.0,13.8,6.6,HUANCANE,-15.21,-69.76,Norte,PUNO,2015-03-07,7.200000000000001,0,66,13.8,0.0,7.800000000000001,6.0,4.8,4.6,0.010019835032990566
2015,3,8,0.9,15.2,3.8,HUANCANE,-15.21,-69.76,Norte,PUNO,2015-03-08,11.4,0,67,13.8,0.0,7.200000000000001,6.6,6.0,4.8,0.006008802749337892
2015,3,9,0.0,15.4,3.4,HUANCANE,-15.21,-69.76,Norte,PUNO,2015-03-09,12.0,0,68,15.2,0.9,11.4,3.8,6.6,6.0,0.017881882858295936
2015,3,10,0.0,16.0,2.2,HUANCANE,-15.21,-69.76,Norte,PUNO,2015-03-10,13.8,0,69,15.4,0.0,12.0,3.4,3.8,6.6,0.03003042876402569
2015,3,11,1.9,15.4,3.0,HUANCANE,-15.21,-69.76,Norte,PUNO,2015-03-11,12.4,0,70,16.0,0.0,13.8,2.2,3.4,3.8,0.08352882477696522
2015,3,12,0.0,16.6,2.8,HUANCANE,-15.21,-69.76,Norte,PUNO,2015-03-12,13.8,0,71,15.4,1.9,12.4,3.0,2.2,3.4,0.06539907299370361
2015,3,13,0.9,17.2,3.0,HUANCANE,-15.21,-69.76,Norte,PUNO,2015-03-13,14.2,0,72,16.6,0.0,13.8,2.8,3.0,2.2,0.077047328559194
2015,3,14,0.0,15.6,5.4,HUANCANE,-15.21,-69.76,Norte,PUNO,2015-03-14,10.2,0,73,17.2,0.9,14.2,3.0,2.8,3.0,0.058241497258765484
2015,3,15,0.0,14.8,1.4,HUANCANE,-15.21,-69.76,Norte,PUNO,2015-03-15,13.4,0,74,15.6,0.0,10.2,5.4,3.0,2.8,0.019578309622500418
2015,3,16,0.0,15.2,4.8,HUANCANE,-15.21,-69.76,Norte,PUNO,2015-03-16,10.4,0,75,14.8,0.0,13.4,1.4,5.4,3.0,0.11887091642358559
2015,3,17,0.0,16.4,2.2,HUANCANE,-15.21,-69.76,Norte,PUNO,2015-03-17,14.2,0,76,15.2,0.0,10.4,4.8,1.4,5.4,0.02349143147871814
2015,3,18,0.0,14.8,3.8,HUANCANE,-15.21,-69.76,Norte,PUNO,2015-03-18,11.0,0,77,16.4,0.0,14.2,2.2,4.8,1.4,0.09459136149251714
2015,3,19,2.3,14.4,4.4,HUANCANE,-15.21,-69.76,Norte,PUNO,2015-03-19,10.0,0,78,14.8,0.0,11.0,3.8,2.2,4.8,0.04061730661520866
2015,3,20,1.4,14.4,2.8,HUANCANE,-15.21,-69.76,Norte,PUNO,2015-03-20,11.6,0,79,14.4,2.3,10.0,4.4,3.8,2.2,0.03234316682241534
2015,3,21,0.0,15.2,4.6,HUANCANE,-15.21,-69.76,Norte,PUNO,2015-03-21,10.6,0,80,14.4,1.4,11.6,2.8,4.4,3.8,0.057601696297299936
2015,3,22,0.0,14.4,3.2,HUANCANE,-15.21,-69.76,Norte,PUNO,2015-03-22,11.2,0,81,15.2,0.0,10.6,4.6,2.8,4.4,0.025194541432557106
2015,3,23,0.0,14.8,1.6,HUANCANE,-15.21,-69.76,Norte,PUNO,2015-03-23,13.2,0,82,14.4,0.0,11.2,3.2,4.6,2.8,0.056236549391420254
2015,3,24,6.6,16.0,0.4,HUANCANE,-15.21,-69.76,Norte,PUNO,2015-03-24,15.6,0,83,14.8,0.0,13.2,1.6,3.2,4.6,0.11298996840443565
2015,3,25,8.1,14.4,3.6,HUANCANE,-15.21,-69.76,Norte,PUNO,2015-03-25,10.8,0,84,16.0,6.6,15.6,0.4,1.6,3.2,0.19466278447294663
2015,3,26,2.9,15.2,3.4,HUANCANE,-15.21,-69.76,Norte,PUNO,2015-03-26,11.8,0,85,14.4,8.1,10.8,3.6,0.4,1.6,0.062365824021756056
2015,3,27,0.0,16.2,2.2,HUANCANE,-15.21,-69.76,Norte,PUNO,2015-03-27,14.0,0,86,15.2,2.9,11.8,3.4,3.6,0.4,0.06574147392883264
2015,3,28,0.0,15.4,2.8,HUANCANE,-15.21,-69.76,Norte,PUNO,2015-03-28,12.6,0,87,16.2,0.0,14.0,2.2,3.4,3.6,0.08420395602593478
2015,3,29,0.0,16.4,0.6,HUANCANE,-15.21,-69.76,Norte,PUNO,2015-03-29,15.8,0,88,15.4,0.0,12.6,2.8,2.2,3.4,0.07889201151576056
2015,3,30,0.0,15.0,2.8,HUANCANE,-15.21,-69.76,Norte,PUNO,2015-03-30,12.2,0,89,16.4,0.0,15.8,0.6,2.8,2.2,0.22386026332104847
2015,3,31,4.2,14.2,3.4,HUANCANE,-15.21,-69.76,Norte,PUNO,2015-03-31,10.8,0,90,15.0,0.0,12.2,2.8,0.6,2.8,0.10708810056526898
2015,4,1,0.9,15.2,4.8,HUANCANE,-15.21,-69.76,Norte,PUNO,2015-04-01,10.4,0,91,14.2,4.2,10.8,3.4,2.8,0.6,0.07190715516836609
2015,4,2,0.0,15.8,5.6,HUANCANE,-15.21,-69.76,Norte,PUNO,2015-04-02,10.2,0,92,15.2,0.9,10.4,4.8,3.4,2.8,0.025246982545626944
2015,4,3,0.0,16.2,0.8,HUANCANE,-15.21,-69.76,Norte,PUNO,2015-04-03,15.4,0,93,15.8,0.0,10.2,5.6,4.8,3.4,0.01246091717975757
2015,4,4,0.0,16.4,0.4,HUANCANE,-15.21,-69.76,Norte,PUNO,2015-04-04,15.999999999999998,0,94,16.2,0.0,15.4,0.8,5.6,4.8,0.10980211494880106
2015,4,5,1.0,16.2,0.6,HUANCANE,-15.21,-69.76,Norte,PUNO,2015-04-05,15.6,0,95,16.4,0.0,15.999999999999998,0.4,0.8,5.6,0.2018988030950503
2015,4,6,0.0,12.6,0.6,HUANCANE,-15.21,-69.76,Norte,PUNO,2015-04-06,12.0,0,96,16.2,1.0,15.6,0.6,0.4,0.8,0.3190033227734595
2015,4,7,7.8,16.0,0.8,HUANCANE,-15.21,-69.76,Norte,PUNO,2015-04-07,15.2,0,97,12.6,0.0,12.0,0.6,0.6,0.4,0.4072990151210032
2015,4,8,10.4,12.2,4.8,HUANCANE,-15.21,-69.76,Norte,PUNO,2015-04-08,7.399999999999999,0,98,16.0,7.8,15.2,0.8,0.6,0.6,0.23434845283227243
2015,4,9,2.6,12.6,0.4,HUANCANE,-15.21,-69.76,Norte,PUNO,2015-04-09,12.2,0,99,12.2,10.4,7.399999999999999,4.8,0.8,0.6,0.039007779015872095
2015,4,10,4.5,12.2,2.4,HUANCANE,-15.21,-69.76,Norte,PUNO,2015-04-10,9.8,0,100,12.6,2.6,12.2,0.4,4.8,0.8,0.26819254893631556
2015,4,11,6.1,11.8,4.4,HUANCANE,-15.21,-69.76,Norte,PUNO,2015-04-11,7.4,0,101,12.2,4.5,9.8,2.4,0.4,4.8,0.10294811522149405
2015,4,12,0.0,13.2,3.8,HUANCANE,-15.21,-69.76,Norte,PUNO,2015-04-12,9.4,0,102,11.8,6.1,7.4,4.4,2.4,0.4,0.051296096767303984
2015,4,13,6.5,14.4,4.6,HUANCANE,-15.21,-69.76,Norte,PUNO,2015-04-13,9.8,0,103,13.2,0.0,9.4,3.8,4.4,2.4,0.049080492264876714
2015,4,14,3.9,16.2,4.4,HUANCANE,-15.21,-69.76,Norte,PUNO,2015-04-14,11.8,0,104,14.4,6.5,9.8,4.6,3.8,4.4,0.01701499275161768
2015,4,15,4.1,13.4,4.6,HUANCANE,-15.21,-69.76,Norte,PUNO,2015-04-15,8.8,0,105,16.2,3.9,11.8,4.4,4.6,3.8,0.01824398980459287
2015,4,16,1.8,14.0,3.4,HUANCANE,-15.21,-69.76,Norte,PUNO,2015-04-16,10.6,0,106,13.4,4.1,8.8,4.6,4.4,4.6,0.018725216494740505
2015,4,17,4.9,14.6,3.8,HUANCANE,-15.21,-69.76,Norte,PUNO,2015-04-17,10.8,0,107,14.0,1.8,10.6,3.4,4.6,4.4,0.03797546245462379
2015,4,18,0.0,15.4,3.8,HUANCANE,-15.21,-69.76,Norte,PUNO,2015-04-18,11.6,0,108,14.6,4.9,10.8,3.8,3.4,4.6,0.028449921075171112
2015,4,19,0.0,16.4,3.6,HUANCANE,-15.21,-69.76,Norte,PUNO,2015-04-19,12.8,0,109,15.4,0.0,11.6,3.8,3.8,3.4,0.03829581811366448
2015,4,20,0.0,16.0,4.0,HUANCANE,-15.21,-69.76,Norte,PUNO,2015-04-20,12.0,0,110,16.4,0.0,12.8,3.6,3.8,3.8,0.036990737195008644
2015,4,21,0.0,13.6,2.4,HUANCANE,-15.21,-69.76,Norte,PUNO,2015-04-21,11.2,0,111,16.0,0.0,12.0,4.0,3.6,3.8,0.03173525307514921
2015,4,22,0.0,14.8,0.4,HUANCANE,-15.21,-69.76,Norte,PUNO,2015-04-22,14.4,0,112,13.6,0.0,11.2,2.4,4.0,3.6,0.0863346740552327
2015,4,23,1.9,12.4,2.8,HUANCANE,-15.21,-69.76,Norte,PUNO,2015-04-23,9.6,0,113,14.8,0.0,14.4,0.4,2.4,4.0,0.22827984919110703
2015,4,24,0.0,14.2,3.8,HUANCANE,-15.21,-69.76,Norte,PUNO,2015-04-24,10.4,0,114,12.4,1.9,9.6,2.8,0.4,2.4,0.12850981604746503
2015,4,25,0.0,14.4,4.2,HUANCANE,-15.21,-69.76,Norte,PUNO,2015-04-25,10.2,0,115,14.2,0.0,10.4,3.8,2.8,0.4,0.07313210371588272
2015,4,26,0.8,15.6,4.8,HUANCANE,-15.21,-69.76,Norte,PUNO,2015-04-26,10.8,0,116,14.4,0.0,10.2,4.2,3.8,2.8,0.036659791570691574
2015,4,27,0.6,15.4,3.4,HUANCANE,-15.21,-69.76,Norte,PUNO,2015-04-27,12.0,0,117,15.6,0.8,10.8,4.8,4.2,3.8,0.018998663968627205
2015,4,28,0.0,13.8,3.2,HUANCANE,-15.21,-69.76,Norte,PUNO,2015-04-28,10.6,0,118,15.4,0.6,12.0,3.4,4.8,4.2,0.035920637111370037
2015,4,29,0.0,15.0,3.0,HUANCANE,-15.21,-69.76,Norte,PUNO,2015-04-29,12.0,0,119,13.8,0.0,10.6,3.2,3.4,4.8,0.05136309581869816
2015,4,30,0.0,15.0,0.4,HUANCANE,-15.21,-69.76,Norte,PUNO,2015-04-30,14.6,0,120,15.0,0.0,12.0,3.0,3.2,3.4,0.0645898214502168
2015,5,1,0.0,16.6,1.8,HUANCANE,-15.21,-69.76,Norte,PUNO,2015-05-01,14.8,0,121,15.0,0.0,14.6,0.4,3.0,3.2,0.2320744589956202
2015,5,2,0.0,16.2,-1.4,HUANCANE,-15.21,-69.76,Norte,PUNO,2015-05-02,17.599999999999998,1,122,16.6,0.0,14.8,1.8,0.4,3.0,0.15202131941485322
2015,5,3,0.0,14.4,-1.0,HUANCANE,-15.21,-69.76,Norte,PUNO,2015-05-03,15.4,1,123,16.2,0.0,17.599999999999998,-1.4,1.8,0.4,0.554552205630893
2015,5,4,0.0,15.6,-1.4,HUANCANE,-15.21,-69.76,Norte,PUNO,2015-05-04,17.0,1,124,14.4,0.0,15.4,-1.0,-1.4,1.8,0.5899426069207419
2015,5,5,0.0,14.4,-1.4,HUANCANE,-15.21,-69.76,Norte,PUNO,2015-05-05,15.8,1,125,15.6,0.0,17.0,-1.4,-1.0,-1.4,0.7063603387271299
2015,5,6,0.0,16.2,-2.4,HUANCANE,-15.21,-69.76,Norte,PUNO,2015-05-06,18.6,1,126,14.4,0.0,15.8,-1.4,-1.4,-1.0,0.7253336063690131
2015,5,7,0.0,15.4,-0.6,HUANCANE,-15.21,-69.76,Norte,PUNO,2015-05-07,16.0,1,127,16.2,0.0,18.6,-2.4,-1.4,-1.4,0.8014482814646784
2015,5,8,0.8,15.2,0.4,HUANCANE,-15.21,-69.76,Norte,PUNO,2015-05-08,14.8,0,128,15.4,0.0,16.0,-0.6,-2.4,-1.4,0.6581024774503194
2015,5,9,3.5,15.0,1.2,HUANCANE,-15.21,-69.76,Norte,PUNO,2015-05-09,13.8,0,129,15.2,0.8,14.8,0.4,-0.6,-2.4,0.5063808602083564
2015,5,10,0.0,14.4,-2.0,HUANCANE,-15.21,-69.76,Norte,PUNO,2015-05-10,16.4,1,130,15.0,3.5,13.8,1.2,0.4,-0.6,0.2878377386807925
2015,5,11,0.0,15.2,-2.2,HUANCANE,-15.21,-69.76,Norte,PUNO,2015-05-11,17.4,1,131,14.4,0.0,16.4,-2.0,1.2,0.4,0.6803971831156904
2015,5,12,0.0,16.2,-0.6,HUANCANE,-15.21,-69.76,Norte,PUNO,2015-05-12,16.8,1,132,15.2,0.0,17.4,-2.2,-2.0,1.2,0.7463886352708596
2015,5,13,0.6,16.0,-0.4,HUANCANE,-15.21,-69.76,Norte,PUNO,2015-05-13,16.4,1,133,16.2,0.0,16.8,-0.6,-2.2,-2.0,0.6565854560098514
2015,5,14,0.0,15.4,3.0,HUANCANE,-15.21,-69.76,Norte,PUNO,2015-05-14,12.4,0,134,16.0,0.6,16.4,-0.4,-0.6,-2.2,0.5884502069106924
2015,5,15,0.0,13.0,-2.4,HUANCANE,-15.21,-69.76,Norte,PUNO,2015-05-15,15.4,1,135,15.4,0.0,12.4,3.0,-0.4,-0.6,0.16346558697199828
2015,5,16,0.2,10.2,-0.6,HUANCANE,-15.21,-69.76,Norte,PUNO,2015-05-16,10.8,1,136,13.0,0.0,15.4,-2.4,3.0,-0.4,0.7247804097596284
2015,5,17,0.0,16.2,2.0,HUANCANE,-15.21,-69.76,Norte,PUNO,2015-05-17,14.2,0,137,10.2,0.2,10.8,-0.6,-2.4,3.0,0.6100380974718801
2015,5,18,0.0,16.6,0.6,HUANCANE,-15.21,-69.76,Norte,PUNO,2015-05-18,16.0,0,138,16.2,0.0,14.2,2.0,-0.6,-2.4,0.2957362707719411
2015,5,19,0.0,15.0,-2.6,HUANCANE,-15.21,-69.76,Norte,PUNO,2015-05-19,17.6,1,139,16.6,0.0,16.0,0.6,2.0,-0.6,0.3200349673939184
2015,5,20,0.0,16.0,-0.6,HUANCANE,-15.21,-69.76,Norte,PUNO,2015-05-20,16.6,1,140,15.0,0.0,17.6,-2.6,0.6,2.0,0.703257530719437
2015,5,21,0.0,14.4,-3.8,HUANCANE,-15.21,-69.76,Norte,PUNO,2015-05-21,18.2,1,141,16.0,0.0,16.6,-0.6,-2.6,0.6,0.5849300484711535
2015,5,22,0.0,15.2,-5.4,HUANCANE,-15.21,-69.76,Norte,PUNO,2015-05-22,20.6,1,142,14.4,0.0,18.2,-3.8,-0.6,-2.6,0.9126932807608011
2015,5,23,0.0,16.8,-3.6,HUANCANE,-15.21,-69.76,Norte,PUNO,2015-05-23,20.4,1,143,15.2,0.0,20.6,-5.4,-3.8,-0.6,0.9618676000226705
2015,5,24,0.0,15.4,-4.0,HUANCANE,-15.21,-69.76,Norte,PUNO,2015-05-24,19.4,1,144,16.8,0.0,20.4,-3.6,-5.4,-3.8,0.9434106056307847
2015,5,25,0.0,16.4,-2.4,HUANCANE,-15.21,-69.76,Norte,PUNO,2015-05-25,18.8,1,145,15.4,0.0,19.4,-4.0,-3.6,-5.4,0.9588221247107707
2015,5,26,0.0,16.2,-2.2,HUANCANE,-15.21,-69.76,Norte,PUNO,2015-05-26,18.4,1,146,16.4,0.0,18.8,-2.4,-4.0,-3.6,0.8826729695742533
2015,5,27,0.0,17.0,-1.8,HUANCANE,-15.21,-69.76,Norte,PUNO,2015-05-27,18.8,1,147,16.2,0.0,18.4,-2.2,-2.4,-4.0,0.8566355854411097
2015,5,28,0.0,14.4,-5.0,HUANCANE,-15.21,-69.76,Norte,PUNO,2015-05-28,19.4,1,148,17.0,0.0,18.8,-1.8,-2.2,-2.4,0.7787727815657933
2015,5,29,0.0,17.4,-4.4,HUANCANE,-15.21,-69.76,Norte,PUNO,2015-05-29,21.8,1,149,14.4,0.0,19.4,-5.0,-1.8,-2.2,0.9555109244435896
2015,5,30,0.0,17.0,-4.8,HUANCANE,-15.21,-69.76,Norte,PUNO,2015-05-30,21.8,1,150,17.4,0.0,21.8,-4.4,-5.0,-1.8,0.9448177111482657
2015,5,31,0.0,18.4,-2.4,HUANCANE,-15.21,-69.76,Norte,PUNO,2015-05-31,20.8,1,151,17.0,0.0,21.8,-4.8,-4.4,-5.0,0.969846017102819
2015,6,1,0.0,16.4,0.8,HUANCANE,-15.21,-69.76,Norte,PUNO,2015-06-01,15.599999999999998,0,152,18.4,0.0,20.8,-2.4,-4.8,-4.4,0.8867892617920359
2015,6,2,2.0,15.2,0.6,HUANCANE,-15.21,-69.76,Norte,PUNO,2015-06-02,14.6,0,153,16.4,0.0,15.599999999999998,0.8,-2.4,-4.8,0.5803647019911358
2015,6,3,0.0,16.0,-1.2,HUANCANE,-15.21,-69.76,Norte,PUNO,2015-06-03,17.2,1,154,15.2,2.0,14.6,0.6,0.8,-2.4,0.4198485428984801
2015,6,4,0.0,14.2,-2.2,HUANCANE,-15.21,-69.76,Norte,PUNO,2015-06-04,16.4,1,155,16.0,0.0,17.2,-1.2,0.6,0.8,0.554723547256104
2015,6,5,0.0,14.2,-3.6,HUANCANE,-15.21,-69.76,Norte,PUNO,2015-06-05,17.8,1,156,14.2,0.0,16.4,-2.2,-1.2,0.6,0.7583305830792021
2015,6,6,0.0,15.0,-7.4,HUANCANE,-15.21,-69.76,Norte,PUNO,2015-06-06,22.4,1,157,14.2,0.0,17.8,-3.6,-2.2,-1.2,0.9050236411428054
2015,6,7,0.0,14.2,-7.2,HUANCANE,-15.21,-69.76,Norte,PUNO,2015-06-07,21.4,1,158,15.0,0.0,22.4,-7.4,-3.6,-2.2,0.9889315724740158
2015,6,8,0.0,14.4,-8.4,HUANCANE,-15.21,-69.76,Norte,PUNO,2015-06-08,22.8,1,159,14.2,0.0,21.4,-7.2,-7.4,-3.6,0.9941733146046521
2015,6,9,0.0,15.4,-6.8,HUANCANE,-15.21,-69.76,Norte,PUNO,2015-06-09,22.2,1,160,14.4,0.0,22.8,-8.4,-7.2,-7.4,0.99812228893268
2015,6,10,0.0,16.2,-3.4,HUANCANE,-15.21,-69.76,Norte,PUNO,2015-06-10,19.6,1,161,15.4,0.0,22.2,-6.8,-8.4,-7.2,0.9958228085602671
2015,6,11,0.0,15.2,-5.2,HUANCANE,-15.21,-69.76,Norte,PUNO,2015-06-11,20.4,1,162,16.2,0.0,19.6,-3.4,-6.8,-8.4,0.9733280653537767
2015,6,12,0.0,16.4,-4.8,HUANCANE,-15.21,-69.76,Norte,PUNO,2015-06-12,21.2,1,163,15.2,0.0,20.4,-5.2,-3.4,-6.8,0.9813918407497059
2015,6,13,0.0,16.2,-7.4,HUANCANE,-15.21,-69.76,Norte,PUNO,2015-06-13,23.6,1,164,16.4,0.0,21.2,-4.8,-5.2,-3.4,0.9672783445426449
2015,6,14,0.0,16.6,-7.4,HUANCANE,-15.21,-69.76,Norte,PUNO,2015-06-14,24.0,1,165,16.2,0.0,23.6,-7.4,-4.8,-5.2,0.993135991943125
2015,6,15,0.0,19.2,-5.4,HUANCANE,-15.21,-69.76,Norte,PUNO,2015-06-15,24.6,1,166,16.6,0.0,24.0,-7.4,-7.4,-4.8,0.9945635697853197
2015,6,16,0.0,18.6,-1.8,HUANCANE,-15.21,-69.76,Norte,PUNO,2015-06-16,20.4,1,167,19.2,0.0,24.6,-5.4,-7.4,-7.4,0.9867959067649174
2015,6,17,0.0,18.2,-3.8,HUANCANE,-15.21,-69.76,Norte,PUNO,2015-06-17,22.0,1,168,18.6,0.0,20.4,-1.8,-5.4,-7.4,0.9033222655583394
2015,6,18,0.0,14.4,-2.6,HUANCANE,-15.21,-69.76,Norte,PUNO,2015-06-18,17.0,1,169,18.2,0.0,22.0,-3.8,-1.8,-5.4,0.9289318733172292
2015,6,19,0.0,15.4,-3.4,HUANCANE,-15.21,-69.76,Norte,PUNO,2015-06-19,18.8,1,170,14.4,0.0,17.0,-2.6,-3.8,-1.8,0.8811304657344617
2015,6,20,0.0,15.4,-4.4,HUANCANE,-15.21,-69.76,Norte,PUNO,2015-06-20,19.8,1,171,15.4,0.0,18.8,-3.4,-2.6,-3.8,0.9221326399968853
2015,6,21,0.0,14.8,-5.0,HUANCANE,-15.21,-69.76,Norte,PUNO,2015-06-21,19.8,1,172,15.4,0.0,19.8,-4.4,-3.4,-2.6,0.9488825721559855
2015,6,22,0.0,16.2,-5.6,HUANCANE,-15.21,-69.76,Norte,PUNO,2015-06-22,21.8,1,173,14.8,0.0,19.8,-5.0,-4.4,-3.4,0.9714862510814838
2015,6,23,0.0,18.4,-4.8,HUANCANE,-15.21,-69.76,Norte,PUNO,2015-06-23,23.2,1,174,16.2,0.0,21.8,-5.6,-5.0,-4.4,0.9809549679878832
2015,6,24,0.0,14.4,-4.4,HUANCANE,-15.21,-69.76,Norte,PUNO,2015-06-24,18.8,1,175,18.4,0.0,23.2,-4.8,-5.6,-5.0,0.9705527350442896
2015,6,25,0.0,15.4,-4.0,HUANCANE,-15.21,-69.76,Norte,PUNO,2015-06-25,19.4,1,176,14.4,0.0,18.8,-4.4,-4.8,-5.6,0.973869344007372
2015,6,26,0.0,16.6,-2.4,HUANCANE,-15.21,-69.76,Norte,PUNO,2015-06-26,19.0,1,177,15.4,0.0,19.4,-4.0,-4.4,-4.8,0.9591469024948781
2015,6,27,0.0,16.2,-5.4,HUANCANE,-15.21,-69.76,Norte,PUNO,2015-06-27,21.6,1,178,16.6,0.0,19.0,-2.4,-4.0,-4.4,0.8918814145143887
2015,6,28,0.0,17.4,-4.8,HUANCANE,-15.21,-69.76,Norte,PUNO,2015-06-28,22.2,1,179,16.2,0.0,21.6,-5.4,-2.4,-4.0,0.9692692411689672
2015,6,29,0.0,16.2,-7.8,HUANCANE,-15.21,-69.76,Norte,PUNO,2015-06-29,24.0,1,180,17.4,0.0,22.2,-4.8,-5.4,-2.4,0.9600887424711851
2015,6,30,0.0,15.8,-9.2,HUANCANE,-15.21,-69.76,Norte,PUNO,2015-06-30,25.0,1,181,16.2,0.0,24.0,-7.8,-4.8,-5.4,0.9945840655537642
2015,7,1,0.0,16.6,-6.4,HUANCANE,-15.21,-69.76,Norte,PUNO,2015-07-01,23.0,1,182,15.8,0.0,25.0,-9.2,-7.8,-4.8,0.9981004703891232
2015,7,2,0.0,17.2,-4.6,HUANCANE,-15.21,-69.76,Norte,PUNO,2015-07-02,21.8,1,183,16.6,0.0,23.0,-6.4,-9.2,-7.8,0.9952370572357411
2015,7,3,0.0,16.6,-2.2,HUANCANE,-15.21,-69.76,Norte,PUNO,2015-07-03,18.8,1,184,17.2,0.0,21.8,-4.6,-6.4,-9.2,0.9852026992919917
2015,7,4,2.4,8.8,0.8,HUANCANE,-15.21,-69.76,Norte,PUNO,2015-07-04,8.0,0,185,16.6,0.0,18.8,-2.2,-4.6,-6.4,0.9140677016588598
2015,7,5,0.0,12.2,-1.4,HUANCANE,-15.21,-69.76,Norte,PUNO,2015-07-05,13.6,1,186,8.8,2.4,8.0,0.8,-2.2,-4.6,0.6849455487025818
2015,7,6,0.0,14.6,-6.4,HUANCANE,-15.21,-69.76,Norte,PUNO,2015-07-06,21.0,1,187,12.2,0.0,13.6,-1.4,0.8,-2.2,0.7387020794502154
2015,7,7,0.0,13.8,-6.2,HUANCANE,-15.21,-69.76,Norte,PUNO,2015-07-07,20.0,1,188,14.6,0.0,21.0,-6.4,-1.4,0.8,0.9639562979379527
2015,7,8,0.0,15.2,-11.0,HUANCANE,-15.21,-69.76,Norte,PUNO,2015-07-08,26.2,1,189,13.8,0.0,20.0,-6.2,-6.4,-1.4,0.985224912256285
2015,7,9,0.0,15.4,-8.8,HUANCANE,-15.21,-69.76,Norte,PUNO,2015-07-09,24.200000000000003,1,190,15.2,0.0,26.2,-11.0,-6.2,-6.4,0.9993164113412302
2015,7,10,0.0,16.0,-8.2,HUANCANE,-15.21,-69.76,Norte,PUNO,2015-07-10,24.2,1,191,15.4,0.0,24.200000000000003,-8.8,-11.0,-6.2,0.998765133294521
2015,7,11,0.0,16.0,-7.2,HUANCANE,-15.21,-69.76,Norte,PUNO,2015-07-11,23.2,1,192,16.0,0.0,24.2,-8.2,-8.8,-11.0,0.9988296246299321
2015,7,12,0.0,17.0,-8.0,HUANCANE,-15.21,-69.76,Norte,PUNO,2015-07-12,25.0,1,193,16.0,0.0,23.2,-7.2,-8.2,-8.8,0.9970766918628092
2015,7,13,0.0,17.8,-6.8,HUANCANE,-15.21,-69.76,Norte,PUNO,2015-07-13,24.6,1,194,17.0,0.0,25.0,-8.0,-7.2,-8.2,0.9974016945927003
2015,7,14,0.0,16.8,-6.6,HUANCANE,-15.21,-69.76,Norte,PUNO,2015-07-14,23.4,1,195,17.8,0.0,24.6,-6.8,-8.0,-7.2,0.9945614608812416
2015,7,15,0.0,12.0,-4.4,HUANCANE,-15.21,-69.76,Norte,PUNO,2015-07-15,16.4,1,196,16.8,0.0,23.4,-6.6,-6.8,-8.0,0.9942696786665467
2015,7,16,0.0,16.4,-5.0,HUANCANE,-15.21,-69.76,Norte,PUNO,2015-07-16,21.4,1,197,12.0,0.0,16.4,-4.4,-6.6,-6.8,0.9855416534936307
2015,7,17,0.0,16.2,-6.4,HUANCANE,-15.21,-69.76,Norte,PUNO,2015-07-17,22.6,1,198,16.4,0.0,21.4,-5.0,-4.4,-6.6,0.9791222813205797
2015,7,18,0.0,15.6,-6.6,HUANCANE,-15.21,-69.76,Norte,PUNO,2015-07-18,22.2,1,199,16.2,0.0,22.6,-6.4,-5.0,-4.4,0.9873168792382906
2015,7,19,0.0,16.4,-8.0,HUANCANE,-15.21,-69.76,Norte,PUNO,2015-07-19,24.4,1,200,15.6,0.0,22.2,-6.6,-6.4,-5.0,0.9916329967948648
2015,7,20,0.0,14.4,-7.8,HUANCANE,-15.21,-69.76,Norte,PUNO,2015-07-20,22.2,1,201,16.4,0.0,24.4,-8.0,-6.6,-6.4,0.996550701004795
2015,7,21,0.0,16.0,-7.0,HUANCANE,-15.21,-69.76,Norte,PUNO,2015-07-21,23.0,1,202,14.4,0.0,22.2,-7.8,-8.0,-6.6,0.9973780088227363
2015,7,22,0.0,17.0,-5.4,HUANCANE,-15.21,-69.76,Norte,PUNO,2015-07-22,22.4,1,203,16.0,0.0,23.0,-7.0,-7.8,-8.0,0.9961705825192201
2015,7,23,0.0,18.4,-4.8,HUANCANE,-15.21,-69.76,Norte,PUNO,2015-07-23,23.2,1,204,17.0,0.0,22.4,-5.4,-7.0,-7.8,0.9890891886490504
2015,7,24,0.0,17.0,-3.8,HUANCANE,-15.21,-69.76,Norte,PUNO,2015-07-24,20.8,1,205,18.4,0.0,23.2,-4.8,-5.4,-7.0,0.9771109082058035
2015,7,25,0.0,16.0,-3.2,HUANCANE,-15.21,-69.76,Norte,PUNO,2015-07-25,19.2,1,206,17.0,0.0,20.8,-3.8,-4.8,-5.4,0.9545679176719095
2015,7,26,0.0,17.6,-3.8,HUANCANE,-15.21,-69.76,Norte,PUNO,2015-07-26,21.4,1,207,16.0,0.0,19.2,-3.2,-3.8,-4.8,0.9311937910180546
2015,7,27,0.0,16.2,-4.4,HUANCANE,-15.21,-69.76,Norte,PUNO,2015-07-27,20.6,1,208,17.6,0.0,21.4,-3.8,-3.2,-3.8,0.928322509536712
2015,7,28,0.0,15.0,-4.8,HUANCANE,-15.21,-69.76,Norte,PUNO,2015-07-28,19.8,1,209,16.2,0.0,20.6,-4.4,-3.8,-3.2,0.9518209320219183
2015,7,29,0.0,15.4,-6.4,HUANCANE,-15.21,-69.76,Norte,PUNO,2015-07-29,21.8,1,210,15.0,0.0,19.8,-4.8,-4.4,-3.8,0.9694862060911542
2015,7,30,0.0,15.0,-7.0,HUANCANE,-15.21,-69.76,Norte,PUNO,2015-07-30,22.0,1,211,15.4,0.0,21.8,-6.4,-4.8,-4.4,0.9878593568089128
2015,7,31,0.0,14.8,-6.0,HUANCANE,-15.21,-69.76,Norte,PUNO,2015-07-31,20.8,1,212,15.0,0.0,22.0,-7.0,-6.4,-4.8,0.9933578954729101
2015,8,1,0.0,17.2,-6.8,HUANCANE,-15.21,-69.76,Norte,PUNO,2015-08-01,24.0,1,213,14.8,0.0,20.8,-6.0,-7.0,-6.4,0.9918665423895138
2015,8,2,0.0,16.0,-5.4,HUANCANE,-15.21,-69.76,Norte,PUNO,2015-08-02,21.4,1,214,17.2,0.0,24.0,-6.8,-6.0,-7.0,0.9931349776524202
2015,8,3,0.0,16.2,-5.2,HUANCANE,-15.21,-69.76,Norte,PUNO,2015-08-03,21.4,1,215,16.0,0.0,21.4,-5.4,-6.8,-6.0,0.9866391138673508
2015,8,4,0.0,17.4,-5.2,HUANCANE,-15.21,-69.76,Norte,PUNO,2015-08-04,22.6,1,216,16.2,0.0,21.4,-5.2,-5.4,-6.8,0.984006814210472
2015,8,5,0.0,16.2,-4.6,HUANCANE,-15.21,-69.76,Norte,PUNO,2015-08-05,20.8,1,217,17.4,0.0,22.6,-5.2,-5.2,-5.4,0.9778448371274974
2015,8,6,0.0,17.0,-6.6,HUANCANE,-15.21,-69.76,Norte,PUNO,2015-08-06,23.6,1,218,16.2,0.0,20.8,-4.6,-5.2,-5.2,0.9720343817926121
2015,8,7,0.0,17.2,-5.6,HUANCANE,-15.21,-69.76,Norte,PUNO,2015-08-07,22.8,1,219,17.0,0.0,23.6,-6.6,-4.6,-5.2,0.9884535836341247
2015,8,8,0.0,17.8,-4.4,HUANCANE,-15.21,-69.76,Norte,PUNO,2015-08-08,22.200000000000003,1,220,17.2,0.0,22.8,-5.6,-6.6,-4.6,0.983279322145798
2015,8,9,0.0,16.8,1.0,HUANCANE,-15.21,-69.76,Norte,PUNO,2015-08-09,15.8,0,221,17.8,0.0,22.200000000000003,-4.4,-5.6,-6.6,0.9723058168991517
2015,8,10,0.0,15.4,-11.4,HUANCANE,-15.21,-69.76,Norte,PUNO,2015-08-10,26.8,1,222,16.8,0.0,15.8,1.0,-4.4,-5.6,0.6319550972278579
2015,8,11,11.9,14.4,-5.2,HUANCANE,-15.21,-69.76,Norte,PUNO,2015-08-11,19.6,1,223,15.4,0.0,26.8,-11.4,1.0,-4.4,0.9981267993653263
2015,8,12,6.8,10.8,2.6,HUANCANE,-15.21,-69.76,Norte,PUNO,2015-08-12,8.200000000000001,0,224,14.4,11.9,19.6,-5.2,-11.4,1.0,0.962609430146283
2015,8,13,0.0,10.0,0.4,HUANCANE,-15.21,-69.76,Norte,PUNO,2015-08-13,9.6,0,225,10.8,6.8,8.200000000000001,2.6,-5.2,-11.4,0.6881565543413631
2015,8,14,0.0,15.2,-1.2,HUANCANE,-15.21,-69.76,Norte,PUNO,2015-08-14,16.4,1,226,10.0,0.0,9.6,0.4,2.6,-5.2,0.6174001720512249
2015,8,15,0.0,16.4,-5.0,HUANCANE,-15.21,-69.76,Norte,PUNO,2015-08-15,21.4,1,227,15.2,0.0,16.4,-1.2,0.4,2.6,0.510070304626814
2015,8,16,0.0,15.0,-2.4,HUANCANE,-15.21,-69.76,Norte,PUNO,2015-08-16,17.4,1,228,16.4,0.0,21.4,-5.0,-1.2,0.4,0.9189110134043084
2015,8,17,0.0,17.4,-3.2,HUANCANE,-15.21,-69.76,Norte,PUNO,2015-08-17,20.6,1,229,15.0,0.0,17.4,-2.4,-5.0,-1.2,0.8700334907449966
2015,8,18,0.1,14.4,0.4,HUANCANE,-15.21,-69.76,Norte,PUNO,2015-08-18,14.0,0,230,17.4,0.0,20.6,-3.2,-2.4,-5.0,0.9115461043256036
2015,8,19,0.0,17.2,-2.0,HUANCANE,-15.21,-69.76,Norte,PUNO,2015-08-19,19.2,1,231,14.4,0.1,14.0,0.4,-3.2,-2.4,0.6077270630060688
2015,8,20,0.0,15.2,-2.4,HUANCANE,-15.21,-69.76,Norte,PUNO,2015-08-20,17.599999999999998,1,232,17.2,0.0,19.2,-2.0,0.4,-3.2,0.753533630185156
2015,8,21,0.0,16.6,-1.6,HUANCANE,-15.21,-69.76,Norte,PUNO,2015-08-21,18.200000000000003,1,233,15.2,0.0,17.599999999999998,-2.4,-2.0,0.4,0.7823178187230401
2015,8,22,0.0,16.8,-2.4,HUANCANE,-15.21,-69.76,Norte,PUNO,2015-08-22,19.2,1,234,16.6,0.0,18.200000000000003,-1.6,-2.4,-2.0,0.7576388955421454
2015,8,23,0.0,17.4,-1.4,HUANCANE,-15.21,-69.76,Norte,PUNO,2015-08-23,18.8,1,235,16.8,0.0,19.2,-2.4,-1.6,-2.4,0.8167380312417124
2015,8,24,0.0,16.6,-1.6,HUANCANE,-15.21,-69.76,Norte,PUNO,2015-08-24,18.200000000000003,1,236,17.4,0.0,18.8,-1.4,-2.4,-1.6,0.7134399809968706
2015,8,25,0.0,16.4,0.8,HUANCANE,-15.21,-69.76,Norte,PUNO,2015-08-25,15.599999999999998,0,237,16.6,0.0,18.200000000000003,-1.6,-1.4,-2.4,0.7448557383797092
2015,8,26,0.0,16.6,-4.0,HUANCANE,-15.21,-69.76,Norte,PUNO,2015-08-26,20.6,1,238,16.4,0.0,15.599999999999998,0.8,-1.6,-1.4,0.4300633934029399
2015,8,27,0.0,13.6,-5.0,HUANCANE,-15.21,-69.76,Norte,PUNO,2015-08-27,18.6,1,239,16.6,0.0,20.6,-4.0,0.8,-1.6,0.8728423547159911
2015,8,28,0.0,14.2,-5.4,HUANCANE,-15.21,-69.76,Norte,PUNO,2015-08-28,19.6,1,240,13.6,0.0,18.6,-5.0,-4.0,0.8,0.9508356458700734
2015,8,29,0.0,15.0,-7.8,HUANCANE,-15.21,-69.76,Norte,PUNO,2015-08-29,22.8,1,241,14.2,0.0,19.6,-5.4,-5.0,-4.0,0.98094068704903
2015,8,30,0.0,14.0,-9.4,HUANCANE,-15.21,-69.76,Norte,PUNO,2015-08-30,23.4,1,242,15.0,0.0,22.8,-7.8,-5.4,-5.0,0.9951488896842416
2015,8,31,0.0,15.0,-5.8,HUANCANE,-15.21,-69.76,Norte,PUNO,2015-08-31,20.8,1,243,14.0,0.0,23.4,-9.4,-7.8,-5.4,0.9986519777790459
2015,9,1,0.0,13.4,-2.4,HUANCANE,-15.21,-69.76,Norte,PUNO,2015-09-01,15.8,1,244,15.0,0.0,20.8,-5.8,-9.4,-7.8,0.9944109750520836
2015,9,2,8.4,14.4,0.4,HUANCANE,-15.21,-69.76,Norte,PUNO,2015-09-02,14.0,0,245,13.4,0.0,15.8,-2.4,-5.8,-9.4,0.9650173136389868
2015,9,3,0.9,12.4,2.8,HUANCANE,-15.21,-69.76,Norte,PUNO,2015-09-03,9.6,0,246,14.4,8.4,14.0,0.4,-2.4,-5.8,0.5984250337490278
2015,9,4,2.6,13.4,3.6,HUANCANE,-15.21,-69.76,Norte,PUNO,2015-09-04,9.8,0,247,12.4,0.9,9.6,2.8,0.4,-2.4,0.23569300940482008
2015,9,5,12.4,10.8,3.4,HUANCANE,-15.21,-69.76,Norte,PUNO,2015-09-05,7.4,0,248,13.4,2.6,9.8,3.6,2.8,0.4,0.07446243222944111
2015,9,6,0.0,16.4,2.0,HUANCANE,-15.21,-69.76,Norte,PUNO,2015-09-06,14.4,0,249,10.8,12.4,7.4,3.4,3.6,2.8,0.04108359908842885
2015,9,7,0.0,17.2,-2.4,HUANCANE,-15.21,-69.76,Norte,PUNO,2015-09-07,19.6,1,250,16.4,0.0,14.4,2.0,3.4,3.6,0.0889907973293342
2015,9,8,0.0,17.6,-5.2,HUANCANE,-15.21,-69.76,Norte,PUNO,2015-09-08,22.8,1,251,17.2,0.0,19.6,-2.4,2.0,3.4,0.5446469435448837
2015,9,9,0.0,17.4,-4.6,HUANCANE,-15.21,-69.76,Norte,PUNO,2015-09-09,22.0,1,252,17.6,0.0,22.8,-5.2,-2.4,2.0,0.9124599651487609
2015,9,10,0.0,17.0,-4.4,HUANCANE,-15.21,-69.76,Norte,PUNO,2015-09-10,21.4,1,253,17.4,0.0,22.0,-4.6,-5.2,-2.4,0.9540889734834935
2015,9,11,0.0,18.4,-3.4,HUANCANE,-15.21,-69.76,Norte,PUNO,2015-09-11,21.8,1,254,17.0,0.0,21.4,-4.4,-4.6,-5.2,0.9641984006153034
2015,9,12,0.0,18.8,-2.0,HUANCANE,-15.21,-69.76,Norte,PUNO,2015-09-12,20.8,1,255,18.4,0.0,21.8,-3.4,-4.4,-4.6,0.9268489217502185
2015,9,13,0.0,18.4,-2.8,HUANCANE,-15.21,-69.76,Norte,PUNO,2015-09-13,21.2,1,256,18.8,0.0,20.8,-2.0,-3.4,-4.4,0.8353874998190255
2015,9,14,0.0,18.0,-1.4,HUANCANE,-15.21,-69.76,Norte,PUNO,2015-09-14,19.4,1,257,18.4,0.0,21.2,-2.8,-2.0,-3.4,0.8525165934427382
2015,9,15,0.0,18.0,-1.6,HUANCANE,-15.21,-69.76,Norte,PUNO,2015-09-15,19.6,1,258,18.0,0.0,19.4,-1.4,-2.8,-2.0,0.7239487240660977
2015,9,16,0.0,18.2,-0.4,HUANCANE,-15.21,-69.76,Norte,PUNO,2015-09-16,18.6,1,259,18.0,0.0,19.6,-1.6,-1.4,-2.8,0.7323030180993809
2015,9,17,0.4,17.0,-1.0,HUANCANE,-15.21,-69.76,Norte,PUNO,2015-09-17,18.0,1,260,18.2,0.0,18.6,-0.4,-1.6,-1.4,0.5482043678290968
2015,9,18,0.9,17.2,2.8,HUANCANE,-15.21,-69.76,Norte,PUNO,2015-09-18,14.4,0,261,17.0,0.4,18.0,-1.0,-0.4,-1.6,0.6134827468085225
2015,9,19,0.0,13.8,3.0,HUANCANE,-15.21,-69.76,Norte,PUNO,2015-09-19,10.8,0,262,17.2,0.9,14.4,2.8,-1.0,-0.4,0.1547980602485675
2015,9,20,0.0,16.2,2.8,HUANCANE,-15.21,-69.76,Norte,PUNO,2015-09-20,13.4,0,263,13.8,0.0,10.8,3.0,2.8,-1.0,0.13149085628982235
2015,9,21,0.0,17.0,-0.4,HUANCANE,-15.21,-69.76,Norte,PUNO,2015-09-21,17.4,1,264,16.2,0.0,13.4,2.8,3.0,2.8,0.07057385911788404
2015,9,22,0.0,18.0,-0.6,HUANCANE,-15.21,-69.76,Norte,PUNO,2015-09-22,18.6,1,265,17.0,0.0,17.4,-0.4,2.8,3.0,0.28752467363777345
2015,9,23,3.6,16.0,1.6,HUANCANE,-15.21,-69.76,Norte,PUNO,2015-09-23,14.4,0,266,18.0,0.0,18.6,-0.6,-0.4,2.8,0.3913405388051951
2015,9,24,0.0,16.2,3.6,HUANCANE,-15.21,-69.76,Norte,PUNO,2015-09-24,12.6,0,267,16.0,3.6,14.4,1.6,-0.6,-0.4,0.243137489353592
2015,9,25,2.1,16.2,4.8,HUANCANE,-15.21,-69.76,Norte,PUNO,2015-09-25,11.4,0,268,16.2,0.0,12.6,3.6,1.6,-0.6,0.08933019156050793
2015,9,26,0.0,18.2,4.4,HUANCANE,-15.21,-69.76,Norte,PUNO,2015-09-26,13.8,0,269,16.2,2.1,11.4,4.8,3.6,1.6,0.024517718349905116
2015,9,27,0.0,18.4,-2.6,HUANCANE,-15.21,-69.76,Norte,PUNO,2015-09-27,21.0,1,270,18.2,0.0,13.8,4.4,4.8,3.6,0.01820548065715036
2015,9,28,0.0,17.4,0.4,HUANCANE,-15.21,-69.76,Norte,PUNO,2015-09-28,17.0,0,271,18.4,0.0,21.0,-2.6,4.4,4.8,0.4196197357557197
2015,9,29,0.0,18.2,-3.0,HUANCANE,-15.21,-69.76,Norte,PUNO,2015-09-29,21.2,1,272,17.4,0.0,17.0,0.4,-2.6,4.4,0.29470739092120923
2015,9,30,0.0,18.6,-1.8,HUANCANE,-15.21,-69.76,Norte,PUNO,2015-09-30,20.4,1,273,18.2,0.0,21.2,-3.0,0.4,-2.6,0.8114366428956824
2015,10,1,0.0,16.2,-2.4,HUANCANE,-15.21,-69.76,Norte,PUNO,2015-10-01,18.6,1,274,18.6,0.0,20.4,-1.8,-3.0,0.4,0.6900743102176924
2015,10,2,1.9,14.2,2.4,HUANCANE,-15.21,-69.76,Norte,PUNO,2015-10-02,11.8,0,275,16.2,0.0,18.6,-2.4,-1.8,-3.0,0.8383444328933155
2015,10,3,2.2,10.2,2.2,HUANCANE,-15.21,-69.76,Norte,PUNO,2015-10-03,7.999999999999999,0,276,14.2,1.9,11.8,2.4,-2.4,-1.8,0.2911145169755814
2015,10,4,0.0,15.8,0.4,HUANCANE,-15.21,-69.76,Norte,PUNO,2015-10-04,15.4,0,277,10.2,2.2,7.999999999999999,2.2,2.4,-2.4,0.26878876962844095
2015,10,5,0.0,17.2,-2.0,HUANCANE,-15.21,-69.76,Norte,PUNO,2015-10-05,19.2,1,278,15.8,0.0,15.4,0.4,2.2,2.4,0.25496001663647716
2015,10,6,0.0,18.4,-2.8,HUANCANE,-15.21,-69.76,Norte,PUNO,2015-10-06,21.2,1,279,17.2,0.0,19.2,-2.0,0.4,2.2,0.5837876830434828
2015,10,7,0.0,18.2,-0.8,HUANCANE,-15.21,-69.76,Norte,PUNO,2015-10-07,19.0,1,280,18.4,0.0,21.2,-2.8,-2.0,0.4,0.7698452547361964
2015,10,8,0.0,19.8,1.0,HUANCANE,-15.21,-69.76,Norte,PUNO,2015-10-08,18.8,0,281,18.2,0.0,19.0,-0.8,-2.8,-2.0,0.6530508208274051
2015,10,9,0.0,18.6,-5.4,HUANCANE,-15.21,-69.76,Norte,PUNO,2015-10-09,24.0,1,282,19.8,0.0,18.8,1.0,-0.8,-2.8,0.3591735654292032
2015,10,10,0.0,19.6,-5.2,HUANCANE,-15.21,-69.76,Norte,PUNO,2015-10-10,24.8,1,283,18.6,0.0,24.0,-5.4,1.0,-0.8,0.911572154755245
2015,10,11,0.0,21.4,-4.2,HUANCANE,-15.21,-69.76,Norte,PUNO,2015-10-11,25.6,1,284,19.6,0.0,24.8,-5.2,-5.4,1.0,0.9362377277070051
2015,10,12,0.0,19.4,-4.8,HUANCANE,-15.21,-69.76,Norte,PUNO,2015-10-12,24.2,1,285,21.4,0.0,25.6,-4.2,-5.2,-5.4,0.9482526270865798
2015,10,13,0.0,18.8,-5.6,HUANCANE,-15.21,-69.76,Norte,PUNO,2015-10-13,24.4,1,286,19.4,0.0,24.2,-4.8,-4.2,-5.2,0.9622734190126684
2015,10,14,0.0,19.6,-4.4,HUANCANE,-15.21,-69.76,Norte,PUNO,2015-10-14,24.0,1,287,18.8,0.0,24.4,-5.6,-4.8,-4.2,0.9744064731843668
2015,10,15,0.0,18.0,0.4,HUANCANE,-15.21,-69.76,Norte,PUNO,2015-10-15,17.6,0,288,19.6,0.0,24.0,-4.4,-5.6,-4.8,0.9581598086395683
2015,10,16,0.0,17.0,-1.4,HUANCANE,-15.21,-69.76,Norte,PUNO,2015-10-16,18.4,1,289,18.0,0.0,17.6,0.4,-4.4,-5.6,0.6769405651407933
2015,10,17,0.0,17.6,-0.4,HUANCANE,-15.21,-69.76,Norte,PUNO,2015-10-17,18.0,1,290,17.0,0.0,18.4,-1.4,0.4,-4.4,0.727770136885964
2015,10,18,0.0,14.4,1.4,HUANCANE,-15.21,-69.76,Norte,PUNO,2015-10-18,13.0,0,291,17.6,0.0,18.0,-0.4,-1.4,0.4,0.48860394206310076
2015,10,19,0.8,18.4,-0.8,HUANCANE,-15.21,-69.76,Norte,PUNO,2015-10-19,19.2,1,292,14.4,0.0,13.0,1.4,-0.4,-1.4,0.3547486977342818
2015,10,20,12.6,18.0,5.4,HUANCANE,-15.21,-69.76,Norte,PUNO,2015-10-20,12.6,0,293,18.4,0.8,19.2,-0.8,1.4,-0.4,0.4542073201343701
2015,10,21,0.0,16.8,1.8,HUANCANE,-15.21,-69.76,Norte,PUNO,2015-10-21,15.0,0,294,18.0,12.6,12.6,5.4,-0.8,1.4,0.01652839266561985
2015,10,22,0.0,17.4,-0.6,HUANCANE,-15.21,-69.76,Norte,PUNO,2015-10-22,18.0,1,295,16.8,0.0,15.0,1.8,5.4,-0.8,0.13361522997353772
2015,10,23,0.0,17.4,-0.4,HUANCANE,-15.21,-69.76,Norte,PUNO,2015-10-23,17.799999999999997,1,296,17.4,0.0,18.0,-0.6,1.8,5.4,0.25708908716237616
2015,10,24,1.7,17.2,3.4,HUANCANE,-15.21,-69.76,Norte,PUNO,2015-10-24,13.8,0,297,17.4,0.0,17.799999999999997,-0.4,-0.6,1.8,0.41742861685051524
2015,10,25,3.5,13.6,4.6,HUANCANE,-15.21,-69.76,Norte,PUNO,2015-10-25,9.0,0,298,17.2,1.7,13.8,3.4,-0.4,-0.6,0.10687880873207473
2015,10,26,0.0,13.2,3.4,HUANCANE,-15.21,-69.76,Norte,PUNO,2015-10-26,9.8,0,299,13.6,3.5,9.0,4.6,3.4,-0.4,0.04299810793926632
2015,10,27,0.0,15.4,4.6,HUANCANE,-15.21,-69.76,Norte,PUNO,2015-10-27,10.8,0,300,13.2,0.0,9.8,3.4,4.6,3.4,0.04921564279975287
2015,10,28,8.5,15.2,4.6,HUANCANE,-15.21,-69.76,Norte,PUNO,2015-10-28,10.6,0,301,15.4,0.0,10.8,4.6,3.4,4.6,0.02131469122799104
2015,10,29,8.4,15.2,2.8,HUANCANE,-15.21,-69.76,Norte,PUNO,2015-10-29,12.4,0,302,15.2,8.5,10.6,4.6,4.6,3.4,0.014434704300752393
2015,1,2,8.4,14.4,1.2,MAZO CRUZ,-16.75,-69.71,Sur,PUNO,2015-01-02,13.2,0,2,20.2,0.6,19.8,0.4,-0.6,1.8,0.333967499044235
2015,1,3,2.2,18.2,1.0,MAZO CRUZ,-16.75,-69.71,Sur,PUNO,2015-01-03,17.2,0,3,14.4,8.4,13.2,1.2,0.4,-0.6,0.30855751418313443
2015,1,4,5.0,13.6,2.6,MAZO CRUZ,-16.75,-69.71,Sur,PUNO,2015-01-04,11.0,0,4,18.2,2.2,17.2,1.0,1.2,0.4,0.2774176904335542
2015,1,5,5.6,14.4,1.5,MAZO CRUZ,-16.75,-69.71,Sur,PUNO,2015-01-05,12.9,0,5,13.6,5.0,11.0,2.6,1.0,1.2,0.15820898561080318
2015,1,6,4.4,16.8,2.6,MAZO CRUZ,-16.75,-69.71,Sur,PUNO,2015-01-06,14.2,0,6,14.4,5.6,12.9,1.5,2.6,1.0,0.2051093234872691
2015,1,7,0.0,16.6,-0.6,MAZO CRUZ,-16.75,-69.71,Sur,PUNO,2015-01-07,17.200000000000003,1,7,16.8,4.4,14.2,2.6,1.5,2.6,0.10059464103780365
2015,1,8,0.0,15.2,2.6,MAZO CRUZ,-16.75,-69.71,Sur,PUNO,2015-01-08,12.6,0,8,16.6,0.0,17.200000000000003,-0.6,2.6,1.5,0.45316735471656816
2015,1,9,6.8,19.6,1.6,MAZO CRUZ,-16.75,-69.71,Sur,PUNO,2015-01-09,18.0,0,9,15.2,0.0,12.6,2.6,-0.6,2.6,0.17565611414511642
2015,1,10,5.6,14.2,0.6,MAZO CRUZ,-16.75,-69.71,Sur,PUNO,2015-01-10,13.6,0,10,19.6,6.8,18.0,1.6,2.6,-0.6,0.15717084580042992
2015,1,11,1.2,15.2,2.4,MAZO CRUZ,-16.75,-69.71,Sur,PUNO,2015-01-11,12.8,0,11,14.2,5.6,13.6,0.6,1.6,2.6,0.27788956318179525
2015,1,12,3.2,12.4,4.0,MAZO CRUZ,-16.75,-69.71,Sur,PUNO,2015-01-12,8.4,0,12,15.2,1.2,12.8,2.4,0.6,1.6,0.18091161806273062
2015,1,13,0.0,15.2,2.0,MAZO CRUZ,-16.75,-69.71,Sur,PUNO,2015-01-13,13.2,0,13,12.4,3.2,8.4,4.0,2.4,0.6,0.08849332906988283
2015,1,14,0.0,18.4,-5.2,MAZO CRUZ,-16.75,-69.71,Sur,PUNO,2015-01-14,23.6,1,14,15.2,0.0,13.2,2.0,4.0,2.4,0.14201594298705844
2015,1,15,0.0,19.4,-4.2,MAZO CRUZ,-16.75,-69.71,Sur,PUNO,2015-01-15,23.6,1,15,18.4,0.0,23.6,-5.2,2.0,4.0,0.8616285627797254
2015,1,16,0.0,17.2,-1.6,MAZO CRUZ,-16.75,-69.71,Sur,PUNO,2015-01-16,18.8,1,16,19.4,0.0,23.6,-4.2,-5.2,2.0,0.918784521671847
2015,1,17,8.0,18.6,-4.4,MAZO CRUZ,-16.75,-69.71,Sur,PUNO,2015-01-17,23.0,1,17,17.2,0.0,18.8,-1.6,-4.2,-5.2,0.8964631875217176
2015,1,18,1.0,16.0,0.0,MAZO CRUZ,-16.75,-69.71,Sur,PUNO,2015-01-18,16.0,1,18,18.6,8.0,23.0,-4.4,-1.6,-4.2,0.9323351415116634
2015,1,19,2.6,18.0,-2.4,MAZO CRUZ,-16.75,-69.71,Sur,PUNO,2015-01-19,20.4,1,19,16.0,1.0,16.0,0.0,-4.4,-1.6,0.7018009693737771
2015,1,20,2.0,15.2,4.4,MAZO CRUZ,-16.75,-69.71,Sur,PUNO,2015-01-20,10.8,0,20,18.0,2.6,20.4,-2.4,0.0,-4.4,0.848592398890028
2015,1,21,2.6,13.8,3.2,MAZO CRUZ,-16.75,-69.71,Sur,PUNO,2015-01-21,10.6,0,21,15.2,2.0,10.8,4.4,-2.4,0.0,0.11855079104794519
2015,1,22,3.8,16.4,3.4,MAZO CRUZ,-16.75,-69.71,Sur,PUNO,2015-01-22,12.999999999999998,0,22,13.8,2.6,10.6,3.2,4.4,-2.4,0.14115389440857382
2015,1,23,9.4,16.2,1.6,MAZO CRUZ,-16.75,-69.71,Sur,PUNO,2015-01-23,14.6,0,23,16.4,3.8,12.999999999999998,3.4,3.2,4.4,0.044998331974522715
2015,1,24,13.4,16.4,5.2,MAZO CRUZ,-16.75,-69.71,Sur,PUNO,2015-01-24,11.2,0,24,16.2,9.4,14.6,1.6,3.4,3.2,0.09990037368778071
2015,1,25,3.6,14.6,1.0,MAZO CRUZ,-16.75,-69.71,Sur,PUNO,2015-01-25,13.6,0,25,16.4,13.4,11.2,5.2,1.6,3.4,0.015147043365610678
2015,1,26,0.8,16.4,-2.2,MAZO CRUZ,-16.75,-69.71,Sur,PUNO,2015-01-26,18.6,1,26,14.6,3.6,13.6,1.0,5.2,1.6,0.19264958707323987
2015,1,27,0.2,17.2,-1.6,MAZO CRUZ,-16.75,-69.71,Sur,PUNO,2015-01-27,18.8,1,27,16.4,0.8,18.6,-2.2,1.0,5.2,0.5767449208648542
2015,1,28,1.4,18.0,-0.2,MAZO CRUZ,-16.75,-69.71,Sur,PUNO,2015-01-28,18.2,1,28,17.2,0.2,18.8,-1.6,-2.2,1.0,0.7276303951222832
2015,1,29,30.0,16.4,3.2,MAZO CRUZ,-16.75,-69.71,Sur,PUNO,2015-01-29,13.2,0,29,18.0,1.4,18.2,-0.2,-1.6,-2.2,0.6214374623720625
2015,1,30,11.6,14.0,3.2,MAZO CRUZ,-16.75,-69.71,Sur,PUNO,2015-01-30,10.8,0,30,16.4,30.0,13.2,3.2,-0.2,-1.6,0.04986710126661181
2015,1,31,9.0,14.2,3.6,MAZO CRUZ,-16.75,-69.71,Sur,PUNO,2015-01-31,10.6,0,31,14.0,11.6,10.8,3.2,3.2,-0.2,0.0784875190619912
2015,2,1,1.0,16.0,4.4,MAZO CRUZ,-16.75,-69.71,Sur,PUNO,2015-02-01,11.6,0,32,14.2,9.0,10.6,3.6,3.2,3.2,0.044353860632650205
2015,2,2,0.0,17.6,2.4,MAZO CRUZ,-16.75,-69.71,Sur,PUNO,2015-02-02,15.2,0,33,16.0,1.0,11.6,4.4,3.6,3.2,0.03586464033610684
2015,2,3,1.0,19.2,-1.2,MAZO CRUZ,-16.75,-69.71,Sur,PUNO,2015-02-03,20.4,1,34,17.6,0.0,15.2,2.4,4.4,3.6,0.07885909535606768
2015,2,4,0.2,18.6,2.0,MAZO CRUZ,-16.75,-69.71,Sur,PUNO,2015-02-04,16.6,0,35,19.2,1.0,20.4,-1.2,2.4,4.4,0.3668229362865611
2015,2,5,0.0,16.8,-1.6,MAZO CRUZ,-16.75,-69.71,Sur,PUNO,2015-02-05,18.4,1,36,18.6,0.2,16.6,2.0,-1.2,2.4,0.19491871455286233
2015,2,6,11.2,16.2,-0.8,MAZO CRUZ,-16.75,-69.71,Sur,PUNO,2015-02-06,17.0,1,37,16.8,0.0,18.4,-1.6,2.0,-1.2,0.6907128549365901
2015,2,7,5.2,15.8,3.2,MAZO CRUZ,-16.75,-69.71,Sur,PUNO,2015-02-07,12.6,0,38,16.2,11.2,17.0,-0.8,-1.6,2.0,0.4617096407027664
2015,2,8,3.2,16.0,3.8,MAZO CRUZ,-16.75,-69.71,Sur,PUNO,2015-02-08,12.2,0,39,15.8,5.2,12.6,3.2,-0.8,-1.6,0.17527856483525187
2015,2,9,5.4,13.6,5.2,MAZO CRUZ,-16.75,-69.71,Sur,PUNO,2015-02-09,8.399999999999999,0,40,16.0,3.2,12.2,3.8,3.2,-0.8,0.08046423372531793
2015,2,10,1.2,15.4,5.6,MAZO CRUZ,-16.75,-69.71,Sur,PUNO,2015-02-10,9.8,0,41,13.6,5.4,8.399999999999999,5.2,3.8,3.2,0.02238075186759797
2015,2,11,14.0,15.6,4.4,MAZO CRUZ,-16.75,-69.71,Sur,PUNO,2015-02-11,11.2,0,42,15.4,1.2,9.8,5.6,5.2,3.8,0.014814115356467183
2015,2,12,2.0,14.4,2.0,MAZO CRUZ,-16.75,-69.71,Sur,PUNO,2015-02-12,12.4,0,43,15.6,14.0,11.2,4.4,5.6,5.2,0.010978386548157281
2015,2,13,10.6,17.4,3.4,MAZO CRUZ,-16.75,-69.71,Sur,PUNO,2015-02-13,13.999999999999998,0,44,14.4,2.0,12.4,2.0,4.4,5.6,0.0855043477841478
2015,2,14,21.8,14.8,5.2,MAZO CRUZ,-16.75,-69.71,Sur,PUNO,2015-02-14,9.6,0,45,17.4,10.6,13.999999999999998,3.4,2.0,4.4,0.034139043324080014
2015,2,15,0.0,15.2,3.8,MAZO CRUZ,-16.75,-69.71,Sur,PUNO,2015-02-15,11.4,0,46,14.8,21.8,9.6,5.2,3.4,2.0,0.010932325975933422
2015,2,16,0.0,18.0,4.2,MAZO CRUZ,-16.75,-69.71,Sur,PUNO,2015-02-16,13.8,0,47,15.2,0.0,11.4,3.8,5.2,3.4,0.04364541381482518
2015,2,17,4.0,16.8,0.4,MAZO CRUZ,-16.75,-69.71,Sur,PUNO,2015-02-17,16.400000000000002,0,48,18.0,0.0,13.8,4.2,3.8,5.2,0.02587441106669924
2015,2,18,0.0,18.0,-2.6,MAZO CRUZ,-16.75,-69.71,Sur,PUNO,2015-02-18,20.6,1,49,16.8,4.0,16.400000000000002,0.4,4.2,3.8,0.18001357147234484
2015,2,19,0.0,18.4,-5.2,MAZO CRUZ,-16.75,-69.71,Sur,PUNO,2015-02-19,23.6,1,50,18.0,0.0,20.6,-2.6,0.4,4.2,0.6567545434650087
2015,2,20,0.0,18.4,-3.4,MAZO CRUZ,-16.75,-69.71,Sur,PUNO,2015-02-20,21.8,1,51,18.4,0.0,23.6,-5.2,-2.6,0.4,0.9496403829140379
2015,2,21,1.4,18.2,1.0,MAZO CRUZ,-16.75,-69.71,Sur,PUNO,2015-02-21,17.2,0,52,18.4,0.0,21.8,-3.4,-5.2,-2.6,0.9400776178270146
2015,2,22,8.8,18.6,1.4,MAZO CRUZ,-16.75,-69.71,Sur,PUNO,2015-02-22,17.200000000000003,0,53,18.2,1.4,17.2,1.0,-3.4,-5.2,0.6237049207317468
2015,2,23,6.8,14.6,4.8,MAZO CRUZ,-16.75,-69.71,Sur,PUNO,2015-02-23,9.8,0,54,18.6,8.8,17.200000000000003,1.4,1.0,-3.4,0.2752581359701982
2015,2,24,0.0,17.2,4.2,MAZO CRUZ,-16.75,-69.71,Sur,PUNO,2015-02-24,13.0,0,55,14.6,6.8,9.8,4.8,1.4,1.0,0.043925166059429
2015,2,25,0.0,18.4,-1.6,MAZO CRUZ,-16.75,-69.71,Sur,PUNO,2015-02-25,20.0,1,56,17.2,0.0,13.0,4.2,4.8,1.4,0.04197654285735827
2015,2,26,0.0,18.0,0.4,MAZO CRUZ,-16.75,-69.71,Sur,PUNO,2015-02-26,17.6,0,57,18.4,0.0,20.0,-1.6,4.2,4.8,0.3753305376333776
2015,2,27,3.8,14.4,-0.6,MAZO CRUZ,-16.75,-69.71,Sur,PUNO,2015-02-27,15.0,1,58,18.0,0.0,17.6,0.4,-1.6,4.2,0.3303434974885095
2015,2,28,0.0,16.8,-2.0,MAZO CRUZ,-16.75,-69.71,Sur,PUNO,2015-02-28,18.8,1,59,14.4,3.8,15.0,-0.6,0.4,-1.6,0.6315924959781657
2015,3,1,0.4,17.6,3.6,MAZO CRUZ,-16.75,-69.71,Sur,PUNO,2015-03-01,14.000000000000002,0,60,16.8,0.0,18.8,-2.0,-0.6,0.4,0.7528408822054034
2015,3,2,0.4,18.2,2.0,MAZO CRUZ,-16.75,-69.71,Sur,PUNO,2015-03-02,16.2,0,61,17.6,0.4,14.000000000000002,3.6,-2.0,-0.6,0.15902712937879773
2015,3,3,0.6,19.4,-0.2,MAZO CRUZ,-16.75,-69.71,Sur,PUNO,2015-03-03,19.6,1,62,18.2,0.4,16.2,2.0,3.6,-2.0,0.2011999828312869
2015,3,4,7.8,15.2,5.2,MAZO CRUZ,-16.75,-69.71,Sur,PUNO,2015-03-04,10.0,0,63,19.4,0.6,19.6,-0.2,2.0,3.6,0.2852493185175455
2015,3,5,6.6,15.2,2.8,MAZO CRUZ,-16.75,-69.71,Sur,PUNO,2015-03-05,12.4,0,64,15.2,7.8,10.0,5.2,-0.2,2.0,0.034162912674095915
2015,3,6,8.4,16.4,4.6,MAZO CRUZ,-16.75,-69.71,Sur,PUNO,2015-03-06,11.8,0,65,15.2,6.6,12.4,2.8,5.2,-0.2,0.08627610123790953
2015,3,7,4.0,16.0,3.4,MAZO CRUZ,-16.75,-69.71,Sur,PUNO,2015-03-07,12.6,0,66,16.4,8.4,11.8,4.6,2.8,5.2,0.017595070909414052
2015,3,8,7.8,14.6,4.8,MAZO CRUZ,-16.75,-69.71,Sur,PUNO,2015-03-08,9.8,0,67,16.0,4.0,12.6,3.4,4.6,2.8,0.04803215700538793
2015,3,9,2.0,15.6,2.6,MAZO CRUZ,-16.75,-69.71,Sur,PUNO,2015-03-09,13.0,0,68,14.6,7.8,9.8,4.8,3.4,4.6,0.01918775899120767
2015,3,10,1.4,16.0,4.8,MAZO CRUZ,-16.75,-69.71,Sur,PUNO,2015-03-10,11.2,0,69,15.6,2.0,13.0,2.6,4.8,3.4,0.07384031263606672
2015,3,11,5.8,17.4,2.4,MAZO CRUZ,-16.75,-69.71,Sur,PUNO,2015-03-11,14.999999999999998,0,70,16.0,1.4,11.2,4.8,2.6,4.8,0.02552902728402584
2015,3,12,7.6,19.2,0.0,MAZO CRUZ,-16.75,-69.71,Sur,PUNO,2015-03-12,19.2,1,71,17.4,5.8,14.999999999999998,2.4,4.8,2.6,0.0656545169545107
2015,3,13,0.0,18.0,1.2,MAZO CRUZ,-16.75,-69.71,Sur,PUNO,2015-03-13,16.8,0,72,19.2,7.6,19.2,0.0,2.4,4.8,0.16722421267751442
2015,3,14,2.0,16.2,0.4,MAZO CRUZ,-16.75,-69.71,Sur,PUNO,2015-03-14,15.8,0,73,18.0,0.0,16.8,1.2,0.0,2.4,0.25209629002371486
2015,3,15,2.8,16.4,-0.6,MAZO CRUZ,-16.75,-69.71,Sur,PUNO,2015-03-15,17.0,1,74,16.2,2.0,15.8,0.4,1.2,0.0,0.4001496877295751
2015,3,16,2.0,18.2,2.4,MAZO CRUZ,-16.75,-69.71,Sur,PUNO,2015-03-16,15.8,0,75,16.4,2.8,17.0,-0.6,0.4,1.2,0.5009744431794493
2015,3,17,16.6,15.8,5.4,MAZO CRUZ,-16.75,-69.71,Sur,PUNO,2015-03-17,10.4,0,76,18.2,2.0,15.8,2.4,-0.6,0.4,0.18472768489541658
2015,3,18,2.4,13.2,4.0,MAZO CRUZ,-16.75,-69.71,Sur,PUNO,2015-03-18,9.2,0,77,15.8,16.6,10.4,5.4,2.4,-0.6,0.01948562072438433
2015,3,19,6.0,14.0,4.0,MAZO CRUZ,-16.75,-69.71,Sur,PUNO,2015-03-19,10.0,0,78,13.2,2.4,9.2,4.0,5.4,2.4,0.045934884367454624
2015,3,20,2.0,16.4,2.8,MAZO CRUZ,-16.75,-69.71,Sur,PUNO,2015-03-20,13.599999999999998,0,79,14.0,6.0,10.0,4.0,4.0,5.4,0.027811037973997737
2015,3,21,4.0,16.6,3.8,MAZO CRUZ,-16.75,-69.71,Sur,PUNO,2015-03-21,12.8,0,80,16.4,2.0,13.599999999999998,2.8,4.0,4.0,0.0634297137762828
2015,3,22,3.8,17.6,3.2,MAZO CRUZ,-16.75,-69.71,Sur,PUNO,2015-03-22,14.400000000000002,0,81,16.6,4.0,12.8,3.8,2.8,4.0,0.039199855569812474
2015,3,23,0.2,15.4,0.6,MAZO CRUZ,-16.75,-69.71,Sur,PUNO,2015-03-23,14.8,0,82,17.6,3.8,14.400000000000002,3.2,3.8,2.8,0.05202647447112887
2015,3,24,1.2,15.4,0.6,MAZO CRUZ,-16.75,-69.71,Sur,PUNO,2015-03-24,14.8,0,83,15.4,0.2,14.8,0.6,3.2,3.8,0.23473351058258282
2015,3,25,5.6,12.4,1.4,MAZO CRUZ,-16.75,-69.71,Sur,PUNO,2015-03-25,11.0,0,84,15.4,1.2,14.8,0.6,0.6,3.2,0.3097272154285138
2015,3,26,1.6,13.6,0.2,MAZO CRUZ,-16.75,-69.71,Sur,PUNO,2015-03-26,13.4,0,85,12.4,5.6,11.0,1.4,0.6,0.6,0.30566026620156367
2015,3,27,0.0,16.6,-1.6,MAZO CRUZ,-16.75,-69.71,Sur,PUNO,2015-03-27,18.200000000000003,1,86,13.6,1.6,13.4,0.2,1.4,0.6,0.4573621117889172
2015,3,28,0.0,16.0,-5.2,MAZO CRUZ,-16.75,-69.71,Sur,PUNO,2015-03-28,21.2,1,87,16.6,0.0,18.200000000000003,-1.6,0.2,1.4,0.6599555558761847
2015,3,29,0.0,17.4,-4.6,MAZO CRUZ,-16.75,-69.71,Sur,PUNO,2015-03-29,22.0,1,88,16.0,0.0,21.2,-5.2,-1.6,0.2,0.9542831889172664
2015,3,30,0.0,16.6,-2.8,MAZO CRUZ,-16.75,-69.71,Sur,PUNO,2015-03-30,19.4,1,89,17.4,0.0,22.0,-4.6,-5.2,-1.6,0.965202001893123
2015,3,31,0.0,17.2,-4.0,MAZO CRUZ,-16.75,-69.71,Sur,PUNO,2015-03-31,21.2,1,90,16.6,0.0,19.4,-2.8,-4.6,-5.2,0.9471504836072239
2015,4,1,2.0,15.4,3.2,MAZO CRUZ,-16.75,-69.71,Sur,PUNO,2015-04-01,12.2,0,91,17.2,0.0,21.2,-4.0,-2.8,-4.6,0.9588958733071814
2015,4,2,1.0,17.2,0.2,MAZO CRUZ,-16.75,-69.71,Sur,PUNO,2015-04-02,17.0,0,92,15.4,2.0,12.2,3.2,-4.0,-2.8,0.3192319731201548
2015,4,3,0.0,19.6,-2.2,MAZO CRUZ,-16.75,-69.71,Sur,PUNO,2015-04-03,21.8,1,93,17.2,1.0,17.0,0.2,3.2,-4.0,0.49886212972353317
2015,4,4,0.0,20.4,-3.6,MAZO CRUZ,-16.75,-69.71,Sur,PUNO,2015-04-04,24.0,1,94,19.6,0.0,21.8,-2.2,0.2,3.2,0.613516804842386
2015,4,5,0.0,18.6,-2.2,MAZO CRUZ,-16.75,-69.71,Sur,PUNO,2015-04-05,20.8,1,95,20.4,0.0,24.0,-3.6,-2.2,0.2,0.868199253421558
2015,4,6,0.0,16.2,-1.4,MAZO CRUZ,-16.75,-69.71,Sur,PUNO,2015-04-06,17.599999999999998,1,96,18.6,0.0,20.8,-2.2,-3.6,-2.2,0.8612559740370388
2015,4,7,0.0,15.8,-3.6,MAZO CRUZ,-16.75,-69.71,Sur,PUNO,2015-04-07,19.4,1,97,16.2,0.0,17.599999999999998,-1.4,-2.2,-3.6,0.8362048338005786
2015,4,8,0.0,12.8,1.0,MAZO CRUZ,-16.75,-69.71,Sur,PUNO,2015-04-08,11.8,0,98,15.8,0.0,19.4,-3.6,-1.4,-2.2,0.9260186654031594
2015,4,9,0.0,15.8,2.4,MAZO CRUZ,-16.75,-69.71,Sur,PUNO,2015-04-09,13.4,0,99,12.8,0.0,11.8,1.0,-3.6,-1.4,0.6213080184407159
2015,4,10,7.2,15.6,1.8,MAZO CRUZ,-16.75,-69.71,Sur,PUNO,2015-04-10,13.8,0,100,15.8,0.0,13.4,2.4,1.0,-3.6,0.31100159117005405
2015,4,11,8.4,14.2,0.4,MAZO CRUZ,-16.75,-69.71,Sur,PUNO,2015-04-11,13.8,0,101,15.6,7.2,13.8,1.8,2.4,1.0,0.15492877697267768
2015,4,12,4.2,13.8,3.6,MAZO CRUZ,-16.75,-69.71,Sur,PUNO,2015-04-12,10.2,0,102,14.2,8.4,13.8,0.4,1.8,2.4,0.2678309183171792
2015,4,13,0.2,15.2,1.4,MAZO CRUZ,-16.75,-69.71,Sur,PUNO,2015-04-13,13.8,0,103,13.8,4.2,10.2,3.6,0.4,1.8,0.09791893869063169
2015,4,14,0.1,15.4,-2.4,MAZO CRUZ,-16.75,-69.71,Sur,PUNO,2015-04-14,17.8,1,104,15.2,0.2,13.8,1.4,3.6,0.4,0.24044032612546407
2015,4,15,0.0,16.2,-4.6,MAZO CRUZ,-16.75,-69.71,Sur,PUNO,2015-04-15,20.8,1,105,15.4,0.1,17.8,-2.4,1.4,3.6,0.6694434528677479
2015,4,16,0.0,16.4,-0.8,MAZO CRUZ,-16.75,-69.71,Sur,PUNO,2015-04-16,17.2,1,106,16.2,0.0,20.8,-4.6,-2.4,1.4,0.9324449719847393
2015,4,17,0.0,15.2,-2.4,MAZO CRUZ,-16.75,-69.71,Sur,PUNO,2015-04-17,17.599999999999998,1,107,16.4,0.0,17.2,-0.8,-4.6,-2.4,0.8062353914315397
2015,4,18,11.4,17.4,-1.0,MAZO CRUZ,-16.75,-69.71,Sur,PUNO,2015-04-18,18.4,1,108,15.2,0.0,17.599999999999998,-2.4,-0.8,-4.6,0.9014609130435255
2015,4,19,2.8,14.6,0.4,MAZO CRUZ,-16.75,-69.71,Sur,PUNO,2015-04-19,14.2,0,109,17.4,11.4,18.4,-1.0,-2.4,-0.8,0.5844711577534256
2015,4,20,0.4,15.2,1.2,MAZO CRUZ,-16.75,-69.71,Sur,PUNO,2015-04-20,14.0,0,110,14.6,2.8,14.2,0.4,-1.0,-2.4,0.5808591256255282
2015,4,21,5.4,15.2,-2.2,MAZO CRUZ,-16.75,-69.71,Sur,PUNO,2015-04-21,17.4,1,111,15.2,0.4,14.0,1.2,0.4,-1.0,0.39571816548386324
2015,4,22,0.0,16.2,0.6,MAZO CRUZ,-16.75,-69.71,Sur,PUNO,2015-04-22,15.6,0,112,15.2,5.4,17.4,-2.2,1.2,0.4,0.6976647568954704
2015,4,23,7.8,14.4,3.2,MAZO CRUZ,-16.75,-69.71,Sur,PUNO,2015-04-23,11.2,0,113,16.2,0.0,15.6,0.6,-2.2,1.2,0.4629213688145346
2015,4,24,6.4,14.6,4.0,MAZO CRUZ,-16.75,-69.71,Sur,PUNO,2015-04-24,10.6,0,114,14.4,7.8,11.2,3.2,0.6,-2.2,0.15785492976982315
2015,4,25,0.0,14.8,1.6,MAZO CRUZ,-16.75,-69.71,Sur,PUNO,2015-04-25,13.2,0,115,14.6,6.4,10.6,4.0,3.2,0.6,0.05653131947450226
2015,4,26,0.0,15.8,-1.6,MAZO CRUZ,-16.75,-69.71,Sur,PUNO,2015-04-26,17.400000000000002,1,116,14.8,0.0,13.2,1.6,4.0,3.2,0.15629111174768237
2015,4,27,2.2,16.4,1.0,MAZO CRUZ,-16.75,-69.71,Sur,PUNO,2015-04-27,15.4,0,117,15.8,0.0,17.400000000000002,-1.6,1.6,4.0,0.5399566377170688
2015,4,28,2.0,15.2,-1.2,MAZO CRUZ,-16.75,-69.71,Sur,PUNO,2015-04-28,16.4,1,118,16.4,2.2,15.4,1.0,-1.6,1.6,0.34641415566265193
2015,4,29,0.0,16.4,-2.0,MAZO CRUZ,-16.75,-69.71,Sur,PUNO,2015-04-29,18.4,1,119,15.2,2.0,16.4,-1.2,1.0,-1.6,0.6890844644017294
2015,4,30,0.0,16.8,-3.6,MAZO CRUZ,-16.75,-69.71,Sur,PUNO,2015-04-30,20.4,1,120,16.4,0.0,18.4,-2.0,-1.2,1.0,0.7554075061339031
2015,5,1,0.0,16.4,-3.0,MAZO CRUZ,-16.75,-69.71,Sur,PUNO,2015-05-01,19.4,1,121,16.8,0.0,20.4,-3.6,-2.0,-1.2,0.9142531910533945
2015,5,2,0.0,17.2,-9.6,MAZO CRUZ,-16.75,-69.71,Sur,PUNO,2015-05-02,26.8,1,122,16.4,0.0,19.4,-3.0,-3.6,-2.0,0.9171451919700981
2015,5,3,0.0,15.8,-9.2,MAZO CRUZ,-16.75,-69.71,Sur,PUNO,2015-05-03,25.0,1,123,17.2,0.0,26.8,-9.6,-3.0,-3.6,0.9974916011120643
2015,5,4,0.0,18.2,-7.2,MAZO CRUZ,-16.75,-69.71,Sur,PUNO,2015-05-04,25.4,1,124,15.8,0.0,25.0,-9.2,-9.6,-3.0,0.9987007101527445
2015,5,5,0.0,17.2,-8.6,MAZO CRUZ,-16.75,-69.71,Sur,PUNO,2015-05-05,25.8,1,125,18.2,0.0,25.4,-7.2,-9.2,-9.6,0.9981548774550554
2015,5,6,0.0,17.4,-6.6,MAZO CRUZ,-16.75,-69.71,Sur,PUNO,2015-05-06,24.0,1,126,17.2,0.0,25.8,-8.6,-7.2,-9.2,0.9988944471872724
2015,5,7,0.0,16.6,-3.6,MAZO CRUZ,-16.75,-69.71,Sur,PUNO,2015-05-07,20.200000000000003,1,127,17.4,0.0,24.0,-6.6,-8.6,-7.2,0.9963898871178465
2015,5,8,0.0,16.8,-5.2,MAZO CRUZ,-16.75,-69.71,Sur,PUNO,2015-05-08,22.0,1,128,16.6,0.0,20.200000000000003,-3.6,-6.6,-8.6,0.9829233590006597
2015,5,9,0.0,17.2,-6.2,MAZO CRUZ,-16.75,-69.71,Sur,PUNO,2015-05-09,23.4,1,129,16.8,0.0,22.0,-5.2,-3.6,-6.6,0.9853486846477023
2015,5,10,0.0,17.6,-8.6,MAZO CRUZ,-16.75,-69.71,Sur,PUNO,2015-05-10,26.200000000000003,1,130,17.2,0.0,23.4,-6.2,-5.2,-3.6,0.9886698365876591
2015,5,11,0.0,16.2,-7.6,MAZO CRUZ,-16.75,-69.71,Sur,PUNO,2015-05-11,23.8,1,131,17.6,0.0,26.200000000000003,-8.6,-6.2,-5.2,0.9976761866672733
2015,5,12,0.0,17.4,-9.2,MAZO CRUZ,-16.75,-69.71,Sur,PUNO,2015-05-12,26.6,1,132,16.2,0.0,23.8,-7.6,-8.6,-6.2,0.9977758721673987
2015,5,13,0.0,16.8,-9.0,MAZO CRUZ,-16.75,-69.71,Sur,PUNO,2015-05-13,25.8,1,133,17.4,0.0,26.6,-9.2,-7.6,-8.6,0.9991487641308288
2015,5,14,0.0,16.6,-8.2,MAZO CRUZ,-16.75,-69.71,Sur,PUNO,2015-05-14,24.8,1,134,16.8,0.0,25.8,-9.0,-9.2,-7.6,0.9991517586107249
2015,5,15,0.0,12.0,-8.6,MAZO CRUZ,-16.75,-69.71,Sur,PUNO,2015-05-15,20.6,1,135,16.6,0.0,24.8,-8.2,-9.0,-9.2,0.9989680981135947
2015,5,16,0.0,11.6,-2.2,MAZO CRUZ,-16.75,-69.71,Sur,PUNO,2015-05-16,13.8,1,136,12.0,0.0,20.6,-8.6,-8.2,-9.0,0.9993609377651856
2015,5,17,0.0,16.6,-5.4,MAZO CRUZ,-16.75,-69.71,Sur,PUNO,2015-05-17,22.0,1,137,11.6,0.0,13.8,-2.2,-8.6,-8.2,0.9808825417335133
2015,5,18,0.0,17.6,-9.2,MAZO CRUZ,-16.75,-69.71,Sur,PUNO,2015-05-18,26.8,1,138,16.6,0.0,22.0,-5.4,-2.2,-8.6,0.9883994098298805
2015,5,19,0.0,18.2,-10.6,MAZO CRUZ,-16.75,-69.71,Sur,PUNO,2015-05-19,28.8,1,139,17.6,0.0,26.8,-9.2,-5.4,-2.2,0.9970990833571362
2015,5,20,0.0,17.4,-10.6,MAZO CRUZ,-16.75,-69.71,Sur,PUNO,2015-05-20,28.0,1,140,18.2,0.0,28.8,-10.6,-9.2,-5.4,0.9994310830125127
2015,5,21,0.0,17.4,-11.6,MAZO CRUZ,-16.75,-69.71,Sur,PUNO,2015-05-21,29.0,1,141,17.4,0.0,28.0,-10.6,-10.6,-9.2,0.9997438945707975
2015,5,22,0.0,17.2,-12.8,MAZO CRUZ,-16.75,-69.71,Sur,PUNO,2015-05-22,30.0,1,142,17.4,0.0,29.0,-11.6,-10.6,-10.6,0.9998763117120258
2015,5,23,0.0,17.2,-14.2,MAZO CRUZ,-16.75,-69.71,Sur,PUNO,2015-05-23,31.4,1,143,17.2,0.0,30.0,-12.8,-11.6,-10.6,0.9999428301152116
2015,5,24,0.0,17.6,-11.6,MAZO CRUZ,-16.75,-69.71,Sur,PUNO,2015-05-24,29.200000000000003,1,144,17.2,0.0,31.4,-14.2,-12.8,-11.6,0.9999795465054019
2015,5,25,1.2,16.0,-9.2,MAZO CRUZ,-16.75,-69.71,Sur,PUNO,2015-05-25,25.2,1,145,17.6,0.0,29.200000000000003,-11.6,-14.2,-12.8,0.9999418302244202
2015,5,26,0.0,16.4,-3.4,MAZO CRUZ,-16.75,-69.71,Sur,PUNO,2015-05-26,19.8,1,146,16.0,1.2,25.2,-9.2,-11.6,-14.2,0.9997849277953588
2015,5,27,0.0,16.8,-9.4,MAZO CRUZ,-16.75,-69.71,Sur,PUNO,2015-05-27,26.200000000000003,1,147,16.4,0.0,19.8,-3.4,-9.2,-11.6,0.9912759610825205
2015,5,28,0.0,16.6,-10.8,MAZO CRUZ,-16.75,-69.71,Sur,PUNO,2015-05-28,27.4,1,148,16.8,0.0,26.200000000000003,-9.4,-3.4,-9.2,0.9988663269636161
2015,5,29,0.0,18.0,-13.2,MAZO CRUZ,-16.75,-69.71,Sur,PUNO,2015-05-29,31.2,1,149,16.6,0.0,27.4,-10.8,-9.4,-3.4,0.9994187221454158
2015,5,30,0.0,18.4,-12.6,MAZO CRUZ,-16.75,-69.71,Sur,PUNO,2015-05-30,31.0,1,150,18.0,0.0,31.2,-13.2,-10.8,-9.4,0.9999345888098627
2015,5,31,0.0,17.6,-7.2,MAZO CRUZ,-16.75,-69.71,Sur,PUNO,2015-05-31,24.8,1,151,18.4,0.0,31.0,-12.6,-13.2,-10.8,0.999944015946669
2015,6,1,0.0,17.8,-9.6,MAZO CRUZ,-16.75,-69.71,Sur,PUNO,2015-06-01,27.4,1,152,17.6,0.0,24.8,-7.2,-12.6,-13.2,0.9993206611459811
2015,6,2,0.0,18.4,-9.6,MAZO CRUZ,-16.75,-69.71,Sur,PUNO,2015-06-02,28.0,1,153,17.8,0.0,27.4,-9.6,-7.2,-12.6,0.999577684599931
2015,6,3,0.0,17.4,-10.0,MAZO CRUZ,-16.75,-69.71,Sur,PUNO,2015-06-03,27.4,1,154,18.4,0.0,28.0,-9.6,-9.6,-7.2,0.9992794394635416
2015,6,4,0.0,17.8,-7.2,MAZO CRUZ,-16.75,-69.71,Sur,PUNO,2015-06-04,25.0,1,155,17.4,0.0,27.4,-10.0,-9.6,-9.6,0.9996222331632723
2015,6,5,0.0,17.2,-13.8,MAZO CRUZ,-16.75,-69.71,Sur,PUNO,2015-06-05,31.0,1,156,17.8,0.0,25.0,-7.2,-10.0,-9.6,0.9983797076936831
2015,6,6,0.0,17.4,-15.4,MAZO CRUZ,-16.75,-69.71,Sur,PUNO,2015-06-06,32.8,1,157,17.2,0.0,31.0,-13.8,-7.2,-10.0,0.9999353916824912
2015,6,7,0.0,17.4,-16.0,MAZO CRUZ,-16.75,-69.71,Sur,PUNO,2015-06-07,33.4,1,158,17.4,0.0,32.8,-15.4,-13.8,-7.2,0.9999813304905474
2015,6,8,0.0,17.2,-15.6,MAZO CRUZ,-16.75,-69.71,Sur,PUNO,2015-06-08,32.8,1,159,17.4,0.0,33.4,-16.0,-15.4,-13.8,0.9999957024179436
2015,6,9,0.0,18.2,-13.6,MAZO CRUZ,-16.75,-69.71,Sur,PUNO,2015-06-09,31.8,1,160,17.2,0.0,32.8,-15.6,-16.0,-15.4,0.9999961708385757
2015,6,10,0.0,18.2,-10.2,MAZO CRUZ,-16.75,-69.71,Sur,PUNO,2015-06-10,28.4,1,161,18.2,0.0,31.8,-13.6,-15.6,-16.0,0.9999885656189637
2015,6,11,0.0,18.4,-13.2,MAZO CRUZ,-16.75,-69.71,Sur,PUNO,2015-06-11,31.6,1,162,18.2,0.0,28.4,-10.2,-13.6,-15.6,0.9999078010470223
2015,6,12,0.0,17.6,-14.4,MAZO CRUZ,-16.75,-69.71,Sur,PUNO,2015-06-12,32.0,1,163,18.4,0.0,31.6,-13.2,-10.2,-13.6,0.9999600430087338
2015,6,13,0.0,18.6,-13.2,MAZO CRUZ,-16.75,-69.71,Sur,PUNO,2015-06-13,31.8,1,164,17.6,0.0,32.0,-14.4,-13.2,-10.2,0.9999776423078783
2015,6,14,0.0,18.2,-15.2,MAZO CRUZ,-16.75,-69.71,Sur,PUNO,2015-06-14,33.4,1,165,18.6,0.0,31.8,-13.2,-14.4,-13.2,0.9999745609706517
2015,6,15,0.0,18.0,-13.6,MAZO CRUZ,-16.75,-69.71,Sur,PUNO,2015-06-15,31.6,1,166,18.2,0.0,33.4,-15.2,-13.2,-14.4,0.9999915573166028
2015,6,16,0.0,19.2,-10.6,MAZO CRUZ,-16.75,-69.71,Sur,PUNO,2015-06-16,29.8,1,167,18.0,0.0,31.6,-13.6,-15.2,-13.2,0.9999822803466225
2015,6,17,0.0,17.6,-9.6,MAZO CRUZ,-16.75,-69.71,Sur,PUNO,2015-06-17,27.200000000000003,1,168,19.2,0.0,29.8,-10.6,-13.6,-15.2,0.9999135714280335
2015,6,18,0.0,17.4,-13.2,MAZO CRUZ,-16.75,-69.71,Sur,PUNO,2015-06-18,30.6,1,169,17.6,0.0,27.200000000000003,-9.6,-10.6,-13.6,0.999766222218398
2015,6,19,0.0,17.6,-10.6,MAZO CRUZ,-16.75,-69.71,Sur,PUNO,2015-06-19,28.200000000000003,1,170,17.4,0.0,30.6,-13.2,-9.6,-10.6,0.9999389884222194
2015,6,20,0.0,17.4,-12.0,MAZO CRUZ,-16.75,-69.71,Sur,PUNO,2015-06-20,29.4,1,171,17.6,0.0,28.200000000000003,-10.6,-13.2,-9.6,0.9998217350863289
2015,6,21,0.0,16.6,-12.6,MAZO CRUZ,-16.75,-69.71,Sur,PUNO,2015-06-21,29.200000000000003,1,172,17.4,0.0,29.4,-12.0,-10.6,-13.2,0.99993083066621
2015,6,22,0.0,17.6,-12.8,MAZO CRUZ,-16.75,-69.71,Sur,PUNO,2015-06-22,30.4,1,173,16.6,0.0,29.200000000000003,-12.6,-12.0,-10.6,0.9999423714894765
2015,6,23,0.0,17.8,-11.6,MAZO CRUZ,-16.75,-69.71,Sur,PUNO,2015-06-23,29.4,1,174,17.6,0.0,30.4,-12.8,-12.6,-12.0,0.9999571392267136
2015,6,24,0.0,18.0,-11.6,MAZO CRUZ,-16.75,-69.71,Sur,PUNO,2015-06-24,29.6,1,175,17.8,0.0,29.4,-11.6,-12.8,-12.6,0.999926931156513
2015,6,25,0.0,18.2,-10.6,MAZO CRUZ,-16.75,-69.71,Sur,PUNO,2015-06-25,28.8,1,176,18.0,0.0,29.6,-11.6,-11.6,-12.8,0.9999160195344917
2015,6,26,0.0,18.4,-11.2,MAZO CRUZ,-16.75,-69.71,Sur,PUNO,2015-06-26,29.6,1,177,18.2,0.0,28.8,-10.6,-11.6,-11.6,0.999828198250346
2015,6,27,0.0,18.0,-12.6,MAZO CRUZ,-16.75,-69.71,Sur,PUNO,2015-06-27,30.6,1,178,18.4,0.0,29.6,-11.2,-10.6,-11.6,0.9998552594874205
2015,6,28,0.0,17.8,-14.0,MAZO CRUZ,-16.75,-69.71,Sur,PUNO,2015-06-28,31.8,1,179,18.0,0.0,30.6,-12.6,-11.2,-10.6,0.9999280293275699
2015,6,29,0.0,15.6,-14.6,MAZO CRUZ,-16.75,-69.71,Sur,PUNO,2015-06-29,30.2,1,180,17.8,0.0,31.8,-14.0,-12.6,-11.2,0.9999738570053847
2015,6,30,0.0,17.4,-14.8,MAZO CRUZ,-16.75,-69.71,Sur,PUNO,2015-06-30,32.2,1,181,15.6,0.0,30.2,-14.6,-14.0,-12.6,0.9999891944281288
2015,7,1,0.0,17.2,-14.8,MAZO CRUZ,-16.75,-69.71,Sur,PUNO,2015-07-01,32.0,1,182,17.4,0.0,32.2,-14.8,-14.6,-14.0,0.9999913184715394
2015,7,2,0.0,16.4,-13.8,MAZO CRUZ,-16.75,-69.71,Sur,PUNO,2015-07-02,30.2,1,183,17.2,0.0,32.0,-14.8,-14.8,-14.6,0.9999923718709264
2015,7,3,1.6,16.2,-10.2,MAZO CRUZ,-16.75,-69.71,Sur,PUNO,2015-07-03,26.4,1,184,16.4,0.0,30.2,-13.8,-14.8,-14.8,0.9999883503286253
2015,7,4,0.4,9.2,-1.6,MAZO CRUZ,-16.75,-69.71,Sur,PUNO,2015-07-04,10.8,1,185,16.2,1.6,26.4,-10.2,-13.8,-14.8,0.9999069389766335
2015,7,5,0.0,10.2,-6.0,MAZO CRUZ,-16.75,-69.71,Sur,PUNO,2015-07-05,16.2,1,186,9.2,0.4,10.8,-1.6,-10.2,-13.8,0.9919835438929131
2015,7,6,0.0,11.6,-10.0,MAZO CRUZ,-16.75,-69.71,Sur,PUNO,2015-07-06,21.6,1,187,10.2,0.0,16.2,-6.0,-1.6,-10.2,0.9957764408930297
2015,7,7,0.0,12.4,-10.0,MAZO CRUZ,-16.75,-69.71,Sur,PUNO,2015-07-07,22.4,1,188,11.6,0.0,21.6,-10.0,-6.0,-1.6,0.9988414007325249
2015,7,8,0.0,14.6,-18.2,MAZO CRUZ,-16.75,-69.71,Sur,PUNO,2015-07-08,32.8,1,189,12.4,0.0,22.4,-10.0,-10.0,-6.0,0.9996050574911597
2015,7,9,0.0,16.8,-20.6,MAZO CRUZ,-16.75,-69.71,Sur,PUNO,2015-07-09,37.400000000000006,1,190,14.6,0.0,32.8,-18.2,-10.0,-10.0,0.999996339758301
2015,7,10,0.0,17.4,-20.4,MAZO CRUZ,-16.75,-69.71,Sur,PUNO,2015-07-10,37.8,1,191,16.8,0.0,37.400000000000006,-20.6,-18.2,-10.0,0.9999995434790675
2015,7,11,0.0,18.2,-20.0,MAZO CRUZ,-16.75,-69.71,Sur,PUNO,2015-07-11,38.2,1,192,17.4,0.0,37.8,-20.4,-20.6,-18.2,0.999999878881079
2015,7,12,0.0,17.8,-20.0,MAZO CRUZ,-16.75,-69.71,Sur,PUNO,2015-07-12,37.8,1,193,18.2,0.0,38.2,-20.0,-20.4,-20.6,0.999999884084732
2015,7,13,0.0,17.4,-18.0,MAZO CRUZ,-16.75,-69.71,Sur,PUNO,2015-07-13,35.4,1,194,17.8,0.0,37.8,-20.0,-20.0,-20.4,0.9999998789071332
2015,7,14,0.0,14.4,-12.8,MAZO CRUZ,-16.75,-69.71,Sur,PUNO,2015-07-14,27.200000000000003,1,195,17.4,0.0,35.4,-18.0,-20.0,-20.0,0.9999996495918779
2015,7,15,0.0,14.4,-2.6,MAZO CRUZ,-16.75,-69.71,Sur,PUNO,2015-07-15,17.0,1,196,14.4,0.0,27.200000000000003,-12.8,-18.0,-20.0,0.9999947964721173
2015,7,16,0.0,14.2,-14.0,MAZO CRUZ,-16.75,-69.71,Sur,PUNO,2015-07-16,28.2,1,197,14.4,0.0,17.0,-2.6,-12.8,-18.0,0.9971675048228322
2015,7,17,0.0,16.8,-15.6,MAZO CRUZ,-16.75,-69.71,Sur,PUNO,2015-07-17,32.4,1,198,14.2,0.0,28.2,-14.0,-2.6,-12.8,0.9999464775241581
2015,7,18,0.0,17.6,-14.8,MAZO CRUZ,-16.75,-69.71,Sur,PUNO,2015-07-18,32.400000000000006,1,199,16.8,0.0,32.4,-15.6,-14.0,-2.6,0.9999695256868991
2015,7,19,0.0,16.8,-14.6,MAZO CRUZ,-16.75,-69.71,Sur,PUNO,2015-07-19,31.4,1,200,17.6,0.0,32.400000000000006,-14.8,-15.6,-14.0,0.9999922096422263
2015,7,20,0.0,17.6,-15.6,MAZO CRUZ,-16.75,-69.71,Sur,PUNO,2015-07-20,33.2,1,201,16.8,0.0,31.4,-14.6,-14.8,-15.6,0.9999929288222571
2015,7,21,0.0,17.2,-15.4,MAZO CRUZ,-16.75,-69.71,Sur,PUNO,2015-07-21,32.6,1,202,17.6,0.0,33.2,-15.6,-14.6,-14.8,0.9999948204942303
2015,7,22,0.0,18.6,-12.6,MAZO CRUZ,-16.75,-69.71,Sur,PUNO,2015-07-22,31.200000000000003,1,203,17.2,0.0,32.6,-15.4,-15.6,-14.6,0.999994957019606
2015,7,23,0.0,19.4,-11.0,MAZO CRUZ,-16.75,-69.71,Sur,PUNO,2015-07-23,30.4,1,204,18.6,0.0,31.200000000000003,-12.6,-15.4,-15.6,0.9999781916948361
2015,7,24,0.0,19.5,-11.4,MAZO CRUZ,-16.75,-69.71,Sur,PUNO,2015-07-24,30.9,1,205,19.4,0.0,30.4,-11.0,-12.6,-15.4,0.9999209968396697
2015,7,25,0.0,18.4,-11.2,MAZO CRUZ,-16.75,-69.71,Sur,PUNO,2015-07-25,29.6,1,206,19.5,0.0,30.9,-11.4,-11.0,-12.6,0.9998813625592297
2015,7,26,0.0,18.2,-12.4,MAZO CRUZ,-16.75,-69.71,Sur,PUNO,2015-07-26,30.6,1,207,18.4,0.0,29.6,-11.2,-11.4,-11.0,0.9998563819723157
2015,7,27,0.0,18.6,-12.0,MAZO CRUZ,-16.75,-69.71,Sur,PUNO,2015-07-27,30.6,1,208,18.2,0.0,30.6,-12.4,-11.2,-11.4,0.9999271727350364
2015,7,28,0.0,18.8,-12.0,MAZO CRUZ,-16.75,-69.71,Sur,PUNO,2015-07-28,30.8,1,209,18.6,0.0,30.6,-12.0,-12.4,-11.2,0.9999176826047808
2015,7,29,0.0,17.8,-12.2,MAZO CRUZ,-16.75,-69.71,Sur,PUNO,2015-07-29,30.0,1,210,18.8,0.0,30.8,-12.0,-12.0,-12.4,0.9999259949494812
2015,7,30,0.0,18.0,-13.4,MAZO CRUZ,-16.75,-69.71,Sur,PUNO,2015-07-30,31.4,1,211,17.8,0.0,30.0,-12.2,-12.0,-12.0,0.9999352585383182
2015,7,31,0.0,18.4,-13.2,MAZO CRUZ,-16.75,-69.71,Sur,PUNO,2015-07-31,31.6,1,212,18.0,0.0,31.4,-13.4,-12.2,-12.0,0.999965716682169
2015,8,1,0.0,18.0,-12.4,MAZO CRUZ,-16.75,-69.71,Sur,PUNO,2015-08-01,30.4,1,213,18.4,0.0,31.6,-13.2,-13.4,-12.2,0.9999668533818747
2015,8,2,0.0,19.2,-14.2,MAZO CRUZ,-16.75,-69.71,Sur,PUNO,2015-08-02,33.4,1,214,18.0,0.0,30.4,-12.4,-13.2,-13.4,0.9999580847763886
2015,8,3,0.0,18.6,-13.8,MAZO CRUZ,-16.75,-69.71,Sur,PUNO,2015-08-03,32.400000000000006,1,215,19.2,0.0,33.4,-14.2,-12.4,-13.2,0.9999793362200179
2015,8,4,0.0,17.4,-11.2,MAZO CRUZ,-16.75,-69.71,Sur,PUNO,2015-08-04,28.6,1,216,18.6,0.0,32.400000000000006,-13.8,-14.2,-12.4,0.9999783414947819
2015,8,5,0.0,18.4,-13.6,MAZO CRUZ,-16.75,-69.71,Sur,PUNO,2015-08-05,32.0,1,217,17.4,0.0,28.6,-11.2,-13.8,-14.2,0.9999384334690483
2015,8,6,0.0,19.4,-14.0,MAZO CRUZ,-16.75,-69.71,Sur,PUNO,2015-08-06,33.4,1,218,18.4,0.0,32.0,-13.6,-11.2,-13.8,0.999971901545246
2015,8,7,0.0,18.6,-12.6,MAZO CRUZ,-16.75,-69.71,Sur,PUNO,2015-08-07,31.200000000000003,1,219,19.4,0.0,33.4,-14.0,-13.6,-11.2,0.99997316919065
2015,8,8,0.0,19.8,-12.6,MAZO CRUZ,-16.75,-69.71,Sur,PUNO,2015-08-08,32.4,1,220,18.6,0.0,31.200000000000003,-12.6,-14.0,-13.6,0.999965055267702
2015,8,9,0.0,18.0,-8.2,MAZO CRUZ,-16.75,-69.71,Sur,PUNO,2015-08-09,26.2,1,221,19.8,0.0,32.4,-12.6,-12.6,-14.0,0.999956364178098
2015,8,10,0.0,19.2,-20.6,MAZO CRUZ,-16.75,-69.71,Sur,PUNO,2015-08-10,39.8,1,222,18.0,0.0,26.2,-8.2,-12.6,-12.6,0.9995409779205261
2015,8,11,5.2,12.6,-10.2,MAZO CRUZ,-16.75,-69.71,Sur,PUNO,2015-08-11,22.8,1,223,19.2,0.0,39.8,-20.6,-8.2,-12.6,0.999998645911166
2015,8,12,0.0,13.4,-1.6,MAZO CRUZ,-16.75,-69.71,Sur,PUNO,2015-08-12,15.0,1,224,12.6,5.2,22.8,-10.2,-20.6,-8.2,0.9999078180129976
2015,8,13,1.6,10.2,-2.6,MAZO CRUZ,-16.75,-69.71,Sur,PUNO,2015-08-13,12.8,1,225,13.4,0.0,15.0,-1.6,-10.2,-20.6,0.9957824771187479
2015,8,14,0.0,14.2,-7.4,MAZO CRUZ,-16.75,-69.71,Sur,PUNO,2015-08-14,21.6,1,226,10.2,1.6,12.8,-2.6,-1.6,-10.2,0.9725165540494006
2015,8,15,0.0,16.4,-14.0,MAZO CRUZ,-16.75,-69.71,Sur,PUNO,2015-08-15,30.4,1,227,14.2,0.0,21.6,-7.4,-2.6,-1.6,0.9911858067652776
2015,8,16,0.0,16.8,-12.4,MAZO CRUZ,-16.75,-69.71,Sur,PUNO,2015-08-16,29.200000000000003,1,228,16.4,0.0,30.4,-14.0,-7.4,-2.6,0.9998433342245305
2015,8,17,0.0,16.0,-9.2,MAZO CRUZ,-16.75,-69.71,Sur,PUNO,2015-08-17,25.2,1,229,16.8,0.0,29.200000000000003,-12.4,-14.0,-7.4,0.9999184953608439
2015,8,18,4.8,17.2,-8.0,MAZO CRUZ,-16.75,-69.71,Sur,PUNO,2015-08-18,25.2,1,230,16.0,0.0,25.2,-9.2,-12.4,-14.0,0.9998090561598953
2015,8,19,0.0,16.2,1.6,MAZO CRUZ,-16.75,-69.71,Sur,PUNO,2015-08-19,14.6,0,231,17.2,4.8,25.2,-8.0,-9.2,-12.4,0.9990262681561329
2015,8,20,0.0,17.4,-11.2,MAZO CRUZ,-16.75,-69.71,Sur,PUNO,2015-08-20,28.6,1,232,16.2,0.0,14.6,1.6,-8.0,-9.2,0.8282250015052498
2015,8,21,2.8,16.4,-8.2,MAZO CRUZ,-16.75,-69.71,Sur,PUNO,2015-08-21,24.6,1,233,17.4,0.0,28.6,-11.2,1.6,-8.0,0.9989439347361392
2015,8,22,0.0,17.4,-3.2,MAZO CRUZ,-16.75,-69.71,Sur,PUNO,2015-08-22,20.6,1,234,16.4,2.8,24.6,-8.2,-11.2,1.6,0.9956383772749913
2015,8,23,0.0,18.4,-10.2,MAZO CRUZ,-16.75,-69.71,Sur,PUNO,2015-08-23,28.6,1,235,17.4,0.0,20.6,-3.2,-8.2,-11.2,0.9870970757369354
2015,8,24,0.0,18.2,-8.6,MAZO CRUZ,-16.75,-69.71,Sur,PUNO,2015-08-24,26.8,1,236,18.4,0.0,28.6,-10.2,-3.2,-8.2,0.9989681381134531
2015,8,25,0.0,18.4,-17.2,MAZO CRUZ,-16.75,-69.71,Sur,PUNO,2015-08-25,35.599999999999994,1,237,18.2,0.0,26.8,-8.6,-10.2,-3.2,0.9979902245428534
2015,8,26,0.0,18.0,-13.6,MAZO CRUZ,-16.75,-69.71,Sur,PUNO,2015-08-26,31.6,1,238,18.4,0.0,35.599999999999994,-17.2,-8.6,-10.2,0.9999900060030781
2015,8,27,0.0,16.4,-15.8,MAZO CRUZ,-16.75,-69.71,Sur,PUNO,2015-08-27,32.2,1,239,18.0,0.0,31.6,-13.6,-17.2,-8.6,0.9999728438886416
2015,8,28,0.0,17.6,-17.6,MAZO CRUZ,-16.75,-69.71,Sur,PUNO,2015-08-28,35.2,1,240,16.4,0.0,32.2,-15.8,-13.6,-17.2,0.9999966163175485
2015,8,29,0.0,18.0,-12.4,MAZO CRUZ,-16.75,-69.71,Sur,PUNO,2015-08-29,30.4,1,241,17.6,0.0,35.2,-17.6,-15.8,-13.6,0.9999981203726596
2015,8,30,0.0,18.6,-14.2,MAZO CRUZ,-16.75,-69.71,Sur,PUNO,2015-08-30,32.8,1,242,18.0,0.0,30.4,-12.4,-17.6,-15.8,0.9999829626462335
2015,8,31,0.0,18.4,-13.2,MAZO CRUZ,-16.75,-69.71,Sur,PUNO,2015-08-31,31.6,1,243,18.6,0.0,32.8,-14.2,-12.4,-17.6,0.9999896397373155
2015,9,1,0.0,15.8,-9.8,MAZO CRUZ,-16.75,-69.71,Sur,PUNO,2015-09-01,25.6,1,244,18.4,0.0,31.6,-13.2,-14.2,-12.4,0.9999707071261078
2015,9,2,1.8,15.8,-6.0,MAZO CRUZ,-16.75,-69.71,Sur,PUNO,2015-09-02,21.8,1,245,15.8,0.0,25.6,-9.8,-13.2,-14.2,0.9998789911235333
2015,9,3,3.2,16.4,-3.8,MAZO CRUZ,-16.75,-69.71,Sur,PUNO,2015-09-03,20.2,1,246,15.8,1.8,21.8,-6.0,-9.8,-13.2,0.9982563553976723
2015,9,4,1.2,14.0,0.6,MAZO CRUZ,-16.75,-69.71,Sur,PUNO,2015-09-04,13.4,0,247,16.4,3.2,20.2,-3.8,-6.0,-9.8,0.9834110113652113
2015,9,5,0.0,14.8,-1.6,MAZO CRUZ,-16.75,-69.71,Sur,PUNO,2015-09-05,16.400000000000002,1,248,14.0,1.2,13.4,0.6,-3.8,-6.0,0.7716725091237278
2015,9,6,0.0,17.2,-8.0,MAZO CRUZ,-16.75,-69.71,Sur,PUNO,2015-09-06,25.2,1,249,14.8,0.0,16.400000000000002,-1.6,0.6,-3.8,0.8168967633141215
2015,9,7,0.0,16.4,-13.2,MAZO CRUZ,-16.75,-69.71,Sur,PUNO,2015-09-07,29.6,1,250,17.2,0.0,25.2,-8.0,-1.6,0.6,0.986957072674359
2015,9,8,0.0,16.8,-15.2,MAZO CRUZ,-16.75,-69.71,Sur,PUNO,2015-09-08,32.0,1,251,16.4,0.0,29.6,-13.2,-8.0,-1.6,0.9997430025826662
2015,9,9,0.0,17.4,-14.4,MAZO CRUZ,-16.75,-69.71,Sur,PUNO,2015-09-09,31.8,1,252,16.8,0.0,32.0,-15.2,-13.2,-8.0,0.9999807897545457
2015,9,10,0.0,18.6,-14.2,MAZO CRUZ,-16.75,-69.71,Sur,PUNO,2015-09-10,32.8,1,253,17.4,0.0,31.8,-14.4,-15.2,-13.2,0.9999887333523046
2015,9,11,0.0,20.6,-15.6,MAZO CRUZ,-16.75,-69.71,Sur,PUNO,2015-09-11,36.2,1,254,18.6,0.0,32.8,-14.2,-14.4,-15.2,0.9999885113600874
2015,9,12,0.0,20.4,-13.2,MAZO CRUZ,-16.75,-69.71,Sur,PUNO,2015-09-12,33.599999999999994,1,255,20.6,0.0,36.2,-15.6,-14.2,-14.4,0.9999924174292346
2015,9,13,0.0,20.8,-13.6,MAZO CRUZ,-16.75,-69.71,Sur,PUNO,2015-09-13,34.4,1,256,20.4,0.0,33.599999999999994,-13.2,-15.6,-14.2,0.9999774679073342
2015,9,14,0.0,21.2,-11.6,MAZO CRUZ,-16.75,-69.71,Sur,PUNO,2015-09-14,32.8,1,257,20.8,0.0,34.4,-13.6,-13.2,-15.6,0.9999791218651488
2015,9,15,0.0,20.8,-11.4,MAZO CRUZ,-16.75,-69.71,Sur,PUNO,2015-09-15,32.2,1,258,21.2,0.0,32.8,-11.6,-13.6,-13.2,0.9999171470887562
2015,9,16,0.0,21.0,-10.6,MAZO CRUZ,-16.75,-69.71,Sur,PUNO,2015-09-16,31.6,1,259,20.8,0.0,32.2,-11.4,-11.6,-13.6,0.9998922077786007
2015,9,17,0.0,18.4,-7.8,MAZO CRUZ,-16.75,-69.71,Sur,PUNO,2015-09-17,26.2,1,260,21.0,0.0,31.6,-10.6,-11.4,-11.6,0.9997713305631551
2015,9,18,2.8,17.2,-4.6,MAZO CRUZ,-16.75,-69.71,Sur,PUNO,2015-09-18,21.8,1,261,18.4,0.0,26.2,-7.8,-10.6,-11.4,0.9990960837262134
2015,9,19,0.0,17.8,1.4,MAZO CRUZ,-16.75,-69.71,Sur,PUNO,2015-09-19,16.400000000000002,0,262,17.2,2.8,21.8,-4.6,-7.8,-10.6,0.9918599776218792
2015,9,20,0.0,19.8,-6.0,MAZO CRUZ,-16.75,-69.71,Sur,PUNO,2015-09-20,25.8,1,263,17.8,0.0,16.400000000000002,1.4,-4.6,-7.8,0.7096342162183609
2015,9,21,0.0,21.2,-10.0,MAZO CRUZ,-16.75,-69.71,Sur,PUNO,2015-09-21,31.2,1,264,19.8,0.0,25.8,-6.0,1.4,-4.6,0.9682911183038332
2015,9,22,0.0,20.2,-6.4,MAZO CRUZ,-16.75,-69.71,Sur,PUNO,2015-09-22,26.6,1,265,21.2,0.0,31.2,-10.0,-6.0,1.4,0.9958375064039106
2015,9,23,0.0,18.8,-2.6,MAZO CRUZ,-16.75,-69.71,Sur,PUNO,2015-09-23,21.4,1,266,20.2,0.0,26.6,-6.4,-10.0,-6.0,0.9947858817454863
2015,9,24,0.0,20.4,-1.0,MAZO CRUZ,-16.75,-69.71,Sur,PUNO,2015-09-24,21.4,1,267,18.8,0.0,21.4,-2.6,-6.4,-10.0,0.9703304884294811
2015,9,25,0.0,18.0,-5.2,MAZO CRUZ,-16.75,-69.71,Sur,PUNO,2015-09-25,23.2,1,268,20.4,0.0,21.4,-1.0,-2.6,-6.4,0.8157805624536237
2015,9,26,0.0,19.2,-6.6,MAZO CRUZ,-16.75,-69.71,Sur,PUNO,2015-09-26,25.8,1,269,18.0,0.0,23.2,-5.2,-1.0,-2.6,0.9594504723370009
2015,9,27,0.0,19.2,-12.2,MAZO CRUZ,-16.75,-69.71,Sur,PUNO,2015-09-27,31.4,1,270,19.2,0.0,25.8,-6.6,-5.2,-1.0,0.9837595787697099
2015,9,28,0.0,19.8,-11.2,MAZO CRUZ,-16.75,-69.71,Sur,PUNO,2015-09-28,31.0,1,271,19.2,0.0,31.4,-12.2,-6.6,-5.2,0.9996082928732276
2015,9,29,0.0,19.2,-12.8,MAZO CRUZ,-16.75,-69.71,Sur,PUNO,2015-09-29,32.0,1,272,19.8,0.0,31.0,-11.2,-12.2,-6.6,0.999718950668851
2015,9,30,0.0,19.8,-10.0,MAZO CRUZ,-16.75,-69.71,Sur,PUNO,2015-09-30,29.8,1,273,19.2,0.0,32.0,-12.8,-11.2,-12.2,0.9999419643836384
2015,10,1,0.0,18.2,-12.0,MAZO CRUZ,-16.75,-69.71,Sur,PUNO,2015-10-01,30.2,1,274,19.8,0.0,29.8,-10.0,-12.8,-11.2,0.9997477636817454
2015,10,2,15.8,17.8,-5.8,MAZO CRUZ,-16.75,-69.71,Sur,PUNO,2015-10-02,23.6,1,275,18.2,0.0,30.2,-12.0,-10.0,-12.8,0.9999132652430397
2015,10,3,1.0,13.2,0.0,MAZO CRUZ,-16.75,-69.71,Sur,PUNO,2015-10-03,13.2,1,276,17.8,15.8,23.6,-5.8,-12.0,-10.0,0.9940624909353444
2015,10,4,0.0,18.0,-1.8,MAZO CRUZ,-16.75,-69.71,Sur,PUNO,2015-10-04,19.8,1,277,13.2,1.0,13.2,0.0,-5.8,-12.0,0.9397522215749815
2015,10,5,0.0,20.8,-5.6,MAZO CRUZ,-16.75,-69.71,Sur,PUNO,2015-10-05,26.4,1,278,18.0,0.0,19.8,-1.8,0.0,-5.8,0.8446328245131863
2015,10,6,0.0,21.4,-6.2,MAZO CRUZ,-16.75,-69.71,Sur,PUNO,2015-10-06,27.6,1,279,20.8,0.0,26.4,-5.6,-1.8,0.0,0.94546480182406
2015,10,7,0.0,21.6,-8.8,MAZO CRUZ,-16.75,-69.71,Sur,PUNO,2015-10-07,30.4,1,280,21.4,0.0,27.6,-6.2,-5.6,-1.8,0.9794677213229512
2015,10,8,0.0,19.2,-8.2,MAZO CRUZ,-16.75,-69.71,Sur,PUNO,2015-10-08,27.4,1,281,21.6,0.0,30.4,-8.8,-6.2,-5.6,0.9971281852285637
2015,10,9,0.0,18.0,-11.2,MAZO CRUZ,-16.75,-69.71,Sur,PUNO,2015-10-09,29.2,1,282,19.2,0.0,27.4,-8.2,-8.8,-6.2,0.9978892550803917
2015,10,10,0.0,19.2,-12.2,MAZO CRUZ,-16.75,-69.71,Sur,PUNO,2015-10-10,31.4,1,283,18.0,0.0,29.2,-11.2,-8.2,-8.8,0.9997093347366658
2015,10,11,0.0,20.2,-10.4,MAZO CRUZ,-16.75,-69.71,Sur,PUNO,2015-10-11,30.6,1,284,19.2,0.0,31.4,-12.2,-11.2,-8.2,0.9998571729166864
2015,10,12,0.0,20.8,-14.4,MAZO CRUZ,-16.75,-69.71,Sur,PUNO,2015-10-12,35.2,1,285,20.2,0.0,30.6,-10.4,-12.2,-11.2,0.9997716697391471
2015,10,13,0.0,21.8,-15.6,MAZO CRUZ,-16.75,-69.71,Sur,PUNO,2015-10-13,37.4,1,286,20.8,0.0,35.2,-14.4,-10.4,-12.2,0.9999678618482278
2015,10,14,0.0,21.2,-15.6,MAZO CRUZ,-16.75,-69.71,Sur,PUNO,2015-10-14,36.8,1,287,21.8,0.0,37.4,-15.6,-14.4,-10.4,0.9999852672732891
2015,10,15,2.2,21.2,-14.0,MAZO CRUZ,-16.75,-69.71,Sur,PUNO,2015-10-15,35.2,1,288,21.2,0.0,36.8,-15.6,-15.6,-14.4,0.9999932559137652
2015,10,16,0.0,18.6,-2.0,MAZO CRUZ,-16.75,-69.71,Sur,PUNO,2015-10-16,20.6,1,289,21.2,2.2,35.2,-14.0,-15.6,-15.6,0.9999852701956238
2015,10,17,0.0,18.4,-1.2,MAZO CRUZ,-16.75,-69.71,Sur,PUNO,2015-10-17,19.6,1,290,18.6,0.0,20.6,-2.0,-14.0,-15.6,0.9930885956352936
2015,10,18,0.0,17.8,1.6,MAZO CRUZ,-16.75,-69.71,Sur,PUNO,2015-10-18,16.2,0,291,18.4,0.0,19.6,-1.2,-2.0,-14.0,0.9424143496932249
2015,10,19,0.0,16.2,-2.0,MAZO CRUZ,-16.75,-69.71,Sur,PUNO,2015-10-19,18.2,1,292,17.8,0.0,16.2,1.6,-1.2,-2.0,0.3731639505294906
2015,10,20,3.2,18.2,-0.2,MAZO CRUZ,-16.75,-69.71,Sur,PUNO,2015-10-20,18.4,1,293,16.2,0.0,18.2,-2.0,1.6,-1.2,0.7448236038480114
2015,10,21,0.0,20.2,-1.8,MAZO CRUZ,-16.75,-69.71,Sur,PUNO,2015-10-21,22.0,1,294,18.2,3.2,18.4,-0.2,-2.0,1.6,0.45665161340341665
2015,10,22,0.0,20.0,-8.4,MAZO CRUZ,-16.75,-69.71,Sur,PUNO,2015-10-22,28.4,1,295,20.2,0.0,22.0,-1.8,-0.2,-2.0,0.7257047955586988
2015,10,23,6.4,20.0,-2.4,MAZO CRUZ,-16.75,-69.71,Sur,PUNO,2015-10-23,22.4,1,296,20.0,0.0,28.4,-8.4,-1.8,-0.2,0.9882422754448857
2015,10,24,1.2,18.2,3.2,MAZO CRUZ,-16.75,-69.71,Sur,PUNO,2015-10-24,15.0,0,297,20.0,6.4,22.4,-2.4,-8.4,-1.8,0.8803702995793389
2015,10,25,7.2,14.6,2.8,MAZO CRUZ,-16.75,-69.71,Sur,PUNO,2015-10-25,11.8,0,298,18.2,1.2,15.0,3.2,-2.4,-8.4,0.40722510294015885
2015,10,26,1.0,13.6,2.6,MAZO CRUZ,-16.75,-69.71,Sur,PUNO,2015-10-26,11.0,0,299,14.6,7.2,11.8,2.8,3.2,-2.4,0.1426521781586321
2015,10,27,0.0,16.2,0.0,MAZO CRUZ,-16.75,-69.71,Sur,PUNO,2015-10-27,16.2,1,300,13.6,1.0,11.0,2.6,2.8,3.2,0.11341959849521882
2015,10,28,0.0,18.4,-2.6,MAZO CRUZ,-16.75,-69.71,Sur,PUNO,2015-10-28,21.0,1,301,16.2,0.0,16.2,0.0,2.6,2.8,0.32536497728118957
2015,10,29,0.0,19.2,-5.4,MAZO CRUZ,-16.75,-69.71,Sur,PUNO,2015-10-29,24.6,1,302,18.4,0.0,21.0,-2.6,0.0,2.6,0.7010922058468735
