year,month,day,precip,tmax,tmin,estacion,lat,lon,zona,departamento,fecha,frost,day_of_year,tmin_lag_1,tmin_lag_2,tmin_lag_3,tmin_pred,probabilidad_helada
2015,1,1,0.0,16.0,3.5,CHUQUIBAMBILLA,-14.79,-70.72,Norte,PUNO,2015-01-01,0,1,7.0,3.5,5.5,4.5097756,0.042571057
2015,1,2,8.1,13.5,1.0,CHUQUIBAMBILLA,-14.79,-70.72,Norte,PUNO,2015-01-02,0,2,3.5,7.0,3.5,3.7090595,0.009931888
2015,1,3,25.5,13.0,3.0,CHUQUIBAMBILLA,-14.79,-70.72,Norte,PUNO,2015-01-03,0,3,1.0,3.5,7.0,3.1874766,0.046777066
2015,1,4,5.7,10.0,1.5,CHUQUIBAMBILLA,-14.79,-70.72,Norte,PUNO,2015-01-04,0,4,3.0,1.0,3.5,2.813405,0.056685396
2015,1,5,12.8,14.0,3.5,CHUQUIBAMBILLA,-14.79,-70.72,Norte,PUNO,2015-01-05,0,5,1.5,3.0,1.0,2.484851,0.09210807
2015,1,6,6.1,15.0,4.0,CHUQUIBAMBILLA,-14.79,-70.72,Norte,PUNO,2015-01-06,0,6,3.5,1.5,3.0,3.0344877,0.046608895
2015,1,7,0.0,16.0,3.5,CHUQUIBAMBILLA,-14.79,-70.72,Norte,PUNO,2015-01-07,0,7,4.0,3.5,1.5,2.81882,0.12017022
2015,1,8,48.6,15.5,2.5,CHUQUIBAMBILLA,-14.79,-70.72,Norte,PUNO,2015-01-08,0,8,3.5,4.0,3.5,2.9608767,0.039553657
2015,1,9,13.3,14.0,-0.5,CHUQUIBAMBILLA,-14.79,-70.72,Norte,PUNO,2015-01-09,1,9,2.5,3.5,4.0,3.2800958,0.037554093
2015,1,10,9.2,13.5,3.5,CHUQUIBAMBILLA,-14.79,-70.72,Norte,PUNO,2015-01-10,0,10,-0.5,2.5,3.5,2.2174294,0.13684411
2015,1,11,22.5,14.0,4.0,CHUQUIBAMBILLA,-14.79,-70.72,Norte,PUNO,2015-01-11,0,11,3.5,-0.5,2.5,2.6383255,0.08219252
2015,1,12,6.3,13.5,3.0,CHUQUIBAMBILLA,-14.79,-70.72,Norte,PUNO,2015-01-12,0,12,4.0,3.5,-0.5,3.41646,0.042666238
2015,1,13,3.3,12.5,4.0,CHUQUIBAMBILLA,-14.79,-70.72,Norte,PUNO,2015-01-13,0,13,3.0,4.0,3.5,3.3184712,0.028818386
2015,1,14,0.0,16.5,-1.5,CHUQUIBAMBILLA,-14.79,-70.72,Norte,PUNO,2015-01-14,1,14,4.0,3.0,4.0,2.9670763,0.060309503
2015,1,15,1.3,18.5,-0.5,CHUQUIBAMBILLA,-14.79,-70.72,Norte,PUNO,2015-01-15,1,15,-1.5,4.0,3.0,1.2599739,0.30226925
2015,1,16,0.0,16.0,3.5,CHUQUIBAMBILLA,-14.79,-70.72,Norte,PUNO,2015-01-16,0,16,-0.5,-1.5,4.0,0.42600062,0.4760676
2015,1,17,6.1,15.5,3.0,CHUQUIBAMBILLA,-14.79,-70.72,Norte,PUNO,2015-01-17,0,17,3.5,-0.5,-1.5,2.6937773,0.09141152
2015,1,18,0.0,16.0,2.0,CHUQUIBAMBILLA,-14.79,-70.72,Norte,PUNO,2015-01-18,0,18,3.0,3.5,-0.5,2.1678274,0.15476751
2015,1,19,12.8,16.5,3.0,CHUQUIBAMBILLA,-14.79,-70.72,Norte,PUNO,2015-01-19,0,19,2.0,3.0,3.5,2.743609,0.05740051
2015,1,20,3.8,11.5,5.5,CHUQUIBAMBILLA,-14.79,-70.72,Norte,PUNO,2015-01-20,0,20,3.0,2.0,3.0,2.8890405,0.06346005
2015,1,21,0.0,15.0,4.5,CHUQUIBAMBILLA,-14.79,-70.72,Norte,PUNO,2015-01-21,0,21,5.5,3.0,2.0,3.6234434,0.03436588
2015,1,22,4.0,16.0,3.5,CHUQUIBAMBILLA,-14.79,-70.72,Norte,PUNO,2015-01-22,0,22,4.5,5.5,3.0,4.0107756,0.007282494
2015,1,23,4.3,15.5,3.0,CHUQUIBAMBILLA,-14.79,-70.72,Norte,PUNO,2015-01-23,0,23,3.5,4.5,5.5,3.7993946,0.018107638
2015,1,24,0.0,16.0,3.5,CHUQUIBAMBILLA,-14.79,-70.72,Norte,PUNO,2015-01-24,0,24,3.0,3.5,4.5,2.8579142,0.081643336
2015,1,25,0.0,13.5,4.5,CHUQUIBAMBILLA,-14.79,-70.72,Norte,PUNO,2015-01-25,0,25,3.5,3.0,3.5,2.9060826,0.061752386
2015,1,26,12.5,14.0,4.0,CHUQUIBAMBILLA,-14.79,-70.72,Norte,PUNO,2015-01-26,0,26,4.5,3.5,3.0,3.6782472,0.014032744
2015,1,27,15.3,14.5,3.0,CHUQUIBAMBILLA,-14.79,-70.72,Norte,PUNO,2015-01-27,0,27,4.0,4.5,3.5,3.5683403,0.012187076
2015,1,28,5.5,14.5,3.5,CHUQUIBAMBILLA,-14.79,-70.72,Norte,PUNO,2015-01-28,0,28,3.0,4.0,4.5,3.5184,0.024596885
2015,1,29,3.2,15.5,2.5,CHUQUIBAMBILLA,-14.79,-70.72,Norte,PUNO,2015-01-29,0,29,3.5,3.0,4.0,3.306125,0.032921746
2015,1,30,4.5,13.0,5.0,CHUQUIBAMBILLA,-14.79,-70.72,Norte,PUNO,2015-01-30,0,30,2.5,3.5,3.0,2.9279451,0.04997311
2015,1,31,0.0,15.5,2.0,CHUQUIBAMBILLA,-14.79,-70.72,Norte,PUNO,2015-01-31,0,31,5.0,2.5,3.5,3.4424064,0.030412026
2015,2,1,0.0,14.0,4.5,CHUQUIBAMBILLA,-14.79,-70.72,Norte,PUNO,2015-02-01,0,32,2.0,5.0,2.5,2.4500308,0.15498471
2015,2,2,0.0,15.0,4.0,CHUQUIBAMBILLA,-14.79,-70.72,Norte,PUNO,2015-02-02,0,33,4.5,2.0,5.0,3.3020978,0.068800256
2015,2,3,0.0,17.5,0.0,CHUQUIBAMBILLA,-14.79,-70.72,Norte,PUNO,2015-02-03,1,34,4.0,4.5,2.0,2.7842753,0.096740365
2015,2,4,0.0,18.5,1.0,CHUQUIBAMBILLA,-14.79,-70.72,Norte,PUNO,2015-02-04,0,35,0.0,4.0,4.5,1.2329607,0.2875721
2015,2,5,0.0,18.0,1.5,CHUQUIBAMBILLA,-14.79,-70.72,Norte,PUNO,2015-02-05,0,36,1.0,0.0,4.0,1.2739052,0.2785018
2015,2,6,1.3,15.5,4.5,CHUQUIBAMBILLA,-14.79,-70.72,Norte,PUNO,2015-02-06,0,37,1.5,1.0,0.0,2.173773,0.13998254
2015,2,7,8.3,13.5,3.0,CHUQUIBAMBILLA,-14.79,-70.72,Norte,PUNO,2015-02-07,0,38,4.5,1.5,1.0,3.345295,0.028037386
2015,2,8,5.2,15.0,4.0,CHUQUIBAMBILLA,-14.79,-70.72,Norte,PUNO,2015-02-08,0,39,3.0,4.5,1.5,3.2321649,0.035821654
2015,2,9,15.4,15.5,2.5,CHUQUIBAMBILLA,-14.79,-70.72,Norte,PUNO,2015-02-09,0,40,4.0,3.0,4.5,3.5211093,0.021935886
2015,2,10,6.3,14.5,5.0,CHUQUIBAMBILLA,-14.79,-70.72,Norte,PUNO,2015-02-10,0,41,2.5,4.0,3.0,3.1774597,0.04060392
2015,2,11,1.0,12.5,5.5,CHUQUIBAMBILLA,-14.79,-70.72,Norte,PUNO,2015-02-11,0,42,5.0,2.5,4.0,3.8481886,0.0077762674
2015,2,12,1.5,13.5,5.0,CHUQUIBAMBILLA,-14.79,-70.72,Norte,PUNO,2015-02-12,0,43,5.5,5.0,2.5,4.308555,0.004687861
2015,2,13,0.0,17.5,4.0,CHUQUIBAMBILLA,-14.79,-70.72,Norte,PUNO,2015-02-13,0,44,5.0,5.5,5.0,4.082946,0.036858022
2015,2,14,3.5,16.0,5.5,CHUQUIBAMBILLA,-14.79,-70.72,Norte,PUNO,2015-02-14,0,45,4.0,5.0,5.5,4.139406,0.012817334
2015,2,15,11.6,15.5,6.0,CHUQUIBAMBILLA,-14.79,-70.72,Norte,PUNO,2015-02-15,0,46,5.5,4.0,5.0,4.402942,0.0066830465
2015,2,16,3.8,17.5,4.5,CHUQUIBAMBILLA,-14.79,-70.72,Norte,PUNO,2015-02-16,0,47,6.0,5.5,4.0,4.9065523,0.0027747222
2015,2,17,4.3,15.0,3.5,CHUQUIBAMBILLA,-14.79,-70.72,Norte,PUNO,2015-02-17,0,48,4.5,6.0,5.5,4.6004415,0.009089284
2015,2,18,0.0,18.0,1.0,CHUQUIBAMBILLA,-14.79,-70.72,Norte,PUNO,2015-02-18,0,49,3.5,4.5,6.0,3.2970173,0.06813453
2015,2,19,0.0,18.5,0.5,CHUQUIBAMBILLA,-14.79,-70.72,Norte,PUNO,2015-02-19,0,50,1.0,3.5,4.5,1.987725,0.16617
2015,2,20,0.0,18.5,1.5,CHUQUIBAMBILLA,-14.79,-70.72,Norte,PUNO,2015-02-20,0,51,0.5,1.0,3.5,1.323978,0.26723146
2015,2,21,1.4,15.5,4.5,CHUQUIBAMBILLA,-14.79,-70.72,Norte,PUNO,2015-02-21,0,52,1.5,0.5,1.0,1.949371,0.16848642
2015,2,22,1.1,14.5,5.5,CHUQUIBAMBILLA,-14.79,-70.72,Norte,PUNO,2015-02-22,0,53,4.5,1.5,0.5,3.3360386,0.029059337
2015,2,23,7.9,14.0,6.0,CHUQUIBAMBILLA,-14.79,-70.72,Norte,PUNO,2015-02-23,0,54,5.5,4.5,1.5,4.221691,0.005434956
2015,2,24,1.5,15.5,5.5,CHUQUIBAMBILLA,-14.79,-70.72,Norte,PUNO,2015-02-24,0,55,6.0,5.5,4.5,4.984516,0.0031808033
2015,2,25,0.0,17.5,0.0,CHUQUIBAMBILLA,-14.79,-70.72,Norte,PUNO,2015-02-25,1,56,5.5,6.0,5.5,4.484669,0.015199637
2015,2,26,1.3,16.5,4.0,CHUQUIBAMBILLA,-14.79,-70.72,Norte,PUNO,2015-02-26,0,57,0.0,5.5,6.0,3.1215568,0.032756682
2015,2,27,3.6,15.5,6.0,CHUQUIBAMBILLA,-14.79,-70.72,Norte,PUNO,2015-02-27,0,58,4.0,0.0,5.5,3.6245043,0.041955806
2015,2,28,3.3,17.0,4.0,CHUQUIBAMBILLA,-14.79,-70.72,Norte,PUNO,2015-02-28,0,59,6.0,4.0,0.0,4.344756,0.018183256
2015,3,1,1.5,16.5,4.5,CHUQUIBAMBILLA,-14.79,-70.72,Norte,PUNO,2015-03-01,0,60,4.0,6.0,4.0,4.1507106,0.009173778
2015,3,2,6.1,15.0,5.0,CHUQUIBAMBILLA,-14.79,-70.72,Norte,PUNO,2015-03-02,0,61,4.5,4.0,6.0,4.113577,0.015172097
2015,3,3,13.7,17.5,3.5,CHUQUIBAMBILLA,-14.79,-70.72,Norte,PUNO,2015-03-03,0,62,5.0,4.5,4.0,4.088333,0.0065071145
2015,3,4,11.7,15.0,5.0,CHUQUIBAMBILLA,-14.79,-70.72,Norte,PUNO,2015-03-04,0,63,3.5,5.0,4.5,3.8220146,0.013132817
2015,3,5,2.4,14.5,3.5,CHUQUIBAMBILLA,-14.79,-70.72,Norte,PUNO,2015-03-05,0,64,5.0,3.5,5.0,4.0209975,0.016839987
2015,3,6,2.2,15.0,5.0,CHUQUIBAMBILLA,-14.79,-70.72,Norte,PUNO,2015-03-06,0,65,3.5,5.0,3.5,3.5988894,0.021684801
2015,3,7,7.4,16.0,5.5,CHUQUIBAMBILLA,-14.79,-70.72,Norte,PUNO,2015-03-07,0,66,5.0,3.5,5.0,4.017731,0.015305219
2015,3,8,7.8,16.5,3.5,CHUQUIBAMBILLA,-14.79,-70.72,Norte,PUNO,2015-03-08,0,67,5.5,5.0,3.5,4.17094,0.0042059207
2015,3,9,12.2,17.5,3.0,CHUQUIBAMBILLA,-14.79,-70.72,Norte,PUNO,2015-03-09,0,68,3.5,5.5,5.0,4.1178093,0.010464952
2015,3,10,0.0,17.5,5.5,CHUQUIBAMBILLA,-14.79,-70.72,Norte,PUNO,2015-03-10,0,69,3.0,3.5,5.5,2.7354546,0.079413705
2015,3,11,0.0,17.0,5.0,CHUQUIBAMBILLA,-14.79,-70.72,Norte,PUNO,2015-03-11,0,70,5.5,3.0,3.5,3.3888915,0.057432447
2015,3,12,0.0,17.5,2.0,CHUQUIBAMBILLA,-14.79,-70.72,Norte,PUNO,2015-03-12,0,71,5.0,5.5,3.0,3.4372687,0.060061987
2015,3,13,0.0,19.5,3.0,CHUQUIBAMBILLA,-14.79,-70.72,Norte,PUNO,2015-03-13,0,72,2.0,5.0,5.5,2.4375112,0.14000192
2015,3,14,0.0,15.0,3.5,CHUQUIBAMBILLA,-14.79,-70.72,Norte,PUNO,2015-03-14,0,73,3.0,2.0,5.0,2.8004386,0.09482568
2015,3,15,0.0,16.0,1.0,CHUQUIBAMBILLA,-14.79,-70.72,Norte,PUNO,2015-03-15,0,74,3.5,3.0,2.0,2.4627957,0.12407276
2015,3,16,3.7,16.5,4.0,CHUQUIBAMBILLA,-14.79,-70.72,Norte,PUNO,2015-03-16,0,75,1.0,3.5,3.0,2.585252,0.064471945
2015,3,17,2.6,17.5,5.5,CHUQUIBAMBILLA,-14.79,-70.72,Norte,PUNO,2015-03-17,0,76,4.0,1.0,3.5,3.0801148,0.048889033
2015,3,18,2.9,16.5,3.5,CHUQUIBAMBILLA,-14.79,-70.72,Norte,PUNO,2015-03-18,0,77,5.5,4.0,1.0,3.8662655,0.018556636
2015,3,19,8.1,15.0,4.5,CHUQUIBAMBILLA,-14.79,-70.72,Norte,PUNO,2015-03-19,0,78,3.5,5.5,4.0,3.833019,0.009552178
2015,3,20,9.3,13.5,5.0,CHUQUIBAMBILLA,-14.79,-70.72,Norte,PUNO,2015-03-20,0,79,4.5,3.5,5.5,3.8960295,0.015516914
2015,3,21,10.2,15.0,4.5,CHUQUIBAMBILLA,-14.79,-70.72,Norte,PUNO,2015-03-21,0,80,5.0,4.5,3.5,4.010034,0.0047808434
2015,3,22,0.0,15.5,3.0,CHUQUIBAMBILLA,-14.79,-70.72,Norte,PUNO,2015-03-22,0,81,4.5,5.0,4.5,3.4305763,0.05109523
2015,3,23,0.0,17.5,-1.0,CHUQUIBAMBILLA,-14.79,-70.72,Norte,PUNO,2015-03-23,1,82,3.0,4.5,5.0,2.8876195,0.08438909
2015,3,24,0.0,16.5,-0.5,CHUQUIBAMBILLA,-14.79,-70.72,Norte,PUNO,2015-03-24,1,83,-1.0,3.0,4.5,-0.01316596,0.5773543
2015,3,25,8.7,16.0,5.0,CHUQUIBAMBILLA,-14.79,-70.72,Norte,PUNO,2015-03-25,0,84,-0.5,-1.0,3.0,1.4560734,0.30398053
2015,3,26,9.3,14.5,4.0,CHUQUIBAMBILLA,-14.79,-70.72,Norte,PUNO,2015-03-26,0,85,5.0,-0.5,-1.0,2.982689,0.03892964
2015,3,27,0.0,16.0,3.0,CHUQUIBAMBILLA,-14.79,-70.72,Norte,PUNO,2015-03-27,0,86,4.0,5.0,-0.5,2.1432805,0.18929006
2015,3,28,0.0,17.5,0.0,CHUQUIBAMBILLA,-14.79,-70.72,Norte,PUNO,2015-03-28,1,87,3.0,4.0,5.0,2.845835,0.08349965
2015,3,29,0.0,17.0,0.5,CHUQUIBAMBILLA,-14.79,-70.72,Norte,PUNO,2015-03-29,0,88,0.0,3.0,4.0,1.1806449,0.3374644
2015,3,30,2.3,17.5,5.0,CHUQUIBAMBILLA,-14.79,-70.72,Norte,PUNO,2015-03-30,0,89,0.5,0.0,3.0,1.7264192,0.2248537
2015,3,31,5.7,16.0,1.5,CHUQUIBAMBILLA,-14.79,-70.72,Norte,PUNO,2015-03-31,0,90,5.0,0.5,0.0,2.9273317,0.0626746
2015,4,1,5.9,16.5,3.5,CHUQUIBAMBILLA,-14.79,-70.72,Norte,PUNO,2015-04-01,0,91,1.5,5.0,0.5,2.2255723,0.071959175
2015,4,2,0.0,17.0,4.5,CHUQUIBAMBILLA,-14.79,-70.72,Norte,PUNO,2015-04-02,0,92,3.5,1.5,5.0,2.581185,0.10510173
2015,4,3,0.0,17.5,3.5,CHUQUIBAMBILLA,-14.79,-70.72,Norte,PUNO,2015-04-03,0,93,4.5,3.5,1.5,2.318348,0.18542816
2015,4,4,3.7,18.0,-1.0,CHUQUIBAMBILLA,-14.79,-70.72,Norte,PUNO,2015-04-04,1,94,3.5,4.5,3.5,2.9068785,0.045867026
2015,4,5,0.0,17.0,0.5,CHUQUIBAMBILLA,-14.79,-70.72,Norte,PUNO,2015-04-05,0,95,-1.0,3.5,4.5,-0.21746986,0.6013754
2015,4,6,0.0,13.5,2.0,CHUQUIBAMBILLA,-14.79,-70.72,Norte,PUNO,2015-04-06,0,96,0.5,-1.0,3.5,0.66346824,0.4210539
2015,4,7,0.0,15.5,4.0,CHUQUIBAMBILLA,-14.79,-70.72,Norte,PUNO,2015-04-07,0,97,2.0,0.5,-1.0,0.99260163,0.35102096
2015,4,8,6.7,13.0,5.5,CHUQUIBAMBILLA,-14.79,-70.72,Norte,PUNO,2015-04-08,0,98,4.0,2.0,0.5,2.8572857,0.050330848
2015,4,9,2.4,10.5,1.0,CHUQUIBAMBILLA,-14.79,-70.72,Norte,PUNO,2015-04-09,0,99,5.5,4.0,2.0,3.672062,0.017643033
2015,4,10,5.7,14.5,2.5,CHUQUIBAMBILLA,-14.79,-70.72,Norte,PUNO,2015-04-10,0,100,1.0,5.5,4.0,2.9703426,0.04052722
2015,4,11,9.8,11.0,3.5,CHUQUIBAMBILLA,-14.79,-70.72,Norte,PUNO,2015-04-11,0,101,2.5,1.0,5.5,2.5551057,0.10410812
2015,4,12,6.9,14.0,4.0,CHUQUIBAMBILLA,-14.79,-70.72,Norte,PUNO,2015-04-12,0,102,3.5,2.5,1.0,2.7881105,0.064654775
2015,4,13,2.3,12.5,3.5,CHUQUIBAMBILLA,-14.79,-70.72,Norte,PUNO,2015-04-13,0,103,4.0,3.5,2.5,2.8960392,0.048233267
2015,4,14,0.0,15.5,5.0,CHUQUIBAMBILLA,-14.79,-70.72,Norte,PUNO,2015-04-14,0,104,3.5,4.0,3.5,1.9953707,0.1559724
2015,4,15,0.0,14.5,4.0,CHUQUIBAMBILLA,-14.79,-70.72,Norte,PUNO,2015-04-15,0,105,5.0,3.5,4.0,2.7822773,0.09345208
2015,4,16,2.4,16.5,4.5,CHUQUIBAMBILLA,-14.79,-70.72,Norte,PUNO,2015-04-16,0,106,4.0,5.0,3.5,2.9842587,0.030324146
2015,4,17,0.0,15.0,5.0,CHUQUIBAMBILLA,-14.79,-70.72,Norte,PUNO,2015-04-17,0,107,4.5,4.0,5.0,2.7710834,0.12972675
2015,4,18,2.1,14.5,0.0,CHUQUIBAMBILLA,-14.79,-70.72,Norte,PUNO,2015-04-18,1,108,5.0,4.5,4.0,3.5409858,0.012940204
2015,4,19,12.1,15.0,2.3,CHUQUIBAMBILLA,-14.79,-70.72,Norte,PUNO,2015-04-19,0,109,0.0,5.0,4.5,2.1037064,0.08382562
2015,4,20,2.2,15.5,2.0,CHUQUIBAMBILLA,-14.79,-70.72,Norte,PUNO,2015-04-20,0,110,2.3,0.0,5.0,1.9253863,0.21396938
2015,4,21,2.1,12.5,5.0,CHUQUIBAMBILLA,-14.79,-70.72,Norte,PUNO,2015-04-21,0,111,2.0,2.3,0.0,1.9129156,0.1944641
2015,4,22,0.0,15.0,-2.0,CHUQUIBAMBILLA,-14.79,-70.72,Norte,PUNO,2015-04-22,1,112,5.0,2.0,2.3,2.0944498,0.1320634
2015,4,23,4.5,14.5,2.5,CHUQUIBAMBILLA,-14.79,-70.72,Norte,PUNO,2015-04-23,0,113,-2.0,5.0,2.0,0.7403052,0.4014441
2015,4,24,1.5,17.0,3.0,CHUQUIBAMBILLA,-14.79,-70.72,Norte,PUNO,2015-04-24,0,114,2.5,-2.0,5.0,1.9708306,0.2493603
2015,4,25,1.3,16.5,3.5,CHUQUIBAMBILLA,-14.79,-70.72,Norte,PUNO,2015-04-25,0,115,3.0,2.5,-2.0,1.8603077,0.19546625
2015,4,26,11.5,17.0,5.0,CHUQUIBAMBILLA,-14.79,-70.72,Norte,PUNO,2015-04-26,0,116,3.5,3.0,2.5,2.0037818,0.12719469
2015,4,27,0.0,16.5,4.0,CHUQUIBAMBILLA,-14.79,-70.72,Norte,PUNO,2015-04-27,0,117,5.0,3.5,3.0,1.619179,0.23480341
2015,4,28,0.0,16.0,1.5,CHUQUIBAMBILLA,-14.79,-70.72,Norte,PUNO,2015-04-28,0,118,4.0,5.0,3.5,1.6868191,0.2945286
2015,4,29,0.0,15.0,0.0,CHUQUIBAMBILLA,-14.79,-70.72,Norte,PUNO,2015-04-29,1,119,1.5,4.0,5.0,0.44571522,0.44190982
2015,4,30,8.5,18.0,-0.5,CHUQUIBAMBILLA,-14.79,-70.72,Norte,PUNO,2015-04-30,1,120,0.0,1.5,4.0,1.3101519,0.30596796
2015,5,1,4.2,16.0,5.0,CHUQUIBAMBILLA,-14.79,-70.72,Norte,PUNO,2015-05-01,0,121,-0.5,0.0,1.5,0.29590905,0.4930935
2015,5,2,0.0,17.5,-1.5,CHUQUIBAMBILLA,-14.79,-70.72,Norte,PUNO,2015-05-02,1,122,5.0,-0.5,0.0,0.21817495,0.5137918
2015,5,3,0.0,17.5,-1.0,CHUQUIBAMBILLA,-14.79,-70.72,Norte,PUNO,2015-05-03,1,123,-1.5,5.0,-0.5,-2.336445,0.86379164
2015,5,4,0.0,18.0,-3.0,CHUQUIBAMBILLA,-14.79,-70.72,Norte,PUNO,2015-05-04,1,124,-1.0,-1.5,5.0,-1.7569036,0.7532546
2015,5,5,0.0,17.5,-2.5,CHUQUIBAMBILLA,-14.79,-70.72,Norte,PUNO,2015-05-05,1,125,-3.0,-1.0,-1.5,-3.2191908,0.9001615
2015,5,6,0.0,18.5,-3.0,CHUQUIBAMBILLA,-14.79,-70.72,Norte,PUNO,2015-05-06,1,126,-2.5,-3.0,-1.0,-2.7749715,0.89475745
2015,5,7,0.0,15.0,-3.5,CHUQUIBAMBILLA,-14.79,-70.72,Norte,PUNO,2015-05-07,1,127,-3.0,-2.5,-3.0,-2.9565263,0.8912981
2015,5,8,0.0,17.0,2.5,CHUQUIBAMBILLA,-14.79,-70.72,Norte,PUNO,2015-05-08,0,128,-3.5,-3.0,-2.5,-3.5068362,0.940088
2015,5,9,0.0,16.5,-1.5,CHUQUIBAMBILLA,-14.79,-70.72,Norte,PUNO,2015-05-09,1,129,2.5,-3.5,-3.0,-1.2817984,0.66857743
2015,5,10,0.0,17.0,-0.5,CHUQUIBAMBILLA,-14.79,-70.72,Norte,PUNO,2015-05-10,1,130,-1.5,2.5,-3.5,-2.762042,0.8741906
2015,5,11,0.0,17.5,-3.5,CHUQUIBAMBILLA,-14.79,-70.72,Norte,PUNO,2015-05-11,1,131,-0.5,-1.5,2.5,-2.0149553,0.8119795
2015,5,12,0.0,17.0,-2.0,CHUQUIBAMBILLA,-14.79,-70.72,Norte,PUNO,2015-05-12,1,132,-3.5,-0.5,-1.5,-3.719663,0.93350154
2015,5,13,0.0,16.5,-2.5,CHUQUIBAMBILLA,-14.79,-70.72,Norte,PUNO,2015-05-13,1,133,-2.0,-3.5,-0.5,-2.618917,0.8989513
2015,5,14,0.0,16.0,-2.0,CHUQUIBAMBILLA,-14.79,-70.72,Norte,PUNO,2015-05-14,1,134,-2.5,-2.0,-3.5,-3.4089592,0.9138985
2015,5,15,0.0,12.0,-3.0,CHUQUIBAMBILLA,-14.79,-70.72,Norte,PUNO,2015-05-15,1,135,-2.0,-2.5,-2.0,-2.7009108,0.8898319
2015,5,16,0.0,9.5,1.5,CHUQUIBAMBILLA,-14.79,-70.72,Norte,PUNO,2015-05-16,0,136,-3.0,-2.0,-2.5,-3.289046,0.9181196
2015,5,17,0.0,15.0,1.0,CHUQUIBAMBILLA,-14.79,-70.72,Norte,PUNO,2015-05-17,0,137,1.5,-3.0,-2.0,-1.8264036,0.650453
2015,5,18,0.0,16.5,-4.0,CHUQUIBAMBILLA,-14.79,-70.72,Norte,PUNO,2015-05-18,1,138,1.0,1.5,-3.0,-1.8488448,0.6556863
2015,5,19,0.0,16.0,-4.5,CHUQUIBAMBILLA,-14.79,-70.72,Norte,PUNO,2015-05-19,1,139,-4.0,1.0,1.5,-4.579671,0.9463365
2015,5,20,0.0,16.5,-2.0,CHUQUIBAMBILLA,-14.79,-70.72,Norte,PUNO,2015-05-20,1,140,-4.5,-4.0,1.0,-4.7798953,0.9694211
2015,5,21,0.0,17.5,-6.0,CHUQUIBAMBILLA,-14.79,-70.72,Norte,PUNO,2015-05-21,1,141,-2.0,-4.5,-4.0,-3.799745,0.92447025
2015,5,22,0.0,16.5,-6.5,CHUQUIBAMBILLA,-14.79,-70.72,Norte,PUNO,2015-05-22,1,142,-6.0,-2.0,-4.5,-5.925639,0.97753614
2015,5,23,0.0,16.5,-7.0,CHUQUIBAMBILLA,-14.79,-70.72,Norte,PUNO,2015-05-23,1,143,-6.5,-6.0,-2.0,-6.3405633,0.9831287
2015,5,24,0.0,17.5,-6.0,CHUQUIBAMBILLA,-14.79,-70.72,Norte,PUNO,2015-05-24,1,144,-7.0,-6.5,-6.0,-6.7410893,0.9846534
2015,5,25,0.0,15.5,-4.0,CHUQUIBAMBILLA,-14.79,-70.72,Norte,PUNO,2015-05-25,1,145,-6.0,-7.0,-6.5,-6.218609,0.9770521
2015,5,26,0.0,16.0,-4.5,CHUQUIBAMBILLA,-14.79,-70.72,Norte,PUNO,2015-05-26,1,146,-4.0,-6.0,-7.0,-5.174982,0.96206343
2015,5,27,0.0,16.5,-3.5,CHUQUIBAMBILLA,-14.79,-70.72,Norte,PUNO,2015-05-27,1,147,-4.5,-4.0,-6.0,-5.3147492,0.97028166
2015,5,28,0.0,17.0,-8.0,CHUQUIBAMBILLA,-14.79,-70.72,Norte,PUNO,2015-05-28,1,148,-3.5,-4.5,-4.0,-4.8049445,0.9648525
2015,5,29,0.0,17.5,-8.0,CHUQUIBAMBILLA,-14.79,-70.72,Norte,PUNO,2015-05-29,1,149,-8.0,-3.5,-4.5,-7.7895813,0.9936562
2015,5,30,0.0,17.5,-6.5,CHUQUIBAMBILLA,-14.79,-70.72,Norte,PUNO,2015-05-30,1,150,-8.0,-8.0,-3.5,-7.805586,0.99536705
2015,5,31,0.0,17.0,-6.5,CHUQUIBAMBILLA,-14.79,-70.72,Norte,PUNO,2015-05-31,1,151,-6.5,-8.0,-8.0,-6.8416758,0.9912048
2015,6,1,0.0,15.0,-3.0,CHUQUIBAMBILLA,-14.79,-70.72,Norte,PUNO,2015-06-01,1,152,-6.5,-6.5,-8.0,-6.7827,0.98037225
2015,6,2,0.0,17.5,-0.5,CHUQUIBAMBILLA,-14.79,-70.72,Norte,PUNO,2015-06-02,1,153,-3.0,-6.5,-6.5,-5.113312,0.9472114
2015,6,3,0.0,16.0,-4.5,CHUQUIBAMBILLA,-14.79,-70.72,Norte,PUNO,2015-06-03,1,154,-0.5,-3.0,-6.5,-3.7061162,0.8639573
2015,6,4,0.0,17.5,-6.5,CHUQUIBAMBILLA,-14.79,-70.72,Norte,PUNO,2015-06-04,1,155,-4.5,-0.5,-3.0,-5.65065,0.9723426
2015,6,5,0.0,15.5,-6.5,CHUQUIBAMBILLA,-14.79,-70.72,Norte,PUNO,2015-06-05,1,156,-6.5,-4.5,-0.5,-6.7891316,0.9864709
2015,6,6,0.0,17.0,-10.0,CHUQUIBAMBILLA,-14.79,-70.72,Norte,PUNO,2015-06-06,1,157,-6.5,-6.5,-4.5,-6.822398,0.98852193
2015,6,7,0.0,16.0,-10.5,CHUQUIBAMBILLA,-14.79,-70.72,Norte,PUNO,2015-06-07,1,158,-10.0,-6.5,-6.5,-9.232242,0.9944753
2015,6,8,0.0,15.5,-10.0,CHUQUIBAMBILLA,-14.79,-70.72,Norte,PUNO,2015-06-08,1,159,-10.5,-10.0,-6.5,-9.791255,0.99733895
2015,6,9,0.0,15.0,-11.0,CHUQUIBAMBILLA,-14.79,-70.72,Norte,PUNO,2015-06-09,1,160,-10.0,-10.5,-10.0,-9.374105,0.9939756
2015,6,10,0.0,18.0,-4.5,CHUQUIBAMBILLA,-14.79,-70.72,Norte,PUNO,2015-06-10,1,161,-11.0,-10.0,-10.5,-10.3301525,0.9977417
2015,6,11,0.0,17.5,-8.0,CHUQUIBAMBILLA,-14.79,-70.72,Norte,PUNO,2015-06-11,1,162,-4.5,-11.0,-10.0,-7.337847,0.98029673
2015,6,12,0.0,17.0,-10.0,CHUQUIBAMBILLA,-14.79,-70.72,Norte,PUNO,2015-06-12,1,163,-8.0,-4.5,-11.0,-8.470933,0.99301857
2015,6,13,0.0,17.5,-11.0,CHUQUIBAMBILLA,-14.79,-70.72,Norte,PUNO,2015-06-13,1,164,-10.0,-8.0,-4.5,-9.413236,0.99650526
2015,6,14,0.0,18.0,-11.5,CHUQUIBAMBILLA,-14.79,-70.72,Norte,PUNO,2015-06-14,1,165,-11.0,-10.0,-8.0,-10.138067,0.9978059
2015,6,15,0.0,18.5,-9.0,CHUQUIBAMBILLA,-14.79,-70.72,Norte,PUNO,2015-06-15,1,166,-11.5,-11.0,-10.0,-10.694857,0.99779487
2015,6,16,0.0,17.0,-6.0,CHUQUIBAMBILLA,-14.79,-70.72,Norte,PUNO,2015-06-16,1,167,-9.0,-11.5,-11.0,-9.154384,0.9961195
2015,6,17,0.0,18.0,-6.5,CHUQUIBAMBILLA,-14.79,-70.72,Norte,PUNO,2015-06-17,1,168,-6.0,-9.0,-11.5,-7.118679,0.98979986
2015,6,18,0.0,17.5,-6.5,CHUQUIBAMBILLA,-14.79,-70.72,Norte,PUNO,2015-06-18,1,169,-6.5,-6.0,-9.0,-7.2228456,0.99066156
2015,6,19,0.0,18.0,-6.0,CHUQUIBAMBILLA,-14.79,-70.72,Norte,PUNO,2015-06-19,1,170,-6.5,-6.5,-6.0,-7.195229,0.99040574
2015,6,20,0.0,18.5,-7.5,CHUQUIBAMBILLA,-14.79,-70.72,Norte,PUNO,2015-06-20,1,171,-6.0,-6.5,-6.5,-6.7489185,0.98687625
2015,6,21,0.0,16.0,-8.0,CHUQUIBAMBILLA,-14.79,-70.72,Norte,PUNO,2015-06-21,1,172,-7.5,-6.0,-6.5,-7.781952,0.9925196
2015,6,22,0.0,18.5,-7.5,CHUQUIBAMBILLA,-14.79,-70.72,Norte,PUNO,2015-06-22,1,173,-8.0,-7.5,-6.0,-8.044653,0.994827
2015,6,23,0.0,18.0,-8.0,CHUQUIBAMBILLA,-14.79,-70.72,Norte,PUNO,2015-06-23,1,174,-7.5,-8.0,-7.5,-7.879208,0.995171
2015,6,24,0.0,18.0,-9.0,CHUQUIBAMBILLA,-14.79,-70.72,Norte,PUNO,2015-06-24,1,175,-8.0,-7.5,-8.0,-8.1605425,0.9947766
2015,6,25,0.0,19.0,-7.5,CHUQUIBAMBILLA,-14.79,-70.72,Norte,PUNO,2015-06-25,1,176,-9.0,-8.0,-7.5,-8.931074,0.9964006
2015,6,26,0.0,19.5,-8.0,CHUQUIBAMBILLA,-14.79,-70.72,Norte,PUNO,2015-06-26,1,177,-7.5,-9.0,-8.0,-7.8310943,0.99540496
2015,6,27,0.0,18.5,-8.5,CHUQUIBAMBILLA,-14.79,-70.72,Norte,PUNO,2015-06-27,1,178,-8.0,-7.5,-9.0,-8.147393,0.9953799
2015,6,28,0.0,18.5,-8.5,CHUQUIBAMBILLA,-14.79,-70.72,Norte,PUNO,2015-06-28,1,179,-8.5,-8.0,-7.5,-8.615538,0.9958923
2015,6,29,0.0,17.5,-12.0,CHUQUIBAMBILLA,-14.79,-70.72,Norte,PUNO,2015-06-29,1,180,-8.5,-8.5,-8.0,-8.567586,0.9958324
2015,6,30,0.0,18.0,-13.0,CHUQUIBAMBILLA,-14.79,-70.72,Norte,PUNO,2015-06-30,1,181,-12.0,-8.5,-8.5,-10.79821,0.9986066
2015,7,1,0.0,18.0,-11.5,CHUQUIBAMBILLA,-14.79,-70.72,Norte,PUNO,2015-07-01,1,182,-13.0,-12.0,-8.5,-11.823138,0.99915135
2015,7,2,0.0,17.0,-8.0,CHUQUIBAMBILLA,-14.79,-70.72,Norte,PUNO,2015-07-02,1,183,-11.5,-13.0,-12.0,-10.695789,0.9984849
2015,7,3,0.0,17.5,-3.0,CHUQUIBAMBILLA,-14.79,-70.72,Norte,PUNO,2015-07-03,1,184,-8.0,-11.5,-13.0,-8.614471,0.9957569
2015,7,4,4.5,12.0,-2.5,CHUQUIBAMBILLA,-14.79,-70.72,Norte,PUNO,2015-07-04,1,185,-3.0,-8.0,-11.5,-2.3606935,0.7328658
2015,7,5,0.0,11.5,-2.0,CHUQUIBAMBILLA,-14.79,-70.72,Norte,PUNO,2015-07-05,1,186,-2.5,-3.0,-8.0,-4.81317,0.93561804
2015,7,6,0.0,15.0,-12.0,CHUQUIBAMBILLA,-14.79,-70.72,Norte,PUNO,2015-07-06,1,187,-2.0,-2.5,-3.0,-4.9449058,0.94472957
2015,7,7,0.0,13.5,-14.5,CHUQUIBAMBILLA,-14.79,-70.72,Norte,PUNO,2015-07-07,1,188,-12.0,-2.0,-2.5,-11.237224,0.99099684
2015,7,8,0.0,15.5,-15.0,CHUQUIBAMBILLA,-14.79,-70.72,Norte,PUNO,2015-07-08,1,189,-14.5,-12.0,-2.0,-12.92452,0.9989741
2015,7,9,0.0,16.5,-14.0,CHUQUIBAMBILLA,-14.79,-70.72,Norte,PUNO,2015-07-09,1,190,-15.0,-14.5,-12.0,-13.113407,0.99894804
2015,7,10,0.0,17.0,-15.0,CHUQUIBAMBILLA,-14.79,-70.72,Norte,PUNO,2015-07-10,1,191,-14.0,-15.0,-14.5,-12.605012,0.9989561
2015,7,11,0.0,17.5,-15.5,CHUQUIBAMBILLA,-14.79,-70.72,Norte,PUNO,2015-07-11,1,192,-15.0,-14.0,-15.0,-11.355403,0.998934
2015,7,12,0.0,17.0,-12.5,CHUQUIBAMBILLA,-14.79,-70.72,Norte,PUNO,2015-07-12,1,193,-15.5,-15.0,-14.0,-13.940448,0.998934
2015,7,13,0.0,18.0,-9.5,CHUQUIBAMBILLA,-14.79,-70.72,Norte,PUNO,2015-07-13,1,194,-12.5,-15.5,-15.0,-11.268427,0.999138
2015,7,14,0.0,16.0,-9.0,CHUQUIBAMBILLA,-14.79,-70.72,Norte,PUNO,2015-07-14,1,195,-9.5,-12.5,-15.5,-9.373616,0.9971903
2015,7,15,0.0,11.5,-5.0,CHUQUIBAMBILLA,-14.79,-70.72,Norte,PUNO,2015-07-15,1,196,-9.0,-9.5,-12.5,-8.721654,0.9901045
2015,7,16,0.0,16.5,-10.0,CHUQUIBAMBILLA,-14.79,-70.72,Norte,PUNO,2015-07-16,1,197,-5.0,-9.0,-9.5,-6.453418,0.984568
2015,7,17,0.0,16.5,-11.0,CHUQUIBAMBILLA,-14.79,-70.72,Norte,PUNO,2015-07-17,1,198,-10.0,-5.0,-9.0,-9.538937,0.9953359
2015,7,18,0.0,17.0,-11.0,CHUQUIBAMBILLA,-14.79,-70.72,Norte,PUNO,2015-07-18,1,199,-11.0,-10.0,-5.0,-10.332124,0.99788326
2015,7,19,0.0,16.0,-12.5,CHUQUIBAMBILLA,-14.79,-70.72,Norte,PUNO,2015-07-19,1,200,-11.0,-11.0,-10.0,-10.582897,0.99771786
2015,7,20,0.0,17.0,-13.0,CHUQUIBAMBILLA,-14.79,-70.72,Norte,PUNO,2015-07-20,1,201,-12.5,-11.0,-11.0,-11.537775,0.99865997
2015,7,21,0.0,16.5,-12.0,CHUQUIBAMBILLA,-14.79,-70.72,Norte,PUNO,2015-07-21,1,202,-13.0,-12.5,-11.0,-12.158102,0.9989699
2015,7,22,0.0,17.0,-10.0,CHUQUIBAMBILLA,-14.79,-70.72,Norte,PUNO,2015-07-22,1,203,-12.0,-13.0,-12.5,-11.095033,0.9989784
2015,7,23,0.0,18.5,-9.0,CHUQUIBAMBILLA,-14.79,-70.72,Norte,PUNO,2015-07-23,1,204,-10.0,-12.0,-13.0,-9.722336,0.997959
2015,7,24,0.0,19.5,-7.0,CHUQUIBAMBILLA,-14.79,-70.72,Norte,PUNO,2015-07-24,1,205,-9.0,-10.0,-12.0,-8.890405,0.99661416
2015,7,25,0.0,18.0,-7.5,CHUQUIBAMBILLA,-14.79,-70.72,Norte,PUNO,2015-07-25,1,206,-7.0,-9.0,-10.0,-7.7864275,0.9941491
2015,7,26,0.0,18.5,-8.0,CHUQUIBAMBILLA,-14.79,-70.72,Norte,PUNO,2015-07-26,1,207,-7.5,-7.0,-9.0,-7.7390428,0.99407935
2015,7,27,0.0,18.0,-11.0,CHUQUIBAMBILLA,-14.79,-70.72,Norte,PUNO,2015-07-27,1,208,-8.0,-7.5,-7.0,-8.170035,0.99533856
2015,7,28,0.0,18.5,-10.0,CHUQUIBAMBILLA,-14.79,-70.72,Norte,PUNO,2015-07-28,1,209,-11.0,-8.0,-7.5,-10.090579,0.9979672
2015,7,29,0.0,17.5,-10.0,CHUQUIBAMBILLA,-14.79,-70.72,Norte,PUNO,2015-07-29,1,210,-10.0,-11.0,-8.0,-9.332551,0.99675155
2015,7,30,0.0,18.0,-11.0,CHUQUIBAMBILLA,-14.79,-70.72,Norte,PUNO,2015-07-30,1,211,-10.0,-10.0,-11.0,-9.499665,0.9966935
2015,7,31,0.0,17.5,-10.5,CHUQUIBAMBILLA,-14.79,-70.72,Norte,PUNO,2015-07-31,1,212,-11.0,-10.0,-10.0,-10.362135,0.9979328
2015,8,1,0.0,18.5,-10.0,CHUQUIBAMBILLA,-14.79,-70.72,Norte,PUNO,2015-08-01,1,213,-10.5,-11.0,-10.0,-10.034847,0.9976412
2015,8,2,0.0,18.5,-9.0,CHUQUIBAMBILLA,-14.79,-70.72,Norte,PUNO,2015-08-02,1,214,-10.0,-10.5,-11.0,-9.557307,0.9961588
2015,8,3,0.0,18.0,-9.0,CHUQUIBAMBILLA,-14.79,-70.72,Norte,PUNO,2015-08-03,1,215,-9.0,-10.0,-10.5,-8.911631,0.9953453
2015,8,4,0.0,18.0,-9.5,CHUQUIBAMBILLA,-14.79,-70.72,Norte,PUNO,2015-08-04,1,216,-9.0,-9.0,-10.0,-8.891951,0.99543947
2015,8,5,0.0,18.5,-9.5,CHUQUIBAMBILLA,-14.79,-70.72,Norte,PUNO,2015-08-05,1,217,-9.5,-9.0,-9.0,-9.023558,0.9947602
2015,8,6,0.0,20.0,-12.5,CHUQUIBAMBILLA,-14.79,-70.72,Norte,PUNO,2015-08-06,1,218,-9.5,-9.5,-9.0,-8.974757,0.99375445
2015,8,7,0.0,19.0,-11.5,CHUQUIBAMBILLA,-14.79,-70.72,Norte,PUNO,2015-08-07,1,219,-12.5,-9.5,-9.5,-11.144111,0.9981358
2015,8,8,0.0,18.5,-8.5,CHUQUIBAMBILLA,-14.79,-70.72,Norte,PUNO,2015-08-08,1,220,-11.5,-12.5,-9.5,-10.556029,0.99811125
2015,8,9,0.0,15.5,-2.5,CHUQUIBAMBILLA,-14.79,-70.72,Norte,PUNO,2015-08-09,1,221,-8.5,-11.5,-12.5,-8.450612,0.989151
2015,8,10,0.0,17.0,-18.5,CHUQUIBAMBILLA,-14.79,-70.72,Norte,PUNO,2015-08-10,1,222,-2.5,-8.5,-11.5,-6.002127,0.95523834
2015,8,11,0.0,16.0,-9.5,CHUQUIBAMBILLA,-14.79,-70.72,Norte,PUNO,2015-08-11,1,223,-18.5,-2.5,-8.5,-14.015444,0.99427766
2015,8,12,4.3,12.0,1.0,CHUQUIBAMBILLA,-14.79,-70.72,Norte,PUNO,2015-08-12,0,224,-9.5,-18.5,-2.5,-3.0848386,0.8643997
2015,8,13,0.0,10.5,1.0,CHUQUIBAMBILLA,-14.79,-70.72,Norte,PUNO,2015-08-13,0,225,1.0,-9.5,-18.5,-2.6625943,0.8051494
2015,8,14,0.0,15.0,-4.5,CHUQUIBAMBILLA,-14.79,-70.72,Norte,PUNO,2015-08-14,1,226,1.0,1.0,-9.5,-3.023701,0.8036493
2015,8,15,0.0,16.5,-9.0,CHUQUIBAMBILLA,-14.79,-70.72,Norte,PUNO,2015-08-15,1,227,-4.5,1.0,1.0,-5.488738,0.95901227
2015,8,16,0.0,14.0,-5.5,CHUQUIBAMBILLA,-14.79,-70.72,Norte,PUNO,2015-08-16,1,228,-9.0,-4.5,1.0,-7.8491616,0.9838531
2015,8,17,0.0,16.5,-4.5,CHUQUIBAMBILLA,-14.79,-70.72,Norte,PUNO,2015-08-17,1,229,-5.5,-9.0,-4.5,-6.065722,0.98296434
2015,8,18,1.2,17.5,-2.0,CHUQUIBAMBILLA,-14.79,-70.72,Norte,PUNO,2015-08-18,1,230,-4.5,-5.5,-9.0,-3.19879,0.8596538
2015,8,19,0.0,16.5,-6.5,CHUQUIBAMBILLA,-14.79,-70.72,Norte,PUNO,2015-08-19,1,231,-2.0,-4.5,-5.5,-4.244436,0.9112523
2015,8,20,0.0,18.5,-6.5,CHUQUIBAMBILLA,-14.79,-70.72,Norte,PUNO,2015-08-20,1,232,-6.5,-2.0,-4.5,-6.4043484,0.98639005
2015,8,21,0.0,17.5,-6.0,CHUQUIBAMBILLA,-14.79,-70.72,Norte,PUNO,2015-08-21,1,233,-6.5,-6.5,-2.0,-6.4067836,0.9786219
2015,8,22,0.0,18.0,-7.5,CHUQUIBAMBILLA,-14.79,-70.72,Norte,PUNO,2015-08-22,1,234,-6.0,-6.5,-6.5,-6.1190977,0.98051596
2015,8,23,0.0,17.0,-7.0,CHUQUIBAMBILLA,-14.79,-70.72,Norte,PUNO,2015-08-23,1,235,-7.5,-6.0,-6.5,-7.021302,0.9902142
2015,8,24,0.0,18.5,-6.5,CHUQUIBAMBILLA,-14.79,-70.72,Norte,PUNO,2015-08-24,1,236,-7.0,-7.5,-6.0,-6.8740044,0.9887766
2015,8,25,0.0,19.0,-7.0,CHUQUIBAMBILLA,-14.79,-70.72,Norte,PUNO,2015-08-25,1,237,-6.5,-7.0,-7.5,-6.5646315,0.98294836
2015,8,26,0.0,19.5,-6.0,CHUQUIBAMBILLA,-14.79,-70.72,Norte,PUNO,2015-08-26,1,238,-7.0,-6.5,-7.0,-6.65618,0.98285425
2015,8,27,0.0,17.5,-9.0,CHUQUIBAMBILLA,-14.79,-70.72,Norte,PUNO,2015-08-27,1,239,-6.0,-7.0,-6.5,-5.8645024,0.9749237
2015,8,28,0.0,16.5,-13.0,CHUQUIBAMBILLA,-14.79,-70.72,Norte,PUNO,2015-08-28,1,240,-9.0,-6.0,-7.0,-8.008934,0.9880926
2015,8,29,0.0,17.5,-13.5,CHUQUIBAMBILLA,-14.79,-70.72,Norte,PUNO,2015-08-29,1,241,-13.0,-9.0,-6.0,-11.216046,0.99758935
2015,8,30,0.0,18.0,-14.0,CHUQUIBAMBILLA,-14.79,-70.72,Norte,PUNO,2015-08-30,1,242,-13.5,-13.0,-9.0,-11.014692,0.99842477
2015,8,31,0.0,17.0,-11.0,CHUQUIBAMBILLA,-14.79,-70.72,Norte,PUNO,2015-08-31,1,243,-14.0,-13.5,-13.0,-11.632407,0.9978696
2015,9,1,0.0,16.0,-7.0,CHUQUIBAMBILLA,-14.79,-70.72,Norte,PUNO,2015-09-01,1,244,-11.0,-14.0,-13.5,-9.340073,0.9941543
2015,9,2,0.0,15.5,0.0,CHUQUIBAMBILLA,-14.79,-70.72,Norte,PUNO,2015-09-02,1,245,-7.0,-11.0,-14.0,-6.2348657,0.9610232
2015,9,3,0.0,16.0,-1.0,CHUQUIBAMBILLA,-14.79,-70.72,Norte,PUNO,2015-09-03,1,246,0.0,-7.0,-11.0,-3.7216005,0.8141694
2015,9,4,3.7,15.5,2.5,CHUQUIBAMBILLA,-14.79,-70.72,Norte,PUNO,2015-09-04,0,247,-1.0,0.0,-7.0,-0.5172766,0.48685506
2015,9,5,1.4,13.5,2.5,CHUQUIBAMBILLA,-14.79,-70.72,Norte,PUNO,2015-09-05,0,248,2.5,-1.0,0.0,0.7440601,0.31832853
2015,9,6,0.0,17.5,-2.5,CHUQUIBAMBILLA,-14.79,-70.72,Norte,PUNO,2015-09-06,1,249,2.5,2.5,-1.0,-1.1398734,0.5279792
2015,9,7,0.0,18.5,-8.0,CHUQUIBAMBILLA,-14.79,-70.72,Norte,PUNO,2015-09-07,1,250,-2.5,2.5,2.5,-3.2739894,0.864227
2015,9,8,0.0,18.0,-10.0,CHUQUIBAMBILLA,-14.79,-70.72,Norte,PUNO,2015-09-08,1,251,-8.0,-2.5,2.5,-7.1791463,0.9778243
2015,9,9,0.0,19.0,-10.0,CHUQUIBAMBILLA,-14.79,-70.72,Norte,PUNO,2015-09-09,1,252,-10.0,-8.0,-2.5,-8.4164295,0.98680335
2015,9,10,0.0,20.0,-10.5,CHUQUIBAMBILLA,-14.79,-70.72,Norte,PUNO,2015-09-10,1,253,-10.0,-10.0,-8.0,-7.7986326,0.98602283
2015,9,11,0.0,20.5,-6.0,CHUQUIBAMBILLA,-14.79,-70.72,Norte,PUNO,2015-09-11,1,254,-10.5,-10.0,-10.0,-8.316616,0.992577
2015,9,12,0.0,20.0,-4.5,CHUQUIBAMBILLA,-14.79,-70.72,Norte,PUNO,2015-09-12,1,255,-6.0,-10.5,-10.0,-5.4110775,0.95773137
2015,9,13,0.0,19.5,-7.0,CHUQUIBAMBILLA,-14.79,-70.72,Norte,PUNO,2015-09-13,1,256,-4.5,-6.0,-10.5,-4.6342635,0.9442069
2015,9,14,0.0,20.5,-5.0,CHUQUIBAMBILLA,-14.79,-70.72,Norte,PUNO,2015-09-14,1,257,-7.0,-4.5,-6.0,-5.868695,0.96954453
2015,9,15,0.0,18.5,-1.0,CHUQUIBAMBILLA,-14.79,-70.72,Norte,PUNO,2015-09-15,1,258,-5.0,-7.0,-4.5,-4.5546656,0.94037914
2015,9,16,0.0,19.0,-4.0,CHUQUIBAMBILLA,-14.79,-70.72,Norte,PUNO,2015-09-16,1,259,-1.0,-5.0,-7.0,-2.5212994,0.82153034
2015,9,17,0.0,20.0,-5.0,CHUQUIBAMBILLA,-14.79,-70.72,Norte,PUNO,2015-09-17,1,260,-4.0,-1.0,-5.0,-3.933421,0.91445637
2015,9,18,18.2,18.5,-1.5,CHUQUIBAMBILLA,-14.79,-70.72,Norte,PUNO,2015-09-18,1,261,-5.0,-4.0,-1.0,-2.0636408,0.798764
2015,9,19,3.9,16.0,2.0,CHUQUIBAMBILLA,-14.79,-70.72,Norte,PUNO,2015-09-19,0,262,-1.5,-5.0,-4.0,-0.5367377,0.54053205
2015,9,20,0.0,17.5,2.5,CHUQUIBAMBILLA,-14.79,-70.72,Norte,PUNO,2015-09-20,0,263,2.0,-1.5,-5.0,-1.4164251,0.6257177
2015,9,21,0.0,18.5,-2.5,CHUQUIBAMBILLA,-14.79,-70.72,Norte,PUNO,2015-09-21,1,264,2.5,2.0,-1.5,-0.7013717,0.50071496
2015,9,22,4.5,20.0,0.0,CHUQUIBAMBILLA,-14.79,-70.72,Norte,PUNO,2015-09-22,1,265,-2.5,2.5,2.0,-0.29889348,0.57996064
2015,9,23,5.9,19.5,0.5,CHUQUIBAMBILLA,-14.79,-70.72,Norte,PUNO,2015-09-23,0,266,0.0,-2.5,2.5,0.08425872,0.41721597
2015,9,24,2.3,16.5,4.0,CHUQUIBAMBILLA,-14.79,-70.72,Norte,PUNO,2015-09-24,0,267,0.5,0.0,-2.5,0.4898571,0.32168326
2015,9,25,0.0,19.0,5.0,CHUQUIBAMBILLA,-14.79,-70.72,Norte,PUNO,2015-09-25,0,268,4.0,0.5,0.0,0.03885581,0.5678576
2015,9,26,0.0,18.0,3.0,CHUQUIBAMBILLA,-14.79,-70.72,Norte,PUNO,2015-09-26,0,269,5.0,4.0,0.5,1.4873139,0.37521845
2015,9,27,0.0,20.0,-5.0,CHUQUIBAMBILLA,-14.79,-70.72,Norte,PUNO,2015-09-27,1,270,3.0,5.0,4.0,0.9846999,0.34975037
2015,9,28,0.0,17.5,-5.5,CHUQUIBAMBILLA,-14.79,-70.72,Norte,PUNO,2015-09-28,1,271,-5.0,3.0,5.0,-3.5933502,0.8153638
2015,9,29,0.0,18.0,-9.0,CHUQUIBAMBILLA,-14.79,-70.72,Norte,PUNO,2015-09-29,1,272,-5.5,-5.0,3.0,-4.565182,0.9069702
2015,9,30,0.0,17.5,-7.0,CHUQUIBAMBILLA,-14.79,-70.72,Norte,PUNO,2015-09-30,1,273,-9.0,-5.5,-5.0,-7.1432724,0.9780211
2015,10,1,0.0,11.5,-2.5,CHUQUIBAMBILLA,-14.79,-70.72,Norte,PUNO,2015-10-01,1,274,-7.0,-9.0,-5.5,-5.083237,0.9295178
2015,10,2,5.2,13.5,3.0,CHUQUIBAMBILLA,-14.79,-70.72,Norte,PUNO,2015-10-02,0,275,-2.5,-7.0,-9.0,-0.6612114,0.56041676
2015,10,3,5.6,8.5,4.5,CHUQUIBAMBILLA,-14.79,-70.72,Norte,PUNO,2015-10-03,0,276,3.0,-2.5,-7.0,1.6206207,0.26894042
2015,10,4,0.0,17.0,-3.5,CHUQUIBAMBILLA,-14.79,-70.72,Norte,PUNO,2015-10-04,1,277,4.5,3.0,-2.5,0.8816255,0.3444825
2015,10,5,0.0,19.5,-4.5,CHUQUIBAMBILLA,-14.79,-70.72,Norte,PUNO,2015-10-05,1,278,-3.5,4.5,3.0,-2.926078,0.814387
2015,10,6,0.0,20.0,-5.5,CHUQUIBAMBILLA,-14.79,-70.72,Norte,PUNO,2015-10-06,1,279,-4.5,-3.5,4.5,-2.8510025,0.85681254
2015,10,7,0.0,20.0,-5.0,CHUQUIBAMBILLA,-14.79,-70.72,Norte,PUNO,2015-10-07,1,280,-5.5,-4.5,-3.5,-4.5626664,0.942772
2015,10,8,0.0,20.5,-4.0,CHUQUIBAMBILLA,-14.79,-70.72,Norte,PUNO,2015-10-08,1,281,-5.0,-5.5,-4.5,-3.784128,0.92532676
2015,10,9,0.0,19.0,-10.0,CHUQUIBAMBILLA,-14.79,-70.72,Norte,PUNO,2015-10-09,1,282,-4.0,-5.0,-5.5,-3.39435,0.89984965
2015,10,10,0.0,18.5,-11.0,CHUQUIBAMBILLA,-14.79,-70.72,Norte,PUNO,2015-10-10,1,283,-10.0,-4.0,-5.0,-7.193288,0.9710062
2015,10,11,0.0,19.5,-10.5,CHUQUIBAMBILLA,-14.79,-70.72,Norte,PUNO,2015-10-11,1,284,-11.0,-10.0,-4.0,-7.942079,0.9796356
2015,10,12,0.0,20.0,-12.0,CHUQUIBAMBILLA,-14.79,-70.72,Norte,PUNO,2015-10-12,1,285,-10.5,-11.0,-10.0,-7.936395,0.9888727
2015,10,13,0.0,19.5,-13.0,CHUQUIBAMBILLA,-14.79,-70.72,Norte,PUNO,2015-10-13,1,286,-12.0,-10.5,-11.0,-8.882229,0.99283993
2015,10,14,0.0,20.0,-9.0,CHUQUIBAMBILLA,-14.79,-70.72,Norte,PUNO,2015-10-14,1,287,-13.0,-12.0,-10.5,-9.629595,0.99703383
2015,10,15,0.0,17.5,-7.5,CHUQUIBAMBILLA,-14.79,-70.72,Norte,PUNO,2015-10-15,1,288,-9.0,-13.0,-12.0,-7.0114794,0.96640676
2015,10,16,0.0,16.0,-6.5,CHUQUIBAMBILLA,-14.79,-70.72,Norte,PUNO,2015-10-16,1,289,-7.5,-9.0,-13.0,-5.515589,0.9330217
2015,10,17,0.0,18.5,-1.0,CHUQUIBAMBILLA,-14.79,-70.72,Norte,PUNO,2015-10-17,1,290,-6.5,-7.5,-9.0,-4.715703,0.9353645
2015,10,18,0.0,14.0,-2.0,CHUQUIBAMBILLA,-14.79,-70.72,Norte,PUNO,2015-10-18,1,291,-1.0,-6.5,-7.5,-2.3876445,0.7501732
2015,10,19,0.0,15.5,-3.0,CHUQUIBAMBILLA,-14.79,-70.72,Norte,PUNO,2015-10-19,1,292,-2.0,-1.0,-6.5,-2.471412,0.7621588
2015,10,20,3.5,19.0,4.5,CHUQUIBAMBILLA,-14.79,-70.72,Norte,PUNO,2015-10-20,0,293,-3.0,-2.0,-1.0,-0.62203246,0.6272297
2015,10,21,0.0,18.5,2.0,CHUQUIBAMBILLA,-14.79,-70.72,Norte,PUNO,2015-10-21,0,294,4.5,-3.0,-2.0,-0.54325086,0.581363
2015,10,22,0.0,18.5,-4.0,CHUQUIBAMBILLA,-14.79,-70.72,Norte,PUNO,2015-10-22,1,295,2.0,4.5,-3.0,0.1855369,0.5428751
2015,10,23,0.0,17.5,-5.0,CHUQUIBAMBILLA,-14.79,-70.72,Norte,PUNO,2015-10-23,1,296,-4.0,2.0,4.5,-2.023232,0.7451671
2015,10,24,5.2,15.5,-4.0,CHUQUIBAMBILLA,-14.79,-70.72,Norte,PUNO,2015-10-24,1,297,-5.0,-4.0,2.0,-0.28225383,0.48051456
2015,10,25,7.5,10.5,2.0,CHUQUIBAMBILLA,-14.79,-70.72,Norte,PUNO,2015-10-25,0,298,-4.0,-5.0,-4.0,-0.3532796,0.58709943
2015,10,26,0.0,16.0,0.0,CHUQUIBAMBILLA,-14.79,-70.72,Norte,PUNO,2015-10-26,1,299,2.0,-4.0,-5.0,-1.0257962,0.5586307
2015,10,27,2.5,16.5,2.5,CHUQUIBAMBILLA,-14.79,-70.72,Norte,PUNO,2015-10-27,0,300,0.0,2.0,-4.0,1.321246,0.24215202
2015,10,28,5.2,13.5,3.5,CHUQUIBAMBILLA,-14.79,-70.72,Norte,PUNO,2015-10-28,0,301,2.5,0.0,2.0,2.086671,0.1801938
2015,10,29,0.0,17.0,2.5,CHUQUIBAMBILLA,-14.79,-70.72,Norte,PUNO,2015-10-29,0,302,3.5,2.5,0.0,1.4077684,0.26184893
2015,1,1,4.7,17.2,4.8,HUANCANE,-15.21,-69.76,Norte,PUNO,2015-01-01,0,1,2.2,5.6,5.4,4.03298,0.0075502954
2015,1,2,4.7,15.4,5.2,HUANCANE,-15.21,-69.76,Norte,PUNO,2015-01-02,0,2,4.8,2.2,5.6,4.531779,0.0023342585
2015,1,3,19.1,14.2,4.8,HUANCANE,-15.21,-69.76,Norte,PUNO,2015-01-03,0,3,5.2,4.8,2.2,4.5159836,0.0011962064
2015,1,4,1.3,11.6,2.6,HUANCANE,-15.21,-69.76,Norte,PUNO,2015-01-04,0,4,4.8,5.2,4.8,4.525381,0.00086696143
2015,1,5,3.5,14.0,4.8,HUANCANE,-15.21,-69.76,Norte,PUNO,2015-01-05,0,5,2.6,4.8,5.2,4.178666,0.0029931306
2015,1,6,5.6,16.0,4.6,HUANCANE,-15.21,-69.76,Norte,PUNO,2015-01-06,0,6,4.8,2.6,4.8,4.4069037,0.00257533
2015,1,7,0.8,15.4,5.0,HUANCANE,-15.21,-69.76,Norte,PUNO,2015-01-07,0,7,4.6,4.8,2.6,4.3352265,0.0017345845
2015,1,8,5.3,13.6,3.8,HUANCANE,-15.21,-69.76,Norte,PUNO,2015-01-08,0,8,5.0,4.6,4.8,4.76076,0.0009398942
2015,1,9,8.4,14.8,4.6,HUANCANE,-15.21,-69.76,Norte,PUNO,2015-01-09,0,9,3.8,5.0,4.6,4.4016633,0.001977887
2015,1,10,30.2,13.4,4.8,HUANCANE,-15.21,-69.76,Norte,PUNO,2015-01-10,0,10,4.6,3.8,5.0,4.4640865,0.00175446
2015,1,11,2.9,14.6,2.6,HUANCANE,-15.21,-69.76,Norte,PUNO,2015-01-11,0,11,4.8,4.6,3.8,4.540091,0.0011611765
2015,1,12,4.7,13.0,4.4,HUANCANE,-15.21,-69.76,Norte,PUNO,2015-01-12,0,12,2.6,4.8,4.6,4.09823,0.0034712134
2015,1,13,0.0,12.6,3.4,HUANCANE,-15.21,-69.76,Norte,PUNO,2015-01-13,0,13,4.4,2.6,4.8,3.8324919,0.0068486603
2015,1,14,0.0,15.2,1.0,HUANCANE,-15.21,-69.76,Norte,PUNO,2015-01-14,0,14,3.4,4.4,2.6,3.5211756,0.02256083
2015,1,15,3.2,16.4,0.2,HUANCANE,-15.21,-69.76,Norte,PUNO,2015-01-15,0,15,1.0,3.4,4.4,3.2956202,0.02075974
2015,1,16,0.0,13.6,3.6,HUANCANE,-15.21,-69.76,Norte,PUNO,2015-01-16,0,16,0.2,1.0,3.4,1.6865742,0.13071746
2015,1,17,0.0,13.4,4.4,HUANCANE,-15.21,-69.76,Norte,PUNO,2015-01-17,0,17,3.6,0.2,1.0,2.6283607,0.031019012
2015,1,18,3.4,12.6,4.2,HUANCANE,-15.21,-69.76,Norte,PUNO,2015-01-18,0,18,4.4,3.6,0.2,4.07918,0.0042476594
2015,1,19,3.5,14.2,4.6,HUANCANE,-15.21,-69.76,Norte,PUNO,2015-01-19,0,19,4.2,4.4,3.6,4.3399897,0.0025233966
2015,1,20,2.0,14.0,4.4,HUANCANE,-15.21,-69.76,Norte,PUNO,2015-01-20,0,20,4.6,4.2,4.4,4.538068,0.0015980623
2015,1,21,0.0,14.4,4.8,HUANCANE,-15.21,-69.76,Norte,PUNO,2015-01-21,0,21,4.4,4.6,4.2,4.280518,0.0065061157
2015,1,22,0.0,14.6,3.2,HUANCANE,-15.21,-69.76,Norte,PUNO,2015-01-22,0,22,4.8,4.4,4.6,4.3592615,0.0035591405
2015,1,23,0.0,14.8,5.4,HUANCANE,-15.21,-69.76,Norte,PUNO,2015-01-23,0,23,3.2,4.8,4.4,3.7732162,0.013055341
2015,1,24,0.0,15.2,4.4,HUANCANE,-15.21,-69.76,Norte,PUNO,2015-01-24,0,24,5.4,3.2,4.8,4.342756,0.00447214
2015,1,25,9.9,15.2,5.4,HUANCANE,-15.21,-69.76,Norte,PUNO,2015-01-25,0,25,4.4,5.4,3.2,4.4705825,0.0013086543
2015,1,26,4.0,13.8,4.2,HUANCANE,-15.21,-69.76,Norte,PUNO,2015-01-26,0,26,5.4,4.4,5.4,4.8799543,0.0007213139
2015,1,27,0.0,15.0,5.0,HUANCANE,-15.21,-69.76,Norte,PUNO,2015-01-27,0,27,4.2,5.4,4.4,4.2697177,0.0066056857
2015,1,28,7.1,13.4,5.4,HUANCANE,-15.21,-69.76,Norte,PUNO,2015-01-28,0,28,5.0,4.2,5.4,4.8227234,0.000723367
2015,1,29,0.0,15.2,5.8,HUANCANE,-15.21,-69.76,Norte,PUNO,2015-01-29,0,29,5.4,5.0,4.2,4.627559,0.002554318
2015,1,30,4.3,12.0,5.4,HUANCANE,-15.21,-69.76,Norte,PUNO,2015-01-30,0,30,5.8,5.4,5.0,4.989652,0.00050768204
2015,1,31,0.2,14.2,3.8,HUANCANE,-15.21,-69.76,Norte,PUNO,2015-01-31,0,31,5.4,5.8,5.4,5.003997,0.00055723864
2015,2,1,0.8,14.4,5.6,HUANCANE,-15.21,-69.76,Norte,PUNO,2015-02-01,0,32,3.8,5.4,5.8,4.6925745,0.0014580943
2015,2,2,0.0,16.0,2.2,HUANCANE,-15.21,-69.76,Norte,PUNO,2015-02-02,0,33,5.6,3.8,5.4,4.4664416,0.0037032026
2015,2,3,0.0,16.2,0.4,HUANCANE,-15.21,-69.76,Norte,PUNO,2015-02-03,0,34,2.2,5.6,3.8,3.1766791,0.026657108
2015,2,4,0.0,16.4,2.6,HUANCANE,-15.21,-69.76,Norte,PUNO,2015-02-04,0,35,0.4,2.2,5.6,1.9043677,0.11881149
2015,2,5,0.0,16.0,1.6,HUANCANE,-15.21,-69.76,Norte,PUNO,2015-02-05,0,36,2.6,0.4,2.2,2.2263267,0.057046846
2015,2,6,17.6,14.0,5.4,HUANCANE,-15.21,-69.76,Norte,PUNO,2015-02-06,0,37,1.6,2.6,0.4,2.4503772,0.033738304
2015,2,7,11.1,12.2,4.6,HUANCANE,-15.21,-69.76,Norte,PUNO,2015-02-07,0,38,5.4,1.6,2.6,4.301015,0.0038148565
2015,2,8,4.5,14.8,3.4,HUANCANE,-15.21,-69.76,Norte,PUNO,2015-02-08,0,39,4.6,5.4,1.6,4.419502,0.0018599426
2015,2,9,4.3,15.4,5.6,HUANCANE,-15.21,-69.76,Norte,PUNO,2015-02-09,0,40,3.4,4.6,5.4,4.4180794,0.0023549497
2015,2,10,0.0,15.2,5.4,HUANCANE,-15.21,-69.76,Norte,PUNO,2015-02-10,0,41,5.6,3.4,4.6,4.353929,0.004086096
2015,2,11,14.7,14.4,5.6,HUANCANE,-15.21,-69.76,Norte,PUNO,2015-02-11,0,42,5.4,5.6,3.4,4.842514,0.00065721566
2015,2,12,0.0,14.0,5.8,HUANCANE,-15.21,-69.76,Norte,PUNO,2015-02-12,0,43,5.6,5.4,5.6,4.8488293,0.0014732224
2015,2,13,2.0,15.6,3.6,HUANCANE,-15.21,-69.76,Norte,PUNO,2015-02-13,0,44,5.8,5.6,5.4,5.147914,0.0005318588
2015,2,14,29.1,17.0,6.4,HUANCANE,-15.21,-69.76,Norte,PUNO,2015-02-14,0,45,3.6,5.8,5.6,4.665855,0.0015303706
2015,2,15,0.3,14.2,5.0,HUANCANE,-15.21,-69.76,Norte,PUNO,2015-02-15,0,46,6.4,3.6,5.8,5.144946,0.00083593815
2015,2,16,9.3,17.0,6.2,HUANCANE,-15.21,-69.76,Norte,PUNO,2015-02-16,0,47,5.0,6.4,3.6,4.9421935,0.00087550184
2015,2,17,0.0,15.2,4.8,HUANCANE,-15.21,-69.76,Norte,PUNO,2015-02-17,0,48,6.2,5.0,6.4,5.208909,0.0009880173
2015,2,18,0.0,16.2,2.6,HUANCANE,-15.21,-69.76,Norte,PUNO,2015-02-18,0,49,4.8,6.2,5.0,4.6192365,0.0026648499
2015,2,19,0.0,15.0,0.4,HUANCANE,-15.21,-69.76,Norte,PUNO,2015-02-19,0,50,2.6,4.8,6.2,3.5885766,0.014356808
2015,2,20,0.0,16.0,1.8,HUANCANE,-15.21,-69.76,Norte,PUNO,2015-02-20,0,51,0.4,2.6,4.8,1.8713617,0.11016687
2015,2,21,0.0,13.2,4.8,HUANCANE,-15.21,-69.76,Norte,PUNO,2015-02-21,0,52,1.8,0.4,2.6,1.9046577,0.0826296
2015,2,22,0.0,15.0,4.6,HUANCANE,-15.21,-69.76,Norte,PUNO,2015-02-22,0,53,4.8,1.8,0.4,3.3548367,0.02018177
2015,2,23,0.0,13.8,5.6,HUANCANE,-15.21,-69.76,Norte,PUNO,2015-02-23,0,54,4.6,4.8,1.8,3.9033525,0.0077580037
2015,2,24,0.0,17.0,4.4,HUANCANE,-15.21,-69.76,Norte,PUNO,2015-02-24,0,55,5.6,4.6,4.8,4.576851,0.0033120464
2015,2,25,0.0,16.2,0.8,HUANCANE,-15.21,-69.76,Norte,PUNO,2015-02-25,0,56,4.4,5.6,4.6,4.2986317,0.006113732
2015,2,26,2.2,16.4,3.4,HUANCANE,-15.21,-69.76,Norte,PUNO,2015-02-26,0,57,0.8,4.4,5.6,3.333392,0.013653046
2015,2,27,6.1,14.6,4.6,HUANCANE,-15.21,-69.76,Norte,PUNO,2015-02-27,0,58,3.4,0.8,4.4,3.9061708,0.008388811
2015,2,28,0.0,15.0,3.4,HUANCANE,-15.21,-69.76,Norte,PUNO,2015-02-28,0,59,4.6,3.4,0.8,3.5541139,0.016280454
2015,3,1,0.0,14.8,5.4,HUANCANE,-15.21,-69.76,Norte,PUNO,2015-03-01,0,60,3.4,4.6,3.4,3.7499228,0.016989458
2015,3,2,0.0,15.2,4.4,HUANCANE,-15.21,-69.76,Norte,PUNO,2015-03-02,0,61,5.4,3.4,4.6,4.2699637,0.003986844
2015,3,3,7.2,16.4,4.0,HUANCANE,-15.21,-69.76,Norte,PUNO,2015-03-03,0,62,4.4,5.4,3.4,4.449713,0.0013398877
2015,3,4,6.5,14.2,4.6,HUANCANE,-15.21,-69.76,Norte,PUNO,2015-03-04,0,63,4.0,4.4,5.4,4.527089,0.0015454523
2015,3,5,2.1,14.0,4.8,HUANCANE,-15.21,-69.76,Norte,PUNO,2015-03-05,0,64,4.6,4.0,4.4,4.485696,0.002171467
2015,3,6,0.0,13.8,6.0,HUANCANE,-15.21,-69.76,Norte,PUNO,2015-03-06,0,65,4.8,4.6,4.0,4.3416696,0.0027517148
2015,3,7,0.0,13.8,6.6,HUANCANE,-15.21,-69.76,Norte,PUNO,2015-03-07,0,66,6.0,4.8,4.6,4.7791715,0.001603093
2015,3,8,0.9,15.2,3.8,HUANCANE,-15.21,-69.76,Norte,PUNO,2015-03-08,0,67,6.6,6.0,4.8,5.243768,0.00052854663
2015,3,9,0.0,15.4,3.4,HUANCANE,-15.21,-69.76,Norte,PUNO,2015-03-09,0,68,3.8,6.6,6.0,4.129101,0.008370596
2015,3,10,0.0,16.0,2.2,HUANCANE,-15.21,-69.76,Norte,PUNO,2015-03-10,0,69,3.4,3.8,6.6,3.6005015,0.0130942175
2015,3,11,1.9,15.4,3.0,HUANCANE,-15.21,-69.76,Norte,PUNO,2015-03-11,0,70,2.2,3.4,3.8,3.5277686,0.008892108
2015,3,12,0.0,16.6,2.8,HUANCANE,-15.21,-69.76,Norte,PUNO,2015-03-12,0,71,3.0,2.2,3.4,2.818944,0.033873495
2015,3,13,0.9,17.2,3.0,HUANCANE,-15.21,-69.76,Norte,PUNO,2015-03-13,0,72,2.8,3.0,2.2,3.1123888,0.015700407
2015,3,14,0.0,15.6,5.4,HUANCANE,-15.21,-69.76,Norte,PUNO,2015-03-14,0,73,3.0,2.8,3.0,2.9473839,0.030108107
2015,3,15,0.0,14.8,1.4,HUANCANE,-15.21,-69.76,Norte,PUNO,2015-03-15,0,74,5.4,3.0,2.8,4.0775156,0.006526521
2015,3,16,0.0,15.2,4.8,HUANCANE,-15.21,-69.76,Norte,PUNO,2015-03-16,0,75,1.4,5.4,3.0,2.411821,0.05587231
2015,3,17,0.0,16.4,2.2,HUANCANE,-15.21,-69.76,Norte,PUNO,2015-03-17,0,76,4.8,1.4,5.4,3.8057833,0.01752574
2015,3,18,0.0,14.8,3.8,HUANCANE,-15.21,-69.76,Norte,PUNO,2015-03-18,0,77,2.2,4.8,1.4,2.3433623,0.057494193
2015,3,19,2.3,14.4,4.4,HUANCANE,-15.21,-69.76,Norte,PUNO,2015-03-19,0,78,3.8,2.2,4.8,3.910637,0.0068381764
2015,3,20,1.4,14.4,2.8,HUANCANE,-15.21,-69.76,Norte,PUNO,2015-03-20,0,79,4.4,3.8,2.2,4.027521,0.00496637
2015,3,21,0.0,15.2,4.6,HUANCANE,-15.21,-69.76,Norte,PUNO,2015-03-21,0,80,2.8,4.4,3.8,3.1933393,0.023635998
2015,3,22,0.0,14.4,3.2,HUANCANE,-15.21,-69.76,Norte,PUNO,2015-03-22,0,81,4.6,2.8,4.4,3.8009539,0.006167805
2015,3,23,0.0,14.8,1.6,HUANCANE,-15.21,-69.76,Norte,PUNO,2015-03-23,0,82,3.2,4.6,2.8,3.3401906,0.029535947
2015,3,24,6.6,16.0,0.4,HUANCANE,-15.21,-69.76,Norte,PUNO,2015-03-24,0,83,1.6,3.2,4.6,3.356008,0.011815414
2015,3,25,8.1,14.4,3.6,HUANCANE,-15.21,-69.76,Norte,PUNO,2015-03-25,0,84,0.4,1.6,3.2,2.46936,0.054887835
2015,3,26,2.9,15.2,3.4,HUANCANE,-15.21,-69.76,Norte,PUNO,2015-03-26,0,85,3.6,0.4,1.6,3.171071,0.016912574
2015,3,27,0.0,16.2,2.2,HUANCANE,-15.21,-69.76,Norte,PUNO,2015-03-27,0,86,3.4,3.6,0.4,2.8074663,0.04259274
2015,3,28,0.0,15.4,2.8,HUANCANE,-15.21,-69.76,Norte,PUNO,2015-03-28,0,87,2.2,3.4,3.6,2.6864812,0.042165764
2015,3,29,0.0,16.4,0.6,HUANCANE,-15.21,-69.76,Norte,PUNO,2015-03-29,0,88,2.8,2.2,3.4,2.67444,0.04311547
2015,3,30,0.0,15.0,2.8,HUANCANE,-15.21,-69.76,Norte,PUNO,2015-03-30,0,89,0.6,2.8,2.2,1.499687,0.1447494
2015,3,31,4.2,14.2,3.4,HUANCANE,-15.21,-69.76,Norte,PUNO,2015-03-31,0,90,2.8,0.6,2.8,2.9479926,0.022954093
2015,4,1,0.9,15.2,4.8,HUANCANE,-15.21,-69.76,Norte,PUNO,2015-04-01,0,91,3.4,2.8,0.6,3.1657748,0.017335866
2015,4,2,0.0,15.8,5.6,HUANCANE,-15.21,-69.76,Norte,PUNO,2015-04-02,0,92,4.8,3.4,2.8,3.43587,0.015158039
2015,4,3,0.0,16.2,0.8,HUANCANE,-15.21,-69.76,Norte,PUNO,2015-04-03,0,93,5.6,4.8,3.4,3.908849,0.0076043652
2015,4,4,0.0,16.4,0.4,HUANCANE,-15.21,-69.76,Norte,PUNO,2015-04-04,0,94,0.8,5.6,4.8,1.6536739,0.11136972
2015,4,5,1.0,16.2,0.6,HUANCANE,-15.21,-69.76,Norte,PUNO,2015-04-05,0,95,0.4,0.8,5.6,2.2674785,0.05362281
2015,4,6,0.0,12.6,0.6,HUANCANE,-15.21,-69.76,Norte,PUNO,2015-04-06,0,96,0.6,0.4,0.8,0.979166,0.21190876
2015,4,7,7.8,16.0,0.8,HUANCANE,-15.21,-69.76,Norte,PUNO,2015-04-07,0,97,0.6,0.6,0.4,1.6812339,0.09886518
2015,4,8,10.4,12.2,4.8,HUANCANE,-15.21,-69.76,Norte,PUNO,2015-04-08,0,98,0.8,0.6,0.6,1.4335623,0.10154739
2015,4,9,2.6,12.6,0.4,HUANCANE,-15.21,-69.76,Norte,PUNO,2015-04-09,0,99,4.8,0.8,0.6,3.420669,0.016348232
2015,4,10,4.5,12.2,2.4,HUANCANE,-15.21,-69.76,Norte,PUNO,2015-04-10,0,100,0.4,4.8,0.8,2.3953435,0.07885643
2015,4,11,6.1,11.8,4.4,HUANCANE,-15.21,-69.76,Norte,PUNO,2015-04-11,0,101,2.4,0.4,4.8,3.0486662,0.023328286
2015,4,12,0.0,13.2,3.8,HUANCANE,-15.21,-69.76,Norte,PUNO,2015-04-12,0,102,4.4,2.4,0.4,2.6366735,0.05070087
2015,4,13,6.5,14.4,4.6,HUANCANE,-15.21,-69.76,Norte,PUNO,2015-04-13,0,103,3.8,4.4,2.4,3.4717176,0.009081329
2015,4,14,3.9,16.2,4.4,HUANCANE,-15.21,-69.76,Norte,PUNO,2015-04-14,0,104,4.6,3.8,4.4,3.8351815,0.0050050765
2015,4,15,4.1,13.4,4.6,HUANCANE,-15.21,-69.76,Norte,PUNO,2015-04-15,0,105,4.4,4.6,3.8,3.7975519,0.0028982935
2015,4,16,1.8,14.0,3.4,HUANCANE,-15.21,-69.76,Norte,PUNO,2015-04-16,0,106,4.6,4.4,4.6,3.939229,0.002570291
2015,4,17,4.9,14.6,3.8,HUANCANE,-15.21,-69.76,Norte,PUNO,2015-04-17,0,107,3.4,4.6,4.4,3.5060344,0.006510688
2015,4,18,0.0,15.4,3.8,HUANCANE,-15.21,-69.76,Norte,PUNO,2015-04-18,0,108,3.8,3.4,4.6,2.9140143,0.03448333
2015,4,19,0.0,16.4,3.6,HUANCANE,-15.21,-69.76,Norte,PUNO,2015-04-19,0,109,3.8,3.8,3.4,2.7232506,0.049241953
2015,4,20,0.0,16.0,4.0,HUANCANE,-15.21,-69.76,Norte,PUNO,2015-04-20,0,110,3.6,3.8,3.8,2.6632946,0.03344319
2015,4,21,0.0,13.6,2.4,HUANCANE,-15.21,-69.76,Norte,PUNO,2015-04-21,0,111,4.0,3.6,3.8,3.0177119,0.022106795
2015,4,22,0.0,14.8,0.4,HUANCANE,-15.21,-69.76,Norte,PUNO,2015-04-22,0,112,2.4,4.0,3.6,2.271249,0.076085754
2015,4,23,1.9,12.4,2.8,HUANCANE,-15.21,-69.76,Norte,PUNO,2015-04-23,0,113,0.4,2.4,4.0,2.3464825,0.07630794
2015,4,24,0.0,14.2,3.8,HUANCANE,-15.21,-69.76,Norte,PUNO,2015-04-24,0,114,2.8,0.4,2.4,1.7510134,0.10589541
2015,4,25,0.0,14.4,4.2,HUANCANE,-15.21,-69.76,Norte,PUNO,2015-04-25,0,115,3.8,2.8,0.4,2.3049488,0.059155155
2015,4,26,0.8,15.6,4.8,HUANCANE,-15.21,-69.76,Norte,PUNO,2015-04-26,0,116,4.2,3.8,2.8,3.2338662,0.018227225
2015,4,27,0.6,15.4,3.4,HUANCANE,-15.21,-69.76,Norte,PUNO,2015-04-27,0,117,4.8,4.2,3.8,3.656514,0.006801273
2015,4,28,0.0,13.8,3.2,HUANCANE,-15.21,-69.76,Norte,PUNO,2015-04-28,0,118,3.4,4.8,4.2,2.638179,0.048905697
2015,4,29,0.0,15.0,3.0,HUANCANE,-15.21,-69.76,Norte,PUNO,2015-04-29,0,119,3.2,3.4,4.8,2.4806066,0.06471426
2015,4,30,0.0,15.0,0.4,HUANCANE,-15.21,-69.76,Norte,PUNO,2015-04-30,0,120,3.0,3.2,3.4,2.1461837,0.10184799
2015,5,1,0.0,16.6,1.8,HUANCANE,-15.21,-69.76,Norte,PUNO,2015-05-01,0,121,0.4,3.0,3.2,0.41101775,0.4232203
2015,5,2,0.0,16.2,-1.4,HUANCANE,-15.21,-69.76,Norte,PUNO,2015-05-02,1,122,1.8,0.4,3.0,0.88774204,0.23766309
2015,5,3,0.0,14.4,-1.0,HUANCANE,-15.21,-69.76,Norte,PUNO,2015-05-03,1,123,-1.4,1.8,0.4,-1.0897322,0.7146586
2015,5,4,0.0,15.6,-1.4,HUANCANE,-15.21,-69.76,Norte,PUNO,2015-05-04,1,124,-1.0,-1.4,1.8,-0.753712,0.6559555
2015,5,5,0.0,14.4,-1.4,HUANCANE,-15.21,-69.76,Norte,PUNO,2015-05-05,1,125,-1.4,-1.0,-1.4,-1.1870275,0.7911737
2015,5,6,0.0,16.2,-2.4,HUANCANE,-15.21,-69.76,Norte,PUNO,2015-05-06,1,126,-1.4,-1.4,-1.0,-1.1405476,0.78661376
2015,5,7,0.0,15.4,-0.6,HUANCANE,-15.21,-69.76,Norte,PUNO,2015-05-07,1,127,-2.4,-1.4,-1.4,-2.0012417,0.8658871
2015,5,8,0.8,15.2,0.4,HUANCANE,-15.21,-69.76,Norte,PUNO,2015-05-08,0,128,-0.6,-2.4,-1.4,0.3224911,0.5275921
2015,5,9,3.5,15.0,1.2,HUANCANE,-15.21,-69.76,Norte,PUNO,2015-05-09,0,129,0.4,-0.6,-2.4,1.0719805,0.2810236
2015,5,10,0.0,14.4,-2.0,HUANCANE,-15.21,-69.76,Norte,PUNO,2015-05-10,1,130,1.2,0.4,-0.6,0.5037206,0.33532307
2015,5,11,0.0,15.2,-2.2,HUANCANE,-15.21,-69.76,Norte,PUNO,2015-05-11,1,131,-2.0,1.2,0.4,-1.6049895,0.8218189
2015,5,12,0.0,16.2,-0.6,HUANCANE,-15.21,-69.76,Norte,PUNO,2015-05-12,1,132,-2.2,-2.0,1.2,-1.6462487,0.8562463
2015,5,13,0.6,16.0,-0.4,HUANCANE,-15.21,-69.76,Norte,PUNO,2015-05-13,1,133,-0.6,-2.2,-2.0,0.43109208,0.5035383
2015,5,14,0.0,15.4,3.0,HUANCANE,-15.21,-69.76,Norte,PUNO,2015-05-14,0,134,-0.4,-0.6,-2.2,-0.7788444,0.7306474
2015,5,15,0.0,13.0,-2.4,HUANCANE,-15.21,-69.76,Norte,PUNO,2015-05-15,1,135,3.0,-0.4,-0.6,0.6267007,0.33854097
2015,5,16,0.2,10.2,-0.6,HUANCANE,-15.21,-69.76,Norte,PUNO,2015-05-16,1,136,-2.4,3.0,-0.4,-0.94836086,0.6376263
2015,5,17,0.0,16.2,2.0,HUANCANE,-15.21,-69.76,Norte,PUNO,2015-05-17,0,137,-0.6,-2.4,3.0,-0.8438334,0.75301886
2015,5,18,0.0,16.6,0.6,HUANCANE,-15.21,-69.76,Norte,PUNO,2015-05-18,0,138,2.0,-0.6,-2.4,-0.13515557,0.53483284
2015,5,19,0.0,15.0,-2.6,HUANCANE,-15.21,-69.76,Norte,PUNO,2015-05-19,1,139,0.6,2.0,-0.6,-0.17287773,0.47218934
2015,5,20,0.0,16.0,-0.6,HUANCANE,-15.21,-69.76,Norte,PUNO,2015-05-20,1,140,-2.6,0.6,2.0,-2.2727935,0.8983492
2015,5,21,0.0,14.4,-3.8,HUANCANE,-15.21,-69.76,Norte,PUNO,2015-05-21,1,141,-0.6,-2.6,0.6,-1.0069883,0.7759636
2015,5,22,0.0,15.2,-5.4,HUANCANE,-15.21,-69.76,Norte,PUNO,2015-05-22,1,142,-3.8,-0.6,-2.6,-3.237058,0.9499479
2015,5,23,0.0,16.8,-3.6,HUANCANE,-15.21,-69.76,Norte,PUNO,2015-05-23,1,143,-5.4,-3.8,-0.6,-4.46707,0.97519886
2015,5,24,0.0,15.4,-4.0,HUANCANE,-15.21,-69.76,Norte,PUNO,2015-05-24,1,144,-3.6,-5.4,-3.8,-3.5129223,0.95512426
2015,5,25,0.0,16.4,-2.4,HUANCANE,-15.21,-69.76,Norte,PUNO,2015-05-25,1,145,-4.0,-3.6,-5.4,-3.8208408,0.9677613
2015,5,26,0.0,16.2,-2.2,HUANCANE,-15.21,-69.76,Norte,PUNO,2015-05-26,1,146,-2.4,-4.0,-3.6,-2.762053,0.9318004
2015,5,27,0.0,17.0,-1.8,HUANCANE,-15.21,-69.76,Norte,PUNO,2015-05-27,1,147,-2.2,-2.4,-4.0,-2.5382094,0.9300909
2015,5,28,0.0,14.4,-5.0,HUANCANE,-15.21,-69.76,Norte,PUNO,2015-05-28,1,148,-1.8,-2.2,-2.4,-2.0621727,0.9027952
2015,5,29,0.0,17.4,-4.4,HUANCANE,-15.21,-69.76,Norte,PUNO,2015-05-29,1,149,-5.0,-1.8,-2.2,-4.2162023,0.9754519
2015,5,30,0.0,17.0,-4.8,HUANCANE,-15.21,-69.76,Norte,PUNO,2015-05-30,1,150,-4.4,-5.0,-1.8,-3.95543,0.9778145
2015,5,31,0.0,18.4,-2.4,HUANCANE,-15.21,-69.76,Norte,PUNO,2015-05-31,1,151,-4.8,-4.4,-5.0,-4.3385367,0.9778762
2015,6,1,0.0,16.4,0.8,HUANCANE,-15.21,-69.76,Norte,PUNO,2015-06-01,0,152,-2.4,-4.8,-4.4,-2.9828813,0.93360686
2015,6,2,2.0,15.2,0.6,HUANCANE,-15.21,-69.76,Norte,PUNO,2015-06-02,0,153,0.8,-2.4,-4.8,0.8127995,0.2750971
2015,6,3,0.0,16.0,-1.2,HUANCANE,-15.21,-69.76,Norte,PUNO,2015-06-03,1,154,0.6,0.8,-2.4,-0.4105659,0.5758847
2015,6,4,0.0,14.2,-2.2,HUANCANE,-15.21,-69.76,Norte,PUNO,2015-06-04,1,155,-1.2,0.6,0.8,-1.6518477,0.82426697
2015,6,5,0.0,14.2,-3.6,HUANCANE,-15.21,-69.76,Norte,PUNO,2015-06-05,1,156,-2.2,-1.2,0.6,-2.1743035,0.90773934
2015,6,6,0.0,15.0,-7.4,HUANCANE,-15.21,-69.76,Norte,PUNO,2015-06-06,1,157,-3.6,-2.2,-1.2,-3.4365299,0.9575719
2015,6,7,0.0,14.2,-7.2,HUANCANE,-15.21,-69.76,Norte,PUNO,2015-06-07,1,158,-7.4,-3.6,-2.2,-6.225811,0.992061
2015,6,8,0.0,14.4,-8.4,HUANCANE,-15.21,-69.76,Norte,PUNO,2015-06-08,1,159,-7.2,-7.4,-3.6,-6.276123,0.99205446
2015,6,9,0.0,15.4,-6.8,HUANCANE,-15.21,-69.76,Norte,PUNO,2015-06-09,1,160,-8.4,-7.2,-7.4,-7.4045663,0.9956766
2015,6,10,0.0,16.2,-3.4,HUANCANE,-15.21,-69.76,Norte,PUNO,2015-06-10,1,161,-6.8,-8.4,-7.2,-6.4047704,0.99449605
2015,6,11,0.0,15.2,-5.2,HUANCANE,-15.21,-69.76,Norte,PUNO,2015-06-11,1,162,-3.4,-6.8,-8.4,-4.2586975,0.96186274
2015,6,12,0.0,16.4,-4.8,HUANCANE,-15.21,-69.76,Norte,PUNO,2015-06-12,1,163,-5.2,-3.4,-6.8,-4.9004683,0.9845489
2015,6,13,0.0,16.2,-7.4,HUANCANE,-15.21,-69.76,Norte,PUNO,2015-06-13,1,164,-4.8,-5.2,-3.4,-4.3535337,0.9785088
2015,6,14,0.0,16.6,-7.4,HUANCANE,-15.21,-69.76,Norte,PUNO,2015-06-14,1,165,-7.4,-4.8,-5.2,-6.3252554,0.99420124
2015,6,15,0.0,19.2,-5.4,HUANCANE,-15.21,-69.76,Norte,PUNO,2015-06-15,1,166,-7.4,-7.4,-4.8,-6.2616124,0.99405956
2015,6,16,0.0,18.6,-1.8,HUANCANE,-15.21,-69.76,Norte,PUNO,2015-06-16,1,167,-5.4,-7.4,-7.4,-5.2640414,0.9882057
2015,6,17,0.0,18.2,-3.8,HUANCANE,-15.21,-69.76,Norte,PUNO,2015-06-17,1,168,-1.8,-5.4,-7.4,-3.7178059,0.9296792
2015,6,18,0.0,14.4,-2.6,HUANCANE,-15.21,-69.76,Norte,PUNO,2015-06-18,1,169,-3.8,-1.8,-5.4,-3.7596903,0.9655321
2015,6,19,0.0,15.4,-3.4,HUANCANE,-15.21,-69.76,Norte,PUNO,2015-06-19,1,170,-2.6,-3.8,-1.8,-2.8698306,0.9452766
2015,6,20,0.0,15.4,-4.4,HUANCANE,-15.21,-69.76,Norte,PUNO,2015-06-20,1,171,-3.4,-2.6,-3.8,-3.563971,0.9657669
2015,6,21,0.0,14.8,-5.0,HUANCANE,-15.21,-69.76,Norte,PUNO,2015-06-21,1,172,-4.4,-3.4,-2.6,-4.0547276,0.97604954
2015,6,22,0.0,16.2,-5.6,HUANCANE,-15.21,-69.76,Norte,PUNO,2015-06-22,1,173,-5.0,-4.4,-3.4,-4.532118,0.97938216
2015,6,23,0.0,18.4,-4.8,HUANCANE,-15.21,-69.76,Norte,PUNO,2015-06-23,1,174,-5.6,-5.0,-4.4,-5.1691675,0.9883083
2015,6,24,0.0,14.4,-4.4,HUANCANE,-15.21,-69.76,Norte,PUNO,2015-06-24,1,175,-4.8,-5.6,-5.0,-4.5648255,0.9773825
2015,6,25,0.0,15.4,-4.0,HUANCANE,-15.21,-69.76,Norte,PUNO,2015-06-25,1,176,-4.4,-4.8,-5.6,-4.4304132,0.9773861
2015,6,26,0.0,16.6,-2.4,HUANCANE,-15.21,-69.76,Norte,PUNO,2015-06-26,1,177,-4.0,-4.4,-4.8,-3.9467106,0.9726484
2015,6,27,0.0,16.2,-5.4,HUANCANE,-15.21,-69.76,Norte,PUNO,2015-06-27,1,178,-2.4,-4.0,-4.4,-3.0437655,0.94248676
2015,6,28,0.0,17.4,-4.8,HUANCANE,-15.21,-69.76,Norte,PUNO,2015-06-28,1,179,-5.4,-2.4,-4.0,-4.898352,0.987224
2015,6,29,0.0,16.2,-7.8,HUANCANE,-15.21,-69.76,Norte,PUNO,2015-06-29,1,180,-4.8,-5.4,-2.4,-4.3195224,0.97875494
2015,6,30,0.0,15.8,-9.2,HUANCANE,-15.21,-69.76,Norte,PUNO,2015-06-30,1,181,-7.8,-4.8,-5.4,-7.0698037,0.99588794
2015,7,1,0.0,16.6,-6.4,HUANCANE,-15.21,-69.76,Norte,PUNO,2015-07-01,1,182,-9.2,-7.8,-4.8,-8.1378765,0.99767846
2015,7,2,0.0,17.2,-4.6,HUANCANE,-15.21,-69.76,Norte,PUNO,2015-07-02,1,183,-6.4,-9.2,-7.8,-6.144608,0.992997
2015,7,3,0.0,16.6,-2.2,HUANCANE,-15.21,-69.76,Norte,PUNO,2015-07-03,1,184,-4.6,-6.4,-9.2,-5.1454396,0.9799732
2015,7,4,2.4,8.8,0.8,HUANCANE,-15.21,-69.76,Norte,PUNO,2015-07-04,0,185,-2.2,-4.6,-6.4,-1.251786,0.7330268
2015,7,5,0.0,12.2,-1.4,HUANCANE,-15.21,-69.76,Norte,PUNO,2015-07-05,1,186,0.8,-2.2,-4.6,-1.8466004,0.7234918
2015,7,6,0.0,14.6,-6.4,HUANCANE,-15.21,-69.76,Norte,PUNO,2015-07-06,1,187,-1.4,0.8,-2.2,-2.093673,0.88271403
2015,7,7,0.0,13.8,-6.2,HUANCANE,-15.21,-69.76,Norte,PUNO,2015-07-07,1,188,-6.4,-1.4,0.8,-5.462736,0.985061
2015,7,8,0.0,15.2,-11.0,HUANCANE,-15.21,-69.76,Norte,PUNO,2015-07-08,1,189,-6.2,-6.4,-1.4,-5.403445,0.9870286
2015,7,9,0.0,15.4,-8.8,HUANCANE,-15.21,-69.76,Norte,PUNO,2015-07-09,1,190,-11.0,-6.2,-6.4,-9.684468,0.99779165
2015,7,10,0.0,16.0,-8.2,HUANCANE,-15.21,-69.76,Norte,PUNO,2015-07-10,1,191,-8.8,-11.0,-6.2,-8.343112,0.9977412
2015,7,11,0.0,16.0,-7.2,HUANCANE,-15.21,-69.76,Norte,PUNO,2015-07-11,1,192,-8.2,-8.8,-11.0,-7.9217577,0.99731475
2015,7,12,0.0,17.0,-8.0,HUANCANE,-15.21,-69.76,Norte,PUNO,2015-07-12,1,193,-7.2,-8.2,-8.8,-6.789356,0.9961138
2015,7,13,0.0,17.8,-6.8,HUANCANE,-15.21,-69.76,Norte,PUNO,2015-07-13,1,194,-8.0,-7.2,-8.2,-7.279447,0.99632865
2015,7,14,0.0,16.8,-6.6,HUANCANE,-15.21,-69.76,Norte,PUNO,2015-07-14,1,195,-6.8,-8.0,-7.2,-6.421649,0.9956045
2015,7,15,0.0,12.0,-4.4,HUANCANE,-15.21,-69.76,Norte,PUNO,2015-07-15,1,196,-6.6,-6.8,-8.0,-6.1674485,0.9919626
2015,7,16,0.0,16.4,-5.0,HUANCANE,-15.21,-69.76,Norte,PUNO,2015-07-16,1,197,-4.4,-6.6,-6.8,-4.625577,0.9791332
2015,7,17,0.0,16.2,-6.4,HUANCANE,-15.21,-69.76,Norte,PUNO,2015-07-17,1,198,-5.0,-4.4,-6.6,-4.723943,0.9810121
2015,7,18,0.0,15.6,-6.6,HUANCANE,-15.21,-69.76,Norte,PUNO,2015-07-18,1,199,-6.4,-5.0,-4.4,-5.6098685,0.9894326
2015,7,19,0.0,16.4,-8.0,HUANCANE,-15.21,-69.76,Norte,PUNO,2015-07-19,1,200,-6.6,-6.4,-5.0,-5.9378166,0.99319917
2015,7,20,0.0,14.4,-7.8,HUANCANE,-15.21,-69.76,Norte,PUNO,2015-07-20,1,201,-8.0,-6.6,-6.4,-7.287351,0.99615115
2015,7,21,0.0,16.0,-7.0,HUANCANE,-15.21,-69.76,Norte,PUNO,2015-07-21,1,202,-7.8,-8.0,-6.6,-7.299917,0.9972398
2015,7,22,0.0,17.0,-5.4,HUANCANE,-15.21,-69.76,Norte,PUNO,2015-07-22,1,203,-7.0,-7.8,-8.0,-6.788556,0.9954465
2015,7,23,0.0,18.4,-4.8,HUANCANE,-15.21,-69.76,Norte,PUNO,2015-07-23,1,204,-5.4,-7.0,-7.8,-5.50922,0.9889671
2015,7,24,0.0,17.0,-3.8,HUANCANE,-15.21,-69.76,Norte,PUNO,2015-07-24,1,205,-4.8,-5.4,-7.0,-4.685443,0.9810106
2015,7,25,0.0,16.0,-3.2,HUANCANE,-15.21,-69.76,Norte,PUNO,2015-07-25,1,206,-3.8,-4.8,-5.4,-3.8877468,0.9724015
2015,7,26,0.0,17.6,-3.8,HUANCANE,-15.21,-69.76,Norte,PUNO,2015-07-26,1,207,-3.2,-3.8,-4.8,-3.3715534,0.9596336
2015,7,27,0.0,16.2,-4.4,HUANCANE,-15.21,-69.76,Norte,PUNO,2015-07-27,1,208,-3.8,-3.2,-3.8,-3.6431558,0.9724744
2015,7,28,0.0,15.0,-4.8,HUANCANE,-15.21,-69.76,Norte,PUNO,2015-07-28,1,209,-4.4,-3.8,-3.2,-4.0082803,0.97703177
2015,7,29,0.0,15.4,-6.4,HUANCANE,-15.21,-69.76,Norte,PUNO,2015-07-29,1,210,-4.8,-4.4,-3.8,-4.4111643,0.9795663
2015,7,30,0.0,15.0,-7.0,HUANCANE,-15.21,-69.76,Norte,PUNO,2015-07-30,1,211,-6.4,-4.8,-4.4,-5.5062084,0.989286
2015,7,31,0.0,14.8,-6.0,HUANCANE,-15.21,-69.76,Norte,PUNO,2015-07-31,1,212,-7.0,-6.4,-4.8,-6.290065,0.9936898
2015,8,1,0.0,17.2,-6.8,HUANCANE,-15.21,-69.76,Norte,PUNO,2015-08-01,1,213,-6.0,-7.0,-6.4,-5.505453,0.9870974
2015,8,2,0.0,16.0,-5.4,HUANCANE,-15.21,-69.76,Norte,PUNO,2015-08-02,1,214,-6.8,-6.0,-7.0,-6.200635,0.9918794
2015,8,3,0.0,16.2,-5.2,HUANCANE,-15.21,-69.76,Norte,PUNO,2015-08-03,1,215,-5.4,-6.8,-6.0,-5.0291047,0.9845354
2015,8,4,0.0,17.4,-5.2,HUANCANE,-15.21,-69.76,Norte,PUNO,2015-08-04,1,216,-5.2,-5.4,-6.8,-4.798683,0.98434794
2015,8,5,0.0,16.2,-4.6,HUANCANE,-15.21,-69.76,Norte,PUNO,2015-08-05,1,217,-5.2,-5.2,-5.4,-4.787045,0.9806147
2015,8,6,0.0,17.0,-6.6,HUANCANE,-15.21,-69.76,Norte,PUNO,2015-08-06,1,218,-4.6,-5.2,-5.2,-4.2846527,0.9751075
2015,8,7,0.0,17.2,-5.6,HUANCANE,-15.21,-69.76,Norte,PUNO,2015-08-07,1,219,-6.6,-4.6,-5.2,-5.6470265,0.9901424
2015,8,8,0.0,17.8,-4.4,HUANCANE,-15.21,-69.76,Norte,PUNO,2015-08-08,1,220,-5.6,-6.6,-4.6,-5.1678567,0.9846991
2015,8,9,0.0,16.8,1.0,HUANCANE,-15.21,-69.76,Norte,PUNO,2015-08-09,0,221,-4.4,-5.6,-6.6,-4.266571,0.9710812
2015,8,10,0.0,15.4,-11.4,HUANCANE,-15.21,-69.76,Norte,PUNO,2015-08-10,1,222,1.0,-4.4,-5.6,-1.8218458,0.7044559
2015,8,11,11.9,14.4,-5.2,HUANCANE,-15.21,-69.76,Norte,PUNO,2015-08-11,1,223,-11.4,1.0,-4.4,-6.8699374,0.9785584
2015,8,12,6.8,10.8,2.6,HUANCANE,-15.21,-69.76,Norte,PUNO,2015-08-12,0,224,-5.2,-11.4,1.0,-3.011078,0.5336111
2015,8,13,0.0,10.0,0.4,HUANCANE,-15.21,-69.76,Norte,PUNO,2015-08-13,0,225,2.6,-5.2,-11.4,-1.7506603,0.6934848
2015,8,14,0.0,15.2,-1.2,HUANCANE,-15.21,-69.76,Norte,PUNO,2015-08-14,1,226,0.4,2.6,-5.2,-1.4631454,0.6969211
2015,8,15,0.0,16.4,-5.0,HUANCANE,-15.21,-69.76,Norte,PUNO,2015-08-15,1,227,-1.2,0.4,2.6,-1.3319362,0.79073
2015,8,16,0.0,15.0,-2.4,HUANCANE,-15.21,-69.76,Norte,PUNO,2015-08-16,1,228,-5.0,-1.2,0.4,-3.9929547,0.95423603
2015,8,17,0.0,17.4,-3.2,HUANCANE,-15.21,-69.76,Norte,PUNO,2015-08-17,1,229,-2.4,-5.0,-1.2,-2.3834212,0.91416293
2015,8,18,0.1,14.4,0.4,HUANCANE,-15.21,-69.76,Norte,PUNO,2015-08-18,0,230,-3.2,-2.4,-5.0,-1.6857574,0.7952393
2015,8,19,0.0,17.2,-2.0,HUANCANE,-15.21,-69.76,Norte,PUNO,2015-08-19,1,231,0.4,-3.2,-2.4,-0.84453034,0.66482073
2015,8,20,0.0,15.2,-2.4,HUANCANE,-15.21,-69.76,Norte,PUNO,2015-08-20,1,232,-2.0,0.4,-3.2,-1.9673929,0.8578941
2015,8,21,0.0,16.6,-1.6,HUANCANE,-15.21,-69.76,Norte,PUNO,2015-08-21,1,233,-2.4,-2.0,0.4,-2.0087087,0.8769726
2015,8,22,0.0,16.8,-2.4,HUANCANE,-15.21,-69.76,Norte,PUNO,2015-08-22,1,234,-1.6,-2.4,-2.0,-1.5968459,0.85833204
2015,8,23,0.0,17.4,-1.4,HUANCANE,-15.21,-69.76,Norte,PUNO,2015-08-23,1,235,-2.4,-1.6,-2.4,-2.160371,0.90092915
2015,8,24,0.0,16.6,-1.6,HUANCANE,-15.21,-69.76,Norte,PUNO,2015-08-24,1,236,-1.4,-2.4,-1.6,-1.3391614,0.83178973
2015,8,25,0.0,16.4,0.8,HUANCANE,-15.21,-69.76,Norte,PUNO,2015-08-25,0,237,-1.6,-1.4,-2.4,-1.5636935,0.84460294
2015,8,26,0.0,16.6,-4.0,HUANCANE,-15.21,-69.76,Norte,PUNO,2015-08-26,1,238,0.8,-1.6,-1.4,-0.29670146,0.5105324
2015,8,27,0.0,13.6,-5.0,HUANCANE,-15.21,-69.76,Norte,PUNO,2015-08-27,1,239,-4.0,0.8,-1.6,-3.1470473,0.9119075
2015,8,28,0.0,14.2,-5.4,HUANCANE,-15.21,-69.76,Norte,PUNO,2015-08-28,1,240,-5.0,-4.0,0.8,-3.9518907,0.94830775
2015,8,29,0.0,15.0,-7.8,HUANCANE,-15.21,-69.76,Norte,PUNO,2015-08-29,1,241,-5.4,-5.0,-4.0,-4.514063,0.97536135
2015,8,30,0.0,14.0,-9.4,HUANCANE,-15.21,-69.76,Norte,PUNO,2015-08-30,1,242,-7.8,-5.4,-5.0,-6.208594,0.98994154
2015,8,31,0.0,15.0,-5.8,HUANCANE,-15.21,-69.76,Norte,PUNO,2015-08-31,1,243,-9.4,-7.8,-5.4,-7.562211,0.99460757
2015,9,1,0.0,13.4,-2.4,HUANCANE,-15.21,-69.76,Norte,PUNO,2015-09-01,1,244,-5.8,-9.4,-7.8,-5.0775175,0.9775058
2015,9,2,8.4,14.4,0.4,HUANCANE,-15.21,-69.76,Norte,PUNO,2015-09-02,0,245,-2.4,-5.8,-9.4,-1.0808475,0.6773038
2015,9,3,0.9,12.4,2.8,HUANCANE,-15.21,-69.76,Norte,PUNO,2015-09-03,0,246,0.4,-2.4,-5.8,0.7907698,0.37038237
2015,9,4,2.6,13.4,3.6,HUANCANE,-15.21,-69.76,Norte,PUNO,2015-09-04,0,247,2.8,0.4,-2.4,1.964242,0.07561091
2015,9,5,12.4,10.8,3.4,HUANCANE,-15.21,-69.76,Norte,PUNO,2015-09-05,0,248,3.6,2.8,0.4,2.2726576,0.040851872
2015,9,6,0.0,16.4,2.0,HUANCANE,-15.21,-69.76,Norte,PUNO,2015-09-06,0,249,3.4,3.6,2.8,2.0007741,0.124891676
2015,9,7,0.0,17.2,-2.4,HUANCANE,-15.21,-69.76,Norte,PUNO,2015-09-07,1,250,2.0,3.4,3.6,1.3738233,0.20541878
2015,9,8,0.0,17.6,-5.2,HUANCANE,-15.21,-69.76,Norte,PUNO,2015-09-08,1,251,-2.4,2.0,3.4,-1.7555399,0.80845904
2015,9,9,0.0,17.4,-4.6,HUANCANE,-15.21,-69.76,Norte,PUNO,2015-09-09,1,252,-5.2,-2.4,2.0,-3.8927865,0.94862455
2015,9,10,0.0,17.0,-4.4,HUANCANE,-15.21,-69.76,Norte,PUNO,2015-09-10,1,253,-4.6,-5.2,-2.4,-3.6684024,0.9553364
2015,9,11,0.0,18.4,-3.4,HUANCANE,-15.21,-69.76,Norte,PUNO,2015-09-11,1,254,-4.4,-4.6,-5.2,-3.510818,0.9482597
2015,9,12,0.0,18.8,-2.0,HUANCANE,-15.21,-69.76,Norte,PUNO,2015-09-12,1,255,-3.4,-4.4,-4.6,-2.6873753,0.9410377
2015,9,13,0.0,18.4,-2.8,HUANCANE,-15.21,-69.76,Norte,PUNO,2015-09-13,1,256,-2.0,-3.4,-4.4,-1.8331612,0.8432567
2015,9,14,0.0,18.0,-1.4,HUANCANE,-15.21,-69.76,Norte,PUNO,2015-09-14,1,257,-2.8,-2.0,-3.4,-2.1733468,0.8920748
2015,9,15,0.0,18.0,-1.6,HUANCANE,-15.21,-69.76,Norte,PUNO,2015-09-15,1,258,-1.4,-2.8,-2.0,-1.0459589,0.7772977
2015,9,16,0.0,18.2,-0.4,HUANCANE,-15.21,-69.76,Norte,PUNO,2015-09-16,1,259,-1.6,-1.4,-2.8,-1.2482618,0.80037457
2015,9,17,0.4,17.0,-1.0,HUANCANE,-15.21,-69.76,Norte,PUNO,2015-09-17,1,260,-0.4,-1.6,-1.4,0.772947,0.48458835
2015,9,18,0.9,17.2,2.8,HUANCANE,-15.21,-69.76,Norte,PUNO,2015-09-18,0,261,-1.0,-0.4,-1.6,0.1286395,0.5976041
2015,9,19,0.0,13.8,3.0,HUANCANE,-15.21,-69.76,Norte,PUNO,2015-09-19,0,262,2.8,-1.0,-0.4,1.041048,0.2733024
2015,9,20,0.0,16.2,2.8,HUANCANE,-15.21,-69.76,Norte,PUNO,2015-09-20,0,263,3.0,2.8,-1.0,1.2997923,0.23413695
2015,9,21,0.0,17.0,-0.4,HUANCANE,-15.21,-69.76,Norte,PUNO,2015-09-21,1,264,2.8,3.0,2.8,1.8347509,0.103090435
2015,9,22,0.0,18.0,-0.6,HUANCANE,-15.21,-69.76,Norte,PUNO,2015-09-22,1,265,-0.4,2.8,3.0,0.19469407,0.48310465
2015,9,23,3.6,16.0,1.6,HUANCANE,-15.21,-69.76,Norte,PUNO,2015-09-23,0,266,-0.6,-0.4,2.8,1.093062,0.27455592
2015,9,24,0.0,16.2,3.6,HUANCANE,-15.21,-69.76,Norte,PUNO,2015-09-24,0,267,1.6,-0.6,-0.4,1.1201624,0.25551736
2015,9,25,2.1,16.2,4.8,HUANCANE,-15.21,-69.76,Norte,PUNO,2015-09-25,0,268,3.6,1.6,-0.6,2.8051345,0.05025965
2015,9,26,0.0,18.2,4.4,HUANCANE,-15.21,-69.76,Norte,PUNO,2015-09-26,0,269,4.8,3.6,1.6,2.7983093,0.078630514
2015,9,27,0.0,18.4,-2.6,HUANCANE,-15.21,-69.76,Norte,PUNO,2015-09-27,1,270,4.4,4.8,3.6,2.8913555,0.032017563
2015,9,28,0.0,17.4,0.4,HUANCANE,-15.21,-69.76,Norte,PUNO,2015-09-28,0,271,-2.6,4.4,4.8,-1.0171235,0.6227611
2015,9,29,0.0,18.2,-3.0,HUANCANE,-15.21,-69.76,Norte,PUNO,2015-09-29,1,272,0.4,-2.6,4.4,0.30388665,0.3531193
2015,9,30,0.0,18.6,-1.8,HUANCANE,-15.21,-69.76,Norte,PUNO,2015-09-30,1,273,-3.0,0.4,-2.6,-1.8576584,0.8132869
2015,10,1,0.0,16.2,-2.4,HUANCANE,-15.21,-69.76,Norte,PUNO,2015-10-01,1,274,-1.8,-3.0,0.4,-0.8610368,0.67930835
2015,10,2,1.9,14.2,2.4,HUANCANE,-15.21,-69.76,Norte,PUNO,2015-10-02,0,275,-2.4,-1.8,-3.0,-0.37395942,0.604479
2015,10,3,2.2,10.2,2.2,HUANCANE,-15.21,-69.76,Norte,PUNO,2015-10-03,0,276,2.4,-2.4,-1.8,1.8779441,0.13624212
2015,10,4,0.0,15.8,0.4,HUANCANE,-15.21,-69.76,Norte,PUNO,2015-10-04,0,277,2.2,2.4,-2.4,1.3308553,0.17662086
2015,10,5,0.0,17.2,-2.0,HUANCANE,-15.21,-69.76,Norte,PUNO,2015-10-05,1,278,0.4,2.2,2.4,1.1592854,0.25388235
2015,10,6,0.0,18.4,-2.8,HUANCANE,-15.21,-69.76,Norte,PUNO,2015-10-06,1,279,-2.0,0.4,2.2,-0.6204344,0.6070532
2015,10,7,0.0,18.2,-0.8,HUANCANE,-15.21,-69.76,Norte,PUNO,2015-10-07,1,280,-2.8,-2.0,0.4,-1.2490985,0.76898825
2015,10,8,0.0,19.8,1.0,HUANCANE,-15.21,-69.76,Norte,PUNO,2015-10-08,0,281,-0.8,-2.8,-2.0,-0.3219481,0.68980926
2015,10,9,0.0,18.6,-5.4,HUANCANE,-15.21,-69.76,Norte,PUNO,2015-10-09,1,282,1.0,-0.8,-2.8,0.56538004,0.384616
2015,10,10,0.0,19.6,-5.2,HUANCANE,-15.21,-69.76,Norte,PUNO,2015-10-10,1,283,-5.4,1.0,-0.8,-3.4667978,0.91475433
2015,10,11,0.0,21.4,-4.2,HUANCANE,-15.21,-69.76,Norte,PUNO,2015-10-11,1,284,-5.2,-5.4,1.0,-3.0838103,0.91638285
2015,10,12,0.0,19.4,-4.8,HUANCANE,-15.21,-69.76,Norte,PUNO,2015-10-12,1,285,-4.2,-5.2,-5.4,-2.7084596,0.92315066
2015,10,13,0.0,18.8,-5.6,HUANCANE,-15.21,-69.76,Norte,PUNO,2015-10-13,1,286,-4.8,-4.2,-5.2,-2.8394494,0.93577844
2015,10,14,0.0,19.6,-4.4,HUANCANE,-15.21,-69.76,Norte,PUNO,2015-10-14,1,287,-5.6,-4.8,-4.2,-3.5667372,0.96089077
2015,10,15,0.0,18.0,0.4,HUANCANE,-15.21,-69.76,Norte,PUNO,2015-10-15,0,288,-4.4,-5.6,-4.8,-2.7999988,0.9210193
2015,10,16,0.0,17.0,-1.4,HUANCANE,-15.21,-69.76,Norte,PUNO,2015-10-16,1,289,0.4,-4.4,-5.6,-0.56979394,0.5831805
2015,10,17,0.0,17.6,-0.4,HUANCANE,-15.21,-69.76,Norte,PUNO,2015-10-17,1,290,-1.4,0.4,-4.4,-0.7712986,0.630655
2015,10,18,0.0,14.4,1.4,HUANCANE,-15.21,-69.76,Norte,PUNO,2015-10-18,0,291,-0.4,-1.4,0.4,0.4449101,0.4979112
2015,10,19,0.8,18.4,-0.8,HUANCANE,-15.21,-69.76,Norte,PUNO,2015-10-19,1,292,1.4,-0.4,-1.4,1.8332056,0.13061649
2015,10,20,12.6,18.0,5.4,HUANCANE,-15.21,-69.76,Norte,PUNO,2015-10-20,0,293,-0.8,1.4,-0.4,1.2168642,0.31789216
2015,10,21,0.0,16.8,1.8,HUANCANE,-15.21,-69.76,Norte,PUNO,2015-10-21,0,294,5.4,-0.8,1.4,2.39854,0.11436167
2015,10,22,0.0,17.4,-0.6,HUANCANE,-15.21,-69.76,Norte,PUNO,2015-10-22,1,295,1.8,5.4,-0.8,1.5266412,0.14457245
2015,10,23,0.0,17.4,-0.4,HUANCANE,-15.21,-69.76,Norte,PUNO,2015-10-23,1,296,-0.6,1.8,5.4,0.914603,0.3734227
2015,10,24,1.7,17.2,3.4,HUANCANE,-15.21,-69.76,Norte,PUNO,2015-10-24,0,297,-0.4,-0.6,1.8,1.3600297,0.22970772
2015,10,25,3.5,13.6,4.6,HUANCANE,-15.21,-69.76,Norte,PUNO,2015-10-25,0,298,3.4,-0.4,-0.6,3.0166261,0.046289776
2015,10,26,0.0,13.2,3.4,HUANCANE,-15.21,-69.76,Norte,PUNO,2015-10-26,0,299,4.6,3.4,-0.4,3.0009918,0.068337806
2015,10,27,0.0,15.4,4.6,HUANCANE,-15.21,-69.76,Norte,PUNO,2015-10-27,0,300,3.4,4.6,3.4,3.245341,0.034676757
2015,10,28,8.5,15.2,4.6,HUANCANE,-15.21,-69.76,Norte,PUNO,2015-10-28,0,301,4.6,3.4,4.6,4.052623,0.005054902
2015,10,29,8.4,15.2,2.8,HUANCANE,-15.21,-69.76,Norte,PUNO,2015-10-29,0,302,4.6,4.6,3.4,4.0214067,0.0031970737
2015,1,1,0.6,20.2,0.4,MAZO CRUZ,-16.75,-69.71,Sur,PUNO,2015-01-01,0,1,-0.6,1.8,1.8,0.218815,0.4555426
2015,1,2,8.4,14.4,1.2,MAZO CRUZ,-16.75,-69.71,Sur,PUNO,2015-01-02,0,2,0.4,-0.6,1.8,1.2424121,0.148939
2015,1,3,2.2,18.2,1.0,MAZO CRUZ,-16.75,-69.71,Sur,PUNO,2015-01-03,0,3,1.2,0.4,-0.6,0.9931488,0.29550606
2015,1,4,5.0,13.6,2.6,MAZO CRUZ,-16.75,-69.71,Sur,PUNO,2015-01-04,0,4,1.0,1.2,0.4,1.3513666,0.14299385
2015,1,5,5.6,14.4,1.5,MAZO CRUZ,-16.75,-69.71,Sur,PUNO,2015-01-05,0,5,2.6,1.0,1.2,2.2523031,0.08734128
2015,1,6,4.4,16.8,2.6,MAZO CRUZ,-16.75,-69.71,Sur,PUNO,2015-01-06,0,6,1.5,2.6,1.0,1.7183286,0.16036269
2015,1,7,0.0,16.6,-0.6,MAZO CRUZ,-16.75,-69.71,Sur,PUNO,2015-01-07,1,7,2.6,1.5,2.6,1.1541414,0.3023722
2015,1,8,0.0,15.2,2.6,MAZO CRUZ,-16.75,-69.71,Sur,PUNO,2015-01-08,0,8,-0.6,2.6,1.5,-0.51742035,0.62675595
2015,1,9,6.8,19.6,1.6,MAZO CRUZ,-16.75,-69.71,Sur,PUNO,2015-01-09,0,9,2.6,-0.6,2.6,1.4260346,0.22781275
2015,1,10,5.6,14.2,0.6,MAZO CRUZ,-16.75,-69.71,Sur,PUNO,2015-01-10,0,10,1.6,2.6,-0.6,1.9205434,0.1256693
2015,1,11,1.2,15.2,2.4,MAZO CRUZ,-16.75,-69.71,Sur,PUNO,2015-01-11,0,11,0.6,1.6,2.6,1.2601669,0.17980736
2015,1,12,3.2,12.4,4.0,MAZO CRUZ,-16.75,-69.71,Sur,PUNO,2015-01-12,0,12,2.4,0.6,1.6,1.9855839,0.119184755
2015,1,13,0.0,15.2,2.0,MAZO CRUZ,-16.75,-69.71,Sur,PUNO,2015-01-13,0,13,4.0,2.4,0.6,2.0068126,0.19293499
2015,1,14,0.0,18.4,-5.2,MAZO CRUZ,-16.75,-69.71,Sur,PUNO,2015-01-14,1,14,2.0,4.0,2.4,1.0889103,0.3720207
2015,1,15,0.0,19.4,-4.2,MAZO CRUZ,-16.75,-69.71,Sur,PUNO,2015-01-15,1,15,-5.2,2.0,4.0,-4.6474957,0.92399156
2015,1,16,0.0,17.2,-1.6,MAZO CRUZ,-16.75,-69.71,Sur,PUNO,2015-01-16,1,16,-4.2,-5.2,2.0,-3.4877503,0.92226166
2015,1,17,8.0,18.6,-4.4,MAZO CRUZ,-16.75,-69.71,Sur,PUNO,2015-01-17,1,17,-1.6,-4.2,-5.2,-1.0324378,0.6671936
2015,1,18,1.0,16.0,0.0,MAZO CRUZ,-16.75,-69.71,Sur,PUNO,2015-01-18,1,18,-4.4,-1.6,-4.2,-1.748434,0.78049237
2015,1,19,2.6,18.0,-2.4,MAZO CRUZ,-16.75,-69.71,Sur,PUNO,2015-01-19,1,19,0.0,-4.4,-1.6,-0.42108494,0.6956367
2015,1,20,2.0,15.2,4.4,MAZO CRUZ,-16.75,-69.71,Sur,PUNO,2015-01-20,0,20,-2.4,0.0,-4.4,-0.55166626,0.62721586
2015,1,21,2.6,13.8,3.2,MAZO CRUZ,-16.75,-69.71,Sur,PUNO,2015-01-21,0,21,4.4,-2.4,0.0,2.4461524,0.0981862
2015,1,22,3.8,16.4,3.4,MAZO CRUZ,-16.75,-69.71,Sur,PUNO,2015-01-22,0,22,3.2,4.4,-2.4,2.5642219,0.080140986
2015,1,23,9.4,16.2,1.6,MAZO CRUZ,-16.75,-69.71,Sur,PUNO,2015-01-23,0,23,3.4,3.2,4.4,2.9872663,0.04252032
2015,1,24,13.4,16.4,5.2,MAZO CRUZ,-16.75,-69.71,Sur,PUNO,2015-01-24,0,24,1.6,3.4,3.2,1.9717996,0.08832425
2015,1,25,3.6,14.6,1.0,MAZO CRUZ,-16.75,-69.71,Sur,PUNO,2015-01-25,0,25,5.2,1.6,3.4,3.4919,0.028763985
2015,1,26,0.8,16.4,-2.2,MAZO CRUZ,-16.75,-69.71,Sur,PUNO,2015-01-26,1,26,1.0,5.2,1.6,1.9734998,0.20826352
2015,1,27,0.2,17.2,-1.6,MAZO CRUZ,-16.75,-69.71,Sur,PUNO,2015-01-27,1,27,-2.2,1.0,5.2,-0.3031765,0.547259
2015,1,28,1.4,18.0,-0.2,MAZO CRUZ,-16.75,-69.71,Sur,PUNO,2015-01-28,1,28,-1.6,-2.2,1.0,-0.8236665,0.6430922
2015,1,29,30.0,16.4,3.2,MAZO CRUZ,-16.75,-69.71,Sur,PUNO,2015-01-29,0,29,-0.2,-1.6,-2.2,0.3886987,0.4813025
2015,1,30,11.6,14.0,3.2,MAZO CRUZ,-16.75,-69.71,Sur,PUNO,2015-01-30,0,30,3.2,-0.2,-1.6,2.491572,0.10491788
2015,1,31,9.0,14.2,3.6,MAZO CRUZ,-16.75,-69.71,Sur,PUNO,2015-01-31,0,31,3.2,3.2,-0.2,2.8692589,0.05832525
2015,2,1,1.0,16.0,4.4,MAZO CRUZ,-16.75,-69.71,Sur,PUNO,2015-02-01,0,32,3.6,3.2,3.2,2.6947818,0.07166435
2015,2,2,0.0,17.6,2.4,MAZO CRUZ,-16.75,-69.71,Sur,PUNO,2015-02-02,0,33,4.4,3.6,3.2,2.3331919,0.18273464
2015,2,3,1.0,19.2,-1.2,MAZO CRUZ,-16.75,-69.71,Sur,PUNO,2015-02-03,1,34,2.4,4.4,3.6,1.8239568,0.16185765
2015,2,4,0.2,18.6,2.0,MAZO CRUZ,-16.75,-69.71,Sur,PUNO,2015-02-04,0,35,-1.2,2.4,4.4,0.012485499,0.55261505
2015,2,5,0.0,16.8,-1.6,MAZO CRUZ,-16.75,-69.71,Sur,PUNO,2015-02-05,1,36,2.0,-1.2,2.4,0.5357368,0.48004496
2015,2,6,11.2,16.2,-0.8,MAZO CRUZ,-16.75,-69.71,Sur,PUNO,2015-02-06,1,37,-1.6,2.0,-1.2,0.3378569,0.4350987
2015,2,7,5.2,15.8,3.2,MAZO CRUZ,-16.75,-69.71,Sur,PUNO,2015-02-07,0,38,-0.8,-1.6,2.0,0.46222582,0.47517714
2015,2,8,3.2,16.0,3.8,MAZO CRUZ,-16.75,-69.71,Sur,PUNO,2015-02-08,0,39,3.2,-0.8,-1.6,2.1357226,0.2094766
2015,2,9,5.4,13.6,5.2,MAZO CRUZ,-16.75,-69.71,Sur,PUNO,2015-02-09,0,40,3.8,3.2,-0.8,3.0152006,0.0536219
2015,2,10,1.2,15.4,5.6,MAZO CRUZ,-16.75,-69.71,Sur,PUNO,2015-02-10,0,41,5.2,3.8,3.2,3.6456883,0.0146578
2015,2,11,14.0,15.6,4.4,MAZO CRUZ,-16.75,-69.71,Sur,PUNO,2015-02-11,0,42,5.6,5.2,3.8,4.1739583,0.0047444794
2015,2,12,2.0,14.4,2.0,MAZO CRUZ,-16.75,-69.71,Sur,PUNO,2015-02-12,0,43,4.4,5.6,5.2,4.178075,0.007362675
2015,2,13,10.6,17.4,3.4,MAZO CRUZ,-16.75,-69.71,Sur,PUNO,2015-02-13,0,44,2.0,4.4,5.6,2.6815875,0.060587674
2015,2,14,21.8,14.8,5.2,MAZO CRUZ,-16.75,-69.71,Sur,PUNO,2015-02-14,0,45,3.4,2.0,4.4,3.115402,0.030753471
2015,2,15,0.0,15.2,3.8,MAZO CRUZ,-16.75,-69.71,Sur,PUNO,2015-02-15,0,46,5.2,3.4,2.0,3.0278444,0.06715048
2015,2,16,0.0,18.0,4.2,MAZO CRUZ,-16.75,-69.71,Sur,PUNO,2015-02-16,0,47,3.8,5.2,3.4,1.9917173,0.4146804
2015,2,17,4.0,16.8,0.4,MAZO CRUZ,-16.75,-69.71,Sur,PUNO,2015-02-17,0,48,4.2,3.8,5.2,3.5243244,0.027813872
2015,2,18,0.0,18.0,-2.6,MAZO CRUZ,-16.75,-69.71,Sur,PUNO,2015-02-18,1,49,0.4,4.2,3.8,0.23484637,0.4766288
2015,2,19,0.0,18.4,-5.2,MAZO CRUZ,-16.75,-69.71,Sur,PUNO,2015-02-19,1,50,-2.6,0.4,4.2,-2.5719898,0.8663548
2015,2,20,0.0,18.4,-3.4,MAZO CRUZ,-16.75,-69.71,Sur,PUNO,2015-02-20,1,51,-5.2,-2.6,0.4,-4.4948945,0.96933526
2015,2,21,1.4,18.2,1.0,MAZO CRUZ,-16.75,-69.71,Sur,PUNO,2015-02-21,0,52,-3.4,-5.2,-2.6,-1.6830534,0.81832576
2015,2,22,8.8,18.6,1.4,MAZO CRUZ,-16.75,-69.71,Sur,PUNO,2015-02-22,0,53,1.0,-3.4,-5.2,0.18659936,0.44073203
2015,2,23,6.8,14.6,4.8,MAZO CRUZ,-16.75,-69.71,Sur,PUNO,2015-02-23,0,54,1.4,1.0,-3.4,1.2734542,0.15919489
2015,2,24,0.0,17.2,4.2,MAZO CRUZ,-16.75,-69.71,Sur,PUNO,2015-02-24,0,55,4.8,1.4,1.0,1.922258,0.28846654
2015,2,25,0.0,18.4,-1.6,MAZO CRUZ,-16.75,-69.71,Sur,PUNO,2015-02-25,1,56,4.2,4.8,1.4,1.5822852,0.43950507
2015,2,26,0.0,18.0,0.4,MAZO CRUZ,-16.75,-69.71,Sur,PUNO,2015-02-26,0,57,-1.6,4.2,4.8,-1.6674608,0.8001851
2015,2,27,3.8,14.4,-0.6,MAZO CRUZ,-16.75,-69.71,Sur,PUNO,2015-02-27,1,58,0.4,-1.6,4.2,1.6414003,0.1682089
2015,2,28,0.0,16.8,-2.0,MAZO CRUZ,-16.75,-69.71,Sur,PUNO,2015-02-28,1,59,-0.6,0.4,-1.6,-1.1448884,0.7645794
2015,3,1,0.4,17.6,3.6,MAZO CRUZ,-16.75,-69.71,Sur,PUNO,2015-03-01,0,60,-2.0,-0.6,0.4,-1.0022357,0.71017736
2015,3,2,0.4,18.2,2.0,MAZO CRUZ,-16.75,-69.71,Sur,PUNO,2015-03-02,0,61,3.6,-2.0,-0.6,1.3983612,0.26238808
2015,3,3,0.6,19.4,-0.2,MAZO CRUZ,-16.75,-69.71,Sur,PUNO,2015-03-03,1,62,2.0,3.6,-2.0,1.2396735,0.44499
2015,3,4,7.8,15.2,5.2,MAZO CRUZ,-16.75,-69.71,Sur,PUNO,2015-03-04,0,63,-0.2,2.0,3.6,1.2513973,0.17521991
2015,3,5,6.6,15.2,2.8,MAZO CRUZ,-16.75,-69.71,Sur,PUNO,2015-03-05,0,64,5.2,-0.2,2.0,3.0690188,0.060975533
2015,3,6,8.4,16.4,4.6,MAZO CRUZ,-16.75,-69.71,Sur,PUNO,2015-03-06,0,65,2.8,5.2,-0.2,2.4612622,0.06698197
2015,3,7,4.0,16.0,3.4,MAZO CRUZ,-16.75,-69.71,Sur,PUNO,2015-03-07,0,66,4.6,2.8,5.2,3.414699,0.011628061
2015,3,8,7.8,14.6,4.8,MAZO CRUZ,-16.75,-69.71,Sur,PUNO,2015-03-08,0,67,3.4,4.6,2.8,3.1640542,0.029725458
2015,3,9,2.0,15.6,2.6,MAZO CRUZ,-16.75,-69.71,Sur,PUNO,2015-03-09,0,68,4.8,3.4,4.6,3.482189,0.010685911
2015,3,10,1.4,16.0,4.8,MAZO CRUZ,-16.75,-69.71,Sur,PUNO,2015-03-10,0,69,2.6,4.8,3.4,2.311506,0.061882824
2015,3,11,5.8,17.4,2.4,MAZO CRUZ,-16.75,-69.71,Sur,PUNO,2015-03-11,0,70,4.8,2.6,4.8,3.249816,0.030596374
2015,3,12,7.6,19.2,0.0,MAZO CRUZ,-16.75,-69.71,Sur,PUNO,2015-03-12,1,71,2.4,4.8,2.6,1.9082144,0.08222141
2015,3,13,0.0,18.0,1.2,MAZO CRUZ,-16.75,-69.71,Sur,PUNO,2015-03-13,0,72,0.0,2.4,4.8,-0.6218973,0.58179224
2015,3,14,2.0,16.2,0.4,MAZO CRUZ,-16.75,-69.71,Sur,PUNO,2015-03-14,0,73,1.2,0.0,2.4,1.2429836,0.3154492
2015,3,15,2.8,16.4,-0.6,MAZO CRUZ,-16.75,-69.71,Sur,PUNO,2015-03-15,1,74,0.4,1.2,0.0,0.81881595,0.32502565
2015,3,16,2.0,18.2,2.4,MAZO CRUZ,-16.75,-69.71,Sur,PUNO,2015-03-16,0,75,-0.6,0.4,1.2,-0.11240519,0.55622774
2015,3,17,16.6,15.8,5.4,MAZO CRUZ,-16.75,-69.71,Sur,PUNO,2015-03-17,0,76,2.4,-0.6,0.4,1.6572908,0.16803306
2015,3,18,2.4,13.2,4.0,MAZO CRUZ,-16.75,-69.71,Sur,PUNO,2015-03-18,0,77,5.4,2.4,-0.6,3.5299401,0.015759844
2015,3,19,6.0,14.0,4.0,MAZO CRUZ,-16.75,-69.71,Sur,PUNO,2015-03-19,0,78,4.0,5.4,2.4,3.5988045,0.02312723
2015,3,20,2.0,16.4,2.8,MAZO CRUZ,-16.75,-69.71,Sur,PUNO,2015-03-20,0,79,4.0,4.0,5.4,3.2069168,0.044311874
2015,3,21,4.0,16.6,3.8,MAZO CRUZ,-16.75,-69.71,Sur,PUNO,2015-03-21,0,80,2.8,4.0,4.0,2.4617226,0.07464383
2015,3,22,3.8,17.6,3.2,MAZO CRUZ,-16.75,-69.71,Sur,PUNO,2015-03-22,0,81,3.8,2.8,4.0,2.4321527,0.10057525
2015,3,23,0.2,15.4,0.6,MAZO CRUZ,-16.75,-69.71,Sur,PUNO,2015-03-23,0,82,3.2,3.8,2.8,2.5724316,0.08950897
2015,3,24,1.2,15.4,0.6,MAZO CRUZ,-16.75,-69.71,Sur,PUNO,2015-03-24,0,83,0.6,3.2,3.8,1.9074384,0.17862952
2015,3,25,5.6,12.4,1.4,MAZO CRUZ,-16.75,-69.71,Sur,PUNO,2015-03-25,0,84,0.6,0.6,3.2,1.7416939,0.21789299
2015,3,26,1.6,13.6,0.2,MAZO CRUZ,-16.75,-69.71,Sur,PUNO,2015-03-26,0,85,1.4,0.6,0.6,1.4131444,0.22108886
2015,3,27,0.0,16.6,-1.6,MAZO CRUZ,-16.75,-69.71,Sur,PUNO,2015-03-27,1,86,0.2,1.4,0.6,-0.3070878,0.45946345
2015,3,28,0.0,16.0,-5.2,MAZO CRUZ,-16.75,-69.71,Sur,PUNO,2015-03-28,1,87,-1.6,0.2,1.4,-1.835957,0.8154725
2015,3,29,0.0,17.4,-4.6,MAZO CRUZ,-16.75,-69.71,Sur,PUNO,2015-03-29,1,88,-5.2,-1.6,0.2,-4.671062,0.9629206
2015,3,30,0.0,16.6,-2.8,MAZO CRUZ,-16.75,-69.71,Sur,PUNO,2015-03-30,1,89,-4.6,-5.2,-1.6,-4.370726,0.97045654
2015,3,31,0.0,17.2,-4.0,MAZO CRUZ,-16.75,-69.71,Sur,PUNO,2015-03-31,1,90,-2.8,-4.6,-5.2,-3.5952823,0.928149
2015,4,1,2.0,15.4,3.2,MAZO CRUZ,-16.75,-69.71,Sur,PUNO,2015-04-01,0,91,-4.0,-2.8,-4.6,-2.2564144,0.8333891
2015,4,2,1.0,17.2,0.2,MAZO CRUZ,-16.75,-69.71,Sur,PUNO,2015-04-02,0,92,3.2,-4.0,-2.8,1.129085,0.33214727
2015,4,3,0.0,19.6,-2.2,MAZO CRUZ,-16.75,-69.71,Sur,PUNO,2015-04-03,1,93,0.2,3.2,-4.0,-1.3533723,0.79644215
2015,4,4,0.0,20.4,-3.6,MAZO CRUZ,-16.75,-69.71,Sur,PUNO,2015-04-04,1,94,-2.2,0.2,3.2,-2.9412918,0.92206824
2015,4,5,0.0,18.6,-2.2,MAZO CRUZ,-16.75,-69.71,Sur,PUNO,2015-04-05,1,95,-3.6,-2.2,0.2,-3.6505263,0.9600965
2015,4,6,0.0,16.2,-1.4,MAZO CRUZ,-16.75,-69.71,Sur,PUNO,2015-04-06,1,96,-2.2,-3.6,-2.2,-3.1451137,0.9087847
2015,4,7,0.0,15.8,-3.6,MAZO CRUZ,-16.75,-69.71,Sur,PUNO,2015-04-07,1,97,-1.4,-2.2,-3.6,-2.6096754,0.87617254
2015,4,8,0.0,12.8,1.0,MAZO CRUZ,-16.75,-69.71,Sur,PUNO,2015-04-08,0,98,-3.6,-1.4,-2.2,-3.454446,0.94366926
2015,4,9,0.0,15.8,2.4,MAZO CRUZ,-16.75,-69.71,Sur,PUNO,2015-04-09,0,99,1.0,-3.6,-1.4,-1.6673539,0.7351748
2015,4,10,7.2,15.6,1.8,MAZO CRUZ,-16.75,-69.71,Sur,PUNO,2015-04-10,0,100,2.4,1.0,-3.6,1.5439237,0.22130197
2015,4,11,8.4,14.2,0.4,MAZO CRUZ,-16.75,-69.71,Sur,PUNO,2015-04-11,0,101,1.8,2.4,1.0,1.9806905,0.13188894
2015,4,12,4.2,13.8,3.6,MAZO CRUZ,-16.75,-69.71,Sur,PUNO,2015-04-12,0,102,0.4,1.8,2.4,1.3200448,0.23102371
2015,4,13,0.2,15.2,1.4,MAZO CRUZ,-16.75,-69.71,Sur,PUNO,2015-04-13,0,103,3.6,0.4,1.8,2.0957234,0.16291033
2015,4,14,0.1,15.4,-2.4,MAZO CRUZ,-16.75,-69.71,Sur,PUNO,2015-04-14,1,104,1.4,3.6,0.4,1.4643596,0.22332041
2015,4,15,0.0,16.2,-4.6,MAZO CRUZ,-16.75,-69.71,Sur,PUNO,2015-04-15,1,105,-2.4,1.4,3.6,-2.7925172,0.8905792
2015,4,16,0.0,16.4,-0.8,MAZO CRUZ,-16.75,-69.71,Sur,PUNO,2015-04-16,1,106,-4.6,-2.4,1.4,-4.510329,0.951207
2015,4,17,0.0,15.2,-2.4,MAZO CRUZ,-16.75,-69.71,Sur,PUNO,2015-04-17,1,107,-0.8,-4.6,-2.4,-3.0288603,0.84370255
2015,4,18,11.4,17.4,-1.0,MAZO CRUZ,-16.75,-69.71,Sur,PUNO,2015-04-18,1,108,-2.4,-0.8,-4.6,-0.9346938,0.6895054
2015,4,19,2.8,14.6,0.4,MAZO CRUZ,-16.75,-69.71,Sur,PUNO,2015-04-19,0,109,-1.0,-2.4,-0.8,-0.7124035,0.7412534
2015,4,20,0.4,15.2,1.2,MAZO CRUZ,-16.75,-69.71,Sur,PUNO,2015-04-20,0,110,0.4,-1.0,-2.4,0.017937355,0.55292135
2015,4,21,5.4,15.2,-2.2,MAZO CRUZ,-16.75,-69.71,Sur,PUNO,2015-04-21,1,111,1.2,0.4,-1.0,1.0704275,0.26138037
2015,4,22,0.0,16.2,0.6,MAZO CRUZ,-16.75,-69.71,Sur,PUNO,2015-04-22,0,112,-2.2,1.2,0.4,-2.8185046,0.8958465
2015,4,23,7.8,14.4,3.2,MAZO CRUZ,-16.75,-69.71,Sur,PUNO,2015-04-23,0,113,0.6,-2.2,1.2,0.6303855,0.33154893
2015,4,24,6.4,14.6,4.0,MAZO CRUZ,-16.75,-69.71,Sur,PUNO,2015-04-24,0,114,3.2,0.6,-2.2,2.300958,0.16453479
2015,4,25,0.0,14.8,1.6,MAZO CRUZ,-16.75,-69.71,Sur,PUNO,2015-04-25,0,115,4.0,3.2,0.6,1.692864,0.270775
2015,4,26,0.0,15.8,-1.6,MAZO CRUZ,-16.75,-69.71,Sur,PUNO,2015-04-26,1,116,1.6,4.0,3.2,0.42074072,0.5489075
2015,4,27,2.2,16.4,1.0,MAZO CRUZ,-16.75,-69.71,Sur,PUNO,2015-04-27,0,117,-1.6,1.6,4.0,-0.2905255,0.625863
2015,4,28,2.0,15.2,-1.2,MAZO CRUZ,-16.75,-69.71,Sur,PUNO,2015-04-28,1,118,1.0,-1.6,1.6,0.5631617,0.43271858
2015,4,29,0.0,16.4,-2.0,MAZO CRUZ,-16.75,-69.71,Sur,PUNO,2015-04-29,1,119,-1.2,1.0,-1.6,-2.8011463,0.8895327
2015,4,30,0.0,16.8,-3.6,MAZO CRUZ,-16.75,-69.71,Sur,PUNO,2015-04-30,1,120,-2.0,-1.2,1.0,-3.0296237,0.90426326
2015,5,1,0.0,16.4,-3.0,MAZO CRUZ,-16.75,-69.71,Sur,PUNO,2015-05-01,1,121,-3.6,-2.0,-1.2,-4.496655,0.96488845
2015,5,2,0.0,17.2,-9.6,MAZO CRUZ,-16.75,-69.71,Sur,PUNO,2015-05-02,1,122,-3.0,-3.6,-2.0,-4.027161,0.95235556
2015,5,3,0.0,15.8,-9.2,MAZO CRUZ,-16.75,-69.71,Sur,PUNO,2015-05-03,1,123,-9.6,-3.0,-3.6,-9.253667,0.99694306
2015,5,4,0.0,18.2,-7.2,MAZO CRUZ,-16.75,-69.71,Sur,PUNO,2015-05-04,1,124,-9.2,-9.6,-3.0,-9.164795,0.99806625
2015,5,5,0.0,17.2,-8.6,MAZO CRUZ,-16.75,-69.71,Sur,PUNO,2015-05-05,1,125,-7.2,-9.2,-9.6,-8.196533,0.9960848
2015,5,6,0.0,17.4,-6.6,MAZO CRUZ,-16.75,-69.71,Sur,PUNO,2015-05-06,1,126,-8.6,-7.2,-9.2,-8.61024,0.99589795
2015,5,7,0.0,16.6,-3.6,MAZO CRUZ,-16.75,-69.71,Sur,PUNO,2015-05-07,1,127,-6.6,-8.6,-7.2,-7.55661,0.99556595
2015,5,8,0.0,16.8,-5.2,MAZO CRUZ,-16.75,-69.71,Sur,PUNO,2015-05-08,1,128,-3.6,-6.6,-8.6,-5.6767435,0.9744941
2015,5,9,0.0,17.2,-6.2,MAZO CRUZ,-16.75,-69.71,Sur,PUNO,2015-05-09,1,129,-5.2,-3.6,-6.6,-6.16554,0.9875544
2015,5,10,0.0,17.6,-8.6,MAZO CRUZ,-16.75,-69.71,Sur,PUNO,2015-05-10,1,130,-6.2,-5.2,-3.6,-6.5383515,0.9886014
2015,5,11,0.0,16.2,-7.6,MAZO CRUZ,-16.75,-69.71,Sur,PUNO,2015-05-11,1,131,-8.6,-6.2,-5.2,-8.381199,0.9950197
2015,5,12,0.0,17.4,-9.2,MAZO CRUZ,-16.75,-69.71,Sur,PUNO,2015-05-12,1,132,-7.6,-8.6,-6.2,-7.4003477,0.99663347
2015,5,13,0.0,16.8,-9.0,MAZO CRUZ,-16.75,-69.71,Sur,PUNO,2015-05-13,1,133,-9.2,-7.6,-8.6,-8.778292,0.99721897
2015,5,14,0.0,16.6,-8.2,MAZO CRUZ,-16.75,-69.71,Sur,PUNO,2015-05-14,1,134,-9.0,-9.2,-7.6,-9.343333,0.998097
2015,5,15,0.0,12.0,-8.6,MAZO CRUZ,-16.75,-69.71,Sur,PUNO,2015-05-15,1,135,-8.2,-9.0,-9.2,-8.774552,0.99682826
2015,5,16,0.0,11.6,-2.2,MAZO CRUZ,-16.75,-69.71,Sur,PUNO,2015-05-16,1,136,-8.6,-8.2,-9.0,-8.763714,0.9966233
2015,5,17,0.0,16.6,-5.4,MAZO CRUZ,-16.75,-69.71,Sur,PUNO,2015-05-17,1,137,-2.2,-8.6,-8.2,-6.8741736,0.9727453
2015,5,18,0.0,17.6,-9.2,MAZO CRUZ,-16.75,-69.71,Sur,PUNO,2015-05-18,1,138,-5.4,-2.2,-8.6,-7.197828,0.9906816
2015,5,19,0.0,18.2,-10.6,MAZO CRUZ,-16.75,-69.71,Sur,PUNO,2015-05-19,1,139,-9.2,-5.4,-2.2,-9.303368,0.9976782
2015,5,20,0.0,17.4,-10.6,MAZO CRUZ,-16.75,-69.71,Sur,PUNO,2015-05-20,1,140,-10.6,-9.2,-5.4,-10.374706,0.99907506
2015,5,21,0.0,17.4,-11.6,MAZO CRUZ,-16.75,-69.71,Sur,PUNO,2015-05-21,1,141,-10.6,-10.6,-9.2,-10.6856165,0.99914944
2015,5,22,0.0,17.2,-12.8,MAZO CRUZ,-16.75,-69.71,Sur,PUNO,2015-05-22,1,142,-11.6,-10.6,-10.6,-11.551883,0.99921227
2015,5,23,0.0,17.2,-14.2,MAZO CRUZ,-16.75,-69.71,Sur,PUNO,2015-05-23,1,143,-12.8,-11.6,-10.6,-12.176185,0.99906546
2015,5,24,0.0,17.6,-11.6,MAZO CRUZ,-16.75,-69.71,Sur,PUNO,2015-05-24,1,144,-14.2,-12.8,-11.6,-13.070688,0.9992186
2015,5,25,1.2,16.0,-9.2,MAZO CRUZ,-16.75,-69.71,Sur,PUNO,2015-05-25,1,145,-11.6,-14.2,-12.8,-8.739697,0.99554366
2015,5,26,0.0,16.4,-3.4,MAZO CRUZ,-16.75,-69.71,Sur,PUNO,2015-05-26,1,146,-9.2,-11.6,-14.2,-10.340319,0.99808747
2015,5,27,0.0,16.8,-9.4,MAZO CRUZ,-16.75,-69.71,Sur,PUNO,2015-05-27,1,147,-3.4,-9.2,-11.6,-8.93549,0.98650485
2015,5,28,0.0,16.6,-10.8,MAZO CRUZ,-16.75,-69.71,Sur,PUNO,2015-05-28,1,148,-9.4,-3.4,-9.2,-9.629527,0.99748814
2015,5,29,0.0,18.0,-13.2,MAZO CRUZ,-16.75,-69.71,Sur,PUNO,2015-05-29,1,149,-10.8,-9.4,-3.4,-10.530782,0.99919313
2015,5,30,0.0,18.4,-12.6,MAZO CRUZ,-16.75,-69.71,Sur,PUNO,2015-05-30,1,150,-13.2,-10.8,-9.4,-12.647303,0.99948055
2015,5,31,0.0,17.6,-7.2,MAZO CRUZ,-16.75,-69.71,Sur,PUNO,2015-05-31,1,151,-12.6,-13.2,-10.8,-12.301605,0.999297
2015,6,1,0.0,17.8,-9.6,MAZO CRUZ,-16.75,-69.71,Sur,PUNO,2015-06-01,1,152,-7.2,-12.6,-13.2,-10.194422,0.99800473
2015,6,2,0.0,18.4,-9.6,MAZO CRUZ,-16.75,-69.71,Sur,PUNO,2015-06-02,1,153,-9.6,-7.2,-12.6,-10.464245,0.9981463
2015,6,3,0.0,17.4,-10.0,MAZO CRUZ,-16.75,-69.71,Sur,PUNO,2015-06-03,1,154,-9.6,-9.6,-7.2,-9.95582,0.99850094
2015,6,4,0.0,17.8,-7.2,MAZO CRUZ,-16.75,-69.71,Sur,PUNO,2015-06-04,1,155,-10.0,-9.6,-9.6,-10.537478,0.99860746
2015,6,5,0.0,17.2,-13.8,MAZO CRUZ,-16.75,-69.71,Sur,PUNO,2015-06-05,1,156,-7.2,-10.0,-9.6,-9.765678,0.99728966
2015,6,6,0.0,17.4,-15.4,MAZO CRUZ,-16.75,-69.71,Sur,PUNO,2015-06-06,1,157,-13.8,-7.2,-10.0,-13.239912,0.9990626
2015,6,7,0.0,17.4,-16.0,MAZO CRUZ,-16.75,-69.71,Sur,PUNO,2015-06-07,1,158,-15.4,-13.8,-7.2,-15.114192,0.9994116
2015,6,8,0.0,17.2,-15.6,MAZO CRUZ,-16.75,-69.71,Sur,PUNO,2015-06-08,1,159,-16.0,-15.4,-13.8,-15.380644,0.9993704
2015,6,9,0.0,18.2,-13.6,MAZO CRUZ,-16.75,-69.71,Sur,PUNO,2015-06-09,1,160,-15.6,-16.0,-15.4,-15.384242,0.99953663
2015,6,10,0.0,18.2,-10.2,MAZO CRUZ,-16.75,-69.71,Sur,PUNO,2015-06-10,1,161,-13.6,-15.6,-16.0,-13.702911,0.99954236
2015,6,11,0.0,18.4,-13.2,MAZO CRUZ,-16.75,-69.71,Sur,PUNO,2015-06-11,1,162,-10.2,-13.6,-15.6,-11.615977,0.9993399
2015,6,12,0.0,17.6,-14.4,MAZO CRUZ,-16.75,-69.71,Sur,PUNO,2015-06-12,1,163,-13.2,-10.2,-13.6,-12.931129,0.99938357
2015,6,13,0.0,18.6,-13.2,MAZO CRUZ,-16.75,-69.71,Sur,PUNO,2015-06-13,1,164,-14.4,-13.2,-10.2,-14.300111,0.99951124
2015,6,14,0.0,18.2,-15.2,MAZO CRUZ,-16.75,-69.71,Sur,PUNO,2015-06-14,1,165,-13.2,-14.4,-13.2,-13.2429905,0.9995148
2015,6,15,0.0,18.0,-13.6,MAZO CRUZ,-16.75,-69.71,Sur,PUNO,2015-06-15,1,166,-15.2,-13.2,-14.4,-14.473787,0.9995414
2015,6,16,0.0,19.2,-10.6,MAZO CRUZ,-16.75,-69.71,Sur,PUNO,2015-06-16,1,167,-13.6,-15.2,-13.2,-13.41867,0.9995425
2015,6,17,0.0,17.6,-9.6,MAZO CRUZ,-16.75,-69.71,Sur,PUNO,2015-06-17,1,168,-10.6,-13.6,-15.2,-11.736855,0.999126
2015,6,18,0.0,17.4,-13.2,MAZO CRUZ,-16.75,-69.71,Sur,PUNO,2015-06-18,1,169,-9.6,-10.6,-13.6,-10.554142,0.9984884
2015,6,19,0.0,17.6,-10.6,MAZO CRUZ,-16.75,-69.71,Sur,PUNO,2015-06-19,1,170,-13.2,-9.6,-10.6,-12.659183,0.9993424
2015,6,20,0.0,17.4,-12.0,MAZO CRUZ,-16.75,-69.71,Sur,PUNO,2015-06-20,1,171,-10.6,-13.2,-9.6,-11.19357,0.99898666
2015,6,21,0.0,16.6,-12.6,MAZO CRUZ,-16.75,-69.71,Sur,PUNO,2015-06-21,1,172,-12.0,-10.6,-13.2,-11.986085,0.9992849
2015,6,22,0.0,17.6,-12.8,MAZO CRUZ,-16.75,-69.71,Sur,PUNO,2015-06-22,1,173,-12.6,-12.0,-10.6,-12.460383,0.9993155
2015,6,23,0.0,17.8,-11.6,MAZO CRUZ,-16.75,-69.71,Sur,PUNO,2015-06-23,1,174,-12.8,-12.6,-12.0,-12.485449,0.99949944
2015,6,24,0.0,18.0,-11.6,MAZO CRUZ,-16.75,-69.71,Sur,PUNO,2015-06-24,1,175,-11.6,-12.8,-12.6,-12.061558,0.99950325
2015,6,25,0.0,18.2,-10.6,MAZO CRUZ,-16.75,-69.71,Sur,PUNO,2015-06-25,1,176,-11.6,-11.6,-12.8,-12.061558,0.99955887
2015,6,26,0.0,18.4,-11.2,MAZO CRUZ,-16.75,-69.71,Sur,PUNO,2015-06-26,1,177,-10.6,-11.6,-11.6,-11.33951,0.9994024
2015,6,27,0.0,18.0,-12.6,MAZO CRUZ,-16.75,-69.71,Sur,PUNO,2015-06-27,1,178,-11.2,-10.6,-11.6,-11.565027,0.99916196
2015,6,28,0.0,17.8,-14.0,MAZO CRUZ,-16.75,-69.71,Sur,PUNO,2015-06-28,1,179,-12.6,-11.2,-10.6,-12.437369,0.9993401
2015,6,29,0.0,15.6,-14.6,MAZO CRUZ,-16.75,-69.71,Sur,PUNO,2015-06-29,1,180,-14.0,-12.6,-11.2,-13.366821,0.9994248
2015,6,30,0.0,17.4,-14.8,MAZO CRUZ,-16.75,-69.71,Sur,PUNO,2015-06-30,1,181,-14.6,-14.0,-12.6,-14.557491,0.99941397
2015,7,1,0.0,17.2,-14.8,MAZO CRUZ,-16.75,-69.71,Sur,PUNO,2015-07-01,1,182,-14.8,-14.6,-14.0,-14.58933,0.99944204
2015,7,2,0.0,16.4,-13.8,MAZO CRUZ,-16.75,-69.71,Sur,PUNO,2015-07-02,1,183,-14.8,-14.8,-14.6,-14.625495,0.9994357
2015,7,3,1.6,16.2,-10.2,MAZO CRUZ,-16.75,-69.71,Sur,PUNO,2015-07-03,1,184,-13.8,-14.8,-14.8,-9.222715,0.9975309
2015,7,4,0.4,9.2,-1.6,MAZO CRUZ,-16.75,-69.71,Sur,PUNO,2015-07-04,1,185,-10.2,-13.8,-14.8,-7.183135,0.9971896
2015,7,5,0.0,10.2,-6.0,MAZO CRUZ,-16.75,-69.71,Sur,PUNO,2015-07-05,1,186,-1.6,-10.2,-13.8,-8.240734,0.97070307
2015,7,6,0.0,11.6,-10.0,MAZO CRUZ,-16.75,-69.71,Sur,PUNO,2015-07-06,1,187,-6.0,-1.6,-10.2,-7.696438,0.9920534
2015,7,7,0.0,12.4,-10.0,MAZO CRUZ,-16.75,-69.71,Sur,PUNO,2015-07-07,1,188,-10.0,-6.0,-1.6,-10.153978,0.9977683
2015,7,8,0.0,14.6,-18.2,MAZO CRUZ,-16.75,-69.71,Sur,PUNO,2015-07-08,1,189,-10.0,-10.0,-6.0,-10.39024,0.9983113
2015,7,9,0.0,16.8,-20.6,MAZO CRUZ,-16.75,-69.71,Sur,PUNO,2015-07-09,1,190,-18.2,-10.0,-10.0,-16.939087,0.99934953
2015,7,10,0.0,17.4,-20.4,MAZO CRUZ,-16.75,-69.71,Sur,PUNO,2015-07-10,1,191,-20.6,-18.2,-10.0,-17.232183,0.99937254
2015,7,11,0.0,18.2,-20.0,MAZO CRUZ,-16.75,-69.71,Sur,PUNO,2015-07-11,1,192,-20.4,-20.6,-18.2,-17.94364,0.99957854
2015,7,12,0.0,17.8,-20.0,MAZO CRUZ,-16.75,-69.71,Sur,PUNO,2015-07-12,1,193,-20.0,-20.4,-20.6,-17.932302,0.9995839
2015,7,13,0.0,17.4,-18.0,MAZO CRUZ,-16.75,-69.71,Sur,PUNO,2015-07-13,1,194,-20.0,-20.0,-20.4,-17.932302,0.9994271
2015,7,14,0.0,14.4,-12.8,MAZO CRUZ,-16.75,-69.71,Sur,PUNO,2015-07-14,1,195,-18.0,-20.0,-20.0,-18.205425,0.9993648
2015,7,15,0.0,14.4,-2.6,MAZO CRUZ,-16.75,-69.71,Sur,PUNO,2015-07-15,1,196,-12.8,-18.0,-20.0,-13.201055,0.9993268
2015,7,16,0.0,14.2,-14.0,MAZO CRUZ,-16.75,-69.71,Sur,PUNO,2015-07-16,1,197,-2.6,-12.8,-18.0,-9.516686,0.98351085
2015,7,17,0.0,16.8,-15.6,MAZO CRUZ,-16.75,-69.71,Sur,PUNO,2015-07-17,1,198,-14.0,-2.6,-12.8,-14.937782,0.9989761
2015,7,18,0.0,17.6,-14.8,MAZO CRUZ,-16.75,-69.71,Sur,PUNO,2015-07-18,1,199,-15.6,-14.0,-2.6,-15.266,0.99947697
2015,7,19,0.0,16.8,-14.6,MAZO CRUZ,-16.75,-69.71,Sur,PUNO,2015-07-19,1,200,-14.8,-15.6,-14.0,-14.617582,0.9994499
2015,7,20,0.0,17.6,-15.6,MAZO CRUZ,-16.75,-69.71,Sur,PUNO,2015-07-20,1,201,-14.6,-14.8,-15.6,-14.62293,0.9994597
2015,7,21,0.0,17.2,-15.4,MAZO CRUZ,-16.75,-69.71,Sur,PUNO,2015-07-21,1,202,-15.6,-14.6,-14.8,-15.571441,0.99944204
2015,7,22,0.0,18.6,-12.6,MAZO CRUZ,-16.75,-69.71,Sur,PUNO,2015-07-22,1,203,-15.4,-15.6,-14.6,-15.589779,0.9996228
2015,7,23,0.0,19.4,-11.0,MAZO CRUZ,-16.75,-69.71,Sur,PUNO,2015-07-23,1,204,-12.6,-15.4,-15.6,-12.890497,0.9990482
2015,7,24,0.0,19.5,-11.4,MAZO CRUZ,-16.75,-69.71,Sur,PUNO,2015-07-24,1,205,-11.0,-12.6,-15.4,-11.506458,0.99873954
2015,7,25,0.0,18.4,-11.2,MAZO CRUZ,-16.75,-69.71,Sur,PUNO,2015-07-25,1,206,-11.4,-11.0,-12.6,-11.657745,0.99915826
2015,7,26,0.0,18.2,-12.4,MAZO CRUZ,-16.75,-69.71,Sur,PUNO,2015-07-26,1,207,-11.2,-11.4,-11.0,-11.569474,0.99915826
2015,7,27,0.0,18.6,-12.0,MAZO CRUZ,-16.75,-69.71,Sur,PUNO,2015-07-27,1,208,-12.4,-11.2,-11.4,-12.271445,0.9993754
2015,7,28,0.0,18.8,-12.0,MAZO CRUZ,-16.75,-69.71,Sur,PUNO,2015-07-28,1,209,-12.0,-12.4,-11.2,-11.9332,0.99957174
2015,7,29,0.0,17.8,-12.2,MAZO CRUZ,-16.75,-69.71,Sur,PUNO,2015-07-29,1,210,-12.0,-12.0,-12.4,-11.921863,0.9995685
2015,7,30,0.0,18.0,-13.4,MAZO CRUZ,-16.75,-69.71,Sur,PUNO,2015-07-30,1,211,-12.2,-12.0,-12.0,-12.302114,0.9995515
2015,7,31,0.0,18.4,-13.2,MAZO CRUZ,-16.75,-69.71,Sur,PUNO,2015-07-31,1,212,-13.4,-12.2,-12.0,-12.7505865,0.99955875
2015,8,1,0.0,18.0,-12.4,MAZO CRUZ,-16.75,-69.71,Sur,PUNO,2015-08-01,1,213,-13.2,-13.4,-12.2,-12.833743,0.99953187
2015,8,2,0.0,19.2,-14.2,MAZO CRUZ,-16.75,-69.71,Sur,PUNO,2015-08-02,1,214,-12.4,-13.2,-13.4,-12.41332,0.99953413
2015,8,3,0.0,18.6,-13.8,MAZO CRUZ,-16.75,-69.71,Sur,PUNO,2015-08-03,1,215,-14.2,-12.4,-13.2,-13.528042,0.9995664
2015,8,4,0.0,17.4,-11.2,MAZO CRUZ,-16.75,-69.71,Sur,PUNO,2015-08-04,1,216,-13.8,-14.2,-12.4,-13.506624,0.99938095
2015,8,5,0.0,18.4,-13.6,MAZO CRUZ,-16.75,-69.71,Sur,PUNO,2015-08-05,1,217,-11.2,-13.8,-14.2,-11.982108,0.9993787
2015,8,6,0.0,19.4,-14.0,MAZO CRUZ,-16.75,-69.71,Sur,PUNO,2015-08-06,1,218,-13.6,-11.2,-13.8,-13.515526,0.9989768
2015,8,7,0.0,18.6,-12.6,MAZO CRUZ,-16.75,-69.71,Sur,PUNO,2015-08-07,1,219,-14.0,-13.6,-11.2,-13.47069,0.9995234
2015,8,8,0.0,19.8,-12.6,MAZO CRUZ,-16.75,-69.71,Sur,PUNO,2015-08-08,1,220,-12.6,-14.0,-13.6,-12.7868805,0.99912363
2015,8,9,0.0,18.0,-8.2,MAZO CRUZ,-16.75,-69.71,Sur,PUNO,2015-08-09,1,221,-12.6,-12.6,-14.0,-12.631985,0.999522
2015,8,10,0.0,19.2,-20.6,MAZO CRUZ,-16.75,-69.71,Sur,PUNO,2015-08-10,1,222,-8.2,-12.6,-12.6,-10.213797,0.9984091
2015,8,11,5.2,12.6,-10.2,MAZO CRUZ,-16.75,-69.71,Sur,PUNO,2015-08-11,1,223,-20.6,-8.2,-12.6,-13.688551,0.9923161
2015,8,12,0.0,13.4,-1.6,MAZO CRUZ,-16.75,-69.71,Sur,PUNO,2015-08-12,1,224,-10.2,-20.6,-8.2,-11.8724985,0.9988293
2015,8,13,1.6,10.2,-2.6,MAZO CRUZ,-16.75,-69.71,Sur,PUNO,2015-08-13,1,225,-1.6,-10.2,-20.6,-3.8542876,0.865872
2015,8,14,0.0,14.2,-7.4,MAZO CRUZ,-16.75,-69.71,Sur,PUNO,2015-08-14,1,226,-2.6,-1.6,-10.2,-6.2374125,0.97010934
2015,8,15,0.0,16.4,-14.0,MAZO CRUZ,-16.75,-69.71,Sur,PUNO,2015-08-15,1,227,-7.4,-2.6,-1.6,-8.986859,0.9954739
2015,8,16,0.0,16.8,-12.4,MAZO CRUZ,-16.75,-69.71,Sur,PUNO,2015-08-16,1,228,-14.0,-7.4,-2.6,-13.188313,0.9987643
2015,8,17,0.0,16.0,-9.2,MAZO CRUZ,-16.75,-69.71,Sur,PUNO,2015-08-17,1,229,-12.4,-14.0,-7.4,-12.399673,0.9992607
2015,8,18,4.8,17.2,-8.0,MAZO CRUZ,-16.75,-69.71,Sur,PUNO,2015-08-18,1,230,-9.2,-12.4,-14.0,-7.176997,0.9901624
2015,8,19,0.0,16.2,1.6,MAZO CRUZ,-16.75,-69.71,Sur,PUNO,2015-08-19,0,231,-8.0,-9.2,-12.4,-9.772112,0.99689364
2015,8,20,0.0,17.4,-11.2,MAZO CRUZ,-16.75,-69.71,Sur,PUNO,2015-08-20,1,232,1.6,-8.0,-9.2,-5.4936285,0.9351764
2015,8,21,2.8,16.4,-8.2,MAZO CRUZ,-16.75,-69.71,Sur,PUNO,2015-08-21,1,233,-11.2,1.6,-8.0,-8.160634,0.9917605
2015,8,22,0.0,17.4,-3.2,MAZO CRUZ,-16.75,-69.71,Sur,PUNO,2015-08-22,1,234,-8.2,-11.2,1.6,-9.583551,0.9912778
2015,8,23,0.0,18.4,-10.2,MAZO CRUZ,-16.75,-69.71,Sur,PUNO,2015-08-23,1,235,-3.2,-8.2,-11.2,-8.358568,0.98828644
2015,8,24,0.0,18.2,-8.6,MAZO CRUZ,-16.75,-69.71,Sur,PUNO,2015-08-24,1,236,-10.2,-3.2,-8.2,-10.364099,0.99854064
2015,8,25,0.0,18.4,-17.2,MAZO CRUZ,-16.75,-69.71,Sur,PUNO,2015-08-25,1,237,-8.6,-10.2,-3.2,-9.085125,0.99649787
2015,8,26,0.0,18.0,-13.6,MAZO CRUZ,-16.75,-69.71,Sur,PUNO,2015-08-26,1,238,-17.2,-8.6,-10.2,-16.379715,0.99923277
2015,8,27,0.0,16.4,-15.8,MAZO CRUZ,-16.75,-69.71,Sur,PUNO,2015-08-27,1,239,-13.6,-17.2,-8.6,-13.35418,0.9989843
2015,8,28,0.0,17.6,-17.6,MAZO CRUZ,-16.75,-69.71,Sur,PUNO,2015-08-28,1,240,-15.8,-13.6,-17.2,-15.504279,0.99925965
2015,8,29,0.0,18.0,-12.4,MAZO CRUZ,-16.75,-69.71,Sur,PUNO,2015-08-29,1,241,-17.6,-15.8,-13.6,-16.644627,0.9995024
2015,8,30,0.0,18.6,-14.2,MAZO CRUZ,-16.75,-69.71,Sur,PUNO,2015-08-30,1,242,-12.4,-17.6,-15.8,-12.60353,0.9993692
2015,8,31,0.0,18.4,-13.2,MAZO CRUZ,-16.75,-69.71,Sur,PUNO,2015-08-31,1,243,-14.2,-12.4,-17.6,-13.421498,0.99941754
2015,9,1,0.0,15.8,-9.8,MAZO CRUZ,-16.75,-69.71,Sur,PUNO,2015-09-01,1,244,-13.2,-14.2,-12.4,-12.634582,0.9987889
2015,9,2,1.8,15.8,-6.0,MAZO CRUZ,-16.75,-69.71,Sur,PUNO,2015-09-02,1,245,-9.8,-13.2,-14.2,-7.425139,0.9818512
2015,9,3,3.2,16.4,-3.8,MAZO CRUZ,-16.75,-69.71,Sur,PUNO,2015-09-03,1,246,-6.0,-9.8,-13.2,-4.9049864,0.91847914
2015,9,4,1.2,14.0,0.6,MAZO CRUZ,-16.75,-69.71,Sur,PUNO,2015-09-04,0,247,-3.8,-6.0,-9.8,-2.80095,0.8854243
2015,9,5,0.0,14.8,-1.6,MAZO CRUZ,-16.75,-69.71,Sur,PUNO,2015-09-05,1,248,0.6,-3.8,-6.0,-3.5703523,0.8416697
2015,9,6,0.0,17.2,-8.0,MAZO CRUZ,-16.75,-69.71,Sur,PUNO,2015-09-06,1,249,-1.6,0.6,-3.8,-4.387855,0.91972977
2015,9,7,0.0,16.4,-13.2,MAZO CRUZ,-16.75,-69.71,Sur,PUNO,2015-09-07,1,250,-8.0,-1.6,0.6,-8.814456,0.99044144
2015,9,8,0.0,16.8,-15.2,MAZO CRUZ,-16.75,-69.71,Sur,PUNO,2015-09-08,1,251,-13.2,-8.0,-1.6,-12.920359,0.9986803
2015,9,9,0.0,17.4,-14.4,MAZO CRUZ,-16.75,-69.71,Sur,PUNO,2015-09-09,1,252,-15.2,-13.2,-8.0,-13.722147,0.9990953
2015,9,10,0.0,18.6,-14.2,MAZO CRUZ,-16.75,-69.71,Sur,PUNO,2015-09-10,1,253,-14.4,-15.2,-13.2,-13.911663,0.9993961
2015,9,11,0.0,20.6,-15.6,MAZO CRUZ,-16.75,-69.71,Sur,PUNO,2015-09-11,1,254,-14.2,-14.4,-15.2,-12.842769,0.99922085
2015,9,12,0.0,20.4,-13.2,MAZO CRUZ,-16.75,-69.71,Sur,PUNO,2015-09-12,1,255,-15.6,-14.2,-14.4,-14.174777,0.99927324
2015,9,13,0.0,20.8,-13.6,MAZO CRUZ,-16.75,-69.71,Sur,PUNO,2015-09-13,1,256,-13.2,-15.6,-14.2,-12.366714,0.9991671
2015,9,14,0.0,21.2,-11.6,MAZO CRUZ,-16.75,-69.71,Sur,PUNO,2015-09-14,1,257,-13.6,-13.2,-15.6,-12.622307,0.9992004
2015,9,15,0.0,20.8,-11.4,MAZO CRUZ,-16.75,-69.71,Sur,PUNO,2015-09-15,1,258,-11.6,-13.6,-13.2,-11.478889,0.9990969
2015,9,16,0.0,21.0,-10.6,MAZO CRUZ,-16.75,-69.71,Sur,PUNO,2015-09-16,1,259,-11.4,-11.6,-13.6,-11.1119995,0.9987613
2015,9,17,0.0,18.4,-7.8,MAZO CRUZ,-16.75,-69.71,Sur,PUNO,2015-09-17,1,260,-10.6,-11.4,-11.6,-10.8005705,0.998563
2015,9,18,2.8,17.2,-4.6,MAZO CRUZ,-16.75,-69.71,Sur,PUNO,2015-09-18,1,261,-7.8,-10.6,-11.4,-5.3731565,0.9824327
2015,9,19,0.0,17.8,1.4,MAZO CRUZ,-16.75,-69.71,Sur,PUNO,2015-09-19,0,262,-4.6,-7.8,-10.6,-7.573574,0.9851109
2015,9,20,0.0,19.8,-6.0,MAZO CRUZ,-16.75,-69.71,Sur,PUNO,2015-09-20,1,263,1.4,-4.6,-7.8,-4.075079,0.910338
2015,9,21,0.0,21.2,-10.0,MAZO CRUZ,-16.75,-69.71,Sur,PUNO,2015-09-21,1,264,-6.0,1.4,-4.6,-6.6516924,0.97379476
2015,9,22,0.0,20.2,-6.4,MAZO CRUZ,-16.75,-69.71,Sur,PUNO,2015-09-22,1,265,-10.0,-6.0,1.4,-9.164518,0.9911039
2015,9,23,0.0,18.8,-2.6,MAZO CRUZ,-16.75,-69.71,Sur,PUNO,2015-09-23,1,266,-6.4,-10.0,-6.0,-8.119897,0.9903688
2015,9,24,0.0,20.4,-1.0,MAZO CRUZ,-16.75,-69.71,Sur,PUNO,2015-09-24,1,267,-2.6,-6.4,-10.0,-6.2826095,0.96353644
2015,9,25,0.0,18.0,-5.2,MAZO CRUZ,-16.75,-69.71,Sur,PUNO,2015-09-25,1,268,-1.0,-2.6,-6.4,-4.3258677,0.8861328
2015,9,26,0.0,19.2,-6.6,MAZO CRUZ,-16.75,-69.71,Sur,PUNO,2015-09-26,1,269,-5.2,-1.0,-2.6,-6.651503,0.9766149
2015,9,27,0.0,19.2,-12.2,MAZO CRUZ,-16.75,-69.71,Sur,PUNO,2015-09-27,1,270,-6.6,-5.2,-1.0,-7.6069183,0.9833482
2015,9,28,0.0,19.8,-11.2,MAZO CRUZ,-16.75,-69.71,Sur,PUNO,2015-09-28,1,271,-12.2,-6.6,-5.2,-11.279018,0.9977647
2015,9,29,0.0,19.2,-12.8,MAZO CRUZ,-16.75,-69.71,Sur,PUNO,2015-09-29,1,272,-11.2,-12.2,-6.6,-10.657997,0.9988305
2015,9,30,0.0,19.8,-10.0,MAZO CRUZ,-16.75,-69.71,Sur,PUNO,2015-09-30,1,273,-12.8,-11.2,-12.2,-11.557082,0.9987155
2015,10,1,0.0,18.2,-12.0,MAZO CRUZ,-16.75,-69.71,Sur,PUNO,2015-10-01,1,274,-10.0,-12.8,-11.2,-10.137586,0.9976235
2015,10,2,15.8,17.8,-5.8,MAZO CRUZ,-16.75,-69.71,Sur,PUNO,2015-10-02,1,275,-12.0,-10.0,-12.8,-6.859988,0.9781748
2015,10,3,1.0,13.2,0.0,MAZO CRUZ,-16.75,-69.71,Sur,PUNO,2015-10-03,1,276,-5.8,-12.0,-10.0,-3.523052,0.9457294
2015,10,4,0.0,18.0,-1.8,MAZO CRUZ,-16.75,-69.71,Sur,PUNO,2015-10-04,1,277,0.0,-5.8,-12.0,-5.7483506,0.92874473
2015,10,5,0.0,20.8,-5.6,MAZO CRUZ,-16.75,-69.71,Sur,PUNO,2015-10-05,1,278,-1.8,0.0,-5.8,-4.758446,0.8930925
2015,10,6,0.0,21.4,-6.2,MAZO CRUZ,-16.75,-69.71,Sur,PUNO,2015-10-06,1,279,-5.6,-1.8,0.0,-7.0037704,0.9744118
2015,10,7,0.0,21.6,-8.8,MAZO CRUZ,-16.75,-69.71,Sur,PUNO,2015-10-07,1,280,-6.2,-5.6,-1.8,-7.0318832,0.9818147
2015,10,8,0.0,19.2,-8.2,MAZO CRUZ,-16.75,-69.71,Sur,PUNO,2015-10-08,1,281,-8.8,-6.2,-5.6,-8.591443,0.99339443
2015,10,9,0.0,18.0,-11.2,MAZO CRUZ,-16.75,-69.71,Sur,PUNO,2015-10-09,1,282,-8.2,-8.8,-6.2,-7.903909,0.99251306
2015,10,10,0.0,19.2,-12.2,MAZO CRUZ,-16.75,-69.71,Sur,PUNO,2015-10-10,1,283,-11.2,-8.2,-8.8,-10.783215,0.99781173
2015,10,11,0.0,20.2,-10.4,MAZO CRUZ,-16.75,-69.71,Sur,PUNO,2015-10-11,1,284,-12.2,-11.2,-8.2,-11.136533,0.99813336
2015,10,12,0.0,20.8,-14.4,MAZO CRUZ,-16.75,-69.71,Sur,PUNO,2015-10-12,1,285,-10.4,-12.2,-11.2,-10.195919,0.9986382
2015,10,13,0.0,21.8,-15.6,MAZO CRUZ,-16.75,-69.71,Sur,PUNO,2015-10-13,1,286,-14.4,-10.4,-12.2,-12.843342,0.9986002
2015,10,14,0.0,21.2,-15.6,MAZO CRUZ,-16.75,-69.71,Sur,PUNO,2015-10-14,1,287,-15.6,-14.4,-10.4,-13.840327,0.99907994
2015,10,15,2.2,21.2,-14.0,MAZO CRUZ,-16.75,-69.71,Sur,PUNO,2015-10-15,1,288,-15.6,-15.6,-14.4,-9.919499,0.99681085
2015,10,16,0.0,18.6,-2.0,MAZO CRUZ,-16.75,-69.71,Sur,PUNO,2015-10-16,1,289,-14.0,-15.6,-15.6,-11.7084675,0.9992017
2015,10,17,0.0,18.4,-1.2,MAZO CRUZ,-16.75,-69.71,Sur,PUNO,2015-10-17,1,290,-2.0,-14.0,-15.6,-7.6659317,0.9618483
2015,10,18,0.0,17.8,1.6,MAZO CRUZ,-16.75,-69.71,Sur,PUNO,2015-10-18,0,291,-1.2,-2.0,-14.0,-5.569064,0.892738
2015,10,19,0.0,16.2,-2.0,MAZO CRUZ,-16.75,-69.71,Sur,PUNO,2015-10-19,1,292,1.6,-1.2,-2.0,-1.3335816,0.66640717
2015,10,20,3.2,18.2,-0.2,MAZO CRUZ,-16.75,-69.71,Sur,PUNO,2015-10-20,1,293,-2.0,1.6,-1.2,-1.4703717,0.6674174
2015,10,21,0.0,20.2,-1.8,MAZO CRUZ,-16.75,-69.71,Sur,PUNO,2015-10-21,1,294,-0.2,-2.0,1.6,-2.5878625,0.75142807
2015,10,22,0.0,20.0,-8.4,MAZO CRUZ,-16.75,-69.71,Sur,PUNO,2015-10-22,1,295,-1.8,-0.2,-2.0,-3.94108,0.9197424
2015,10,23,6.4,20.0,-2.4,MAZO CRUZ,-16.75,-69.71,Sur,PUNO,2015-10-23,1,296,-8.4,-1.8,-0.2,-4.031876,0.8671936
2015,10,24,1.2,18.2,3.2,MAZO CRUZ,-16.75,-69.71,Sur,PUNO,2015-10-24,0,297,-2.4,-8.4,-1.8,-2.9760764,0.8278638
2015,10,25,7.2,14.6,2.8,MAZO CRUZ,-16.75,-69.71,Sur,PUNO,2015-10-25,0,298,3.2,-2.4,-8.4,2.053336,0.16719685
2015,10,26,1.0,13.6,2.6,MAZO CRUZ,-16.75,-69.71,Sur,PUNO,2015-10-26,0,299,2.8,3.2,-2.4,2.4253812,0.1088551
2015,10,27,0.0,16.2,0.0,MAZO CRUZ,-16.75,-69.71,Sur,PUNO,2015-10-27,1,300,2.6,2.8,3.2,1.0598389,0.29387778
2015,10,28,0.0,18.4,-2.6,MAZO CRUZ,-16.75,-69.71,Sur,PUNO,2015-10-28,1,301,0.0,2.6,2.8,-0.74725884,0.5062652
2015,10,29,0.0,19.2,-5.4,MAZO CRUZ,-16.75,-69.71,Sur,PUNO,2015-10-29,1,302,-2.6,0.0,2.6,-4.02859,0.9120877
